arm,model,seed,pool_horizon,horizon,root,episode,prefix_full_mse,endpoint_full_mse,prefix_contrast_mse,endpoint_contrast_mse,directional_gain,orthogonal_mse,zero_true_pairs,true_contrast_energy,visual_cost_gap_mae,visual_selection_regret,selected_word_index,best_word_index
SPECTRAL,SPECTRAL_r8_s928,928,2,1,T10_m2,T10,0.23145253025984153,0.23145253025984153,0.04109470557530921,0.04109470557530921,0.4371021396191487,0.031034129752679915,46,0.043095319417005805,0.08968317742136278,0.03492092873008218,15,5
SPECTRAL,SPECTRAL_r8_s928,928,2,1,T10_m4,T10,0.26859772437428264,0.26859772437428264,0.06072506763459917,0.06072506763459917,0.21090534357302623,0.03878959296272329,46,0.04233984815031874,0.08919381214446162,0.1497898341178731,15,5
SPECTRAL,SPECTRAL_r8_s928,928,2,1,T11_m2,T11,0.23114397856983038,0.23114397856983038,0.043631171391333996,0.043631171391333996,0.26394737117567907,0.03313032050126014,46,0.02677841598694472,0.10552463030926218,0.0,5,5
SPECTRAL,SPECTRAL_r8_s928,928,2,1,T11_m4,T11,0.236856667523379,0.236856667523379,0.04124973353226124,0.04124973353226124,0.23664888259655686,0.02779265183816432,46,0.029585463176801264,0.10566531116931843,0.0,5,5
SPECTRAL,SPECTRAL_r8_s928,928,2,1,L10_m2,L10,0.12590205753242623,0.12590205753242623,0.02438098224530872,0.02438098224530872,0.5337926642692631,0.015317547672933066,46,0.04147072243326535,0.034639207678683344,3.721670624456941e-08,15,16
SPECTRAL,SPECTRAL_r8_s928,928,2,1,L10_m4,L10,0.2451438373177297,0.2451438373177297,0.05579491884528316,0.05579491884528316,-0.1018656086441394,0.02940832773119761,46,0.024367744362865658,0.03028003338227653,0.016430516654072684,15,10
SPECTRAL,SPECTRAL_r8_s928,928,2,1,L11_m2,L11,0.31580730335254864,0.31580730335254864,0.041263077587208825,0.041263077587208825,0.49610820800842953,0.03288542998132921,46,0.03889562116046241,0.06598829700932717,0.028861946353069934,5,20
SPECTRAL,SPECTRAL_r8_s928,928,2,1,L11_m4,L11,0.4668401663039854,0.4668401663039854,0.06484819771708931,0.06484819771708931,0.30169579758345777,0.04113898270516831,46,0.0538263144035868,0.10431813389163404,0.0,20,20
SPECTRAL,SPECTRAL_r8_s928,928,2,2,T10_m2,T10,0.23669574025261203,0.24193895024538256,0.06274076616983051,0.08438682676435182,0.4250065372143713,0.05225062052657983,0,0.08764296328352743,0.11681127364414384,0.17897394091408317,18,6
SPECTRAL,SPECTRAL_r8_s928,928,2,2,T10_m4,T10,0.2817114177253013,0.29482511107632,0.09352905430186868,0.1263330409691382,0.19123344393638866,0.0647345902485906,0,0.08695257458864698,0.11997648184120725,0.1087463962622651,8,6
SPECTRAL,SPECTRAL_r8_s928,928,2,2,T11_m2,T11,0.2489758606230064,0.2668077426761824,0.06590289301807742,0.08817461464482085,0.29202597828865323,0.05243401829933153,0,0.06670866955955437,0.1613859147678035,0.0,6,6
SPECTRAL,SPECTRAL_r8_s928,928,2,2,T11_m4,T11,0.2538871757627514,0.2709176840021238,0.06641771247331471,0.09158569141436819,0.19092864906611817,0.04648590249459079,0,0.06695330099526972,0.17224353079466143,0.0,6,6
SPECTRAL,SPECTRAL_r8_s928,928,2,2,L10_m2,L10,0.13640735556322578,0.14691265359402533,0.03918673658327877,0.05399249092124883,0.49067097164887197,0.025163154744877667,0,0.09151113961749364,0.06498536553771715,0.04372238693970264,13,18
SPECTRAL,SPECTRAL_r8_s928,928,2,2,L10_m4,L10,0.2555571437387591,0.2659704501597885,0.08252284300005622,0.10925076715482926,-0.11177443213831,0.04751854624703139,0,0.04735022793555149,0.047673945486445504,0.001317544136173342,17,13
SPECTRAL,SPECTRAL_r8_s928,928,2,2,L11_m2,L11,0.3272082526709458,0.33860920198934297,0.06065090319692523,0.08003872880664163,0.5019704064319619,0.05203364724914636,0,0.08565047020655475,0.12143577327182875,0.15743693565672912,6,9
SPECTRAL,SPECTRAL_r8_s928,928,2,2,L11_m4,L11,0.49089469550256565,0.5149492247011459,0.09815177384776702,0.1314553499784447,0.28369450883647845,0.06761697315984688,0,0.10761918575142601,0.1590062964246891,0.17754680005059864,21,24
SPECTRAL,SPECTRAL_r8_s929,929,2,1,T10_m2,T10,0.324675017045386,0.324675017045386,0.03420013663550526,0.03420013663550526,0.5559969611444869,0.028897138869159723,46,0.043095319417005805,0.0584257516389944,0.03492092873008218,15,5
SPECTRAL,SPECTRAL_r8_s929,929,2,1,T10_m4,T10,0.3516190232836558,0.3516190232836558,0.06534035029710027,0.06534035029710027,0.29679783192752723,0.05063605340145824,46,0.04233984815031874,0.046169014456752915,0.0,5,5
SPECTRAL,SPECTRAL_r8_s929,929,2,1,T11_m2,T11,0.26002679298189607,0.26002679298189607,0.04173539167588604,0.04173539167588604,0.2854003509612544,0.03179890864204901,46,0.02677841598694472,0.11320992057914055,0.15575746431366544,15,5
SPECTRAL,SPECTRAL_r8_s929,929,2,1,T11_m4,T11,0.23968629866628413,0.23968629866628413,0.02978362519331381,0.02978362519331381,0.4015891252666853,0.02189125772630914,46,0.029585463176801264,0.06190432813732184,0.0,5,5
SPECTRAL,SPECTRAL_r8_s929,929,2,1,L10_m2,L10,0.14492912801498817,0.14492912801498817,0.024606016329068607,0.024606016329068607,0.48973679931745767,0.014047920225883697,46,0.04147072243326535,0.03899185695642719,3.721670624456941e-08,15,16
SPECTRAL,SPECTRAL_r8_s929,929,2,1,L10_m4,L10,0.23032259389195878,0.23032259389195878,0.05698166662200691,0.05698166662200691,-0.1672760318122224,0.026587319237769604,46,0.024367744362865658,0.020523694174399743,0.0,10,10
SPECTRAL,SPECTRAL_r8_s929,929,2,1,L11_m2,L11,0.3064610314981427,0.3064610314981427,0.04664450803685903,0.04664450803685903,0.5102751805436014,0.03929060084326196,46,0.03889562116046241,0.06861017352075387,0.028861946353069934,5,20
SPECTRAL,SPECTRAL_r8_s929,929,2,1,L11_m4,L11,0.440231953062547,0.440231953062547,0.045714294275370645,0.045714294275370645,0.334375154522641,0.023680886163118607,46,0.0538263144035868,0.13570863268633312,0.285916666550291,5,20
SPECTRAL,SPECTRAL_r8_s929,929,2,2,T10_m2,T10,0.3365769400319996,0.34847886301861325,0.05274677667345026,0.07129341671139526,0.5355106957723443,0.04907552932095792,0,0.08764296328352743,0.090046955605516,0.026076334170270332,8,6
SPECTRAL,SPECTRAL_r8_s929,929,2,2,T10_m4,T10,0.3727372268535537,0.39385543042345167,0.10105052089013009,0.1367606914831599,0.2606595459283302,0.0839479074804669,0,0.08695257458864698,0.06258823013825907,0.0,6,6
SPECTRAL,SPECTRAL_r8_s929,929,2,2,T11_m2,T11,0.2757066021751513,0.2913864113684065,0.0629413421608007,0.08414729264571537,0.31105434340850113,0.05015098215680803,0,0.06670866955955437,0.16175780313691696,0.20625268399329577,8,6
SPECTRAL,SPECTRAL_r8_s929,929,2,2,T11_m4,T11,0.25524203724439604,0.2707977758225079,0.04829648623287716,0.06680934727244052,0.3484005607931236,0.03674145487573585,0,0.06695330099526972,0.10924994675531909,0.0,6,6
SPECTRAL,SPECTRAL_r8_s929,929,2,2,L10_m2,L10,0.15783709768296017,0.1707450673509322,0.039566110108801116,0.054526203888533624,0.4532334564123397,0.023068304068003274,0,0.09151113961749364,0.07149399943342988,0.04372238693970264,13,18
SPECTRAL,SPECTRAL_r8_s929,929,2,2,L10_m4,L10,0.2411634824457618,0.2520043709995648,0.08422466325767507,0.11146765989334322,-0.17177981229906983,0.04357827705440156,0,0.04735022793555149,0.03622808630348748,0.005013142724602435,12,13
SPECTRAL,SPECTRAL_r8_s929,929,2,2,L11_m2,L11,0.31834181604321765,0.33022260058829256,0.06828128529414168,0.08991806255142433,0.5160196597438674,0.061841071115981826,0,0.08565047020655475,0.1221633592821811,0.15743693565672912,6,9
SPECTRAL,SPECTRAL_r8_s929,929,2,2,L11_m4,L11,0.4541602072584474,0.46808846145434785,0.07004687598339354,0.09437945769141644,0.3150288274830094,0.03943877255921848,0,0.10761918575142601,0.19857567043735325,0.17754680005059864,21,24
SPECTRAL,SPECTRAL_r8_s930,930,2,1,T10_m2,T10,0.22949868551267869,0.22949868551267869,0.038568383660776154,0.038568383660776154,0.44986695173491964,0.028837647102526287,46,0.043095319417005805,0.06293347358744479,0.03492092873008218,15,5
SPECTRAL,SPECTRAL_r8_s930,930,2,1,T10_m4,T10,0.25311724662127216,0.25311724662127216,0.0656651136316739,0.0656651136316739,0.23081685148415854,0.04638944161413815,46,0.04233984815031874,0.07460020816428954,0.1497898341178731,15,5
SPECTRAL,SPECTRAL_r8_s930,930,2,1,T11_m2,T11,0.2889436848291972,0.2889436848291972,0.05451576925205881,0.05451576925205881,0.0820213956866081,0.03692239016438948,46,0.02677841598694472,0.1415383075543883,0.15575746431366544,15,5
SPECTRAL,SPECTRAL_r8_s930,930,2,1,T11_m4,T11,0.2276087533782969,0.2276087533782969,0.04325030791080977,0.04325030791080977,0.20049105081393237,0.02788364947542329,46,0.029585463176801264,0.13601390580510866,0.0,5,5
SPECTRAL,SPECTRAL_r8_s930,930,2,1,L10_m2,L10,0.10839920975097456,0.10839920975097456,0.026632025974825897,0.026632025974825897,0.43801250725671703,0.0139825460609175,46,0.04147072243326535,0.05299488262946274,0.07389426669674677,10,16
SPECTRAL,SPECTRAL_r8_s930,930,2,1,L10_m4,L10,0.16664827219945502,0.16664827219945502,0.06447527262268915,0.06447527262268915,-0.3024082099154653,0.025969033170245476,46,0.024367744362865658,0.026692269415535083,0.0,10,10
SPECTRAL,SPECTRAL_r8_s930,930,2,1,L11_m2,L11,0.28717299660263285,0.28717299660263285,0.052432990437055495,0.052432990437055495,0.5548300591878597,0.04733126294818159,46,0.03889562116046241,0.07434124111546843,0.028861946353069934,5,20
SPECTRAL,SPECTRAL_r8_s930,930,2,1,L11_m4,L11,0.3752600045374764,0.3752600045374764,0.060892113455333456,0.060892113455333456,0.27398375546518267,0.03453725989437721,46,0.0538263144035868,0.10950837615842121,0.0,20,20
SPECTRAL,SPECTRAL_r8_s930,930,2,2,T10_m2,T10,0.241840013367067,0.25418134122145536,0.058701749520971146,0.07883511538116614,0.43926671511502363,0.048257371537150325,0,0.08764296328352743,0.09312535172523619,0.026076334170270332,8,6
SPECTRAL,SPECTRAL_r8_s930,930,2,2,T10_m4,T10,0.27104002282703576,0.28896279903279937,0.10129786450653161,0.13693061538138931,0.2025201742731288,0.07692908417329941,0,0.08695257458864698,0.10085414171673222,0.1087463962622651,8,6
SPECTRAL,SPECTRAL_r8_s930,930,2,2,T11_m2,T11,0.3078329288488577,0.32672217286851823,0.08314097874293681,0.11176618823381482,0.13505967320547635,0.06012028385842013,0,0.06670866955955437,0.21859722864947367,0.20625268399329577,8,6
SPECTRAL,SPECTRAL_r8_s930,930,2,2,T11_m4,T11,0.24052325091044874,0.2534377484426006,0.06922341863191567,0.09519652935302157,0.16117564871156176,0.04647680412402278,0,0.06695330099526972,0.21068679074361468,0.30641996300664937,7,6
SPECTRAL,SPECTRAL_r8_s930,930,2,2,L10_m2,L10,0.12120903461460601,0.13401885947823747,0.04253853049113828,0.058445035007450664,0.40991553223850935,0.022962785190443088,0,0.09151113961749364,0.09139490259031671,0.14669757450811277,12,18
SPECTRAL,SPECTRAL_r8_s930,930,2,2,L10_m4,L10,0.1807459423942298,0.1948436125890046,0.09488215084647839,0.12528902907026762,-0.2952071668359337,0.04320936256955484,0,0.04735022793555149,0.04104260390369415,0.005013142724602435,12,13
SPECTRAL,SPECTRAL_r8_s930,930,2,2,L11_m2,L11,0.30182854611580884,0.31648409562898483,0.07662165881253429,0.10081032718801307,0.5576123215019944,0.07481672406547114,0,0.08565047020655475,0.12750454877299713,0.15743693565672912,6,9
SPECTRAL,SPECTRAL_r8_s930,930,2,2,L11_m4,L11,0.3956521309329517,0.4160442573284271,0.09213060249264941,0.12336909152996538,0.25866957765264065,0.05683518167488804,0,0.10761918575142601,0.16247638566934566,0.17754680005059864,21,24
DIRECT,DIRECT_r8_s928_EXTENDED,928,2,1,T10_m2,T10,0.18906955982425486,0.18906955982425486,0.03950355268207927,0.03950355268207927,0.29289555333622325,0.020064463763350117,46,0.043095319417005805,0.07317687672776237,0.03492092873008218,15,5
DIRECT,DIRECT_r8_s928_EXTENDED,928,2,1,T10_m4,T10,0.2540931492438584,0.2540931492438584,0.052801359939913306,0.052801359939913306,0.20804917494910025,0.029518217371145884,46,0.04233984815031874,0.1032643313020297,0.1497898341178731,15,5
DIRECT,DIRECT_r8_s928_EXTENDED,928,2,1,T11_m2,T11,0.2150665110978375,0.2150665110978375,0.030510142792292173,0.030510142792292173,0.23726357187266925,0.016668386662954466,46,0.02677841598694472,0.053673672919484404,0.0,5,5
DIRECT,DIRECT_r8_s928_EXTENDED,928,2,1,T11_m4,T11,0.25135700921034754,0.25135700921034754,0.03780479259250214,0.03780479259250214,0.33232102842911093,0.02795145944890993,46,0.029585463176801264,0.09532074015840422,0.0,5,5
DIRECT,DIRECT_r8_s928_EXTENDED,928,2,1,L10_m2,L10,0.11494423954487631,0.11494423954487631,0.025765407331343096,0.025765407331343096,0.4208987963663128,0.012197168524726087,46,0.04147072243326535,0.04027375405695975,3.721670624456941e-08,15,16
DIRECT,DIRECT_r8_s928_EXTENDED,928,2,1,L10_m4,L10,0.18935044424019462,0.18935044424019462,0.052282316002932684,0.052282316002932684,-0.15958828895542246,0.021901647614931744,46,0.024367744362865658,0.02321885026965343,0.0,10,10
DIRECT,DIRECT_r8_s928_EXTENDED,928,2,1,L11_m2,L11,0.2520451801858437,0.2520451801858437,0.037056258129129306,0.037056258129129306,0.6703820109341703,0.03335484086194023,46,0.03889562116046241,0.05371903042089687,0.028861946353069934,5,20
DIRECT,DIRECT_r8_s928_EXTENDED,928,2,1,L11_m4,L11,0.4093725102725553,0.4093725102725553,0.041248215155010495,0.041248215155010495,0.41749656555037584,0.024026369450043467,46,0.0538263144035868,0.07908329070555603,0.0,20,20
DIRECT,DIRECT_r8_s928_EXTENDED,928,2,2,T10_m2,T10,0.19107701942806254,0.1930844790318702,0.06039731538621261,0.08129107809034594,0.2849246292670749,0.03398596393476979,0,0.08764296328352743,0.11179799612447115,0.17897394091408317,18,6
DIRECT,DIRECT_r8_s928_EXTENDED,928,2,2,T10_m4,T10,0.26159321068429986,0.26909327212474127,0.08233157561975386,0.11186179129959442,0.17945544699558025,0.04948619658924549,0,0.08695257458864698,0.14415516853731106,0.326308085533584,18,6
DIRECT,DIRECT_r8_s928_EXTENDED,928,2,2,T11_m2,T11,0.22915298590760186,0.24323946071736618,0.050757591467832625,0.07100504014337308,0.21420677033717897,0.027911743078370476,0,0.06670866955955437,0.1251234863926393,0.0,6,6
DIRECT,DIRECT_r8_s928_EXTENDED,928,2,2,T11_m4,T11,0.2674011184399112,0.28344522766947483,0.059964464485906754,0.08212413637931136,0.2780248265105058,0.04520315597086647,0,0.06695330099526972,0.15406670852870816,0.0,6,6
DIRECT,DIRECT_r8_s928_EXTENDED,928,2,2,L10_m2,L10,0.1287566178893193,0.1425689962337623,0.041176503324370166,0.056587599317397236,0.38935513056089427,0.019259696954272425,0,0.09151113961749364,0.07466192617651626,0.04372238693970264,13,18
DIRECT,DIRECT_r8_s928_EXTENDED,928,2,2,L10_m4,L10,0.20156232466034996,0.2137742050805053,0.07674895441245526,0.10121559282197783,-0.1564607851533014,0.035608384649875924,0,0.04735022793555149,0.042290021028230054,0.0,13,13
DIRECT,DIRECT_r8_s928_EXTENDED,928,2,2,L11_m2,L11,0.2629694960887159,0.2738938119915881,0.05421170113417101,0.07136714413921272,0.6276684175123732,0.051217831192275076,0,0.08565047020655475,0.114058144971182,0.15743693565672912,6,9
DIRECT,DIRECT_r8_s928_EXTENDED,928,2,2,L11_m4,L11,0.4270089751579078,0.4446454400432604,0.06298567140247766,0.0847231276499448,0.3839878280251319,0.03813638156959403,0,0.10761918575142601,0.12847373590134656,0.0,24,24
DIRECT,DIRECT_r8_s929_EXTENDED,929,2,1,T10_m2,T10,0.18241319032606695,0.18241319032606695,0.04630076022759369,0.04630076022759369,0.2965014304061888,0.028226960031173,46,0.043095319417005805,0.08012174504281717,0.03492092873008218,15,5
DIRECT,DIRECT_r8_s929_EXTENDED,929,2,1,T10_m4,T10,0.23504304360932748,0.23504304360932748,0.07360769772688157,0.07360769772688157,0.04080722785600481,0.03978148772720601,46,0.04233984815031874,0.09717485792820665,0.1497898341178731,15,5
DIRECT,DIRECT_r8_s929_EXTENDED,929,2,1,T11_m2,T11,0.18428926898563447,0.18428926898563447,0.049241273298671444,0.049241273298671444,0.15485514899267097,0.034680155546167046,46,0.02677841598694472,0.12893766577938537,0.0,5,5
DIRECT,DIRECT_r8_s929_EXTENDED,929,2,1,T11_m4,T11,0.20570159813615155,0.20570159813615155,0.022135340775197705,0.022135340775197705,0.3735536996739247,0.012048778491824718,46,0.029585463176801264,0.05405880789831048,0.0,5,5
DIRECT,DIRECT_r8_s929_EXTENDED,929,2,1,L10_m2,L10,0.13311089835799703,0.13311089835799703,0.023560289608899884,0.023560289608899884,0.5477510398540906,0.015504339239849814,46,0.04147072243326535,0.037548164842966365,3.721670624456941e-08,15,16
DIRECT,DIRECT_r8_s929_EXTENDED,929,2,1,L10_m4,L10,0.19400236222273784,0.19400236222273784,0.04420706352760172,0.04420706352760172,0.006853161247838081,0.02230995723978831,46,0.024367744362865658,0.027396606376060763,0.016430516654072684,15,10
DIRECT,DIRECT_r8_s929_EXTENDED,929,2,1,L11_m2,L11,0.25616853540230017,0.25616853540230017,0.05229304184496885,0.05229304184496885,0.40023583438240046,0.040363399097287346,46,0.03889562116046241,0.052714220568517614,0.028861946353069934,5,20
DIRECT,DIRECT_r8_s929_EXTENDED,929,2,1,L11_m4,L11,0.33532345287917426,0.33532345287917426,0.056000737369291446,0.056000737369291446,0.17958882881735153,0.021638851343225175,46,0.0538263144035868,0.10209646218529703,0.0,20,20
DIRECT,DIRECT_r8_s929_EXTENDED,929,2,2,T10_m2,T10,0.1926879184546398,0.20296264658321267,0.069675043778029,0.0930493273284643,0.29920424773670984,0.0472350439099279,0,0.08764296328352743,0.11457609420712013,0.17897394091408317,18,6
DIRECT,DIRECT_r8_s929_EXTENDED,929,2,2,T10_m4,T10,0.252076547730267,0.2691100518512065,0.11256405490955973,0.15152041209223788,0.03146865051735307,0.06623660507108442,0,0.08695257458864698,0.13014151907311725,0.1087463962622651,8,6
DIRECT,DIRECT_r8_s929_EXTENDED,929,2,2,T11_m2,T11,0.20247134364123737,0.22065341829684026,0.07484423611456788,0.1004471989304643,0.196149279037926,0.05555750019793923,0,0.06670866955955437,0.20708426484367218,0.0,6,6
DIRECT,DIRECT_r8_s929_EXTENDED,929,2,2,T11_m4,T11,0.21792030176348368,0.2301390053908158,0.03739549656006212,0.05265565234492654,0.32584095959094367,0.021169734079090605,0,0.06695330099526972,0.0993326814002364,0.0,6,6
DIRECT,DIRECT_r8_s929_EXTENDED,929,2,2,L10_m2,L10,0.14783842174076456,0.1625659451235321,0.03726980529506451,0.05097932098122914,0.4873329709569341,0.023031452688245812,0,0.09151113961749364,0.07145033619590058,0.04372238693970264,13,18
DIRECT,DIRECT_r8_s929_EXTENDED,929,2,2,L10_m4,L10,0.204116812103604,0.21423126198447018,0.06419559122010013,0.08418411891259854,0.003937917093950132,0.03435426734656617,0,0.04735022793555149,0.04624328245507346,0.0,13,13
DIRECT,DIRECT_r8_s929_EXTENDED,929,2,2,L11_m2,L11,0.273575986909009,0.29098343841571783,0.07782254615838063,0.10335205047179241,0.39980613841084534,0.06394026790472844,0,0.08565047020655475,0.10731071831700419,0.15743693565672912,6,9
DIRECT,DIRECT_r8_s929_EXTENDED,929,2,2,L11_m4,L11,0.35629480170707817,0.3772661505349821,0.08494841706717315,0.11389609676505487,0.17287896682884046,0.036512802556594316,0,0.10761918575142601,0.15288448933065582,0.0,24,24
DIRECT,DIRECT_r8_s930_EXTENDED,930,2,1,T10_m2,T10,0.16056647524980344,0.16056647524980344,0.0337057381168179,0.0337057381168179,0.7182304045435632,0.03380665648122165,46,0.043095319417005805,0.08710658726403495,0.03492092873008218,15,5
DIRECT,DIRECT_r8_s930_EXTENDED,930,2,1,T10_m4,T10,0.25995327967261084,0.25995327967261084,0.0831600194305223,0.0831600194305223,0.2004974574969625,0.06419150259857397,46,0.04233984815031874,0.10909242683631332,0.1497898341178731,15,5
DIRECT,DIRECT_r8_s930_EXTENDED,930,2,1,T11_m2,T11,0.2071707891160454,0.2071707891160454,0.03264150018852183,0.03264150018852183,0.19583449659086996,0.017011750096148366,46,0.02677841598694472,0.0646876316225754,0.0,5,5
DIRECT,DIRECT_r8_s930_EXTENDED,930,2,1,T11_m4,T11,0.16332996275868422,0.16332996275868422,0.024385978244116986,0.024385978244116986,0.3231885935621346,0.011464382599148979,46,0.029585463176801264,0.08634058725841931,0.0,5,5
DIRECT,DIRECT_r8_s930_EXTENDED,930,2,1,L10_m2,L10,0.12865050859762958,0.12865050859762958,0.021300038567731855,0.021300038567731855,0.4971194073362352,0.01118822599877162,46,0.04147072243326535,0.036208868373397735,3.721670624456941e-08,15,16
DIRECT,DIRECT_r8_s930_EXTENDED,930,2,1,L10_m4,L10,0.2114256434342616,0.2114256434342616,0.04523517530447394,0.04523517530447394,-0.08046262622018417,0.018636255997129824,46,0.024367744362865658,0.022736486238085427,0.0,10,10
DIRECT,DIRECT_r8_s930_EXTENDED,930,2,1,L11_m2,L11,0.27867192898191445,0.27867192898191445,0.04204615993804773,0.04204615993804773,0.3470562081182517,0.02650143869287133,46,0.03889562116046241,0.07516364247475872,0.028861946353069934,5,20
DIRECT,DIRECT_r8_s930_EXTENDED,930,2,1,L11_m4,L11,0.4024266258149472,0.4024266258149472,0.052772718359578384,0.052772718359578384,0.12141795680519753,0.012533250916103616,46,0.0538263144035868,0.14488040133015864,0.0,20,20
DIRECT,DIRECT_r8_s930_EXTENDED,930,2,2,T10_m2,T10,0.16671755005363442,0.17286862485746537,0.05310219101162298,0.07249864390642806,0.6688741066222108,0.05883427149566967,0,0.08764296328352743,0.10782794709392869,0.17897394091408317,18,6
DIRECT,DIRECT_r8_s930_EXTENDED,930,2,2,T10_m4,T10,0.27989827845087956,0.2998432772291483,0.12811851060271345,0.1730770017749046,0.16308053659170946,0.1058233903920579,0,0.08695257458864698,0.14740865575014286,0.1087463962622651,8,6
DIRECT,DIRECT_r8_s930_EXTENDED,930,2,2,T11_m2,T11,0.2230017673702704,0.23883274562449539,0.05411302833802061,0.0755845564875194,0.18017416873559428,0.028666098016578337,0,0.06670866955955437,0.14531699288715028,0.0,6,6
DIRECT,DIRECT_r8_s930_EXTENDED,930,2,2,T11_m4,T11,0.17204277477640517,0.1807555867941261,0.040155873116641747,0.05592576798916651,0.28145566400554195,0.018912519505565342,0,0.06695330099526972,0.1373298962589074,0.0,6,6
DIRECT,DIRECT_r8_s930_EXTENDED,930,2,2,L10_m2,L10,0.1404394795283221,0.1522284504590146,0.03446266749575665,0.04762529642378145,0.4533943356401438,0.0174377274885648,0,0.09151113961749364,0.06883139426562618,0.039520710773788104,17,18
DIRECT,DIRECT_r8_s930_EXTENDED,930,2,2,L10_m4,L10,0.22145570228327438,0.2314857611322872,0.06659222136468759,0.08794926742490125,-0.07815722834545424,0.030668584520220556,0,0.04735022793555149,0.04097125467492219,0.0,13,13
DIRECT,DIRECT_r8_s930_EXTENDED,930,2,2,L11_m2,L11,0.29369844138640344,0.3087249537908924,0.06298658261420828,0.08392700529036883,0.3561375056041239,0.042601625909890424,0,0.08565047020655475,0.13729951418955266,0.15743693565672912,6,9
DIRECT,DIRECT_r8_s930_EXTENDED,930,2,2,L11_m4,L11,0.42204434071926744,0.44166205562358773,0.07860919217313088,0.10444566598668337,0.12580144098449242,0.020729539389858213,0,0.10761918575142601,0.20090772902970477,0.0,24,24
SPECTRAL_FT,SPECTRAL_FT_r8_s928_EXTENDED,928,2,1,T10_m2,T10,0.23145253025984153,0.23145253025984153,0.04109470557530921,0.04109470557530921,0.4371021396191487,0.031034129752679915,46,0.043095319417005805,0.08968317742136278,0.03492092873008218,15,5
SPECTRAL_FT,SPECTRAL_FT_r8_s928_EXTENDED,928,2,1,T10_m4,T10,0.26859772437428264,0.26859772437428264,0.06072506763459917,0.06072506763459917,0.21090534357302623,0.03878959296272329,46,0.04233984815031874,0.08919381214446162,0.1497898341178731,15,5
SPECTRAL_FT,SPECTRAL_FT_r8_s928_EXTENDED,928,2,1,T11_m2,T11,0.23114397856983038,0.23114397856983038,0.043631171391333996,0.043631171391333996,0.26394737117567907,0.03313032050126014,46,0.02677841598694472,0.10552463030926218,0.0,5,5
SPECTRAL_FT,SPECTRAL_FT_r8_s928_EXTENDED,928,2,1,T11_m4,T11,0.236856667523379,0.236856667523379,0.04124973353226124,0.04124973353226124,0.23664888259655686,0.02779265183816432,46,0.029585463176801264,0.10566531116931843,0.0,5,5
SPECTRAL_FT,SPECTRAL_FT_r8_s928_EXTENDED,928,2,1,L10_m2,L10,0.12590205753242623,0.12590205753242623,0.02438098224530872,0.02438098224530872,0.5337926642692631,0.015317547672933066,46,0.04147072243326535,0.034639207678683344,3.721670624456941e-08,15,16
SPECTRAL_FT,SPECTRAL_FT_r8_s928_EXTENDED,928,2,1,L10_m4,L10,0.2451438373177297,0.2451438373177297,0.05579491884528316,0.05579491884528316,-0.1018656086441394,0.02940832773119761,46,0.024367744362865658,0.03028003338227653,0.016430516654072684,15,10
SPECTRAL_FT,SPECTRAL_FT_r8_s928_EXTENDED,928,2,1,L11_m2,L11,0.31580730335254864,0.31580730335254864,0.041263077587208825,0.041263077587208825,0.49610820800842953,0.03288542998132921,46,0.03889562116046241,0.06598829700932717,0.028861946353069934,5,20
SPECTRAL_FT,SPECTRAL_FT_r8_s928_EXTENDED,928,2,1,L11_m4,L11,0.4668401663039854,0.4668401663039854,0.06484819771708931,0.06484819771708931,0.30169579758345777,0.04113898270516831,46,0.0538263144035868,0.10431813389163404,0.0,20,20
SPECTRAL_FT,SPECTRAL_FT_r8_s928_EXTENDED,928,2,2,T10_m2,T10,0.23669574025261203,0.24193895024538256,0.06274076616983051,0.08438682676435182,0.4250065372143713,0.05225062052657983,0,0.08764296328352743,0.11681127364414384,0.17897394091408317,18,6
SPECTRAL_FT,SPECTRAL_FT_r8_s928_EXTENDED,928,2,2,T10_m4,T10,0.2817114177253013,0.29482511107632,0.09352905430186868,0.1263330409691382,0.19123344393638866,0.0647345902485906,0,0.08695257458864698,0.11997648184120725,0.1087463962622651,8,6
SPECTRAL_FT,SPECTRAL_FT_r8_s928_EXTENDED,928,2,2,T11_m2,T11,0.2489758606230064,0.2668077426761824,0.06590289301807742,0.08817461464482085,0.29202597828865323,0.05243401829933153,0,0.06670866955955437,0.1613859147678035,0.0,6,6
SPECTRAL_FT,SPECTRAL_FT_r8_s928_EXTENDED,928,2,2,T11_m4,T11,0.2538871757627514,0.2709176840021238,0.06641771247331471,0.09158569141436819,0.19092864906611817,0.04648590249459079,0,0.06695330099526972,0.17224353079466143,0.0,6,6
SPECTRAL_FT,SPECTRAL_FT_r8_s928_EXTENDED,928,2,2,L10_m2,L10,0.13640735556322578,0.14691265359402533,0.03918673658327877,0.05399249092124883,0.49067097164887197,0.025163154744877667,0,0.09151113961749364,0.06498536553771715,0.04372238693970264,13,18
SPECTRAL_FT,SPECTRAL_FT_r8_s928_EXTENDED,928,2,2,L10_m4,L10,0.2555571437387591,0.2659704501597885,0.08252284300005622,0.10925076715482926,-0.11177443213831,0.04751854624703139,0,0.04735022793555149,0.047673945486445504,0.001317544136173342,17,13
SPECTRAL_FT,SPECTRAL_FT_r8_s928_EXTENDED,928,2,2,L11_m2,L11,0.3272082526709458,0.33860920198934297,0.06065090319692523,0.08003872880664163,0.5019704064319619,0.05203364724914636,0,0.08565047020655475,0.12143577327182875,0.15743693565672912,6,9
SPECTRAL_FT,SPECTRAL_FT_r8_s928_EXTENDED,928,2,2,L11_m4,L11,0.49089469550256565,0.5149492247011459,0.09815177384776702,0.1314553499784447,0.28369450883647845,0.06761697315984688,0,0.10761918575142601,0.1590062964246891,0.17754680005059864,21,24
SPECTRAL_FT,SPECTRAL_FT_r8_s929_EXTENDED,929,2,1,T10_m2,T10,0.324675017045386,0.324675017045386,0.03420013663550526,0.03420013663550526,0.5559969611444869,0.028897138869159723,46,0.043095319417005805,0.0584257516389944,0.03492092873008218,15,5
SPECTRAL_FT,SPECTRAL_FT_r8_s929_EXTENDED,929,2,1,T10_m4,T10,0.3516190232836558,0.3516190232836558,0.06534035029710027,0.06534035029710027,0.29679783192752723,0.05063605340145824,46,0.04233984815031874,0.046169014456752915,0.0,5,5
SPECTRAL_FT,SPECTRAL_FT_r8_s929_EXTENDED,929,2,1,T11_m2,T11,0.26002679298189607,0.26002679298189607,0.04173539167588604,0.04173539167588604,0.2854003509612544,0.03179890864204901,46,0.02677841598694472,0.11320992057914055,0.15575746431366544,15,5
SPECTRAL_FT,SPECTRAL_FT_r8_s929_EXTENDED,929,2,1,T11_m4,T11,0.23968629866628413,0.23968629866628413,0.02978362519331381,0.02978362519331381,0.4015891252666853,0.02189125772630914,46,0.029585463176801264,0.06190432813732184,0.0,5,5
SPECTRAL_FT,SPECTRAL_FT_r8_s929_EXTENDED,929,2,1,L10_m2,L10,0.14492912801498817,0.14492912801498817,0.024606016329068607,0.024606016329068607,0.48973679931745767,0.014047920225883697,46,0.04147072243326535,0.03899185695642719,3.721670624456941e-08,15,16
SPECTRAL_FT,SPECTRAL_FT_r8_s929_EXTENDED,929,2,1,L10_m4,L10,0.23032259389195878,0.23032259389195878,0.05698166662200691,0.05698166662200691,-0.1672760318122224,0.026587319237769604,46,0.024367744362865658,0.020523694174399743,0.0,10,10
SPECTRAL_FT,SPECTRAL_FT_r8_s929_EXTENDED,929,2,1,L11_m2,L11,0.3064610314981427,0.3064610314981427,0.04664450803685903,0.04664450803685903,0.5102751805436014,0.03929060084326196,46,0.03889562116046241,0.06861017352075387,0.028861946353069934,5,20
SPECTRAL_FT,SPECTRAL_FT_r8_s929_EXTENDED,929,2,1,L11_m4,L11,0.440231953062547,0.440231953062547,0.045714294275370645,0.045714294275370645,0.334375154522641,0.023680886163118607,46,0.0538263144035868,0.13570863268633312,0.285916666550291,5,20
SPECTRAL_FT,SPECTRAL_FT_r8_s929_EXTENDED,929,2,2,T10_m2,T10,0.3365769400319996,0.34847886301861325,0.05274677667345026,0.07129341671139526,0.5355106957723443,0.04907552932095792,0,0.08764296328352743,0.090046955605516,0.026076334170270332,8,6
SPECTRAL_FT,SPECTRAL_FT_r8_s929_EXTENDED,929,2,2,T10_m4,T10,0.3727372268535537,0.39385543042345167,0.10105052089013009,0.1367606914831599,0.2606595459283302,0.0839479074804669,0,0.08695257458864698,0.06258823013825907,0.0,6,6
SPECTRAL_FT,SPECTRAL_FT_r8_s929_EXTENDED,929,2,2,T11_m2,T11,0.2757066021751513,0.2913864113684065,0.0629413421608007,0.08414729264571537,0.31105434340850113,0.05015098215680803,0,0.06670866955955437,0.16175780313691696,0.20625268399329577,8,6
SPECTRAL_FT,SPECTRAL_FT_r8_s929_EXTENDED,929,2,2,T11_m4,T11,0.25524203724439604,0.2707977758225079,0.04829648623287716,0.06680934727244052,0.3484005607931236,0.03674145487573585,0,0.06695330099526972,0.10924994675531909,0.0,6,6
SPECTRAL_FT,SPECTRAL_FT_r8_s929_EXTENDED,929,2,2,L10_m2,L10,0.15783709768296017,0.1707450673509322,0.039566110108801116,0.054526203888533624,0.4532334564123397,0.023068304068003274,0,0.09151113961749364,0.07149399943342988,0.04372238693970264,13,18
SPECTRAL_FT,SPECTRAL_FT_r8_s929_EXTENDED,929,2,2,L10_m4,L10,0.2411634824457618,0.2520043709995648,0.08422466325767507,0.11146765989334322,-0.17177981229906983,0.04357827705440156,0,0.04735022793555149,0.03622808630348748,0.005013142724602435,12,13
SPECTRAL_FT,SPECTRAL_FT_r8_s929_EXTENDED,929,2,2,L11_m2,L11,0.31834181604321765,0.33022260058829256,0.06828128529414168,0.08991806255142433,0.5160196597438674,0.061841071115981826,0,0.08565047020655475,0.1221633592821811,0.15743693565672912,6,9
SPECTRAL_FT,SPECTRAL_FT_r8_s929_EXTENDED,929,2,2,L11_m4,L11,0.4541602072584474,0.46808846145434785,0.07004687598339354,0.09437945769141644,0.3150288274830094,0.03943877255921848,0,0.10761918575142601,0.19857567043735325,0.17754680005059864,21,24
SPECTRAL_FT,SPECTRAL_FT_r8_s930_EXTENDED,930,2,1,T10_m2,T10,0.231751084785159,0.231751084785159,0.039063818146060164,0.039063818146060164,0.33187357743821233,0.022245281993364185,46,0.043095319417005805,0.07618277829507514,0.03492092873008218,15,5
SPECTRAL_FT,SPECTRAL_FT_r8_s930_EXTENDED,930,2,1,T10_m4,T10,0.27164003853305974,0.27164003853305974,0.05774788711633479,0.05774788711633479,0.21331441738492593,0.03587128740630361,46,0.04233984815031874,0.09729973981683429,0.1497898341178731,15,5
SPECTRAL_FT,SPECTRAL_FT_r8_s930_EXTENDED,930,2,1,T11_m2,T11,0.2594848785317159,0.2594848785317159,0.045544667705618845,0.045544667705618845,0.1225287445091428,0.028792995899404306,46,0.02677841598694472,0.12309128493017818,0.0,5,5
SPECTRAL_FT,SPECTRAL_FT_r8_s930_EXTENDED,930,2,1,T11_m4,T11,0.24523731028755705,0.24523731028755705,0.04358848235375989,0.04358848235375989,0.19584861982943738,0.027924743813585496,46,0.029585463176801264,0.14776591010733492,0.2600796811184293,0,5
SPECTRAL_FT,SPECTRAL_FT_r8_s930_EXTENDED,930,2,1,L10_m2,L10,0.11348042219953804,0.11348042219953804,0.02812510902345615,0.02812510902345615,0.4900161689494777,0.01749545943226819,46,0.04147072243326535,0.05557539851121485,0.07389426669674677,10,16
SPECTRAL_FT,SPECTRAL_FT_r8_s930_EXTENDED,930,2,1,L10_m4,L10,0.1891072478778296,0.1891072478778296,0.0627266781333881,0.0627266781333881,-0.19076818756230216,0.032024378713490655,46,0.024367744362865658,0.02456616143478392,0.0,10,10
SPECTRAL_FT,SPECTRAL_FT_r8_s930_EXTENDED,930,2,1,L11_m2,L11,0.2527201560651633,0.2527201560651633,0.03823626806263738,0.03823626806263738,0.5796630777932873,0.03205809117841496,46,0.03889562116046241,0.043174631898436185,0.028861946353069934,5,20
SPECTRAL_FT,SPECTRAL_FT_r8_s930_EXTENDED,930,2,1,L11_m4,L11,0.4803405140870073,0.4803405140870073,0.05928144604157187,0.05928144604157187,0.31557783339618983,0.03590250445513696,46,0.0538263144035868,0.10630446318387075,0.0,20,20
SPECTRAL_FT,SPECTRAL_FT_r8_s930_EXTENDED,930,2,2,T10_m2,T10,0.24020747220684022,0.24866385962852144,0.05987436667332718,0.08068491520059419,0.32230425393318124,0.03782961034225338,0,0.08764296328352743,0.11184777127446376,0.17897394091408317,18,6
SPECTRAL_FT,SPECTRAL_FT_r8_s930_EXTENDED,930,2,2,T10_m4,T10,0.2810403731814276,0.2904407078297954,0.08952843011697097,0.12130897311760715,0.18816456549916424,0.06004240410828544,0,0.08695257458864698,0.13435802602700916,0.1087463962622651,8,6
SPECTRAL_FT,SPECTRAL_FT_r8_s930_EXTENDED,930,2,2,T11_m2,T11,0.2769501492024334,0.29441541987315084,0.0706139936412128,0.09568331957680677,0.15729193212768747,0.04693774805226661,0,0.06670866955955437,0.1989878064059972,0.0,6,6
SPECTRAL_FT,SPECTRAL_FT_r8_s930_EXTENDED,930,2,2,T11_m4,T11,0.25777247664343844,0.27030764299931986,0.06975510593332304,0.0959217295128862,0.15552911061266672,0.04645127408576049,0,0.06695330099526972,0.2251952658717148,0.30641996300664937,7,6
SPECTRAL_FT,SPECTRAL_FT_r8_s930_EXTENDED,930,2,2,L10_m2,L10,0.1294620323054192,0.14544364241130037,0.044443362165176456,0.06076161530689677,0.4526360281555004,0.028136073775940892,0,0.09151113961749364,0.09016744986816913,0.04372238693970264,13,18
SPECTRAL_FT,SPECTRAL_FT_r8_s930_EXTENDED,930,2,2,L10_m4,L10,0.20483108532759076,0.22055492277735192,0.09202230402452849,0.12131792991566889,-0.1922183254386135,0.051259559931806094,0,0.04735022793555149,0.03921388651539853,0.005013142724602435,12,13
SPECTRAL_FT,SPECTRAL_FT_r8_s930_EXTENDED,930,2,2,L11_m2,L11,0.26586379440166863,0.279007432738174,0.056557838935383395,0.0748794098081294,0.5701547146501986,0.051158686125182144,0,0.08565047020655475,0.09328676887897916,0.15743693565672912,6,9
SPECTRAL_FT,SPECTRAL_FT_r8_s930_EXTENDED,930,2,2,L11_m4,L11,0.5033428809681115,0.5263452478492158,0.09004561652950727,0.12080978701744265,0.2957098540446164,0.059171938696591604,0,0.10761918575142601,0.16052158259225202,0.17754680005059864,21,24
GRU,GRU_r32_s928_EXTENDED,928,2,1,T10_m2,T10,0.25398440687717294,0.25398440687717294,0.04514433000060044,0.04514433000060044,0.20653632936985675,0.019832179522240707,46,0.043095319417005805,0.06378368869814591,0.03492092873008218,15,5
GRU,GRU_r32_s928_EXTENDED,928,2,1,T10_m4,T10,0.31569871450091497,0.31569871450091497,0.0553304059194237,0.0553304059194237,-0.047504941412240126,0.008769476231893591,46,0.04233984815031874,0.05973687677893512,0.0,5,5
GRU,GRU_r32_s928_EXTENDED,928,2,1,T11_m2,T11,0.2714662902572446,0.2714662902572446,0.029094088615626786,0.029094088615626786,0.17524307335476347,0.011844434145791758,46,0.02677841598694472,0.10745462613565335,0.15575746431366544,15,5
GRU,GRU_r32_s928_EXTENDED,928,2,1,T11_m4,T11,0.21622018447717736,0.21622018447717736,0.027146291246171062,0.027146291246171062,0.07826455372446701,0.0022590454919582037,46,0.029585463176801264,0.12257711387462691,0.0,5,5
GRU,GRU_r32_s928_EXTENDED,928,2,1,L10_m2,L10,0.18005615968969454,0.18005615968969454,0.0301776190028279,0.0301776190028279,0.2986430234370213,0.010473089135293155,46,0.04147072243326535,0.007744740882283247,3.721670624456941e-08,15,16
GRU,GRU_r32_s928_EXTENDED,928,2,1,L10_m4,L10,0.17253936307176582,0.17253936307176582,0.022582730440712195,0.022582730440712195,0.32649258723454233,0.012084832715176326,46,0.024367744362865658,0.04511820710461932,0.016430516654072684,15,10
GRU,GRU_r32_s928_EXTENDED,928,2,1,L11_m2,L11,0.46264808071632085,0.46264808071632085,0.032859192742458826,0.032859192742458826,0.32139576495469907,0.014480503471206739,46,0.03889562116046241,0.055722100734226364,0.028861946353069934,5,20
GRU,GRU_r32_s928_EXTENDED,928,2,1,L11_m4,L11,0.41072612899868993,0.41072612899868993,0.06364466302628838,0.06364466302628838,-0.06883212465318922,0.002347459790924816,46,0.0538263144035868,0.16229610455075652,0.285916666550291,5,20
GRU,GRU_r32_s928_EXTENDED,928,2,2,T10_m2,T10,0.2643288618311077,0.27467331678504253,0.06685749355594842,0.08857065711129639,0.18258463663153235,0.026499806268450006,0,0.08764296328352743,0.1131849249687544,0.023381893379430918,16,6
GRU,GRU_r32_s928_EXTENDED,928,2,2,T10_m4,T10,0.3320384378151781,0.34837816112944126,0.08139345534093137,0.10745650476243905,-0.05326483938536664,0.009011253241990393,0,0.08695257458864698,0.10124599569657895,0.07928792867772065,21,6
GRU,GRU_r32_s928_EXTENDED,928,2,2,T11_m2,T11,0.28701562453743196,0.3025649588176193,0.04384808226794836,0.05860207592026993,0.23868391330784833,0.016964041286853148,0,0.06670866955955437,0.17756417175152564,0.294479624015052,18,6
GRU,GRU_r32_s928_EXTENDED,928,2,2,T11_m4,T11,0.23079213079050231,0.24536407710382727,0.044828884612177294,0.06251147797818353,0.06337448795906322,0.0036491256543865697,0,0.06695330099526972,0.19718822986558385,0.0,6,6
GRU,GRU_r32_s928_EXTENDED,928,2,2,L10_m2,L10,0.18378504803984297,0.18751393638999142,0.04783460617382314,0.06549159334481838,0.2777402113506709,0.01571654920930987,0,0.09151113961749364,0.03954601682934194,0.0,18,18
GRU,GRU_r32_s928_EXTENDED,928,2,2,L10_m4,L10,0.18033677788121508,0.18813419269066434,0.03520205544563507,0.047821380450557956,0.3134856739444752,0.023128364388364523,0,0.04735022793555149,0.0691492904868617,0.02824495772862634,18,13
GRU,GRU_r32_s928_EXTENDED,928,2,2,L11_m2,L11,0.47691666193840887,0.49118524316049683,0.04490653778708051,0.056953882831702184,0.3459490213155139,0.01719032650767103,0,0.08565047020655475,0.11932640229371204,0.0029104641029780165,21,9
GRU,GRU_r32_s928_EXTENDED,928,2,2,L11_m4,L11,0.42964266007560326,0.4485591911525165,0.0878302104841237,0.11201575794195903,-0.006742948457154337,0.0025927499983713354,0,0.10761918575142601,0.2140890216142903,0.24243468445862587,9,24
GRU,GRU_r32_s929_EXTENDED,929,2,1,T10_m2,T10,0.20324313602801053,0.20324313602801053,0.04353615802413662,0.04353615802413662,0.41891790318248323,0.03146424331997945,46,0.043095319417005805,0.1050292450418199,0.03492092873008218,15,5
GRU,GRU_r32_s929_EXTENDED,929,2,1,T10_m4,T10,0.26424563012141905,0.26424563012141905,0.06899007683646129,0.06899007683646129,0.18746953771036542,0.04693655042204253,46,0.04233984815031874,0.09718054873952987,0.1497898341178731,15,5
GRU,GRU_r32_s929_EXTENDED,929,2,1,T11_m2,T11,0.16138401502891475,0.16138401502891475,0.04083079499637462,0.04083079499637462,0.07422527778514733,0.021022051667537935,46,0.02677841598694472,0.12389498290311589,0.0,5,5
GRU,GRU_r32_s929_EXTENDED,929,2,1,T11_m4,T11,0.16600578767569762,0.16600578767569762,0.01889047946111204,0.01889047946111204,0.36237869701759073,0.007300760309965695,46,0.029585463176801264,0.04910060958335706,0.0,5,5
GRU,GRU_r32_s929_EXTENDED,929,2,1,L10_m2,L10,0.1376156351483734,0.1376156351483734,0.015994002412071443,0.015994002412071443,0.5455361213374407,0.00844201137763347,46,0.04147072243326535,0.03644531059768434,3.721670624456941e-08,15,16
GRU,GRU_r32_s929_EXTENDED,929,2,1,L10_m4,L10,0.14516850193458816,0.14516850193458816,0.025599910623509806,0.025599910623509806,0.462275247648549,0.020758378522052198,46,0.024367744362865658,0.03996332744713573,0.016430516654072684,15,10
GRU,GRU_r32_s929_EXTENDED,929,2,1,L11_m2,L11,0.34452767084763564,0.34452767084763564,0.048939521044596715,0.048939521044596715,0.46569293771178194,0.04270315367814045,46,0.03889562116046241,0.07125746999025784,0.028861946353069934,5,20
GRU,GRU_r32_s929_EXTENDED,929,2,1,L11_m4,L11,0.34312633850115093,0.34312633850115093,0.03734732811122902,0.03734732811122902,0.48665143708674075,0.026902477036705248,46,0.0538263144035868,0.085464720464507,0.0,20,20
GRU,GRU_r32_s929_EXTENDED,929,2,2,T10_m2,T10,0.218352071620543,0.23346100721307542,0.058401342390931754,0.0732665267577269,0.3786262099116604,0.03575277377703729,0,0.08764296328352743,0.12435133833502666,0.17897394091408317,18,6
GRU,GRU_r32_s929_EXTENDED,929,2,2,T10_m4,T10,0.30894496758479273,0.35364430504816635,0.09386734828457154,0.11874461973268179,0.1482783190390154,0.052199325740868614,0,0.08695257458864698,0.14945377769245066,0.326308085533584,18,6
GRU,GRU_r32_s929_EXTENDED,929,2,2,T11_m2,T11,0.17244541045702302,0.1835068058851313,0.05619150227648392,0.07155220955659324,0.19315191837012302,0.02687168540970583,0,0.06670866955955437,0.1909211083302656,0.0,6,6
GRU,GRU_r32_s929_EXTENDED,929,2,2,T11_m4,T11,0.18368456334719235,0.2013633390186871,0.03211581978939306,0.045341160117674084,0.35998411265016333,0.01621289966835917,0,0.06695330099526972,0.094690891437457,0.0,6,6
GRU,GRU_r32_s929_EXTENDED,929,2,2,L10_m2,L10,0.15123053308191936,0.16484543101546534,0.02796586190547505,0.03993772139887866,0.4510540403882929,0.011281963865355715,0,0.09151113961749364,0.07520680044737911,0.0,18,18
GRU,GRU_r32_s929_EXTENDED,929,2,2,L10_m4,L10,0.140342378588088,0.1355162552415879,0.0348792427438589,0.044158574864208,0.4131776056228752,0.02560098219688935,0,0.04735022793555149,0.05117661031902992,0.0,13,13
GRU,GRU_r32_s929_EXTENDED,929,2,2,L11_m2,L11,0.3903555184563651,0.4361833660650946,0.060530724229632404,0.0721219274146681,0.47073911901122156,0.04338597371572263,0,0.08565047020655475,0.1744250803574343,0.15743693565672912,6,9
GRU,GRU_r32_s929_EXTENDED,929,2,2,L11_m4,L11,0.36287218180079495,0.382618025100439,0.053372436211701804,0.06939754431217458,0.445533010361207,0.03248178585508014,0,0.10761918575142601,0.1570135746174726,0.0,24,24
GRU,GRU_r32_s930_EXTENDED,930,2,1,T10_m2,T10,0.20852719605542175,0.20852719605542175,0.039481386555580415,0.039481386555580415,0.5721641036259003,0.0330860866918944,46,0.043095319417005805,0.08750924341857919,0.03492092873008218,15,5
GRU,GRU_r32_s930_EXTENDED,930,2,1,T10_m4,T10,0.3267410448416685,0.3267410448416685,0.044846699764239564,0.044846699764239564,0.3729045014638912,0.03127066070836651,46,0.04233984815031874,0.08737096885225847,0.1497898341178731,15,5
GRU,GRU_r32_s930_EXTENDED,930,2,1,T11_m2,T11,0.32938404428683105,0.32938404428683105,0.04031557356540644,0.04031557356540644,0.09861118644448427,0.021652778735954538,46,0.02677841598694472,0.13457496115673545,0.21852465790816167,20,5
GRU,GRU_r32_s930_EXTENDED,930,2,1,T11_m4,T11,0.242147069214405,0.242147069214405,0.026975720542289694,0.026975720542289694,0.21337734028149966,0.010027750010264696,46,0.029585463176801264,0.11956169474369872,0.0,5,5
GRU,GRU_r32_s930_EXTENDED,930,2,1,L10_m2,L10,0.12615015203429467,0.12615015203429467,0.016582215282189457,0.016582215282189457,0.4697563486138794,0.005109383599730289,46,0.04147072243326535,0.051973570104504756,3.721670624456941e-08,15,16
GRU,GRU_r32_s930_EXTENDED,930,2,1,L10_m4,L10,0.09610275466547323,0.09610275466547323,0.02082180216749896,0.02082180216749896,0.28644147789713903,0.00879271354776279,46,0.024367744362865658,0.021749681454351924,0.0,10,10
GRU,GRU_r32_s930_EXTENDED,930,2,1,L11_m2,L11,0.2944359214558908,0.2944359214558908,0.0500360168513387,0.0500360168513387,0.13853607993056802,0.023296221922379252,46,0.03889562116046241,0.06354306872287475,0.028861946353069934,5,20
GRU,GRU_r32_s930_EXTENDED,930,2,1,L11_m4,L11,0.4329273989127943,0.4329273989127943,0.05922866749120263,0.05922866749120263,0.050107938444585214,0.012089944069936213,46,0.0538263144035868,0.1297464958638346,0.0,20,20
GRU,GRU_r32_s930_EXTENDED,930,2,2,T10_m2,T10,0.24518956588235052,0.2818519357092793,0.05472113002311273,0.06996087349064505,0.46427389643079897,0.041006942725112586,0,0.08764296328352743,0.1087424117224118,0.17897394091408317,18,6
GRU,GRU_r32_s930_EXTENDED,930,2,2,T10_m4,T10,0.3599361957821056,0.39313134672254274,0.06519517433227595,0.08554364890031234,0.3618739888186093,0.04750135194704391,0,0.08695257458864698,0.15118878929750357,0.15580028392283557,16,6
GRU,GRU_r32_s930_EXTENDED,930,2,2,T11_m2,T11,0.3277740912650895,0.32616413824334795,0.06346077446767143,0.0866059753699364,0.13658020794892506,0.03610933492909434,0,0.06670866955955437,0.21626388371733218,0.5617084504644915,19,6
GRU,GRU_r32_s930_EXTENDED,930,2,2,T11_m4,T11,0.2569199262666436,0.27169278331888225,0.041839672075462256,0.05670362360863481,0.19915449747679104,0.013392315509116057,0,0.06695330099526972,0.18341150350863966,0.0,6,6
GRU,GRU_r32_s930_EXTENDED,930,2,2,L10_m2,L10,0.14497225586513418,0.16379435969597367,0.029454261521173298,0.04232630776015714,0.4164781286832074,0.009301591795983208,0,0.09151113961749364,0.09977322981608157,0.04372238693970264,13,18
GRU,GRU_r32_s930_EXTENDED,930,2,2,L10_m4,L10,0.10214168138052977,0.10818060809558631,0.03275995547007249,0.04469810877264601,0.2642754017548409,0.017085573553997334,0,0.04735022793555149,0.04126242055485162,0.023401085839882575,22,13
GRU,GRU_r32_s930_EXTENDED,930,2,2,L11_m2,L11,0.32185227159466345,0.34926862173343615,0.0664086532553182,0.0827812896592977,0.29327795352013275,0.036574535711409076,0,0.08565047020655475,0.11568827387778688,0.15743693565672912,6,9
GRU,GRU_r32_s930_EXTENDED,930,2,2,L11_m4,L11,0.46256911259408295,0.49221082627537155,0.08398412873033886,0.10873958996947508,0.07080708895774297,0.014961218660013313,0,0.10761918575142601,0.1867434654131233,0.0,24,24
NONLINEAR_STATE,NONLINEAR_STATE_r8_s928_EXTENDED,928,2,1,T10_m2,T10,0.28574284312338427,0.28574284312338427,0.04124824062429451,0.04124824062429451,0.28498367149724113,0.021110126523000365,46,0.043095319417005805,0.10344171088472934,0.03492092873008218,15,5
NONLINEAR_STATE,NONLINEAR_STATE_r8_s928_EXTENDED,928,2,1,T10_m4,T10,0.2502592937804229,0.2502592937804229,0.048652395924849795,0.048652395924849795,0.12763425845983492,0.017768676802796965,46,0.04233984815031874,0.08019221919621633,0.1497898341178731,15,5
NONLINEAR_STATE,NONLINEAR_STATE_r8_s928_EXTENDED,928,2,1,T11_m2,T11,0.2188466526761178,0.2188466526761178,0.019429441752401903,0.019429441752401903,0.4929076176284063,0.012062998630765704,46,0.02677841598694472,0.07154635311038464,0.0,5,5
NONLINEAR_STATE,NONLINEAR_STATE_r8_s928_EXTENDED,928,2,1,T11_m4,T11,0.21524411062051896,0.21524411062051896,0.020001456185182055,0.020001456185182055,0.5187603031765917,0.013218338659185093,46,0.029585463176801264,0.06750609670069477,0.0,5,5
NONLINEAR_STATE,NONLINEAR_STATE_r8_s928_EXTENDED,928,2,1,L10_m2,L10,0.14336861302475196,0.14336861302475196,0.015759891971079017,0.015759891971079017,0.4944097412623918,0.005360146079747908,46,0.04147072243326535,0.042871696241991976,3.721670624456941e-08,15,16
NONLINEAR_STATE,NONLINEAR_STATE_r8_s928_EXTENDED,928,2,1,L10_m4,L10,0.21839988281322037,0.21839988281322037,0.01678301459484381,0.01678301459484381,0.5374687993182713,0.011630280180785213,46,0.024367744362865658,0.03334402855751469,0.016430516654072684,15,10
NONLINEAR_STATE,NONLINEAR_STATE_r8_s928_EXTENDED,928,2,1,L11_m2,L11,0.30942353061036715,0.30942353061036715,0.031156544930572298,0.031156544930572298,0.558016668770754,0.023990889164657307,46,0.03889562116046241,0.04552132365598053,0.0,20,20
NONLINEAR_STATE,NONLINEAR_STATE_r8_s928_EXTENDED,928,2,1,L11_m4,L11,0.45810241157726805,0.45810241157726805,0.040012020175781614,0.040012020175781614,0.32004115781827214,0.01550542892164236,46,0.0538263144035868,0.11572690772240996,0.22491731191589087,0,20
NONLINEAR_STATE,NONLINEAR_STATE_r8_s928_EXTENDED,928,2,2,T10_m2,T10,0.28999246233717757,0.2942420815509709,0.06412783697420557,0.08700743332411665,0.26808670218379643,0.036299805873455986,0,0.08764296328352743,0.1519221966183958,0.17897394091408317,18,6
NONLINEAR_STATE,NONLINEAR_STATE_r8_s928_EXTENDED,928,2,2,T10_m4,T10,0.25242815347214587,0.25459701316386885,0.07504427675576211,0.10143615758667444,0.10574891732613684,0.02892458830212875,0,0.08695257458864698,0.12613193100769673,0.14860206183125782,19,6
NONLINEAR_STATE,NONLINEAR_STATE_r8_s928_EXTENDED,928,2,2,T11_m2,T11,0.23045998948682142,0.24207332629752504,0.031354366076760024,0.043279290401118144,0.4481411684623909,0.01876436934921785,0,0.06670866955955437,0.08661182728800049,0.0,6,6
NONLINEAR_STATE,NONLINEAR_STATE_r8_s928_EXTENDED,928,2,2,T11_m4,T11,0.22627139605993965,0.23729868149936034,0.031890604160414296,0.043779752135646534,0.4660644033149497,0.020576711118466075,0,0.06695330099526972,0.09891692743162649,0.0,6,6
NONLINEAR_STATE,NONLINEAR_STATE_r8_s928_EXTENDED,928,2,2,L10_m2,L10,0.1562214680861413,0.16907432314753063,0.026727885341299648,0.03769587871152028,0.4677895594837646,0.009767890718074318,0,0.09151113961749364,0.07897801302592909,0.0,18,18
NONLINEAR_STATE,NONLINEAR_STATE_r8_s928_EXTENDED,928,2,2,L10_m4,L10,0.2172518915491083,0.21610390028499624,0.026652077320477335,0.036521140046110866,0.5280981791759517,0.022181206027379503,0,0.04735022793555149,0.051946790428304475,0.021798245530799475,15,13
NONLINEAR_STATE,NONLINEAR_STATE_r8_s928_EXTENDED,928,2,2,L11_m2,L11,0.31725091730267285,0.32507830399497856,0.0438870946269073,0.056617644323242296,0.5436296464229716,0.0345533390378939,0,0.08565047020655475,0.10112372814539815,0.13587708726251324,24,9
NONLINEAR_STATE,NONLINEAR_STATE_r8_s928_EXTENDED,928,2,2,L11_m4,L11,0.47799440386782754,0.4978863961583871,0.06385378684454224,0.08769555351330287,0.26028572381830406,0.025641448957703646,0,0.10761918575142601,0.18487057758058406,0.15018193911505315,20,24
NONLINEAR_STATE,NONLINEAR_STATE_r8_s929_EXTENDED,929,2,1,T10_m2,T10,0.3411975078663256,0.3411975078663256,0.025756655300544395,0.025756655300544395,0.37099828310965266,0.009254221721154506,46,0.043095319417005805,0.09596213054493413,0.03492092873008218,15,5
NONLINEAR_STATE,NONLINEAR_STATE_r8_s929_EXTENDED,929,2,1,T10_m4,T10,0.31559216220653385,0.31559216220653385,0.03738929691392997,0.03738929691392997,0.21408298175087054,0.0115111298073027,46,0.04233984815031874,0.0632678368828997,0.1497898341178731,15,5
NONLINEAR_STATE,NONLINEAR_STATE_r8_s929_EXTENDED,929,2,1,T11_m2,T11,0.20128060931269517,0.20128060931269517,0.02285042881821311,0.02285042881821311,0.45230199552180395,0.01607218133029413,46,0.02677841598694472,0.10355800640852528,0.0,5,5
NONLINEAR_STATE,NONLINEAR_STATE_r8_s929_EXTENDED,929,2,1,T11_m4,T11,0.18988438995017926,0.18988438995017926,0.017801596256893402,0.017801596256893402,0.45581072231439607,0.00938829881677927,46,0.029585463176801264,0.07707691816997064,0.0,5,5
NONLINEAR_STATE,NONLINEAR_STATE_r8_s929_EXTENDED,929,2,1,L10_m2,L10,0.17610812578115373,0.17610812578115373,0.03654402833510755,0.03654402833510755,0.7473115321609844,0.03540481934983422,46,0.04147072243326535,0.03498063303701873,3.721670624456941e-08,15,16
NONLINEAR_STATE,NONLINEAR_STATE_r8_s929_EXTENDED,929,2,1,L10_m4,L10,0.23850943170605893,0.23850943170605893,0.031697129261227024,0.031697129261227024,0.2913328793255057,0.022044067889586818,46,0.024367744362865658,0.026844171412727207,0.0,10,10
NONLINEAR_STATE,NONLINEAR_STATE_r8_s929_EXTENDED,929,2,1,L11_m2,L11,0.3061546103567959,0.3061546103567959,0.01998625336023313,0.01998625336023313,0.5116374163291147,0.010506200304423318,46,0.03889562116046241,0.057677331210132035,0.0,20,20
NONLINEAR_STATE,NONLINEAR_STATE_r8_s929_EXTENDED,929,2,1,L11_m4,L11,0.4911425203873401,0.4911425203873401,0.025979453295038986,0.025979453295038986,0.5766109460909615,0.015611069921060925,46,0.0538263144035868,0.0957292272291423,0.0,20,20
NONLINEAR_STATE,NONLINEAR_STATE_r8_s929_EXTENDED,929,2,2,T10_m2,T10,0.3432155062378498,0.3452335046093741,0.040646949120840624,0.05553724294113685,0.3556074521198168,0.016970744807170125,0,0.08764296328352743,0.1425733492458077,0.17897394091408317,18,6
NONLINEAR_STATE,NONLINEAR_STATE_r8_s929_EXTENDED,929,2,2,T10_m4,T10,0.3240392551358592,0.3324863480651845,0.05883660943068027,0.08028392194743057,0.19750307297739478,0.021160058959061187,0,0.08695257458864698,0.10740630448815608,0.15580028392283557,16,6
NONLINEAR_STATE,NONLINEAR_STATE_r8_s929_EXTENDED,929,2,2,T11_m2,T11,0.2172323298370042,0.2331840503613132,0.034267073040339116,0.04568371726246512,0.4355396976727009,0.02193593221614703,0,0.06670866955955437,0.13573632531857294,0.0,6,6
NONLINEAR_STATE,NONLINEAR_STATE_r8_s929_EXTENDED,929,2,2,T11_m4,T11,0.2098025258894748,0.2297206618287703,0.030275618159084645,0.04274964006127589,0.4185689308691993,0.017175210941941934,0,0.06695330099526972,0.11825475740078675,0.0,6,6
NONLINEAR_STATE,NONLINEAR_STATE_r8_s929_EXTENDED,929,2,2,L10_m2,L10,0.18143429970486918,0.1867604736285846,0.05737950410035925,0.07821497986561095,0.7206391589331987,0.061112486672944874,0,0.09151113961749364,0.044456732864762274,0.0,18,18
NONLINEAR_STATE,NONLINEAR_STATE_r8_s929_EXTENDED,929,2,2,L10_m4,L10,0.24128077804726905,0.24405212438847917,0.04720923190762176,0.0627213345540165,0.2760958886370319,0.0359172720299908,0,0.04735022793555149,0.033207762384464413,0.0,13,13
NONLINEAR_STATE,NONLINEAR_STATE_r8_s929_EXTENDED,929,2,2,L11_m2,L11,0.3207385108364477,0.3353224113160995,0.03127184212074596,0.042557430881258795,0.48925462963587324,0.017090343885942764,0,0.08565047020655475,0.11669341610223377,0.13587708726251324,24,9
NONLINEAR_STATE,NONLINEAR_STATE_r8_s929_EXTENDED,929,2,2,L11_m4,L11,0.5114399220883383,0.5317373237893366,0.04085587296164907,0.05573229262825914,0.5379948372674852,0.026110044951882263,0,0.10761918575142601,0.1526372059673562,0.0,24,24
NONLINEAR_STATE,NONLINEAR_STATE_r8_s930_EXTENDED,930,2,1,T10_m2,T10,0.1991275962168924,0.1991275962168924,0.03218723120396236,0.03218723120396236,0.19169852164449577,0.004094908763802698,46,0.043095319417005805,0.07725883510909153,0.03492092873008218,15,5
NONLINEAR_STATE,NONLINEAR_STATE_r8_s930_EXTENDED,930,2,1,T10_m4,T10,0.2588880791220651,0.2588880791220651,0.031341004120600056,0.031341004120600056,0.1935686095385046,0.0038593502382657965,46,0.04233984815031874,0.07167512709419523,0.1497898341178731,15,5
NONLINEAR_STATE,NONLINEAR_STATE_r8_s930_EXTENDED,930,2,1,T11_m2,T11,0.2113736903229927,0.2113736903229927,0.020818595572593638,0.020818595572593638,0.21243004726847442,0.004458218557620402,46,0.02677841598694472,0.12585032337141489,0.0,5,5
NONLINEAR_STATE,NONLINEAR_STATE_r8_s930_EXTENDED,930,2,1,T11_m4,T11,0.20528563259036023,0.20528563259036023,0.02344158036075422,0.02344158036075422,0.1804249649190345,0.003808089979102239,46,0.029585463176801264,0.13114958527085938,0.2600796811184293,0,5
NONLINEAR_STATE,NONLINEAR_STATE_r8_s930_EXTENDED,930,2,1,L10_m2,L10,0.11889781377670403,0.11889781377670403,0.02966737049224753,0.02966737049224753,0.19582541416173527,0.002849726030613436,46,0.04147072243326535,0.0548459663189968,0.0847870913924431,5,16
NONLINEAR_STATE,NONLINEAR_STATE_r8_s930_EXTENDED,930,2,1,L10_m4,L10,0.15874189658392832,0.15874189658392832,0.021679814581845768,0.021679814581845768,0.14483807842725452,0.0036225975339119515,46,0.024367744362865658,0.03215455027081701,0.08017408009137701,5,10
NONLINEAR_STATE,NONLINEAR_STATE_r8_s930_EXTENDED,930,2,1,L11_m2,L11,0.24119568026661625,0.24119568026661625,0.028195735872323387,0.028195735872323387,0.2044619080618533,0.0035332060086675707,46,0.03889562116046241,0.07767756124717062,0.08212458649013488,0,20
NONLINEAR_STATE,NONLINEAR_STATE_r8_s930_EXTENDED,930,2,1,L11_m4,L11,0.3756600115393798,0.3756600115393798,0.038230800567723794,0.038230800567723794,0.18827888061200782,0.002816925759825031,46,0.0538263144035868,0.10773336502751252,0.0,20,20
NONLINEAR_STATE,NONLINEAR_STATE_r8_s930_EXTENDED,930,2,2,T10_m2,T10,0.18866079981977302,0.17819400342265362,0.04958366700641657,0.06698010280887078,0.18192861123470827,0.007087354932262815,0,0.08764296328352743,0.1203539878004549,0.023381893379430918,16,6
NONLINEAR_STATE,NONLINEAR_STATE_r8_s930_EXTENDED,930,2,2,T10_m4,T10,0.23073158475126354,0.20257509038046204,0.04829285435422427,0.06524470458784849,0.18680846619593638,0.006538992517148682,0,0.08695257458864698,0.1059927217394416,0.326308085533584,18,6
NONLINEAR_STATE,NONLINEAR_STATE_r8_s930_EXTENDED,930,2,2,T11_m2,T11,0.21501007321679516,0.2186464561105976,0.03513029029600351,0.049441985019413374,0.21009976378158401,0.006840313281447119,0,0.06670866955955437,0.19343417402198776,0.0,6,6
NONLINEAR_STATE,NONLINEAR_STATE_r8_s930_EXTENDED,930,2,2,T11_m4,T11,0.20868883116270837,0.2120920297350565,0.03830346102396946,0.053165341687184696,0.16973912894716503,0.006216860345947068,0,0.06695330099526972,0.19284094352276757,0.2003345781946731,5,6
NONLINEAR_STATE,NONLINEAR_STATE_r8_s930_EXTENDED,930,2,2,L10_m2,L10,0.1455006823377455,0.17210355089878693,0.04854699314644704,0.06742661580064654,0.17882597590359234,0.004727647037533677,0,0.09151113961749364,0.09647317175836637,0.19880955272092815,6,18
NONLINEAR_STATE,NONLINEAR_STATE_r8_s930_EXTENDED,930,2,2,L10_m4,L10,0.17751411151296095,0.1962863264419936,0.03211450228708817,0.042549189992330566,0.14028735065737802,0.006004431569765738,0,0.04735022793555149,0.055070846840309384,0.18611306392018107,6,13
NONLINEAR_STATE,NONLINEAR_STATE_r8_s930_EXTENDED,930,2,2,L11_m2,L11,0.23639990054004303,0.23160412081346982,0.04547436764046067,0.06275299940859796,0.19539728331199613,0.006206162671328105,0,0.08565047020655475,0.13887982560359402,0.28091849220715936,0,9
NONLINEAR_STATE,NONLINEAR_STATE_r8_s930_EXTENDED,930,2,2,L11_m4,L11,0.3740565959119464,0.37245318028451296,0.05789601696054161,0.07756123335335943,0.18258036552139872,0.0047670594125033,0,0.10761918575142601,0.16363418245368844,0.27373008373050295,2,24
NATIVE,NATIVE_h2,frozen,2,1,T10_m2,T10,0.004715100090675487,0.004715100090675487,0.002378195026753599,0.002378195026753599,0.9269204460188736,0.002392929694684967,46,0.043095319417005805,0.007410369068592796,0.0,5,5
NATIVE,NATIVE_h2,frozen,2,1,T10_m4,T10,0.003963100846194089,0.003963100846194089,0.002791183294767733,0.002791183294767733,0.9188216211850125,0.0028405962608556404,46,0.04233984815031874,0.010224694347853832,0.0,5,5
NATIVE,NATIVE_h2,frozen,2,1,T11_m2,T11,0.005106426512772719,0.005106426512772719,0.004717623421916403,0.004717623421916403,0.9328184987290203,0.00491159447499201,46,0.02677841598694472,0.039893980182585026,0.0,5,5
NATIVE,NATIVE_h2,frozen,2,1,T11_m4,T11,0.007637291616427118,0.007637291616427118,0.004300221779058864,0.004300221779058864,0.8318833417711791,0.0037585531510788243,46,0.029585463176801264,0.028080665911833468,0.0,5,5
NATIVE,NATIVE_h2,frozen,2,1,L10_m2,L10,0.00354971322405696,0.00354971322405696,0.002357761700007134,0.002357761700007134,0.987401466274097,0.0025242091429377917,46,0.04147072243326535,0.006528974935507647,3.721670624456941e-08,15,16
NATIVE,NATIVE_h2,frozen,2,1,L10_m4,L10,0.004244648901169285,0.004244648901169285,0.0019664374721840125,0.0019664374721840125,0.8006128144573675,0.0011133293534886736,46,0.024367744362865658,0.006930556894251234,0.0,10,10
NATIVE,NATIVE_h2,frozen,2,1,L11_m2,L11,0.005229258976288403,0.005229258976288403,0.002061163643332505,0.002061163643332505,0.9865974704297523,0.0023987270842980323,46,0.03889562116046241,0.025357419976099933,0.0,20,20
NATIVE,NATIVE_h2,frozen,2,1,L11_m4,L11,0.0031704415557773286,0.0031704415557773286,0.003172155000914035,0.003172155000914035,0.8956744724385441,0.002892253487592127,46,0.0538263144035868,0.017408013269067782,0.0,20,20
NATIVE,NATIVE_h2,frozen,2,2,T10_m2,T10,0.006542966800816228,0.00837083351095697,0.0035351478933022084,0.004692100759850818,0.936878532626121,0.004054078744712575,0,0.08764296328352743,0.018190477799179722,0.023381893379430918,16,6
NATIVE,NATIVE_h2,frozen,2,2,T10_m4,T10,0.0057271502392118095,0.00749119963222953,0.0040530022477231285,0.005314821200678523,0.974096473615873,0.004895405151841931,0,0.08695257458864698,0.023338332141925187,0.0,6,6
NATIVE,NATIVE_h2,frozen,2,2,T11_m2,T11,0.006456908649643269,0.007807390786513819,0.006265216397333006,0.007812809372749608,0.9542610716369941,0.006497695777584935,0,0.06670866955955437,0.052686084406629946,0.0,6,6
NATIVE,NATIVE_h2,frozen,2,2,T11_m4,T11,0.010750054901727398,0.013862818187027679,0.006081198945791348,0.007862176112523832,0.8522149703452438,0.005750598608023753,0,0.06695330099526972,0.0454327391208334,0.0,6,6
NATIVE,NATIVE_h2,frozen,2,2,L10_m2,L10,0.0046808949419865934,0.005812076659916227,0.0033504539459935237,0.004343146191979913,0.9818582075738782,0.0037089591376172908,0,0.09151113961749364,0.019649096543476016,0.0,18,18
NATIVE,NATIVE_h2,frozen,2,2,L10_m4,L10,0.004930267191481468,0.005615885481793652,0.0025001350568094587,0.0030338326414349054,0.8572690823970314,0.001851486264619291,0,0.04735022793555149,0.007769981697271422,0.001317544136173342,17,13
NATIVE,NATIVE_h2,frozen,2,2,L11_m2,L11,0.007973487681225085,0.010717716386161766,0.0033495565366152462,0.004637949429897988,0.9769798788981231,0.00439140850668807,0,0.08565047020655475,0.0354477877696702,0.0,9,9
NATIVE,NATIVE_h2,frozen,2,2,L11_m4,L11,0.004688848805378825,0.006207256054980322,0.004053333519290368,0.004934512037666701,0.9380533575749905,0.00394402716018919,0,0.10761918575142601,0.025666849679021934,0.0,24,24
SPECTRAL,SPECTRAL_r8_s928,928,5,3,T10_m2,T10,0.2485899930306624,0.2694078066465449,0.093215794663056,0.1543301548247182,0.40427865224292453,0.09669197831202568,0,0.1338436266048712,0.15901540989642174,0.24310941167684352,18,1
SPECTRAL,SPECTRAL_r8_s928,928,5,3,T10_m4,T10,0.3051231261645428,0.3536279658007426,0.14810637025187745,0.26703953802977637,0.08488571446771385,0.10526008556755857,3,0.16806621906822858,0.16030394076600857,0.121906188038512,6,1
SPECTRAL,SPECTRAL_r8_s928,928,5,3,T11_m2,T11,0.26350098343770256,0.29888448053183436,0.09263716408723448,0.15487732197514772,0.2548843621223692,0.08494408331066429,1,0.11934830341591772,0.22272333068294256,0.0,1,1
SPECTRAL,SPECTRAL_r8_s928,928,5,3,T11_m4,T11,0.27112830714965114,0.30705258814768244,0.09478651368691499,0.1619303027377223,0.12775498688180506,0.0769349548890928,1,0.10996557044090186,0.21246714477604434,0.0,1,1
SPECTRAL,SPECTRAL_r8_s928,928,5,3,L10_m2,L10,0.14707627507681695,0.17163436713379557,0.05376824739095088,0.08866205512588925,0.47425031818013486,0.04025049526130721,3,0.1424690772367098,0.09093388763494924,0.07302927074863215,17,3
SPECTRAL,SPECTRAL_r8_s928,928,5,3,L10_m4,L10,0.26689851015367155,0.29679378789935884,0.11062078701989697,0.18241391322915038,-0.11058586672659969,0.07767701007258924,4,0.08191155385390574,0.07788318790997734,0.0,17,17
SPECTRAL,SPECTRAL_r8_s928,928,5,3,L11_m2,L11,0.33885668452741174,0.3639550454114557,0.08572013713405528,0.14101369549883766,0.46983306582070766,0.07987850555295979,3,0.168033789908852,0.11482562958815752,0.1737376639078957,1,11
SPECTRAL,SPECTRAL_r8_s928,928,5,3,L11_m4,L11,0.5147918254511922,0.5664755187727611,0.13095729343396992,0.21201865707965586,0.2750640864959071,0.10437137553177761,1,0.16835626662454475,0.20385809240897917,0.2182722597144991,9,4
SPECTRAL,SPECTRAL_r8_s928,928,5,5,T10_m2,T10,0.2926935745493604,0.3832869746278126,0.19977334782260928,0.407642789898772,0.2670222731760992,0.21338098174559544,1,0.25466629153316195,0.17274152356722305,0.27537058967227324,18,1
SPECTRAL,SPECTRAL_r8_s928,928,5,5,T10_m4,T10,0.35007726010084944,0.43940467348968965,0.252717641158016,0.4568722057190435,0.2043861522012573,0.20701852945205876,0,0.27918508008670073,0.13272606951356752,0.1202841618970649,9,15
SPECTRAL,SPECTRAL_r8_s928,928,5,5,T11_m2,T11,0.2994730567242398,0.36717914237141086,0.16585232010823692,0.31475553577135046,0.2964742033531197,0.16241492949641254,0,0.26641408828485763,0.2907986393841486,0.0,1,1
SPECTRAL,SPECTRAL_r8_s928,928,5,5,T11_m4,T11,0.31518103358567795,0.40618440131774863,0.18228547399360823,0.37155168686706147,0.10518563120746148,0.16220870218037364,0,0.2526400746610322,0.2741446701475629,0.46828062165701756,16,1
SPECTRAL,SPECTRAL_r8_s928,928,5,5,L10_m2,L10,0.18101089036845255,0.25475723524419397,0.10845026160306678,0.22898500510034456,0.41011537627019384,0.08372447536945543,0,0.3237958593951905,0.16708484632433518,0.0330171411618574,17,3
SPECTRAL,SPECTRAL_r8_s928,928,5,5,L10_m4,L10,0.2989787782763095,0.3613800530433996,0.19211193775538743,0.3513103209372092,0.011126510094987675,0.1456664797665762,7,0.18033848795257243,0.13887447200549993,0.0,17,17
SPECTRAL,SPECTRAL_r8_s928,928,5,5,L11_m2,L11,0.37342847136824187,0.4474323155272536,0.16418516355331061,0.3363045972172713,0.4294792722058062,0.175731478549028,2,0.3414319317571945,0.11296177813087559,0.3239747626220345,1,11
SPECTRAL,SPECTRAL_r8_s928,928,5,5,L11_m4,L11,0.5717239847054827,0.6839391670375986,0.23290234199855747,0.4445588258764296,0.2894375094184467,0.1967324835346454,0,0.350441564046816,0.3182630778790796,0.6919714609811496,15,19
SPECTRAL,SPECTRAL_r8_s929,929,5,3,T10_m2,T10,0.35351371999142384,0.38613044474079367,0.07773704231870235,0.13023410178169448,0.5174396155070945,0.0881284469234564,0,0.1338436266048712,0.11918234875079657,0.22084784032540083,6,1
SPECTRAL,SPECTRAL_r8_s929,929,5,3,T10_m4,T10,0.40083666410943225,0.4657302263737814,0.1541761389703635,0.2761243787419241,0.15841786812192957,0.13089043426262073,3,0.16806621906822858,0.08898920040750362,0.0,1,1
SPECTRAL,SPECTRAL_r8_s929,929,5,3,T11_m2,T11,0.2889703928606652,0.3198095617316514,0.08834088092903848,0.14770032676827455,0.2708913935211924,0.08092647086200447,1,0.11934830341591772,0.22614884154335502,0.0,1,1
SPECTRAL,SPECTRAL_r8_s929,929,5,3,T11_m4,T11,0.27091582870487835,0.3022462639623035,0.0699689414711382,0.11952570033280742,0.28734407947797697,0.06175229303449314,1,0.10996557044090186,0.14517407423716194,0.0,1,1
SPECTRAL,SPECTRAL_r8_s929,929,5,3,L10_m2,L10,0.17064622865858026,0.2000976794808619,0.05329935504213065,0.08702455187718781,0.44767040234899497,0.03615926543857463,3,0.1424690772367098,0.09925529573633299,0.07302927074863215,17,3
SPECTRAL,SPECTRAL_r8_s929,929,5,3,L10_m4,L10,0.2526577842902596,0.28378192436763106,0.11243086229102527,0.18508021671298752,-0.152559857829831,0.07271054894119185,4,0.08191155385390574,0.07063866999462455,0.0,17,17
SPECTRAL,SPECTRAL_r8_s929,929,5,3,L11_m2,L11,0.3307480426831198,0.3569218265734385,0.09573452348486562,0.15640147797126402,0.48747408800505077,0.09482909974245678,3,0.168033789908852,0.1186630086521775,0.1737376639078957,1,11
SPECTRAL,SPECTRAL_r8_s929,929,5,3,L11_m4,L11,0.4697457699664988,0.5003025104671955,0.09352775893245531,0.15232033131767975,0.3017701708811199,0.06113255887190234,1,0.16835626662454475,0.2302520618735254,0.2182722597144991,9,4
SPECTRAL,SPECTRAL_r8_s929,929,5,5,T10_m2,T10,0.40849235273208145,0.5173851232208525,0.17708288168655315,0.3717395179455998,0.3602549691907769,0.20731044028289494,1,0.25466629153316195,0.1564065054825504,0.38164624617703713,9,1
SPECTRAL,SPECTRAL_r8_s929,929,5,5,T10_m4,T10,0.4648308618596845,0.592168067465532,0.27005869985067804,0.4986536043081051,0.2483892106963212,0.2486451155758399,0,0.27918508008670073,0.14933112622964242,0.0,15,15
SPECTRAL,SPECTRAL_r8_s929,929,5,5,T11_m2,T11,0.3204926143354613,0.3794201406427908,0.1590894019010407,0.3038829451147558,0.30484758139994217,0.1573719810739733,0,0.26641408828485763,0.2840075105544812,0.0,1,1
SPECTRAL,SPECTRAL_r8_s929,929,5,5,T11_m4,T11,0.3080902539030512,0.3855343181682141,0.13742202853649801,0.28558395815150966,0.24159615183463215,0.1325582799044104,0,0.2526400746610322,0.1735547756696421,0.2508156955673104,15,1
SPECTRAL,SPECTRAL_r8_s929,929,5,5,L10_m2,L10,0.2103787795363889,0.2970169001235934,0.10547657227283802,0.21993134473883325,0.3965063331289862,0.07375542623748604,0,0.3237958593951905,0.18085230382030473,0.0330171411618574,17,3
SPECTRAL,SPECTRAL_r8_s929,929,5,5,L10_m4,L10,0.28643991634877236,0.352436402939302,0.19415052593711773,0.3537383457443993,-0.014024092596684593,0.14035416456629035,7,0.18033848795257243,0.12906207064191663,0.0,17,17
SPECTRAL,SPECTRAL_r8_s929,929,5,5,L11_m2,L11,0.367444378399198,0.4460023502622193,0.1829115512951201,0.3737701629941836,0.4370139326774256,0.20488484632894813,2,0.3414319317571945,0.14605402774432383,0.3239747626220345,1,11
SPECTRAL,SPECTRAL_r8_s929,929,5,5,L11_m4,L11,0.5037955898696757,0.5713304994770415,0.16892179063947482,0.3268473184864231,0.3011548780622308,0.11902086345117974,0,0.350441564046816,0.27429358241013213,0.47126924958776717,16,19
SPECTRAL,SPECTRAL_r8_s930,930,5,3,T10_m2,T10,0.2564184721226186,0.28774923347661385,0.08458621871647598,0.13906052226862922,0.4292055428638967,0.08517340139703958,0,0.1338436266048712,0.12625532481636043,0.22084784032540083,6,1
SPECTRAL,SPECTRAL_r8_s930,930,5,3,T10_m4,T10,0.2967846039018551,0.35585238370808625,0.15617690535926862,0.2796715849783501,0.10513363649816469,0.12110388712127822,3,0.16806621906822858,0.13156560578521653,0.0,1,1
SPECTRAL,SPECTRAL_r8_s930,930,5,3,T11_m2,T11,0.32506565195627857,0.3668336990299853,0.11687226832968615,0.19613427992316682,0.1145066341176432,0.09878580486925122,1,0.11934830341591772,0.28016026793205423,0.5834027468324634,6,1
SPECTRAL,SPECTRAL_r8_s930,930,5,3,T11_m4,T11,0.25687252802108484,0.2895209664591069,0.09805178428654109,0.16706883976210954,0.10574506240475663,0.07740312577463851,1,0.10996557044090186,0.24769683525929892,0.45941812508796964,5,1
SPECTRAL,SPECTRAL_r8_s930,930,5,3,L10_m2,L10,0.1330921873468243,0.16158014125100947,0.05598586849324259,0.09033225270355076,0.4175150721172721,0.035186437401396625,3,0.1424690772367098,0.12257522718696545,0.07302927074863215,17,3
SPECTRAL,SPECTRAL_r8_s930,930,5,3,L10_m4,L10,0.19489047751602373,0.23230484148001238,0.12591302364681645,0.20592436186897262,-0.24255347905865512,0.07501452376536841,4,0.08191155385390574,0.07818255304337582,0.017663538858812118,2,17
SPECTRAL,SPECTRAL_r8_s930,930,5,3,L11_m2,L11,0.3163131295845267,0.3495903542814719,0.10726762867655887,0.17499117221867938,0.5206609061721538,0.1162710049308714,3,0.168033789908852,0.12884790537352156,0.1737376639078957,1,11
SPECTRAL,SPECTRAL_r8_s930,930,5,3,L11_m4,L11,0.4162309842116645,0.4606047956578539,0.12199088976450116,0.19681832427183876,0.2575363368632071,0.08704086910689454,1,0.16835626662454475,0.19922191689895982,0.2182722597144991,9,4
SPECTRAL,SPECTRAL_r8_s930,930,5,5,T10_m2,T10,0.3103900869401551,0.41359249862403025,0.18044571909954082,0.3645250657582472,0.30803033383580464,0.1858879873396537,1,0.25466629153316195,0.1591359107900837,0.0,1,1
SPECTRAL,SPECTRAL_r8_s930,930,5,5,T10_m4,T10,0.3527126821319938,0.46319273275899225,0.2680653221746863,0.48631878833286485,0.21810218679887136,0.2305168373911409,0,0.27918508008670073,0.12116586592135566,0.0,15,15
SPECTRAL,SPECTRAL_r8_s930,930,5,5,T11_m2,T11,0.36905910113513524,0.4546150547494236,0.20931680590225005,0.39630983253469587,0.17937790013947075,0.19047768970473827,0,0.26641408828485763,0.36760690506451904,0.8850392015297704,16,1
SPECTRAL,SPECTRAL_r8_s930,930,5,5,T11_m4,T11,0.3010746526594435,0.39462884663212583,0.1871525211507215,0.37912716139531255,0.09018961054406488,0.16066608840402466,0,0.2526400746610322,0.3131093568943567,0.4954778929134097,11,1
SPECTRAL,SPECTRAL_r8_s930,930,5,5,L10_m2,L10,0.17161441338595068,0.25508567151331524,0.10633347856212386,0.21494849524963255,0.39061276011384277,0.0691401695741845,0,0.3237958593951905,0.21165016707607728,0.0330171411618574,17,3
SPECTRAL,SPECTRAL_r8_s930,930,5,5,L10_m4,L10,0.2351082043693295,0.31350097772240165,0.21427640313005658,0.3865858623163303,-0.0632252789373643,0.14939627278843404,7,0.18033848795257243,0.13915724878069538,0.00443245577387321,12,17
SPECTRAL,SPECTRAL_r8_s930,930,5,5,L11_m2,L11,0.3625545632811466,0.46133815695583497,0.20539473318698137,0.42021086692264026,0.4649201897421211,0.25246746948399923,2,0.3414319317571945,0.19294883960297296,0.3239747626220345,1,11
SPECTRAL,SPECTRAL_r8_s930,930,5,5,L11_m4,L11,0.4662898432158905,0.5657462122517661,0.21662331001251028,0.41250539475054593,0.26852208408056716,0.16131985425311046,0,0.350441564046816,0.2832312668948704,0.47126924958776717,16,19
DIRECT,DIRECT_r8_s928_EXTENDED,928,5,3,T10_m2,T10,0.19784782631085504,0.21085369937460044,0.0883195573925376,0.1445376658609272,0.26459588307825077,0.06554982007231602,0,0.1338436266048712,0.17277580493330386,0.3779890939084472,3,1
DIRECT,DIRECT_r8_s928_EXTENDED,928,5,3,T10_m4,T10,0.27786144328640217,0.31378611033083553,0.13298941585994808,0.2422444579172759,0.07577079615162809,0.08183465842637375,3,0.16806621906822858,0.19579025598094532,0.121906188038512,6,1
DIRECT,DIRECT_r8_s928_EXTENDED,928,5,3,T11_m2,T11,0.24114057030877176,0.2692140400088132,0.0778046837015034,0.13398528251062786,0.18233885479680992,0.04992778938441867,1,0.11934830341591772,0.16790472282279495,0.0,1,1
DIRECT,DIRECT_r8_s928_EXTENDED,928,5,3,T11_m4,T11,0.28316717074629155,0.3159868037944127,0.08498687221129027,0.14393429143973727,0.20627785291410064,0.07253380090519121,1,0.10996557044090186,0.1997358943726085,0.0,1,1
DIRECT,DIRECT_r8_s928_EXTENDED,928,5,3,L10_m2,L10,0.14254877443512667,0.17297309800609986,0.05405011182439223,0.08739462318152934,0.3907537588064556,0.0286010792227485,3,0.1424690772367098,0.10678246797428755,0.07302927074863215,17,3
DIRECT,DIRECT_r8_s928_EXTENDED,928,5,3,L10_m4,L10,0.21481426034352835,0.24807322197684875,0.10195075845954021,0.16677733678984896,-0.1253792023542974,0.05995757410305245,4,0.08191155385390574,0.07198632186626554,0.0,17,17
DIRECT,DIRECT_r8_s928_EXTENDED,928,5,3,L11_m2,L11,0.27333784471560446,0.29688150847630723,0.07571410516172833,0.12460909547694578,0.5463064700769793,0.07483265123617279,3,0.168033789908852,0.1185218860723126,0.1737376639078957,1,11
DIRECT,DIRECT_r8_s928_EXTENDED,928,5,3,L11_m4,L11,0.44417343802654025,0.4819281735737321,0.083252662915628,0.13439548842282736,0.3592012067272836,0.055065646914677115,1,0.16835626662454475,0.1644448290750169,0.04027683560497798,19,4
DIRECT,DIRECT_r8_s928_EXTENDED,928,5,5,T10_m2,T10,0.23349800626863498,0.306446496755898,0.17958719684059385,0.3551672951874063,0.17136051608621408,0.1421117021805567,1,0.25466629153316195,0.2353337608155022,0.27537058967227324,18,1
DIRECT,DIRECT_r8_s928_EXTENDED,928,5,5,T10_m4,T10,0.3118326034405444,0.3805451012321463,0.22666691691141647,0.4087403079721009,0.1768201409782441,0.15920428361212133,0,0.27918508008670073,0.1349823512547397,0.19667892250298372,18,15
DIRECT,DIRECT_r8_s928_EXTENDED,928,5,5,T11_m2,T11,0.2704904395869956,0.3262814646011987,0.14280856501857672,0.27475062137396783,0.2316689015050448,0.09990190569072155,0,0.26641408828485763,0.26195941833320574,0.0,1,1
DIRECT,DIRECT_r8_s928_EXTENDED,928,5,5,T11_m4,T11,0.32209281027482844,0.4012227580083344,0.15851050282912507,0.3170480020252953,0.19148281793361369,0.14417145644332663,0,0.2526400746610322,0.25178345492939813,0.0,1,1
DIRECT,DIRECT_r8_s928_EXTENDED,928,5,5,L10_m2,L10,0.1810452267735576,0.2640540247503573,0.1022492188540252,0.20883560876300528,0.35433254215589327,0.052372508206484515,0,0.3237958593951905,0.19045651874785682,0.0330171411618574,17,3
DIRECT,DIRECT_r8_s928_EXTENDED,928,5,5,L10_m4,L10,0.24829927091533183,0.31290372474129247,0.1713193006818523,0.3053819224602275,0.028198825718113354,0.11129014895324348,7,0.18033848795257243,0.12149463962911886,0.0019414062565220186,18,17
DIRECT,DIRECT_r8_s928_EXTENDED,928,5,5,L11_m2,L11,0.3054502205082237,0.37409095985876906,0.14521589377101513,0.2977715129025864,0.47057935353815955,0.1522510211700814,2,0.3414319317571945,0.11336724321662761,0.3239747626220345,1,11
DIRECT,DIRECT_r8_s928_EXTENDED,928,5,5,L11_m4,L11,0.4844280212920918,0.5622376008592266,0.14530003739500635,0.27403951710507624,0.35267397367289144,0.09394611043954032,0,0.350441564046816,0.21885549752664174,0.0,19,19
DIRECT,DIRECT_r8_s929_EXTENDED,929,5,3,T10_m2,T10,0.20802171093390479,0.23919012523955624,0.10079792968411001,0.16390816299219504,0.2948449040149777,0.08785883589644486,0,0.1338436266048712,0.1606615805144213,0.22084784032540083,6,1
DIRECT,DIRECT_r8_s929_EXTENDED,929,5,3,T10_m4,T10,0.2784316751273526,0.338157171364437,0.17292988847467802,0.3057152342993241,-0.026178699075585593,0.10841648723191974,3,0.16806621906822858,0.17634219050669506,0.121906188038512,6,1
DIRECT,DIRECT_r8_s929_EXTENDED,929,5,3,T11_m2,T11,0.21771422145038274,0.25572247904091666,0.10508203761639728,0.17575630759292468,0.17184015390946758,0.09020988194086693,1,0.11934830341591772,0.2686359314866442,0.0,1,1
DIRECT,DIRECT_r8_s929_EXTENDED,929,5,3,T11_m4,T11,0.23007373096664252,0.25335022299847926,0.056068587900648253,0.09561860687687093,0.2884570828274604,0.038301353239746,1,0.10996557044090186,0.11050884461632993,0.0,1,1
DIRECT,DIRECT_r8_s929_EXTENDED,929,5,3,L10_m2,L10,0.1627949413573919,0.19574742210343615,0.049595061595474194,0.08079474653485173,0.4641652431057142,0.03337305518710373,3,0.1424690772367098,0.10388204076291609,0.07302927074863215,17,3
DIRECT,DIRECT_r8_s929_EXTENDED,929,5,3,L10_m4,L10,0.2147314861119974,0.24235623024553954,0.08386812005516785,0.1364621991207811,0.016930452550978643,0.05369998361512216,4,0.08191155385390574,0.0719774719013531,0.0,17,17
DIRECT,DIRECT_r8_s929_EXTENDED,929,5,3,L11_m2,L11,0.29055977969162483,0.33117582436414955,0.10831204196343981,0.17765884033339138,0.3955086791641101,0.09578779029633751,3,0.168033789908852,0.10444775182970267,0.1737376639078957,1,11
DIRECT,DIRECT_r8_s929_EXTENDED,929,5,3,L11_m4,L11,0.37565170326658565,0.4207670487661106,0.11079181300605097,0.1783725668654524,0.18744953434275577,0.057064401889780535,1,0.16835626662454475,0.1808273892706189,0.04027683560497798,19,4
DIRECT,DIRECT_r8_s929_EXTENDED,929,5,5,T10_m2,T10,0.2655703836519356,0.38081609246914916,0.20584964228040778,0.4092553234068119,0.18754556893646687,0.1872876989306301,1,0.25466629153316195,0.2049182331229278,0.27537058967227324,18,1
DIRECT,DIRECT_r8_s929_EXTENDED,929,5,5,T10_m4,T10,0.336040707759601,0.4509725285630793,0.28976354147796196,0.5156723821439618,0.10582448692835075,0.21180020027299687,0,0.27918508008670073,0.13948479583422582,0.1202841618970649,9,15
DIRECT,DIRECT_r8_s929_EXTENDED,929,5,5,T11_m2,T11,0.2568885555338374,0.33131622369833097,0.1854195778347009,0.3467603223428728,0.23558489134469232,0.16718999272008694,0,0.26641408828485763,0.3526376181055876,0.8850392015297704,16,1
DIRECT,DIRECT_r8_s929_EXTENDED,929,5,5,T11_m4,T11,0.2587351553624052,0.3182388277659686,0.10886617300121586,0.2237140075753788,0.27075901179164713,0.08529209983454328,0,0.2526400746610322,0.14922403956566366,0.0,1,1
DIRECT,DIRECT_r8_s929_EXTENDED,929,5,5,L10_m2,L10,0.20478567368473719,0.29519523681030024,0.09673331370482707,0.2019367861542376,0.39357517000619713,0.0620710163811618,0,0.3237958593951905,0.17843069610158985,0.0330171411618574,17,3
DIRECT,DIRECT_r8_s929_EXTENDED,929,5,5,L10_m4,L10,0.24208211561461407,0.29465219154237904,0.1402981510432503,0.24872143607414948,0.13041384579093027,0.09357106861304385,7,0.18033848795257243,0.10998024606031781,0.0,17,17
DIRECT,DIRECT_r8_s929_EXTENDED,929,5,5,L11_m2,L11,0.3401997719809183,0.4441290377486452,0.19988343328581645,0.3964056950432489,0.3691597528968277,0.19186600494989123,2,0.3414319317571945,0.12178940349384344,0.3239747626220345,1,11
DIRECT,DIRECT_r8_s929_EXTENDED,929,5,5,L11_m4,L11,0.4264234978699791,0.5255708870873205,0.19015875890391137,0.3500168767776209,0.2365703860000021,0.10492770048386765,0,0.350441564046816,0.2341944870251752,0.0,19,19
DIRECT,DIRECT_r8_s930_EXTENDED,930,5,3,T10_m2,T10,0.17767329074220858,0.19988694908792054,0.08205415291770901,0.1417189387727417,0.624395961117094,0.11114555772898843,0,0.1338436266048712,0.13012628049854238,0.24310941167684352,18,1
DIRECT,DIRECT_r8_s930_EXTENDED,930,5,3,T10_m4,T10,0.30886199723060037,0.37486350419763353,0.19540660761385345,0.34597414888334577,0.07035890327189502,0.1680136488457516,3,0.16806621906822858,0.18439308472364208,0.18020114261816494,18,1
DIRECT,DIRECT_r8_s930_EXTENDED,930,5,3,T11_m2,T11,0.2371302629798487,0.27066815636630964,0.08240796423400348,0.14149313609951267,0.15469927850632365,0.05157256023824592,1,0.11934830341591772,0.18833269982789314,0.0,1,1
DIRECT,DIRECT_r8_s930_EXTENDED,930,5,3,T11_m4,T11,0.18234976525642252,0.20035899000228122,0.05979486930102424,0.09942556405968664,0.26516248458989095,0.0359420415853587,1,0.10996557044090186,0.1471150003576954,0.0,1,1
DIRECT,DIRECT_r8_s930_EXTENDED,930,5,3,L10_m2,L10,0.1526650970080667,0.17981318417743383,0.045939638923686056,0.07512102507638185,0.44161435535432536,0.026036776662824185,3,0.1424690772367098,0.10214817510080848,0.054591774266275817,13,3
DIRECT,DIRECT_r8_s930_EXTENDED,930,5,3,L10_m4,L10,0.2325556172234822,0.2609888738909152,0.08874617085078362,0.14577728135750198,-0.0560324430624315,0.05161159633622834,4,0.08191155385390574,0.06767872686940157,0.0,17,17
DIRECT,DIRECT_r8_s930_EXTENDED,930,5,3,L11_m2,L11,0.3083708556625337,0.3442977345243627,0.08942105617551672,0.1478353420839162,0.3520267757362407,0.06529782338886968,3,0.168033789908852,0.14243222637234118,0.1737376639078957,1,11
DIRECT,DIRECT_r8_s930_EXTENDED,930,5,3,L11_m4,L11,0.43968204698022056,0.4827569357568156,0.10061243616319467,0.16037922571363722,0.15223176640593938,0.03535353279826358,1,0.16835626662454475,0.2213283726472677,0.0,4,4
DIRECT,DIRECT_r8_s930_EXTENDED,930,5,5,T10_m2,T10,0.22976299726169297,0.3371679021794617,0.19684852484423418,0.4271686122048295,0.41716489585633637,0.27496249934726835,1,0.25466629153316195,0.14549156567650956,0.27537058967227324,18,1
DIRECT,DIRECT_r8_s930_EXTENDED,930,5,5,T10_m4,T10,0.37514118275798963,0.5075919953885119,0.3401096087809757,0.6255128093843197,0.17698471275578595,0.31642014773613336,0,0.27918508008670073,0.14019813736309242,0.19667892250298372,18,15
DIRECT,DIRECT_r8_s930_EXTENDED,930,5,5,T11_m2,T11,0.27197527127814036,0.3395781221244679,0.14866531261583987,0.28173121376085775,0.217298875169867,0.10144274186279227,0,0.26641408828485763,0.29441213515955816,0.0,1,1
DIRECT,DIRECT_r8_s930_EXTENDED,930,5,5,T11_m4,T11,0.2076355125661536,0.26035050481844296,0.11219156428806092,0.22489478940467672,0.2619170833142048,0.07980429349478302,0,0.2526400746610322,0.21784239945179437,0.0,1,1
DIRECT,DIRECT_r8_s930_EXTENDED,930,5,5,L10_m2,L10,0.18934895851965522,0.2717414104787138,0.09045279432933846,0.1925428675480805,0.38135776508660985,0.05179111935544732,0,0.3237958593951905,0.17959452835338818,0.0330171411618574,17,3
DIRECT,DIRECT_r8_s930_EXTENDED,930,5,5,L10_m4,L10,0.26139967414098,0.3170481819978738,0.1501551099885458,0.26849851031383504,0.07883186318025039,0.09581871148354823,7,0.18033848795257243,0.1134208999259479,0.0,17,17
DIRECT,DIRECT_r8_s930_EXTENDED,930,5,5,L11_m2,L11,0.3501981217111178,0.4371417453286064,0.16122019191764875,0.3140185174835422,0.35632028818924594,0.13085164746709727,2,0.3414319317571945,0.11452655794331638,0.3239747626220345,1,11
DIRECT,DIRECT_r8_s930_EXTENDED,930,5,5,L11_m4,L11,0.4849185111388502,0.5705630251666312,0.16240691219765563,0.2823820935118827,0.23786684763328897,0.06256702773705937,0,0.350441564046816,0.26539076600160627,0.43057974117211834,13,19
SPECTRAL_FT,SPECTRAL_FT_r8_s928_EXTENDED,928,5,3,T10_m2,T10,0.2485899930306624,0.2694078066465449,0.093215794663056,0.1543301548247182,0.40427865224292453,0.09669197831202568,0,0.1338436266048712,0.15901540989642174,0.24310941167684352,18,1
SPECTRAL_FT,SPECTRAL_FT_r8_s928_EXTENDED,928,5,3,T10_m4,T10,0.3051231261645428,0.3536279658007426,0.14810637025187745,0.26703953802977637,0.08488571446771385,0.10526008556755857,3,0.16806621906822858,0.16030394076600857,0.121906188038512,6,1
SPECTRAL_FT,SPECTRAL_FT_r8_s928_EXTENDED,928,5,3,T11_m2,T11,0.26350098343770256,0.29888448053183436,0.09263716408723448,0.15487732197514772,0.2548843621223692,0.08494408331066429,1,0.11934830341591772,0.22272333068294256,0.0,1,1
SPECTRAL_FT,SPECTRAL_FT_r8_s928_EXTENDED,928,5,3,T11_m4,T11,0.27112830714965114,0.30705258814768244,0.09478651368691499,0.1619303027377223,0.12775498688180506,0.0769349548890928,1,0.10996557044090186,0.21246714477604434,0.0,1,1
SPECTRAL_FT,SPECTRAL_FT_r8_s928_EXTENDED,928,5,3,L10_m2,L10,0.14707627507681695,0.17163436713379557,0.05376824739095088,0.08866205512588925,0.47425031818013486,0.04025049526130721,3,0.1424690772367098,0.09093388763494924,0.07302927074863215,17,3
SPECTRAL_FT,SPECTRAL_FT_r8_s928_EXTENDED,928,5,3,L10_m4,L10,0.26689851015367155,0.29679378789935884,0.11062078701989697,0.18241391322915038,-0.11058586672659969,0.07767701007258924,4,0.08191155385390574,0.07788318790997734,0.0,17,17
SPECTRAL_FT,SPECTRAL_FT_r8_s928_EXTENDED,928,5,3,L11_m2,L11,0.33885668452741174,0.3639550454114557,0.08572013713405528,0.14101369549883766,0.46983306582070766,0.07987850555295979,3,0.168033789908852,0.11482562958815752,0.1737376639078957,1,11
SPECTRAL_FT,SPECTRAL_FT_r8_s928_EXTENDED,928,5,3,L11_m4,L11,0.5147918254511922,0.5664755187727611,0.13095729343396992,0.21201865707965586,0.2750640864959071,0.10437137553177761,1,0.16835626662454475,0.20385809240897917,0.2182722597144991,9,4
SPECTRAL_FT,SPECTRAL_FT_r8_s928_EXTENDED,928,5,5,T10_m2,T10,0.2926935745493604,0.3832869746278126,0.19977334782260928,0.407642789898772,0.2670222731760992,0.21338098174559544,1,0.25466629153316195,0.17274152356722305,0.27537058967227324,18,1
SPECTRAL_FT,SPECTRAL_FT_r8_s928_EXTENDED,928,5,5,T10_m4,T10,0.35007726010084944,0.43940467348968965,0.252717641158016,0.4568722057190435,0.2043861522012573,0.20701852945205876,0,0.27918508008670073,0.13272606951356752,0.1202841618970649,9,15
SPECTRAL_FT,SPECTRAL_FT_r8_s928_EXTENDED,928,5,5,T11_m2,T11,0.2994730567242398,0.36717914237141086,0.16585232010823692,0.31475553577135046,0.2964742033531197,0.16241492949641254,0,0.26641408828485763,0.2907986393841486,0.0,1,1
SPECTRAL_FT,SPECTRAL_FT_r8_s928_EXTENDED,928,5,5,T11_m4,T11,0.31518103358567795,0.40618440131774863,0.18228547399360823,0.37155168686706147,0.10518563120746148,0.16220870218037364,0,0.2526400746610322,0.2741446701475629,0.46828062165701756,16,1
SPECTRAL_FT,SPECTRAL_FT_r8_s928_EXTENDED,928,5,5,L10_m2,L10,0.18101089036845255,0.25475723524419397,0.10845026160306678,0.22898500510034456,0.41011537627019384,0.08372447536945543,0,0.3237958593951905,0.16708484632433518,0.0330171411618574,17,3
SPECTRAL_FT,SPECTRAL_FT_r8_s928_EXTENDED,928,5,5,L10_m4,L10,0.2989787782763095,0.3613800530433996,0.19211193775538743,0.3513103209372092,0.011126510094987675,0.1456664797665762,7,0.18033848795257243,0.13887447200549993,0.0,17,17
SPECTRAL_FT,SPECTRAL_FT_r8_s928_EXTENDED,928,5,5,L11_m2,L11,0.37342847136824187,0.4474323155272536,0.16418516355331061,0.3363045972172713,0.4294792722058062,0.175731478549028,2,0.3414319317571945,0.11296177813087559,0.3239747626220345,1,11
SPECTRAL_FT,SPECTRAL_FT_r8_s928_EXTENDED,928,5,5,L11_m4,L11,0.5717239847054827,0.6839391670375986,0.23290234199855747,0.4445588258764296,0.2894375094184467,0.1967324835346454,0,0.350441564046816,0.3182630778790796,0.6919714609811496,15,19
SPECTRAL_FT,SPECTRAL_FT_r8_s929_EXTENDED,929,5,3,T10_m2,T10,0.35351371999142384,0.38613044474079367,0.07773704231870235,0.13023410178169448,0.5174396155070945,0.0881284469234564,0,0.1338436266048712,0.11918234875079657,0.22084784032540083,6,1
SPECTRAL_FT,SPECTRAL_FT_r8_s929_EXTENDED,929,5,3,T10_m4,T10,0.40083666410943225,0.4657302263737814,0.1541761389703635,0.2761243787419241,0.15841786812192957,0.13089043426262073,3,0.16806621906822858,0.08898920040750362,0.0,1,1
SPECTRAL_FT,SPECTRAL_FT_r8_s929_EXTENDED,929,5,3,T11_m2,T11,0.2889703928606652,0.3198095617316514,0.08834088092903848,0.14770032676827455,0.2708913935211924,0.08092647086200447,1,0.11934830341591772,0.22614884154335502,0.0,1,1
SPECTRAL_FT,SPECTRAL_FT_r8_s929_EXTENDED,929,5,3,T11_m4,T11,0.27091582870487835,0.3022462639623035,0.0699689414711382,0.11952570033280742,0.28734407947797697,0.06175229303449314,1,0.10996557044090186,0.14517407423716194,0.0,1,1
SPECTRAL_FT,SPECTRAL_FT_r8_s929_EXTENDED,929,5,3,L10_m2,L10,0.17064622865858026,0.2000976794808619,0.05329935504213065,0.08702455187718781,0.44767040234899497,0.03615926543857463,3,0.1424690772367098,0.09925529573633299,0.07302927074863215,17,3
SPECTRAL_FT,SPECTRAL_FT_r8_s929_EXTENDED,929,5,3,L10_m4,L10,0.2526577842902596,0.28378192436763106,0.11243086229102527,0.18508021671298752,-0.152559857829831,0.07271054894119185,4,0.08191155385390574,0.07063866999462455,0.0,17,17
SPECTRAL_FT,SPECTRAL_FT_r8_s929_EXTENDED,929,5,3,L11_m2,L11,0.3307480426831198,0.3569218265734385,0.09573452348486562,0.15640147797126402,0.48747408800505077,0.09482909974245678,3,0.168033789908852,0.1186630086521775,0.1737376639078957,1,11
SPECTRAL_FT,SPECTRAL_FT_r8_s929_EXTENDED,929,5,3,L11_m4,L11,0.4697457699664988,0.5003025104671955,0.09352775893245531,0.15232033131767975,0.3017701708811199,0.06113255887190234,1,0.16835626662454475,0.2302520618735254,0.2182722597144991,9,4
SPECTRAL_FT,SPECTRAL_FT_r8_s929_EXTENDED,929,5,5,T10_m2,T10,0.40849235273208145,0.5173851232208525,0.17708288168655315,0.3717395179455998,0.3602549691907769,0.20731044028289494,1,0.25466629153316195,0.1564065054825504,0.38164624617703713,9,1
SPECTRAL_FT,SPECTRAL_FT_r8_s929_EXTENDED,929,5,5,T10_m4,T10,0.4648308618596845,0.592168067465532,0.27005869985067804,0.4986536043081051,0.2483892106963212,0.2486451155758399,0,0.27918508008670073,0.14933112622964242,0.0,15,15
SPECTRAL_FT,SPECTRAL_FT_r8_s929_EXTENDED,929,5,5,T11_m2,T11,0.3204926143354613,0.3794201406427908,0.1590894019010407,0.3038829451147558,0.30484758139994217,0.1573719810739733,0,0.26641408828485763,0.2840075105544812,0.0,1,1
SPECTRAL_FT,SPECTRAL_FT_r8_s929_EXTENDED,929,5,5,T11_m4,T11,0.3080902539030512,0.3855343181682141,0.13742202853649801,0.28558395815150966,0.24159615183463215,0.1325582799044104,0,0.2526400746610322,0.1735547756696421,0.2508156955673104,15,1
SPECTRAL_FT,SPECTRAL_FT_r8_s929_EXTENDED,929,5,5,L10_m2,L10,0.2103787795363889,0.2970169001235934,0.10547657227283802,0.21993134473883325,0.3965063331289862,0.07375542623748604,0,0.3237958593951905,0.18085230382030473,0.0330171411618574,17,3
SPECTRAL_FT,SPECTRAL_FT_r8_s929_EXTENDED,929,5,5,L10_m4,L10,0.28643991634877236,0.352436402939302,0.19415052593711773,0.3537383457443993,-0.014024092596684593,0.14035416456629035,7,0.18033848795257243,0.12906207064191663,0.0,17,17
SPECTRAL_FT,SPECTRAL_FT_r8_s929_EXTENDED,929,5,5,L11_m2,L11,0.367444378399198,0.4460023502622193,0.1829115512951201,0.3737701629941836,0.4370139326774256,0.20488484632894813,2,0.3414319317571945,0.14605402774432383,0.3239747626220345,1,11
SPECTRAL_FT,SPECTRAL_FT_r8_s929_EXTENDED,929,5,5,L11_m4,L11,0.5037955898696757,0.5713304994770415,0.16892179063947482,0.3268473184864231,0.3011548780622308,0.11902086345117974,0,0.350441564046816,0.27429358241013213,0.47126924958776717,16,19
SPECTRAL_FT,SPECTRAL_FT_r8_s930_EXTENDED,930,5,3,T10_m2,T10,0.2540673426044671,0.2797999940187051,0.088539058657839,0.14584271210558047,0.3035529055007208,0.0720957838097549,0,0.1338436266048712,0.16116000034804628,0.24310941167684352,18,1
SPECTRAL_FT,SPECTRAL_FT_r8_s930_EXTENDED,930,5,3,T10_m4,T10,0.3000039629713019,0.3392112783653134,0.14246705175732424,0.2573982764768736,0.08963057338656161,0.09816591156261902,3,0.16806621906822858,0.1770015447819014,0.121906188038512,6,1
SPECTRAL_FT,SPECTRAL_FT_r8_s930_EXTENDED,930,5,3,T11_m2,T11,0.2924614575326685,0.3304139932769748,0.10089670683182189,0.17066929528295657,0.13147709464101698,0.07751641463883045,1,0.11934830341591772,0.2542249430320539,0.0,1,1
SPECTRAL_FT,SPECTRAL_FT_r8_s930_EXTENDED,930,5,3,T11_m4,T11,0.2733792358399263,0.30488889042299977,0.09874898795940208,0.16821693363841977,0.0979988190010462,0.07689081412082364,1,0.10996557044090186,0.2576633873072279,0.45941812508796964,5,1
SPECTRAL_FT,SPECTRAL_FT_r8_s930_EXTENDED,930,5,3,L10_m2,L10,0.1448345824999101,0.1805404832645972,0.059172972592861105,0.09605609376010253,0.44626037918758305,0.042719064152219724,3,0.1424690772367098,0.11329936827006777,0.07302927074863215,17,3
SPECTRAL_FT,SPECTRAL_FT_r8_s930_EXTENDED,930,5,3,L10_m4,L10,0.22110427663912388,0.26283955387696245,0.12147302330662872,0.1983959043967223,-0.16889428011275368,0.08295280762878121,4,0.08191155385390574,0.07694133849395625,0.017663538858812118,2,17
SPECTRAL_FT,SPECTRAL_FT_r8_s930_EXTENDED,930,5,3,L11_m2,L11,0.27954960429880715,0.3105842835392105,0.0813583899106297,0.13529297319211994,0.5132482985278707,0.08006247178554204,3,0.168033789908852,0.08863309350491172,0.1737376639078957,1,11
SPECTRAL_FT,SPECTRAL_FT_r8_s930_EXTENDED,930,5,3,L11_m4,L11,0.526501284240445,0.5757909644223729,0.12054943136523429,0.19554628462433507,0.2825087353039604,0.09100609603784816,1,0.16835626662454475,0.20214466772143122,0.28266666482728253,11,4
SPECTRAL_FT,SPECTRAL_FT_r8_s930_EXTENDED,930,5,5,T10_m2,T10,0.3019961122278948,0.39771318342525236,0.18599805749575107,0.3748888057937581,0.18225424865141432,0.15507027987043437,1,0.25466629153316195,0.20378141825087,0.27537058967227324,18,1
SPECTRAL_FT,SPECTRAL_FT_r8_s930_EXTENDED,930,5,5,T10_m4,T10,0.3383152967307793,0.41584387374241155,0.24590817865728404,0.4492438124747837,0.18578083222912012,0.19046739079768035,0,0.27918508008670073,0.10984256281915324,0.19667892250298372,18,15
SPECTRAL_FT,SPECTRAL_FT_r8_s930_EXTENDED,930,5,5,T11_m2,T11,0.33257382869184615,0.4110717080672048,0.18299061212765358,0.3499184020883468,0.18504720851892123,0.1502410462287024,0,0.26641408828485763,0.33901454432891015,0.8850392015297704,16,1
SPECTRAL_FT,SPECTRAL_FT_r8_s930_EXTENDED,930,5,5,T11_m4,T11,0.31780889122739336,0.412405756777354,0.18777651224309774,0.37918892910004326,0.08876918317782855,0.15941029545759863,0,0.2526400746610322,0.3262358543859868,0.4954778929134097,11,1
SPECTRAL_FT,SPECTRAL_FT_r8_s930_EXTENDED,930,5,5,L10_m2,L10,0.1930132417484683,0.2964916022736333,0.11620726791216884,0.24020600346912907,0.3860314333549072,0.08302308078063132,0,0.3237958593951905,0.1912126612807215,0.0330171411618574,17,3
SPECTRAL_FT,SPECTRAL_FT_r8_s930_EXTENDED,930,5,5,L10_m4,L10,0.2657061462699673,0.3526517109577498,0.20725334111932864,0.3740141269175844,-0.02451047358060992,0.1507890215346654,7,0.18033848795257243,0.13395893723226282,0.004391429322709459,0,17
SPECTRAL_FT,SPECTRAL_FT_r8_s930_EXTENDED,930,5,5,L11_m2,L11,0.320815653829104,0.40951404914998146,0.1603306221868333,0.33565203140155336,0.45837234437866936,0.18155575916872807,2,0.3414319317571945,0.10735417389328235,0.3239747626220345,1,11
SPECTRAL_FT,SPECTRAL_FT_r8_s930_EXTENDED,930,5,5,L11_m4,L11,0.580588721685311,0.6874332360158973,0.21532281310671544,0.413087778801547,0.2910091808698294,0.17177701513919474,0,0.350441564046816,0.293477526990802,1.4011748683143843,1,19
GRU,GRU_r32_s928_EXTENDED,928,5,3,T10_m2,T10,0.272773134798959,0.2918962560339657,0.0892902146792453,0.13670992129293197,0.17708902344091323,0.03806184114639962,0,0.1338436266048712,0.16412266913194692,0.3242971912540585,8,1
GRU,GRU_r32_s928_EXTENDED,928,5,3,T10_m4,T10,0.35018666486993383,0.39559868339011034,0.12082604998283712,0.20703773231334038,-0.06110403477678083,0.013895759652483908,3,0.16806621906822858,0.1971567886945771,0.6511262701170991,4,1
GRU,GRU_r32_s928_EXTENDED,928,5,3,T11_m2,T11,0.30075701289476425,0.3286320352067171,0.06094792352261358,0.09848154490357507,0.20973252140881044,0.020663967666952714,1,0.11934830341591772,0.23820488803601142,0.47433995105195076,3,1
GRU,GRU_r32_s928_EXTENDED,928,5,3,T11_m4,T11,0.24469993922414188,0.2745676495458847,0.06240591122153676,0.10516478658252387,0.057171531922453236,0.007246562108000072,1,0.10996557044090186,0.23174535355595158,0.0,1,1
GRU,GRU_r32_s928_EXTENDED,928,5,3,L10_m2,L10,0.1914335982826326,0.20539448450997522,0.05933422386503243,0.09580753979596196,0.30861188375423737,0.02410678698603744,3,0.1424690772367098,0.06457420927092476,0.0,3,3
GRU,GRU_r32_s928_EXTENDED,928,5,3,L10_m4,L10,0.19168316768100827,0.21574563847673203,0.04860523542524777,0.08547897476302356,0.24163250702890818,0.034761821712256634,4,0.08191155385390574,0.09329622315843461,0.04910839068111047,3,17
GRU,GRU_r32_s928_EXTENDED,928,5,3,L11_m2,L11,0.483913597232877,0.5047862907704695,0.06268208291251522,0.0999207542308923,0.3396419762437843,0.022165818635117764,3,0.168033789908852,0.14997548544466893,0.1737376639078957,1,11
GRU,GRU_r32_s928_EXTENDED,928,5,3,L11_m4,L11,0.44696438182192955,0.4919270489277242,0.10714754627607843,0.16582655436667815,0.022410317145185106,0.004488724302053683,1,0.16835626662454475,0.23032230717019125,0.8863509330103921,1,4
GRU,GRU_r32_s928_EXTENDED,928,5,5,T10_m2,T10,0.2973183093395894,0.34147987482730974,0.14467473366259212,0.2427587496671409,0.20044941822331017,0.0628148998370672,1,0.25466629153316195,0.23403875963342566,0.35050570884543253,0,1
GRU,GRU_r32_s928_EXTENDED,928,5,5,T10_m4,T10,0.38976834728313486,0.468584653396601,0.19042037324485464,0.32348607365388793,-0.02580413195617761,0.023087359645960842,0,0.27918508008670073,0.29017130516931783,1.2417539224758691,4,15
GRU,GRU_r32_s928_EXTENDED,928,5,5,T11_m2,T11,0.331898711517577,0.3920005363416727,0.10258476152123078,0.18923208287597346,0.2652878850030877,0.03738238137395253,0,0.26641408828485763,0.3151737506229456,0.8197090719533155,3,1
GRU,GRU_r32_s928_EXTENDED,928,5,5,T11_m4,T11,0.2832947440141391,0.36344601743360805,0.11696699267047457,0.23409645417365219,0.06404611901266927,0.012138394824662689,0,0.2526400746610322,0.334696066115392,0.0,1,1
GRU,GRU_r32_s928_EXTENDED,928,5,5,L10_m2,L10,0.21033379182273365,0.2550180807440605,0.10425671793789906,0.19928650560503694,0.30868279304560625,0.03392380420821099,0,0.3237958593951905,0.17360577368814875,0.0,3,3
GRU,GRU_r32_s928_EXTENDED,928,5,5,L10_m4,L10,0.21877740964139142,0.2746901730639028,0.09532647349021442,0.19009315820311826,0.21685589665892974,0.06989630249870003,7,0.18033848795257243,0.1373311152725506,0.12314418068173533,3,17
GRU,GRU_r32_s928_EXTENDED,928,5,5,L11_m2,L11,0.5028316157437709,0.5407940079508525,0.09976150758040944,0.17823752088975942,0.3749271900582661,0.03360295801056474,2,0.3414319317571945,0.18633235605060447,0.3239747626220345,1,11
GRU,GRU_r32_s928_EXTENDED,928,5,5,L11_m4,L11,0.5016042410898698,0.6100457812852229,0.1786789360943611,0.3236169008751477,0.051666116526770285,0.007440606708576303,0,0.350441564046816,0.3077092823107849,0.4629707427221766,4,19
GRU,GRU_r32_s929_EXTENDED,929,5,3,T10_m2,T10,0.23174998275404443,0.25883675878208534,0.07862433996418394,0.11871659093975269,0.30476497928587015,0.047100994287825965,0,0.1338436266048712,0.18414462416430494,0.3779890939084472,3,1
GRU,GRU_r32_s929_EXTENDED,929,5,3,T10_m4,T10,0.3453484384970024,0.42717982757825157,0.1319750137599075,0.21713591469765706,0.066765082357425,0.06303617822688463,3,0.16806621906822858,0.2253070569327462,0.7878272771851631,3,1
GRU,GRU_r32_s929_EXTENDED,929,5,3,T11_m2,T11,0.18277609779095796,0.2092252586191738,0.07484783674517305,0.1206527899669022,0.2407242880669648,0.0464491011536977,1,0.11934830341591772,0.23721377754184145,0.0,1,1
GRU,GRU_r32_s929_EXTENDED,929,5,3,T11_m4,T11,0.19619134866530516,0.222143263570659,0.04790725370752194,0.08081745410647667,0.2979381891581634,0.02374505211452157,1,0.10996557044090186,0.12426015428637532,0.0,1,1
GRU,GRU_r32_s929_EXTENDED,929,5,3,L10_m2,L10,0.16438411186391624,0.1957303236164531,0.03934273547631631,0.06863250787023305,0.4065141282558569,0.01663117272772425,3,0.1424690772367098,0.11489084362049175,0.0,3,3
GRU,GRU_r32_s929_EXTENDED,929,5,3,L10_m4,L10,0.13943707700238758,0.14001904357495273,0.04813222351366434,0.07741781175805279,0.3047496369545191,0.03374010961534184,4,0.08191155385390574,0.05918880353376212,0.0,17,17
GRU,GRU_r32_s929_EXTENDED,929,5,3,L11_m2,L11,0.42585605513447455,0.5030830047446819,0.07267954399905222,0.1001976546177466,0.4965500713299892,0.04829217951855461,3,0.168033789908852,0.21500773328527353,0.1737376639078957,1,11
GRU,GRU_r32_s929_EXTENDED,929,5,3,L11_m4,L11,0.37742756639478664,0.41301957020806906,0.06734363815219585,0.1044971595447337,0.44974597176979914,0.04151356952673184,1,0.16835626662454475,0.2043599974623984,0.04027683560497798,19,4
GRU,GRU_r32_s929_EXTENDED,929,5,5,T10_m2,T10,0.26780983531132174,0.3361742654303272,0.13704427555533352,0.24517963297308412,0.21556556994195486,0.06912448696730633,1,0.25466629153316195,0.284668298491311,0.8676062499870679,3,1
GRU,GRU_r32_s929_EXTENDED,929,5,5,T10_m4,T10,0.40769657102705886,0.5247134689649603,0.19479815862364247,0.312439197472448,0.14089070306065687,0.08911463274841391,0,0.27918508008670073,0.2407474612168834,0.8043050570699819,3,15
GRU,GRU_r32_s929_EXTENDED,929,5,5,T11_m2,T11,0.20880042887730038,0.25766451460415607,0.12399118218369565,0.21731169739757605,0.3657125811490248,0.07884001202373773,0,0.26641408828485763,0.3127254056015315,0.0,1,1
GRU,GRU_r32_s929_EXTENDED,929,5,5,T11_m4,T11,0.2203757893789417,0.26938801908409926,0.09384477082332685,0.19612460521555689,0.2646473533366614,0.04988340956120721,0,0.2526400746610322,0.16455821172283897,0.0,1,1
GRU,GRU_r32_s929_EXTENDED,929,5,5,L10_m2,L10,0.20223561271437146,0.2873169464318053,0.08219950751540732,0.1881168414627403,0.3455210438430594,0.03670989447595426,0,0.3237958593951905,0.18171443634685094,0.0,3,3
GRU,GRU_r32_s929_EXTENDED,929,5,5,L10_m4,L10,0.14914810991601024,0.1730178592772443,0.08512633514694,0.15993949563612514,0.28456893186969734,0.05395659174557602,7,0.18033848795257243,0.10139042444991585,0.004391429322709459,0,17
GRU,GRU_r32_s929_EXTENDED,929,5,5,L11_m2,L11,0.5010677376624763,0.6493552532702778,0.10682992519109506,0.17772955777767363,0.4750249126550381,0.05986602723419497,2,0.3414319317571945,0.2702038704027699,0.3239747626220345,1,11
GRU,GRU_r32_s929_EXTENDED,929,5,5,L11_m4,L11,0.41016286806091784,0.4694369222000573,0.10925328051245634,0.1928725200721511,0.5049572751669188,0.062004529103449925,0,0.350441564046816,0.2851275580089923,0.0,19,19
GRU,GRU_r32_s930_EXTENDED,930,5,3,T10_m2,T10,0.2778229143197714,0.3429941695783197,0.0718785663517435,0.10843840725559649,0.42470684942663495,0.057521679161844565,0,0.1338436266048712,0.14311200020689982,0.3779890939084472,3,1
GRU,GRU_r32_s930_EXTENDED,930,5,3,T10_m4,T10,0.40638365599536147,0.4994722576895188,0.0973440082044517,0.16503898132014516,0.27843624841597525,0.07154679930781314,3,0.16806621906822858,0.22649818427843896,0.7878272771851631,3,1
GRU,GRU_r32_s930_EXTENDED,930,5,3,T11_m2,T11,0.33009340950865135,0.3399523450287518,0.09385353968455418,0.15498394586430053,0.1555995757724507,0.06794603235343595,1,0.11934830341591772,0.25778979455303946,0.47433995105195076,3,1
GRU,GRU_r32_s930_EXTENDED,930,5,3,T11_m4,T11,0.27136727716298753,0.2990759905839186,0.06021786779918555,0.09890932400734424,0.17193711973193215,0.022970419299765378,1,0.10996557044090186,0.2103203585588312,0.0,1,1
GRU,GRU_r32_s930_EXTENDED,930,5,3,L10_m2,L10,0.16329892759952244,0.20553812236659583,0.04258636441125077,0.07479392938560776,0.3806297365036642,0.017616456348940185,3,0.1424690772367098,0.14443988427718735,0.15035001989281,10,3
GRU,GRU_r32_s930_EXTENDED,930,5,3,L10_m4,L10,0.11377802800481056,0.14003466280265284,0.04685738099025813,0.08034819732751702,0.2194544021504945,0.027867756820541486,4,0.08191155385390574,0.07352758483589544,0.09185256211176106,19,17
GRU,GRU_r32_s930_EXTENDED,930,5,3,L11_m2,L11,0.3456279196600735,0.39475119528094094,0.08376938080813624,0.11976885823093536,0.36955544615118135,0.04585454418532426,3,0.168033789908852,0.13697005949311916,0.1737376639078957,1,11
GRU,GRU_r32_s930_EXTENDED,930,5,3,L11_m4,L11,0.4903181653397893,0.5515251970349486,0.10512011574060935,0.1605230481202458,0.10500443824942163,0.022902310840705015,1,0.16835626662454475,0.21119129000892956,0.0,4,4
GRU,GRU_r32_s930_EXTENDED,930,5,5,T10_m2,T10,0.33956471720936704,0.45588174702044043,0.12478236807606077,0.22037684206728783,0.27304022812863976,0.07068656077888201,1,0.25466629153316195,0.25948991618699324,0.8676062499870679,3,1
GRU,GRU_r32_s930_EXTENDED,930,5,5,T10_m4,T10,0.49395050340436164,0.661924977225061,0.14666512762174558,0.23583304043581238,0.28233974427424374,0.08226285927939478,0,0.27918508008670073,0.23036714203232725,0.8043050570699819,3,15
GRU,GRU_r32_s930_EXTENDED,930,5,5,T11_m2,T11,0.34271302366032036,0.36583593812421117,0.14788985238727997,0.24862604062920224,0.27499923125769865,0.09655331097497939,0,0.26641408828485763,0.3069364952616155,0.8197090719533155,3,1
GRU,GRU_r32_s930_EXTENDED,930,5,5,T11_m4,T11,0.3065176701191996,0.3772720723293073,0.11577238045920464,0.2377265116906228,0.17329330017664124,0.06264892751296638,0,0.2526400746610322,0.27097810201114103,0.0,1,1
GRU,GRU_r32_s930_EXTENDED,930,5,5,L10_m2,L10,0.2108069019397906,0.3104581171210762,0.08712552246558965,0.19089406623944893,0.34270255035554714,0.04372340651449005,0,0.3237958593951905,0.2325390538015054,0.20834089730148428,9,3
GRU,GRU_r32_s930_EXTENDED,930,5,5,L10_m4,L10,0.15578159821762,0.24689322781017262,0.08623131893120524,0.16258931784044225,0.22629183629498906,0.044106605462413066,7,0.18033848795257243,0.1442752970736078,0.13753390473069643,19,17
GRU,GRU_r32_s930_EXTENDED,930,5,5,L11_m2,L11,0.38929464372264333,0.47235033610687405,0.1228381725222683,0.20405021173761867,0.35850510166190486,0.05017305554029772,2,0.3414319317571945,0.1608034237056768,0.08095513144877009,16,11
GRU,GRU_r32_s930_EXTENDED,930,5,5,L11_m4,L11,0.5394456378351622,0.6246027190708529,0.1578408385367926,0.2571477048975278,0.23251958848866305,0.03219184673884075,0,0.350441564046816,0.2999406217379116,0.4629707427221766,4,19
NONLINEAR_STATE,NONLINEAR_STATE_r8_s928_EXTENDED,928,5,3,T10_m2,T10,0.2977685676516613,0.3099505905641263,0.09364915058728751,0.15292200508360948,0.22516007648871703,0.06427503157480279,0,0.1338436266048712,0.22159672969710106,0.3779890939084472,3,1
NONLINEAR_STATE,NONLINEAR_STATE_r8_s928_EXTENDED,928,5,3,T10_m4,T10,0.2605688404600882,0.27933963175013543,0.1112711269111361,0.1951874225250627,0.08207439223057365,0.050068832980349254,3,0.16806621906822858,0.22196269572566402,0.13467849301809084,8,1
NONLINEAR_STATE,NONLINEAR_STATE_r8_s928_EXTENDED,928,5,3,T11_m2,T11,0.24046089884303887,0.2637942548335853,0.04978484947057249,0.08460815128603136,0.39659011295675434,0.035540158060812316,1,0.11934830341591772,0.12629509659769658,0.0,1,1
NONLINEAR_STATE,NONLINEAR_STATE_r8_s928_EXTENDED,928,5,3,T11_m4,T11,0.23835930377136583,0.25891397676591027,0.0495484805567308,0.0810498971802092,0.40546567229007663,0.03572398910248652,1,0.10996557044090186,0.14467712208611552,0.0,1,1
NONLINEAR_STATE,NONLINEAR_STATE_r8_s928_EXTENDED,928,5,3,L10_m2,L10,0.1695651340416703,0.19863964770003664,0.03727207814894616,0.06246487695284593,0.48212419014824254,0.02117751748338271,3,0.1424690772367098,0.11647489174108674,0.05805702957206302,18,3
NONLINEAR_STATE,NONLINEAR_STATE_r8_s928_EXTENDED,928,5,3,L10_m4,L10,0.21901687245554746,0.22372272218600464,0.03972725148910747,0.07134957555725853,0.46893602474032303,0.04274251136837448,4,0.08191155385390574,0.0653658002425579,0.023167662166306148,18,17
NONLINEAR_STATE,NONLINEAR_STATE_r8_s928_EXTENDED,928,5,3,L11_m2,L11,0.32665911341854864,0.34930705633948694,0.06124826023119904,0.10234501081194727,0.4910350427941936,0.054961204061006595,3,0.168033789908852,0.1419885728849198,0.13789898992461846,19,11
NONLINEAR_STATE,NONLINEAR_STATE_r8_s928_EXTENDED,928,5,3,L11_m4,L11,0.5026331567592822,0.5562975668018946,0.08714449783599905,0.1472542301939139,0.2172468987660511,0.03984978420958002,1,0.16835626662454475,0.21188452692693896,0.4174352982290258,0,4
NONLINEAR_STATE,NONLINEAR_STATE_r8_s928_EXTENDED,928,5,5,T10_m2,T10,0.31913738897365435,0.36459945411742256,0.17733038149133873,0.3423541790116746,0.18768222078481647,0.14160312128776392,1,0.25466629153316195,0.30474999266518754,0.27537058967227324,18,1
NONLINEAR_STATE,NONLINEAR_STATE_r8_s928_EXTENDED,928,5,5,T10_m4,T10,0.28581648508115115,0.3455983917745592,0.18149222754566888,0.322193795537542,0.13401905579074402,0.10087682434232628,0,0.27918508008670073,0.2792239958214357,0.10711039236857706,8,15
NONLINEAR_STATE,NONLINEAR_STATE_r8_s928_EXTENDED,928,5,5,T11_m2,T11,0.2662369407266814,0.31759221466932624,0.08878353160775118,0.16959023078648594,0.4700617905800218,0.08150243296418579,0,0.26641408828485763,0.18968298964881986,0.0,1,1
NONLINEAR_STATE,NONLINEAR_STATE_r8_s928_EXTENDED,928,5,5,T11_m4,T11,0.2637348105972447,0.3149532360637587,0.09170232216712819,0.18420118288207907,0.3553851908080117,0.060289867720315485,0,0.2526400746610322,0.23355602713515344,0.0,1,1
NONLINEAR_STATE,NONLINEAR_STATE_r8_s928_EXTENDED,928,5,5,L10_m2,L10,0.20584221292815505,0.2868769015361176,0.0750605857252465,0.1677491793335545,0.46941190435629465,0.06172913246387047,0,0.3237958593951905,0.17731500681503196,0.0496118451260551,18,3
NONLINEAR_STATE,NONLINEAR_STATE_r8_s928_EXTENDED,928,5,5,L10_m4,L10,0.2286529111251304,0.2523274813065115,0.08324666461880374,0.17544221260160858,0.5033105600999692,0.12296091905054207,7,0.18033848795257243,0.07096597232170021,0.0019414062565220186,18,17
NONLINEAR_STATE,NONLINEAR_STATE_r8_s928_EXTENDED,928,5,5,L11_m2,L11,0.35514463616327213,0.41765356519071506,0.11766082908223649,0.24674415760740304,0.5019982965938763,0.14122792143820145,2,0.3414319317571945,0.20536239931353012,0.20103520095612082,19,11
NONLINEAR_STATE,NONLINEAR_STATE_r8_s928_EXTENDED,928,5,5,L11_m4,L11,0.5803465868625161,0.7461742785387673,0.16363572213971228,0.32452394470916773,0.18144319494714778,0.08077049483776541,0,0.350441564046816,0.3054888897613165,0.6919714609811496,15,19
NONLINEAR_STATE,NONLINEAR_STATE_r8_s929_EXTENDED,929,5,3,T10_m2,T10,0.34944039993947595,0.3608313804887154,0.062450502096612605,0.1083279516069502,0.31811940206508277,0.04113100748104122,0,0.1338436266048712,0.19844497816440948,0.3779890939084472,3,1
NONLINEAR_STATE,NONLINEAR_STATE_r8_s929_EXTENDED,929,5,3,T10_m4,T10,0.34225344784622264,0.3790108557539313,0.10134822887600813,0.18881915808529554,0.10589549578373249,0.04715291935556282,3,0.16806621906822858,0.2219671231703868,0.7878272771851631,3,1
NONLINEAR_STATE,NONLINEAR_STATE_r8_s929_EXTENDED,929,5,3,T11_m2,T11,0.23262430841564016,0.26770571507327195,0.04959476425417266,0.08389248806882658,0.3953851354613847,0.03587764313241446,1,0.11934830341591772,0.16639229834718208,0.0,1,1
NONLINEAR_STATE,NONLINEAR_STATE_r8_s929_EXTENDED,929,5,3,T11_m4,T11,0.23537946796964415,0.28343039802450964,0.047225974899950805,0.08126075195977864,0.38700054748629026,0.0354642980454964,1,0.10996557044090186,0.1366386087767287,0.0,1,1
NONLINEAR_STATE,NONLINEAR_STATE_r8_s929_EXTENDED,929,5,3,L10_m2,L10,0.18980552886179422,0.2099251349852466,0.08011031891370347,0.13512640575892315,0.7088160886778699,0.1001911545252565,3,0.1424690772367098,0.0761278187962091,0.054591774266275817,13,3
NONLINEAR_STATE,NONLINEAR_STATE_r8_s929_EXTENDED,929,5,3,L10_m4,L10,0.24651806569487852,0.2608795125202686,0.06606791346820984,0.11117287363024374,0.28704827268376404,0.06506918876502511,4,0.08191155385390574,0.05449610649452453,0.0,17,17
NONLINEAR_STATE,NONLINEAR_STATE_r8_s929_EXTENDED,929,5,3,L11_m2,L11,0.33917025967480635,0.37689131430499606,0.05139500035819875,0.09370098335548079,0.4068672045704796,0.030871257172743874,3,0.168033789908852,0.160963288358088,0.3495713079421573,4,11
NONLINEAR_STATE,NONLINEAR_STATE_r8_s929_EXTENDED,929,5,3,L11_m4,L11,0.5345852410719991,0.5801814565780237,0.05621038656270394,0.09396159514510953,0.4949997073273301,0.04136792740017698,1,0.16835626662454475,0.19741629025814106,0.04027683560497798,19,4
NONLINEAR_STATE,NONLINEAR_STATE_r8_s929_EXTENDED,929,5,5,T10_m2,T10,0.37554983141906695,0.4341077177112954,0.13804342125758967,0.2943554079524367,0.20965195138210385,0.12170716067663485,1,0.25466629153316195,0.3218589199194688,0.8676062499870679,3,1
NONLINEAR_STATE,NONLINEAR_STATE_r8_s929_EXTENDED,929,5,5,T10_m4,T10,0.38327758481178664,0.4720238448956541,0.1881129742719331,0.3690786100134524,0.08206040542222179,0.11557380330328773,0,0.27918508008670073,0.3105895365272614,0.8043050570699819,3,15
NONLINEAR_STATE,NONLINEAR_STATE_r8_s929_EXTENDED,929,5,5,T11_m2,T11,0.27146117690726224,0.3528002762371237,0.0931626401181761,0.18821635544330215,0.4371901484303755,0.08648983916349923,0,0.26641408828485763,0.19157883611616516,0.0,1,1
NONLINEAR_STATE,NONLINEAR_STATE_r8_s929_EXTENDED,929,5,5,T11_m4,T11,0.2930506485783715,0.4156684707601347,0.09519256583440779,0.20499245755880516,0.3526823627297055,0.08974368083781262,0,0.2526400746610322,0.16867372164213545,0.0,1,1
NONLINEAR_STATE,NONLINEAR_STATE_r8_s929_EXTENDED,929,5,5,L10_m2,L10,0.2215260355161707,0.2888389708274107,0.1569074748353522,0.3186428093708773,0.638715348076198,0.1817955352381616,0,0.3237958593951905,0.2045758853885638,0.0496118451260551,18,3
NONLINEAR_STATE,NONLINEAR_STATE_r8_s929_EXTENDED,929,5,5,L10_m4,L10,0.2642136469367634,0.3002082937742907,0.1171178589737871,0.21799822674188837,0.3647983255373578,0.12445453843288726,7,0.18033848795257243,0.09094304750365072,0.003373360055107376,13,17
NONLINEAR_STATE,NONLINEAR_STATE_r8_s929_EXTENDED,929,5,5,L11_m2,L11,0.381030604688336,0.47024041844618186,0.10021172670781693,0.20561041447334286,0.41732442470093833,0.07989436684298501,2,0.3414319317571945,0.17888581821922617,0.08095513144877009,16,11
NONLINEAR_STATE,NONLINEAR_STATE_r8_s929_EXTENDED,929,5,5,L11_m4,L11,0.5814563699199361,0.6759073144784119,0.10226904168793356,0.20140921880475623,0.5003564070341469,0.08488308045072841,0,0.350441564046816,0.2750007990411334,0.47126924958776717,16,19
NONLINEAR_STATE,NONLINEAR_STATE_r8_s930_EXTENDED,930,5,3,T10_m2,T10,0.1867057195607824,0.18684284173664525,0.06660057586269555,0.10825525276808937,0.1746522529200553,0.015189217291256898,0,0.1338436266048712,0.16120126276948107,0.0,1,1
NONLINEAR_STATE,NONLINEAR_STATE_r8_s930_EXTENDED,930,5,3,T10_m4,T10,0.21764955687184448,0.1927795337610962,0.07649746982797244,0.1403147950727306,0.14353744951582065,0.01498001228645407,3,0.16806621906822858,0.18923038954607566,0.0,1,1
NONLINEAR_STATE,NONLINEAR_STATE_r8_s930_EXTENDED,930,5,3,T11_m2,T11,0.2216231185318793,0.23797575430510978,0.05237731062250195,0.09109405974967298,0.1977430817852012,0.012772360345475506,1,0.11934830341591772,0.21830401959888093,0.0,1,1
NONLINEAR_STATE,NONLINEAR_STATE_r8_s930_EXTENDED,930,5,3,T11_m4,T11,0.21893089732423957,0.2385662899311142,0.05443266471555765,0.0917233143780793,0.15044218170426432,0.011397407168034494,1,0.10996557044090186,0.19924570164140856,0.0,1,1
NONLINEAR_STATE,NONLINEAR_STATE_r8_s930_EXTENDED,930,5,3,L10_m2,L10,0.1785753549677007,0.24779832794218917,0.06644670481426562,0.11165884482333972,0.15842106188720614,0.009394145620179995,3,0.1424690772367098,0.14661626600594224,0.3208566330996722,1,3
NONLINEAR_STATE,NONLINEAR_STATE_r8_s930_EXTENDED,930,5,3,L10_m4,L10,0.20316356969002894,0.2556202814631951,0.04564184376977187,0.07694926585317005,0.11543207543646186,0.009993526981956108,4,0.08191155385390574,0.085283798420447,0.3766824312655631,1,17
NONLINEAR_STATE,NONLINEAR_STATE_r8_s930_EXTENDED,930,5,3,L11_m2,L11,0.24272572183963592,0.261312586785601,0.0727546706683334,0.1330130893941952,0.16430479587713576,0.014021578583780534,3,0.168033789908852,0.1478682318886865,0.28294024232719195,0,11
NONLINEAR_STATE,NONLINEAR_STATE_r8_s930_EXTENDED,930,5,3,L11_m4,L11,0.38303983460756896,0.40738582182759153,0.07556531572498694,0.12564523267431865,0.175170943833509,0.009754621224697144,1,0.16835626662454475,0.1927971812108325,0.4174352982290258,0,4
NONLINEAR_STATE,NONLINEAR_STATE_r8_s930_EXTENDED,930,5,5,T10_m2,T10,0.2352026030919415,0.3574909567301138,0.1266739139343524,0.24364316706226374,0.12253752664855468,0.043289969748370044,1,0.25466629153316195,0.22863957654066855,0.0,1,1
NONLINEAR_STATE,NONLINEAR_STATE_r8_s930_EXTENDED,930,5,5,T10_m4,T10,0.23607850588930157,0.3099999386275716,0.1278086287879368,0.22894677377776576,0.17871499309790723,0.036143191526313935,0,0.27918508008670073,0.2443446115590133,0.35530155782741535,1,15
NONLINEAR_STATE,NONLINEAR_STATE_r8_s930_EXTENDED,930,5,5,T11_m2,T11,0.2568093408669158,0.3410479209352191,0.09922550369572236,0.19952792964098295,0.21192250105314553,0.030753716044560744,0,0.26641408828485763,0.27222693661151204,0.0,1,1
NONLINEAR_STATE,NONLINEAR_STATE_r8_s930_EXTENDED,930,5,5,T11_m4,T11,0.26668855889700904,0.3824149895069561,0.10218840811826002,0.20646444875242365,0.16199666732842943,0.02700482913006192,0,0.2526400746610322,0.22086249526416307,0.0,1,1
NONLINEAR_STATE,NONLINEAR_STATE_r8_s930_EXTENDED,930,5,5,L10_m2,L10,0.28052984030914546,0.5180881191385265,0.12831670871780654,0.27515959506848076,0.12649581806981383,0.02447596571688305,0,0.3237958593951905,0.2474779051365436,0.7582040401147654,1,3
NONLINEAR_STATE,NONLINEAR_STATE_r8_s930_EXTENDED,930,5,5,L10_m4,L10,0.2697484328610643,0.4130027651310043,0.08517991528222965,0.16743510639330283,0.12290690190170098,0.02273370080289889,7,0.18033848795257243,0.16267682652858828,0.7155970964874906,1,17
NONLINEAR_STATE,NONLINEAR_STATE_r8_s930_EXTENDED,930,5,5,L11_m2,L11,0.30345451305381443,0.4597634217728373,0.1385042100267441,0.28082537361863913,0.16261741269780575,0.03783926074725347,2,0.3414319317571945,0.18210968480724882,0.13440419241263124,0,11
NONLINEAR_STATE,NONLINEAR_STATE_r8_s930_EXTENDED,930,5,5,L11_m4,L11,0.4655133873323303,0.6688000962904616,0.13757926509032006,0.2663084281335296,0.17524054592089838,0.024585907049136362,0,0.350441564046816,0.2647702815737405,0.4161021616246003,0,19
NATIVE,NATIVE_h5,frozen,5,3,T10_m2,T10,0.00905339118049958,0.014134958663099441,0.004935053132104799,0.008183254617175286,0.9801219024580639,0.007185959894605047,0,0.1338436266048712,0.029741674893672573,0.0,1,1
NATIVE,NATIVE_h5,frozen,5,3,T10_m4,T10,0.00964087949993622,0.017346969580512947,0.008223710960057093,0.016807528819435796,0.9245309557039068,0.012475235675827836,3,0.16806621906822858,0.06900784139012789,0.0,1,1
NATIVE,NATIVE_h5,frozen,5,3,T11_m2,T11,0.00908657473196712,0.013899972101529962,0.008178387698270576,0.012066956180401793,0.9601618620712881,0.00978222089874897,1,0.11934830341591772,0.06912504748684238,0.0,1,1
NATIVE,NATIVE_h5,frozen,5,3,T11_m4,T11,0.014929006935532835,0.022771233703318853,0.0076218602376335225,0.010898189965971456,0.8887321851437712,0.007956220838210017,1,0.10996557044090186,0.05827563358051912,0.0,1,1
NATIVE,NATIVE_h5,frozen,5,3,L10_m2,L10,0.005877509357285431,0.008272651894375083,0.004437913734360792,0.0068290970385772596,0.9969018594627088,0.005722388893391821,3,0.1424690772367098,0.022756224269200157,0.0,3,3
NATIVE,NATIVE_h5,frozen,5,3,L10_m4,L10,0.005934600461441268,0.008090766452017477,0.003281808745472186,0.0052388564436996,0.8809561560152293,0.00359292275414662,4,0.08191155385390574,0.009651841656045367,0.0,17,17
NATIVE,NATIVE_h5,frozen,5,3,L11_m2,L11,0.01141318931937821,0.0176351180255639,0.004560846172258194,0.007359982636702779,0.9614069245961228,0.006542573040539535,3,0.168033789908852,0.048119987742125524,0.0,11,11
NATIVE,NATIVE_h5,frozen,5,3,L11_m4,L11,0.006628149201364504,0.010605317722004749,0.004973952956072759,0.007182510325312895,0.97425531127891,0.005928457895179415,1,0.16835626662454475,0.04445502637781955,0.0,4,4
NATIVE,NATIVE_h5,frozen,5,5,T10_m2,T10,0.017090387349211488,0.03276778449868122,0.012434298567483926,0.02497014108793963,0.9793341909531036,0.021572618466340964,1,0.25466629153316195,0.06957852139734343,0.11489087259664803,15,1
NATIVE,NATIVE_h5,frozen,5,5,T10_m4,T10,0.016990068323452765,0.03394391426013617,0.012537892227060438,0.022515597026625568,1.05468600327751,0.019586812413908448,0,0.27918508008670073,0.05105740276059849,0.0,15,15
NATIVE,NATIVE_h5,frozen,5,5,T11_m2,T11,0.01618525722472355,0.033002268292630976,0.012888116257100454,0.02343348239325208,0.9592300609673842,0.019789682019939737,0,0.26641408828485763,0.08668573629748945,0.0,1,1
NATIVE,NATIVE_h5,frozen,5,5,T11_m4,T11,0.024782521249003313,0.0463036491982828,0.013277859189463054,0.02677264227727415,0.859204893621094,0.0167974502501835,0,0.2526400746610322,0.09342228896157104,0.0,1,1
NATIVE,NATIVE_h5,frozen,5,5,L10_m2,L10,0.012622651482010227,0.033760087887356106,0.01469165204813635,0.05004408740159828,0.8668525708506852,0.027084663174036544,0,0.3237958593951905,0.04104299842299983,0.0,3,3
NATIVE,NATIVE_h5,frozen,5,5,L10_m4,L10,0.010149361083041816,0.020267293338790012,0.007384933316791163,0.017473193335766024,0.9389361845942472,0.012884123855876237,7,0.18033848795257243,0.02300499840677271,0.0,17,17
NATIVE,NATIVE_h5,frozen,5,5,L11_m2,L11,0.01885983545632523,0.03445577878274299,0.007456095229749868,0.013632988603611928,0.968499835659671,0.012497108680523814,2,0.3414319317571945,0.06905073533832051,0.007026054300200757,15,11
NATIVE,NATIVE_h5,frozen,5,5,L11_m4,L11,0.012346595117121367,0.025354378360273745,0.008495333457815616,0.016413482752651202,0.9775443177581267,0.012726620274304264,0,0.350441564046816,0.059892413218070144,0.0,19,19
