phase,split,run_path,action_unit_version,adaptation_buffer_ids,arm,encoder_version,model_version,objective_version,predictor_version,real_history_id,run_id,sample_id,seed,shape,mpc_iter,objective_stage,pool_size,model_best_candidate_id,env_best_candidate_id,final_record_candidate_id,r_selected,r_final_record,eta_model_final_record,error_oscillation,numerical_tie_epsilon,model_tie_count_epsilon,r_selected_tie_min,r_selected_tie_max,model_best_margin,selected_bound_slack,final_bound_slack,g_model_final,g_env_final,omega_final
development,val_L,D:\EV-TTT\adajepa_official_51d8665\artifacts\development\val_L_frozen_n3,pushobj_norm_envapi_v1,[],FROZEN,0,0,0,0,s0_history_mpc0,dev_valL_frozen_n3,0,1,L,0,terminal,10,g99_after,g49_before,g99_after,0.031846921890974045,0.031846921890974045,0.0,0.17925898730754852,1e-06,2,0.03184691071510315,0.031846921890974045,9.872019290924072e-08,0.14741206541657448,0.14741206541657448,3.441590817645192,3.541346576064825,-0.09975575841963291
development,val_L,D:\EV-TTT\adajepa_official_51d8665\artifacts\development\val_L_frozen_n3,pushobj_norm_envapi_v1,"[""s0_executed_mpc0""]",FROZEN,0,0,0,0,s0_history_mpc1,dev_valL_frozen_n3,0,1,L,1,terminal,10,g99_after,g49_after,g99_after,0.0040669627487659454,0.0040669627487659454,0.0,0.10321938223205507,1e-06,2,0.004066942259669304,0.0040669627487659454,2.0954757928848267e-09,0.09915241948328912,0.09915241948328912,0.01705401623621583,0.017412280663847923,-0.00035826442763209343
development,val_L,D:\EV-TTT\adajepa_official_51d8665\artifacts\development\val_L_frozen_n3,pushobj_norm_envapi_v1,"[""s0_executed_mpc0"", ""s0_executed_mpc1""]",FROZEN,0,0,0,0,s0_history_mpc2,dev_valL_frozen_n3,0,1,L,2,terminal,10,g99_after,g99_after,g99_after,0.0,0.0,0.0,0.0895118173211813,1e-06,2,0.0,9.313225746154785e-10,1.1641532182693481e-09,0.0895118173211813,0.0895118173211813,0.01808719406835735,0.01724743563681841,0.0008397584315389395
development,val_L,D:\EV-TTT\adajepa_official_51d8665\artifacts\development\val_L_frozen_n3,pushobj_norm_envapi_v1,"[""s0_executed_mpc0"", ""s0_executed_mpc1"", ""s0_executed_mpc2""]",FROZEN,0,0,0,0,s0_history_mpc3,dev_valL_frozen_n3,0,1,L,3,terminal,10,g99_before,g24_before,g99_after,0.0029159877449274063,0.0029159891419112682,0.0,0.09282668679952621,1e-06,2,0.0029159877449274063,0.0029159891419112682,0.0,0.08991069905459881,0.08991069765761495,0.018091475125402212,0.014219583012163639,0.003871892113238573
development,val_L,D:\EV-TTT\adajepa_official_51d8665\artifacts\development\val_L_frozen_n3,pushobj_norm_envapi_v1,"[""s0_executed_mpc0"", ""s0_executed_mpc1"", ""s0_executed_mpc2"", ""s0_executed_mpc3""]",FROZEN,0,0,0,0,s0_history_mpc4,dev_valL_frozen_n3,0,1,L,4,terminal,10,g99_after,g24_before,g99_after,0.005280741956084967,0.005280741956084967,0.0,0.0705899428576231,1e-06,2,0.005280741956084967,0.005280745681375265,9.313225746154785e-10,0.06530920090153813,0.06530920090153813,0.021352106239646673,0.00662157591432333,0.014730530325323343
development,val_L,D:\EV-TTT\adajepa_official_51d8665\artifacts\development\val_L_frozen_n3,pushobj_norm_envapi_v1,"[""s0_executed_mpc0"", ""s0_executed_mpc1"", ""s0_executed_mpc2"", ""s0_executed_mpc3"", ""s0_executed_mpc4""]",FROZEN,0,0,0,0,s0_history_mpc5,dev_valL_frozen_n3,0,1,L,5,full_horizon,10,g99_after,g24_before,g99_after,6.788078462705016e-05,6.788078462705016e-05,0.0,0.002017091610468924,1e-06,2,6.788031896576285e-05,6.788078462705016e-05,3.4924596548080444e-10,0.0019492108258418739,0.0019492108258418739,0.0021761941025033593,0.0031632407917641103,-0.000987046689260751
development,val_L,D:\EV-TTT\adajepa_official_51d8665\artifacts\development\val_L_frozen_n3,pushobj_norm_envapi_v1,[],FROZEN,0,0,0,0,s1_history_mpc0,dev_valL_frozen_n3,1,101,L,0,terminal,10,g99_after,g49_after,g99_after,0.02501319721341133,0.02501319721341133,0.0,0.3410213477909565,1e-06,2,0.02501319721341133,0.02501334249973297,7.543712854385376e-08,0.31600815057754517,0.31600815057754517,2.962439727038145,3.27365468069911,-0.31121495366096497
development,val_L,D:\EV-TTT\adajepa_official_51d8665\artifacts\development\val_L_frozen_n3,pushobj_norm_envapi_v1,"[""s1_executed_mpc0""]",FROZEN,0,0,0,0,s1_history_mpc1,dev_valL_frozen_n3,1,101,L,1,terminal,10,g99_after,g24_before,g99_after,0.009916858747601509,0.009916858747601509,0.0,0.03540058061480522,1e-06,2,0.009916858747601509,0.009916899725794792,2.3283064365386963e-08,0.025483721867203712,0.025483721867203712,0.04992939345538616,0.06790776923298836,-0.017978375777602196
development,val_L,D:\EV-TTT\adajepa_official_51d8665\artifacts\development\val_L_frozen_n3,pushobj_norm_envapi_v1,"[""s1_executed_mpc0"", ""s1_executed_mpc1""]",FROZEN,0,0,0,0,s1_history_mpc2,dev_valL_frozen_n3,1,101,L,2,terminal,10,g99_after,g49_before,g99_after,0.008038859814405441,0.008038859814405441,0.0,0.0906008705496788,1e-06,2,0.008038841187953949,0.008038859814405441,8.381903171539307e-09,0.08256201073527336,0.08256201073527336,0.05361277237534523,0.0568307600915432,-0.0032179877161979675
development,val_L,D:\EV-TTT\adajepa_official_51d8665\artifacts\development\val_L_frozen_n3,pushobj_norm_envapi_v1,"[""s1_executed_mpc0"", ""s1_executed_mpc1"", ""s1_executed_mpc2""]",FROZEN,0,0,0,0,s1_history_mpc3,dev_valL_frozen_n3,1,101,L,3,terminal,10,g99_after,g24_after,g99_after,0.0064740171656012535,0.0064740171656012535,0.0,0.15161785017699003,1e-06,2,0.0064740171656012535,0.006474030204117298,9.313225746154785e-09,0.14514383301138878,0.14514383301138878,0.05370571278035641,0.05449283309280872,-0.0007871203124523163
development,val_L,D:\EV-TTT\adajepa_official_51d8665\artifacts\development\val_L_frozen_n3,pushobj_norm_envapi_v1,"[""s1_executed_mpc0"", ""s1_executed_mpc1"", ""s1_executed_mpc2"", ""s1_executed_mpc3""]",FROZEN,0,0,0,0,s1_history_mpc4,dev_valL_frozen_n3,1,101,L,4,terminal,10,g99_after,g24_after,g99_after,0.012078325264155865,0.012078325264155865,0.0,0.029154804535210133,1e-06,2,0.012078317813575268,0.012078325264155865,1.0710209608078003e-08,0.017076479271054268,0.017076479271054268,0.05424990924075246,0.05527021735906601,-0.001020308118313551
development,val_L,D:\EV-TTT\adajepa_official_51d8665\artifacts\development\val_L_frozen_n3,pushobj_norm_envapi_v1,"[""s1_executed_mpc0"", ""s1_executed_mpc1"", ""s1_executed_mpc2"", ""s1_executed_mpc3"", ""s1_executed_mpc4""]",FROZEN,0,0,0,0,s1_history_mpc5,dev_valL_frozen_n3,1,101,L,5,full_horizon,10,g99_after,g24_after,g99_after,0.01967818522825837,0.01967818522825837,0.0,0.04415807966142893,1e-06,2,0.01967818522825837,0.01967818522825837,2.561137080192566e-09,0.024479894433170557,0.024479894433170557,0.007490549702197313,-0.012437599711120129,0.019928149413317442
development,val_L,D:\EV-TTT\adajepa_official_51d8665\artifacts\development\val_L_frozen_n3,pushobj_norm_envapi_v1,[],FROZEN,0,0,0,0,s2_history_mpc0,dev_valL_frozen_n3,2,201,L,0,terminal,10,g99_after,g99_after,g99_after,0.0,0.0,0.0,0.10288976784795523,1e-06,2,0.0,1.862645149230957e-09,2.0954757928848267e-08,0.10288976784795523,0.10288976784795523,1.002483633812517,1.0276599526405334,-0.02517631882801652
development,val_L,D:\EV-TTT\adajepa_official_51d8665\artifacts\development\val_L_frozen_n3,pushobj_norm_envapi_v1,"[""s2_executed_mpc0""]",FROZEN,0,0,0,0,s2_history_mpc1,dev_valL_frozen_n3,2,201,L,1,terminal,10,g99_after,g49_before,g99_after,0.0018386049196124077,0.0018386049196124077,0.0,0.004860698711127043,1e-06,2,0.0018386049196124077,0.0018386095762252808,3.259629011154175e-09,0.003022093791514635,0.003022093791514635,0.03872555494308472,0.038714827969670296,1.0726973414421082e-05
development,val_L,D:\EV-TTT\adajepa_official_51d8665\artifacts\development\val_L_frozen_n3,pushobj_norm_envapi_v1,"[""s2_executed_mpc5"", ""s2_executed_mpc6"", ""s2_executed_mpc7"", ""s2_executed_mpc8"", ""s2_executed_mpc9""]",FROZEN,0,0,0,0,s2_history_mpc10,dev_valL_frozen_n3,2,201,L,10,full_horizon,10,g99_after,g49_after,g99_after,0.0003259119112044573,0.0003259119112044573,0.0,0.0012250504223629832,1e-06,2,0.00032590911723673344,0.0003259119112044573,4.656612873077393e-10,0.0008991385111585259,0.0008991385111585259,0.002583692781627178,0.002353251911699772,0.0002304408699274063
development,val_L,D:\EV-TTT\adajepa_official_51d8665\artifacts\development\val_L_frozen_n3,pushobj_norm_envapi_v1,"[""s2_executed_mpc6"", ""s2_executed_mpc7"", ""s2_executed_mpc8"", ""s2_executed_mpc9"", ""s2_executed_mpc10""]",FROZEN,0,0,0,0,s2_history_mpc11,dev_valL_frozen_n3,2,201,L,11,full_horizon,10,g99_after,g24_after,g99_after,0.0005986741743981838,0.0005986741743981838,0.0,0.0008923079585656524,1e-06,3,0.0005986737087368965,0.0006030509248375893,4.656612873077393e-10,0.00029363378416746855,0.00029363378416746855,0.0027655548183247447,0.0018970323726534843,0.0008685224456712604
development,val_L,D:\EV-TTT\adajepa_official_51d8665\artifacts\development\val_L_frozen_n3,pushobj_norm_envapi_v1,"[""s2_executed_mpc7"", ""s2_executed_mpc8"", ""s2_executed_mpc9"", ""s2_executed_mpc10"", ""s2_executed_mpc11""]",FROZEN,0,0,0,0,s2_history_mpc12,dev_valL_frozen_n3,2,201,L,12,full_horizon,10,g99_after,g24_after,g99_after,0.0006677736528217793,0.0006677736528217793,0.0,0.00108515121974051,1e-06,2,0.00066777179017663,0.0006677736528217793,2.3283064365386963e-10,0.00041737756691873074,0.00041737756691873074,0.0026219079736620188,0.0019939569756388664,0.0006279509980231524
development,val_L,D:\EV-TTT\adajepa_official_51d8665\artifacts\development\val_L_frozen_n3,pushobj_norm_envapi_v1,"[""s2_executed_mpc8"", ""s2_executed_mpc9"", ""s2_executed_mpc10"", ""s2_executed_mpc11"", ""s2_executed_mpc12""]",FROZEN,0,0,0,0,s2_history_mpc13,dev_valL_frozen_n3,2,201,L,13,full_horizon,10,g99_after,g49_before,g99_after,0.0005920538678765297,0.0005920538678765297,0.0,0.0010237202513962984,1e-06,2,0.0005920496769249439,0.0005920538678765297,4.656612873077393e-10,0.0004316663835197687,0.0004316663835197687,0.002650328795425594,0.0017530382610857487,0.0008972905343398452
development,val_L,D:\EV-TTT\adajepa_official_51d8665\artifacts\development\val_L_frozen_n3,pushobj_norm_envapi_v1,"[""s2_executed_mpc9"", ""s2_executed_mpc10"", ""s2_executed_mpc11"", ""s2_executed_mpc12"", ""s2_executed_mpc13""]",FROZEN,0,0,0,0,s2_history_mpc14,dev_valL_frozen_n3,2,201,L,14,full_horizon,10,g99_after,g24_after,g99_after,0.0007075839675962925,0.0007075839675962925,0.0,0.0010338114807382226,1e-06,3,0.0007075811736285686,0.0007817018777132034,4.656612873077393e-10,0.0003262275131419301,0.0003262275131419301,0.002737058326601982,0.0019841529428958893,0.0007529053837060928
development,val_L,D:\EV-TTT\adajepa_official_51d8665\artifacts\development\val_L_frozen_n3,pushobj_norm_envapi_v1,"[""s2_executed_mpc10"", ""s2_executed_mpc11"", ""s2_executed_mpc12"", ""s2_executed_mpc13"", ""s2_executed_mpc14""]",FROZEN,0,0,0,0,s2_history_mpc15,dev_valL_frozen_n3,2,201,L,15,full_horizon,10,g99_after,g24_after,g99_after,0.0005587455816566944,0.0005587455816566944,0.0,0.0010682980064302683,1e-06,2,0.000558741856366396,0.0005587455816566944,5.820766091346741e-10,0.0005095524247735739,0.0005095524247735739,0.0026230611838400364,0.001989563461393118,0.0006334977224469185
development,val_L,D:\EV-TTT\adajepa_official_51d8665\artifacts\development\val_L_frozen_n3,pushobj_norm_envapi_v1,"[""s2_executed_mpc11"", ""s2_executed_mpc12"", ""s2_executed_mpc13"", ""s2_executed_mpc14"", ""s2_executed_mpc15""]",FROZEN,0,0,0,0,s2_history_mpc16,dev_valL_frozen_n3,2,201,L,16,full_horizon,10,g99_after,g24_after,g99_after,0.000607319176197052,0.000607319176197052,0.0,0.001107501913793385,1e-06,3,0.0005246908403933048,0.000607319176197052,3.4924596548080444e-10,0.000500182737596333,0.000500182737596333,0.002733340603299439,0.001625838689506054,0.001107501913793385
development,val_L,D:\EV-TTT\adajepa_official_51d8665\artifacts\development\val_L_frozen_n3,pushobj_norm_envapi_v1,"[""s2_executed_mpc12"", ""s2_executed_mpc13"", ""s2_executed_mpc14"", ""s2_executed_mpc15"", ""s2_executed_mpc16""]",FROZEN,0,0,0,0,s2_history_mpc17,dev_valL_frozen_n3,2,201,L,17,full_horizon,10,g99_after,g24_after,g99_after,0.0005431829486042261,0.0005431829486042261,0.0,0.0010823904303833842,1e-06,2,0.000543179688975215,0.0005431829486042261,2.3283064365386963e-10,0.0005392074817791581,0.0005392074817791581,0.0026176387909799814,0.0020142747089266777,0.0006033640820533037
development,val_L,D:\EV-TTT\adajepa_official_51d8665\artifacts\development\val_L_frozen_n3,pushobj_norm_envapi_v1,"[""s2_executed_mpc13"", ""s2_executed_mpc14"", ""s2_executed_mpc15"", ""s2_executed_mpc16"", ""s2_executed_mpc17""]",FROZEN,0,0,0,0,s2_history_mpc18,dev_valL_frozen_n3,2,201,L,18,full_horizon,10,g99_before,g24_after,g99_after,0.0005624804180115461,0.0005624846089631319,1.1641532182693481e-10,0.0009778413223102689,1e-06,2,0.0005624804180115461,0.0005624846089631319,1.1641532182693481e-10,0.00041536090429872274,0.0004153568297624588,0.002645956934429705,0.0017904848791658878,0.0008554720552638173
development,val_L,D:\EV-TTT\adajepa_official_51d8665\artifacts\development\val_L_frozen_n3,pushobj_norm_envapi_v1,"[""s2_executed_mpc14"", ""s2_executed_mpc15"", ""s2_executed_mpc16"", ""s2_executed_mpc17"", ""s2_executed_mpc18""]",FROZEN,0,0,0,0,s2_history_mpc19,dev_valL_frozen_n3,2,201,L,19,full_horizon,10,g99_before,g24_after,g99_after,0.0005946159362792969,0.0005946177989244461,1.1641532182693481e-10,0.0009078693110495806,1e-06,3,0.0005946159362792969,0.0006451848894357681,1.1641532182693481e-10,0.0003132533747702837,0.0003132516285404563,0.002735273796133697,0.0019621308892965317,0.0007731429068371654
development,val_L,D:\EV-TTT\adajepa_official_51d8665\artifacts\development\val_L_frozen_n3,pushobj_norm_envapi_v1,"[""s2_executed_mpc0"", ""s2_executed_mpc1""]",FROZEN,0,0,0,0,s2_history_mpc2,dev_valL_frozen_n3,2,201,L,2,terminal,10,g99_after,g99_before,g99_after,9.313225746154785e-10,9.313225746154785e-10,0.0,0.032217398285865784,1e-06,2,0.0,9.313225746154785e-10,2.3283064365386963e-09,0.03221739735454321,0.03221739735454321,0.03695770213380456,0.02725638495758176,0.009701317176222801
development,val_L,D:\EV-TTT\adajepa_official_51d8665\artifacts\development\val_L_frozen_n3,pushobj_norm_envapi_v1,"[""s2_executed_mpc0"", ""s2_executed_mpc1"", ""s2_executed_mpc2""]",FROZEN,0,0,0,0,s2_history_mpc3,dev_valL_frozen_n3,2,201,L,3,terminal,10,g99_after,g24_before,g99_after,0.014816985465586185,0.014816985465586185,0.0,0.08483097702264786,1e-06,2,0.014816985465586185,0.014816985465586185,4.6566128730773926e-09,0.07001399155706167,0.07001399155706167,0.03560261847451329,0.0034452006220817566,0.032157417852431536
development,val_L,D:\EV-TTT\adajepa_official_51d8665\artifacts\development\val_L_frozen_n3,pushobj_norm_envapi_v1,"[""s2_executed_mpc0"", ""s2_executed_mpc1"", ""s2_executed_mpc2"", ""s2_executed_mpc3""]",FROZEN,0,0,0,0,s2_history_mpc4,dev_valL_frozen_n3,2,201,L,4,terminal,10,g99_after,g24_after,g99_after,0.0027571730315685272,0.0027571730315685272,0.0,0.024726063013076782,1e-06,2,0.0027571693062782288,0.0027571730315685272,1.0710209608078003e-08,0.021968889981508255,0.021968889981508255,0.036531423684209585,0.018500085920095444,0.01803133776411414
development,val_L,D:\EV-TTT\adajepa_official_51d8665\artifacts\development\val_L_frozen_n3,pushobj_norm_envapi_v1,"[""s2_executed_mpc0"", ""s2_executed_mpc1"", ""s2_executed_mpc2"", ""s2_executed_mpc3"", ""s2_executed_mpc4""]",FROZEN,0,0,0,0,s2_history_mpc5,dev_valL_frozen_n3,2,201,L,5,full_horizon,10,g99_after,g0_after,g99_after,0.0011173603124916553,0.0011173603124916553,0.0,0.007550858426839113,1e-06,2,0.0011173579841852188,0.0011173603124916553,5.820766091346741e-10,0.006433498114347458,0.006433498114347458,0.0031946696108207107,0.003657231107354164,-0.00046256149653345346
development,val_L,D:\EV-TTT\adajepa_official_51d8665\artifacts\development\val_L_frozen_n3,pushobj_norm_envapi_v1,"[""s2_executed_mpc1"", ""s2_executed_mpc2"", ""s2_executed_mpc3"", ""s2_executed_mpc4"", ""s2_executed_mpc5""]",FROZEN,0,0,0,0,s2_history_mpc6,dev_valL_frozen_n3,2,201,L,6,full_horizon,10,g99_after,g24_after,g99_after,0.0005574165843427181,0.0005574165843427181,0.0,0.0008718091994524002,1e-06,2,0.0005574142560362816,0.0005574165843427181,8.149072527885437e-10,0.0003143926151096821,0.0003143926151096821,0.0026713922852650285,0.0021331137977540493,0.0005382784875109792
development,val_L,D:\EV-TTT\adajepa_official_51d8665\artifacts\development\val_L_frozen_n3,pushobj_norm_envapi_v1,"[""s2_executed_mpc2"", ""s2_executed_mpc3"", ""s2_executed_mpc4"", ""s2_executed_mpc5"", ""s2_executed_mpc6""]",FROZEN,0,0,0,0,s2_history_mpc7,dev_valL_frozen_n3,2,201,L,7,full_horizon,10,g99_after,g24_after,g99_after,0.000618733698502183,0.000618733698502183,0.0,0.0009263289393857121,1e-06,2,0.0006187304388731718,0.000618733698502183,6.984919309616089e-10,0.0003075952408835292,0.0003075952408835292,0.002632318646647036,0.002025353256613016,0.00060696539003402
development,val_L,D:\EV-TTT\adajepa_official_51d8665\artifacts\development\val_L_frozen_n3,pushobj_norm_envapi_v1,"[""s2_executed_mpc3"", ""s2_executed_mpc4"", ""s2_executed_mpc5"", ""s2_executed_mpc6"", ""s2_executed_mpc7""]",FROZEN,0,0,0,0,s2_history_mpc8,dev_valL_frozen_n3,2,201,L,8,full_horizon,10,g99_after,g24_after,g99_after,0.0004201754927635193,0.0004201754927635193,0.0,0.001126261311583221,1e-06,2,0.0004201717674732208,0.0004201754927635193,3.4924596548080444e-10,0.0007060858188197017,0.0007060858188197017,0.002611690550111234,0.0019093812443315983,0.0007023093057796359
development,val_L,D:\EV-TTT\adajepa_official_51d8665\artifacts\development\val_L_frozen_n3,pushobj_norm_envapi_v1,"[""s2_executed_mpc4"", ""s2_executed_mpc5"", ""s2_executed_mpc6"", ""s2_executed_mpc7"", ""s2_executed_mpc8""]",FROZEN,0,0,0,0,s2_history_mpc9,dev_valL_frozen_n3,2,201,L,9,full_horizon,10,g99_before,g24_after,g99_after,0.0005804363172501326,0.0005804395768791437,0.0,0.0008354379096999764,1e-06,3,0.0005495005752891302,0.0005804395768791437,0.0,0.0002550015924498439,0.00025499833282083273,0.0027304752729833126,0.0019280784763395786,0.000802396796643734
development,val_L,D:\EV-TTT\adajepa_official_51d8665\artifacts\development\val_L_official_n3,pushobj_norm_envapi_v1,[],OFFICIAL_ADAJEPA,0,0,0,0,s0_history_mpc0,dev_valL_official_n3,0,1,L,0,terminal,10,g99_after,g49_before,g99_after,0.031846921890974045,0.031846921890974045,0.0,0.17925898730754852,1e-06,2,0.03184691071510315,0.031846921890974045,9.872019290924072e-08,0.14741206541657448,0.14741206541657448,3.441590817645192,3.541346576064825,-0.09975575841963291
development,val_L,D:\EV-TTT\adajepa_official_51d8665\artifacts\development\val_L_official_n3,pushobj_norm_envapi_v1,"[""s0_executed_mpc0""]",OFFICIAL_ADAJEPA,1,1,0,1,s0_history_mpc1,dev_valL_official_n3,0,1,L,1,terminal,10,g99_after,g74_after,g99_after,0.0004603331908583641,0.0004603331908583641,0.0,1.4298444641754031,1e-06,2,0.0004603210836648941,0.0004603331908583641,2.3283064365386963e-10,1.4293841309845448,1.4293841309845448,0.01887654117308557,0.030984148383140564,-0.012107607210054994
development,val_L,D:\EV-TTT\adajepa_official_51d8665\artifacts\development\val_L_official_n3,pushobj_norm_envapi_v1,"[""s0_executed_mpc0"", ""s0_executed_mpc1""]",OFFICIAL_ADAJEPA,2,2,0,2,s0_history_mpc2,dev_valL_official_n3,0,1,L,2,terminal,10,g99_after,g24_before,g99_after,0.005424681585282087,0.005424681585282087,0.0,0.08818203629925847,1e-06,2,0.005424681585282087,0.005424693692475557,1.6298145055770874e-09,0.08275735471397638,0.08275735471397638,0.017967018531635404,0.012688837014138699,0.005278181517496705
development,val_L,D:\EV-TTT\adajepa_official_51d8665\artifacts\development\val_L_official_n3,pushobj_norm_envapi_v1,"[""s0_executed_mpc0"", ""s0_executed_mpc1"", ""s0_executed_mpc2""]",OFFICIAL_ADAJEPA,3,3,0,3,s0_history_mpc3,dev_valL_official_n3,0,1,L,3,terminal,10,g99_after,g24_before,g99_after,0.0052795507945120335,0.0052795507945120335,0.0,0.07284730300307274,1e-06,2,0.0052795507945120335,0.005279563833028078,5.587935447692871e-09,0.0675677522085607,0.0675677522085607,0.01947837765328586,0.00903343502432108,0.010444942628964782
development,val_L,D:\EV-TTT\adajepa_official_51d8665\artifacts\development\val_L_official_n3,pushobj_norm_envapi_v1,"[""s0_executed_mpc0"", ""s0_executed_mpc1"", ""s0_executed_mpc2"", ""s0_executed_mpc3""]",OFFICIAL_ADAJEPA,4,4,0,4,s0_history_mpc4,dev_valL_official_n3,0,1,L,4,terminal,10,g99_after,g24_before,g99_after,0.006192678585648537,0.006192678585648537,0.0,0.05499991588294506,1e-06,2,0.006192678585648537,0.006192684173583984,6.984919309616089e-10,0.048807237297296524,0.048807237297296524,0.020272962981835008,0.0043365005403757095,0.015936462441459298
development,val_L,D:\EV-TTT\adajepa_official_51d8665\artifacts\development\val_L_official_n3,pushobj_norm_envapi_v1,"[""s0_executed_mpc0"", ""s0_executed_mpc1"", ""s0_executed_mpc2"", ""s0_executed_mpc3"", ""s0_executed_mpc4""]",OFFICIAL_ADAJEPA,5,5,0,5,s0_history_mpc5,dev_valL_official_n3,0,1,L,5,full_horizon,10,g99_after,g24_before,g99_after,0.00014476844808086753,0.00014476844808086753,0.0,0.0032636774121783674,1e-06,2,0.0001447679242119193,0.00014476844808086753,2.9103830456733704e-10,0.0031189089640975,0.0031189089640975,0.0027035276289097965,0.0034072070848196745,-0.000703679455909878
development,val_L,D:\EV-TTT\adajepa_official_51d8665\artifacts\development\val_L_official_n3,pushobj_norm_envapi_v1,[],OFFICIAL_ADAJEPA,0,0,0,0,s1_history_mpc0,dev_valL_official_n3,1,101,L,0,terminal,10,g99_after,g49_after,g99_after,0.02501319721341133,0.02501319721341133,0.0,0.3410213477909565,1e-06,2,0.02501319721341133,0.02501334249973297,7.543712854385376e-08,0.31600815057754517,0.31600815057754517,2.962439727038145,3.27365468069911,-0.31121495366096497
development,val_L,D:\EV-TTT\adajepa_official_51d8665\artifacts\development\val_L_official_n3,pushobj_norm_envapi_v1,"[""s1_executed_mpc0""]",OFFICIAL_ADAJEPA,1,1,0,1,s1_history_mpc1,dev_valL_official_n3,1,101,L,1,terminal,10,g99_after,g49_before,g99_after,0.008188454434275627,0.008188454434275627,0.0,0.030426841229200363,1e-06,2,0.008188454434275627,0.008188458159565926,7.450580596923828e-09,0.022238386794924736,0.022238386794924736,0.049075647722929716,0.06517652049660683,-0.01610087277367711
development,val_L,D:\EV-TTT\adajepa_official_51d8665\artifacts\development\val_L_official_n3,pushobj_norm_envapi_v1,"[""s1_executed_mpc0"", ""s1_executed_mpc1""]",OFFICIAL_ADAJEPA,2,2,0,2,s1_history_mpc2,dev_valL_official_n3,1,101,L,2,terminal,10,g99_after,g24_before,g99_after,0.0022416538558900356,0.0022416538558900356,0.0,0.34208207996562123,1e-06,2,0.0022416366264224052,0.0022416538558900356,7.450580596923828e-09,0.3398404261097312,0.3398404261097312,0.05290623567998409,0.0764435981400311,-0.023537362460047007
development,val_L,D:\EV-TTT\adajepa_official_51d8665\artifacts\development\val_L_official_n3,pushobj_norm_envapi_v1,"[""s1_executed_mpc0"", ""s1_executed_mpc1"", ""s1_executed_mpc2""]",OFFICIAL_ADAJEPA,3,3,0,3,s1_history_mpc3,dev_valL_official_n3,1,101,L,3,terminal,10,g99_after,g24_before,g99_after,0.016912223771214485,0.016912223771214485,0.0,0.13654663879424334,1e-06,2,0.016912223771214485,0.01691223867237568,1.4435499906539917e-08,0.11963441502302885,0.11963441502302885,0.05314966104924679,0.03687572851777077,0.01627393253147602
development,val_L,D:\EV-TTT\adajepa_official_51d8665\artifacts\development\val_L_official_n3,pushobj_norm_envapi_v1,"[""s1_executed_mpc0"", ""s1_executed_mpc1"", ""s1_executed_mpc2"", ""s1_executed_mpc3""]",OFFICIAL_ADAJEPA,4,4,0,4,s1_history_mpc4,dev_valL_official_n3,1,101,L,4,terminal,10,g99_after,g99_after,g99_after,0.0,0.0,0.0,0.007449946831911802,1e-06,2,0.0,4.190951585769653e-09,8.847564458847046e-09,0.007449946831911802,0.007449946831911802,0.05022651283070445,0.056369723752141,-0.006143210921436548
development,val_L,D:\EV-TTT\adajepa_official_51d8665\artifacts\development\val_L_official_n3,pushobj_norm_envapi_v1,"[""s1_executed_mpc0"", ""s1_executed_mpc1"", ""s1_executed_mpc2"", ""s1_executed_mpc3"", ""s1_executed_mpc4""]",OFFICIAL_ADAJEPA,5,5,0,5,s1_history_mpc5,dev_valL_official_n3,1,101,L,5,full_horizon,10,g99_after,g24_after,g99_after,0.004925384186208248,0.004925384186208248,0.0,0.02449211524799466,1e-06,2,0.004925384186208248,0.004925385117530823,1.3969838619232178e-09,0.019566731061786413,0.019566731061786413,0.0077137029729783535,0.002556798979640007,0.0051569039933383465
development,val_L,D:\EV-TTT\adajepa_official_51d8665\artifacts\development\val_L_official_n3,pushobj_norm_envapi_v1,[],OFFICIAL_ADAJEPA,0,0,0,0,s2_history_mpc0,dev_valL_official_n3,2,201,L,0,terminal,10,g99_after,g99_after,g99_after,0.0,0.0,0.0,0.10288976784795523,1e-06,2,0.0,1.862645149230957e-09,2.0954757928848267e-08,0.10288976784795523,0.10288976784795523,1.002483633812517,1.0276599526405334,-0.02517631882801652
development,val_L,D:\EV-TTT\adajepa_official_51d8665\artifacts\development\val_L_official_n3,pushobj_norm_envapi_v1,"[""s2_executed_mpc0""]",OFFICIAL_ADAJEPA,1,1,0,1,s2_history_mpc1,dev_valL_official_n3,2,201,L,1,terminal,10,g99_after,g24_before,g99_after,0.002329358598217368,0.002329358598217368,0.0,0.030150858452543616,1e-06,2,0.002329358598217368,0.002329364651814103,9.313225746154785e-10,0.027821499854326248,0.027821499854326248,0.045438251458108425,0.04325882066041231,0.0021794307976961136
development,val_L,D:\EV-TTT\adajepa_official_51d8665\artifacts\development\val_L_official_n3,pushobj_norm_envapi_v1,"[""s2_executed_mpc0"", ""s2_executed_mpc1""]",OFFICIAL_ADAJEPA,2,2,0,2,s2_history_mpc2,dev_valL_official_n3,2,201,L,2,terminal,10,g99_after,g49_before,g99_after,0.002216137945652008,0.002216137945652008,0.0,0.08135783113539219,1e-06,2,0.002216137945652008,0.0022161565721035004,1.3969838619232178e-09,0.07914169318974018,0.07914169318974018,0.04029653687030077,0.010051216930150986,0.030245319940149784
development,val_L,D:\EV-TTT\adajepa_official_51d8665\artifacts\development\val_L_official_n3,pushobj_norm_envapi_v1,"[""s2_executed_mpc0"", ""s2_executed_mpc1"", ""s2_executed_mpc2""]",OFFICIAL_ADAJEPA,3,3,0,3,s2_history_mpc3,dev_valL_official_n3,2,201,L,3,terminal,10,g99_after,g24_before,g99_after,0.03142325673252344,0.03142325673252344,0.0,0.142196130938828,1e-06,2,0.03142323810607195,0.03142325673252344,7.450580596923828e-09,0.11077287420630455,0.11077287420630455,0.032357838936150074,-0.0014714822173118591,0.03382932115346193
development,val_L,D:\EV-TTT\adajepa_official_51d8665\artifacts\development\val_L_official_n3,pushobj_norm_envapi_v1,"[""s2_executed_mpc0"", ""s2_executed_mpc1"", ""s2_executed_mpc2"", ""s2_executed_mpc3""]",OFFICIAL_ADAJEPA,4,4,0,4,s2_history_mpc4,dev_valL_official_n3,2,201,L,4,terminal,10,g99_after,g24_after,g99_after,0.009068682789802551,0.009068682789802551,0.0,0.056982201524078846,1e-06,2,0.009068682789802551,0.009068705141544342,4.190951585769653e-09,0.047913518734276295,0.047913518734276295,0.04210070287808776,-0.004730328917503357,0.046831031795591116
development,val_L,D:\EV-TTT\adajepa_official_51d8665\artifacts\development\val_L_official_n3,pushobj_norm_envapi_v1,"[""s2_executed_mpc0"", ""s2_executed_mpc1"", ""s2_executed_mpc2"", ""s2_executed_mpc3"", ""s2_executed_mpc4""]",OFFICIAL_ADAJEPA,5,5,0,5,s2_history_mpc5,dev_valL_official_n3,2,201,L,5,full_horizon,10,g99_after,g0_after,g99_after,0.0001421659253537655,0.0001421659253537655,0.0,0.01468562288209796,1e-06,2,0.0001421659253537655,0.0001421663910150528,1.862645149230957e-09,0.014543456956744194,0.014543456956744194,0.004289529751986265,0.010869925376027822,-0.006580395624041557
development,val_L,D:\EV-TTT\adajepa_official_51d8665\artifacts\development\val_L_official_n3,pushobj_norm_envapi_v1,"[""s2_executed_mpc1"", ""s2_executed_mpc2"", ""s2_executed_mpc3"", ""s2_executed_mpc4"", ""s2_executed_mpc5""]",OFFICIAL_ADAJEPA,6,6,0,6,s2_history_mpc6,dev_valL_official_n3,2,201,L,6,full_horizon,10,g99_after,g0_after,g99_after,0.0007866993546485901,0.0007866993546485901,0.0,0.006887100171297789,1e-06,2,0.0007866993546485901,0.0007867002859711647,3.4924596548080444e-10,0.0061004008166491985,0.0061004008166491985,0.0029298134613782167,0.002864781767129898,6.503169424831867e-05
development,val_L,D:\EV-TTT\adajepa_official_51d8665\artifacts\development\val_L_official_n3,pushobj_norm_envapi_v1,"[""s2_executed_mpc2"", ""s2_executed_mpc3"", ""s2_executed_mpc4"", ""s2_executed_mpc5"", ""s2_executed_mpc6""]",OFFICIAL_ADAJEPA,7,7,0,7,s2_history_mpc7,dev_valL_official_n3,2,201,L,7,full_horizon,10,g99_after,g49_before,g99_after,0.00020327046513557434,0.00020327046513557434,0.0,0.004432301502674818,1e-06,2,0.00020327046513557434,0.00020327151287347078,5.820766091346741e-10,0.004229031037539244,0.004229031037539244,0.0038775806315243244,0.005506430403329432,-0.0016288497718051076
development,val_L,D:\EV-TTT\adajepa_official_51d8665\artifacts\development\val_L_official_n3,pushobj_norm_envapi_v1,"[""s2_executed_mpc3"", ""s2_executed_mpc4"", ""s2_executed_mpc5"", ""s2_executed_mpc6"", ""s2_executed_mpc7""]",OFFICIAL_ADAJEPA,8,8,0,8,s2_history_mpc8,dev_valL_official_n3,2,201,L,8,full_horizon,10,g99_after,g99_before,g99_after,2.9103830456733704e-10,2.9103830456733704e-10,0.0,0.0007957411580719054,1e-06,3,0.0,2.6164110749959946e-05,1.1641532182693481e-10,0.0007957408670336008,0.0007957408670336008,0.003934491309337318,0.003263062098994851,0.0006714292103424668
development,val_L,D:\EV-TTT\adajepa_official_51d8665\artifacts\development\val_L_predictor_only_n3,pushobj_norm_envapi_v1,[],PREDICTOR_ONLY,0,0,0,0,s0_history_mpc0,dev_valL_predictor_only_n3,0,1,L,0,terminal,10,g99_after,g49_before,g99_after,0.031846921890974045,0.031846921890974045,0.0,0.17925898730754852,1e-06,2,0.03184691071510315,0.031846921890974045,9.872019290924072e-08,0.14741206541657448,0.14741206541657448,3.441590817645192,3.541346576064825,-0.09975575841963291
development,val_L,D:\EV-TTT\adajepa_official_51d8665\artifacts\development\val_L_predictor_only_n3,pushobj_norm_envapi_v1,"[""s0_executed_mpc0""]",PREDICTOR_ONLY,0,1,0,1,s0_history_mpc1,dev_valL_predictor_only_n3,0,1,L,1,terminal,10,g99_after,g99_before,g99_after,2.3283064365386963e-08,2.3283064365386963e-08,0.0,1.4187953104265034,1e-06,2,0.0,2.3283064365386963e-08,4.190951585769653e-09,1.418795287143439,1.418795287143439,0.01776589546352625,0.02783942222595215,-0.0100735267624259
development,val_L,D:\EV-TTT\adajepa_official_51d8665\artifacts\development\val_L_predictor_only_n3,pushobj_norm_envapi_v1,"[""s0_executed_mpc0"", ""s0_executed_mpc1""]",PREDICTOR_ONLY,0,2,0,2,s0_history_mpc2,dev_valL_predictor_only_n3,0,1,L,2,terminal,10,g99_after,g24_before,g99_after,0.003460514359176159,0.003460514359176159,0.0,0.09194850502535701,1e-06,2,0.0034605059772729874,0.003460514359176159,1.3969838619232178e-09,0.08848799066618085,0.08848799066618085,0.017637708922848105,0.018379615619778633,-0.0007419066969305277
development,val_L,D:\EV-TTT\adajepa_official_51d8665\artifacts\development\val_L_predictor_only_n3,pushobj_norm_envapi_v1,"[""s0_executed_mpc0"", ""s0_executed_mpc1"", ""s0_executed_mpc2""]",PREDICTOR_ONLY,0,3,0,3,s0_history_mpc3,dev_valL_predictor_only_n3,0,1,L,3,terminal,10,g99_after,g24_after,g99_after,0.003049031365662813,0.003049031365662813,0.0,0.056462520733475685,1e-06,2,0.0030490257777273655,0.003049031365662813,3.4924596548080444e-09,0.05341348936781287,0.05341348936781287,0.0182025374379009,0.012647109106183052,0.005555428331717849
development,val_L,D:\EV-TTT\adajepa_official_51d8665\artifacts\development\val_L_predictor_only_n3,pushobj_norm_envapi_v1,"[""s0_executed_mpc0"", ""s0_executed_mpc1"", ""s0_executed_mpc2"", ""s0_executed_mpc3""]",PREDICTOR_ONLY,0,4,0,4,s0_history_mpc4,dev_valL_predictor_only_n3,0,1,L,4,terminal,10,g99_before,g24_before,g99_after,0.004393706098198891,0.004393709823489189,0.0,0.04370870441198349,1e-06,2,0.004393706098198891,0.004393709823489189,0.0,0.0393149983137846,0.0393149945884943,0.024441783549264073,-4.30084764957428e-05,0.024484792025759816
development,val_L,D:\EV-TTT\adajepa_official_51d8665\artifacts\development\val_L_predictor_only_n3,pushobj_norm_envapi_v1,"[""s0_executed_mpc0"", ""s0_executed_mpc1"", ""s0_executed_mpc2"", ""s0_executed_mpc3"", ""s0_executed_mpc4""]",PREDICTOR_ONLY,0,5,0,5,s0_history_mpc5,dev_valL_predictor_only_n3,0,1,L,5,full_horizon,10,g99_after,g49_after,g99_after,0.0002168279024772346,0.0002168279024772346,0.0,0.003160545660648495,1e-06,2,0.00021682778606191278,0.0002168279024772346,5.238689482212067e-10,0.0029437177581712604,0.0029437177581712604,0.0029161498532630503,0.0033843506244011223,-0.000468200771138072
development,val_L,D:\EV-TTT\adajepa_official_51d8665\artifacts\development\val_L_predictor_only_n3,pushobj_norm_envapi_v1,[],PREDICTOR_ONLY,0,0,0,0,s1_history_mpc0,dev_valL_predictor_only_n3,1,101,L,0,terminal,10,g99_after,g49_after,g99_after,0.02501319721341133,0.02501319721341133,0.0,0.3410213477909565,1e-06,2,0.02501319721341133,0.02501334249973297,7.543712854385376e-08,0.31600815057754517,0.31600815057754517,2.962439727038145,3.27365468069911,-0.31121495366096497
development,val_L,D:\EV-TTT\adajepa_official_51d8665\artifacts\development\val_L_predictor_only_n3,pushobj_norm_envapi_v1,"[""s1_executed_mpc0""]",PREDICTOR_ONLY,0,1,0,1,s1_history_mpc1,dev_valL_predictor_only_n3,1,101,L,1,terminal,10,g99_after,g24_before,g99_after,0.017152175307273865,0.017152175307273865,0.0,0.03446504287421703,1e-06,2,0.017152145504951477,0.017152175307273865,9.313225746154785e-09,0.01731286756694317,0.01731286756694317,0.048742064740508795,0.06439464539289474,-0.01565258065238595
development,val_L,D:\EV-TTT\adajepa_official_51d8665\artifacts\development\val_L_predictor_only_n3,pushobj_norm_envapi_v1,"[""s1_executed_mpc0"", ""s1_executed_mpc1""]",PREDICTOR_ONLY,0,2,0,2,s1_history_mpc2,dev_valL_predictor_only_n3,1,101,L,2,terminal,10,g99_after,g74_before,g99_after,0.0005527683533728123,0.0005527683533728123,0.0,0.37646913062781096,1e-06,2,0.0005527650937438011,0.0005527683533728123,5.587935447692871e-09,0.37591636227443814,0.37591636227443814,0.05376920010894537,0.07397676212713122,-0.020207562018185854
development,val_L,D:\EV-TTT\adajepa_official_51d8665\artifacts\development\val_L_predictor_only_n3,pushobj_norm_envapi_v1,"[""s1_executed_mpc0"", ""s1_executed_mpc1"", ""s1_executed_mpc2""]",PREDICTOR_ONLY,0,3,0,3,s1_history_mpc3,dev_valL_predictor_only_n3,1,101,L,3,terminal,10,g99_after,g24_after,g99_after,0.0036360379308462143,0.0036360379308462143,0.0,0.1234198547899723,1e-06,2,0.0036360379308462143,0.003636058419942856,8.847564458847046e-09,0.11978381685912609,0.11978381685912609,0.051505557261407375,0.050759438425302505,0.0007461188361048698
development,val_L,D:\EV-TTT\adajepa_official_51d8665\artifacts\development\val_L_predictor_only_n3,pushobj_norm_envapi_v1,"[""s1_executed_mpc0"", ""s1_executed_mpc1"", ""s1_executed_mpc2"", ""s1_executed_mpc3""]",PREDICTOR_ONLY,0,4,0,4,s1_history_mpc4,dev_valL_predictor_only_n3,1,101,L,4,terminal,10,g99_after,g49_before,g99_after,0.006524983793497086,0.006524983793497086,0.0,0.6614408921450377,1e-06,2,0.006524983793497086,0.006524993106722832,7.916241884231567e-09,0.6549159083515406,0.6549159083515406,0.048528021201491356,0.048821089789271355,-0.0002930685877799988
development,val_L,D:\EV-TTT\adajepa_official_51d8665\artifacts\development\val_L_predictor_only_n3,pushobj_norm_envapi_v1,"[""s1_executed_mpc0"", ""s1_executed_mpc1"", ""s1_executed_mpc2"", ""s1_executed_mpc3"", ""s1_executed_mpc4""]",PREDICTOR_ONLY,0,5,0,5,s1_history_mpc5,dev_valL_predictor_only_n3,1,101,L,5,full_horizon,10,g99_after,g24_after,g99_after,0.0010396428406238556,0.0010396428406238556,0.0,0.06272141681984067,1e-06,2,0.0010396428406238556,0.0010396451689302921,2.561137080192566e-09,0.061681773979216814,0.061681773979216814,0.007951272185891867,0.0068456921726465225,0.0011055800132453442
development,val_L,D:\EV-TTT\adajepa_official_51d8665\artifacts\development\val_L_predictor_only_n3,pushobj_norm_envapi_v1,[],PREDICTOR_ONLY,0,0,0,0,s2_history_mpc0,dev_valL_predictor_only_n3,2,201,L,0,terminal,10,g99_after,g99_after,g99_after,0.0,0.0,0.0,0.10288976784795523,1e-06,2,0.0,1.862645149230957e-09,2.0954757928848267e-08,0.10288976784795523,0.10288976784795523,1.002483633812517,1.0276599526405334,-0.02517631882801652
development,val_L,D:\EV-TTT\adajepa_official_51d8665\artifacts\development\val_L_predictor_only_n3,pushobj_norm_envapi_v1,"[""s2_executed_mpc0""]",PREDICTOR_ONLY,0,1,0,1,s2_history_mpc1,dev_valL_predictor_only_n3,2,201,L,1,terminal,10,g99_before,g49_after,g99_after,0.0010950828436762094,0.0010950781870633364,4.656612873077393e-10,0.025840759743005037,1e-06,2,0.0010950781870633364,0.0010950828436762094,4.656612873077393e-10,0.024745676899328828,0.024745682021602988,0.04374981019645929,0.04446540866047144,-0.000715598464012146
development,val_L,D:\EV-TTT\adajepa_official_51d8665\artifacts\development\val_L_predictor_only_n3,pushobj_norm_envapi_v1,"[""s2_executed_mpc0"", ""s2_executed_mpc1""]",PREDICTOR_ONLY,0,2,0,2,s2_history_mpc2,dev_valL_predictor_only_n3,2,201,L,2,terminal,10,g99_after,g49_before,g99_after,0.0006290944293141365,0.0006290944293141365,0.0,0.07124102860689163,1e-06,2,0.0006290897727012634,0.0006290944293141365,1.862645149230957e-09,0.0706119341775775,0.0706119341775775,0.038910599425435066,0.015406916849315166,0.0235036825761199
development,val_L,D:\EV-TTT\adajepa_official_51d8665\artifacts\development\val_L_predictor_only_n3,pushobj_norm_envapi_v1,"[""s2_executed_mpc0"", ""s2_executed_mpc1"", ""s2_executed_mpc2""]",PREDICTOR_ONLY,0,3,0,3,s2_history_mpc3,dev_valL_predictor_only_n3,2,201,L,3,terminal,10,g99_before,g49_before,g99_after,0.004818927496671677,0.004818923771381378,0.0,0.06821125000715256,1e-06,2,0.004818923771381378,0.004818927496671677,0.0,0.06339232251048088,0.06339232623577118,0.03213801560923457,0.012075694277882576,0.020062321331351995
development,val_L,D:\EV-TTT\adajepa_official_51d8665\artifacts\development\val_L_predictor_only_n3,pushobj_norm_envapi_v1,"[""s2_executed_mpc0"", ""s2_executed_mpc1"", ""s2_executed_mpc2"", ""s2_executed_mpc3""]",PREDICTOR_ONLY,0,4,0,4,s2_history_mpc4,dev_valL_predictor_only_n3,2,201,L,4,terminal,10,g99_after,g24_after,g99_after,0.011494722217321396,0.011494722217321396,0.0,0.04884430021047592,1e-06,2,0.011494722217321396,0.011494744569063187,2.7939677238464355e-09,0.037349577993154526,0.037349577993154526,0.042477154172956944,-0.0054878368973731995,0.04796499107033014
development,val_L,D:\EV-TTT\adajepa_official_51d8665\artifacts\development\val_L_predictor_only_n3,pushobj_norm_envapi_v1,"[""s2_executed_mpc0"", ""s2_executed_mpc1"", ""s2_executed_mpc2"", ""s2_executed_mpc3"", ""s2_executed_mpc4""]",PREDICTOR_ONLY,0,5,0,5,s2_history_mpc5,dev_valL_predictor_only_n3,2,201,L,5,full_horizon,10,g99_after,g99_after,g99_after,0.0,0.0,0.0,0.0024568946100771427,1e-06,2,0.0,9.313225746154785e-10,6.984919309616089e-10,0.0024568946100771427,0.0024568946100771427,0.004206519806757569,0.006662321742624044,-0.002455801935866475
development,val_L,D:\EV-TTT\adajepa_official_51d8665\artifacts\development\val_L_predictor_only_n3,pushobj_norm_envapi_v1,"[""s2_executed_mpc1"", ""s2_executed_mpc2"", ""s2_executed_mpc3"", ""s2_executed_mpc4"", ""s2_executed_mpc5""]",PREDICTOR_ONLY,0,6,0,6,s2_history_mpc6,dev_valL_predictor_only_n3,2,201,L,6,full_horizon,10,g99_after,g0_after,g99_after,0.00048658158630132675,0.00048658158630132675,0.0,0.009041262557730079,1e-06,2,0.00048658065497875214,0.00048658158630132675,9.313225746154785e-10,0.008554680971428752,0.008554680971428752,0.003146631410345435,0.0038306619971990585,-0.0006840305868536234
development,val_L,D:\EV-TTT\adajepa_official_51d8665\artifacts\development\val_L_predictor_only_n3,pushobj_norm_envapi_v1,"[""s2_executed_mpc2"", ""s2_executed_mpc3"", ""s2_executed_mpc4"", ""s2_executed_mpc5"", ""s2_executed_mpc6""]",PREDICTOR_ONLY,0,7,0,7,s2_history_mpc7,dev_valL_predictor_only_n3,2,201,L,7,full_horizon,10,g99_after,g49_after,g99_after,0.00027998664882034063,0.00027998664882034063,0.0,0.00403155293315649,1e-06,2,0.00027998664882034063,0.00027998758014291525,4.656612873077393e-10,0.0037515662843361497,0.0037515662843361497,0.0036189723759889603,0.005338871735148132,-0.0017198993591591716
development,val_T,D:\EV-TTT\adajepa_official_51d8665\artifacts\development\val_T_frozen_n3,pushobj_norm_envapi_v1,[],FROZEN,0,0,0,0,s0_history_mpc0,dev_valT_frozen_n3,0,1,T,0,terminal,10,g99_after,g49_before,g99_after,0.0016644280403852463,0.0016644280403852463,0.0,0.08614810928702354,1e-06,2,0.0016644243150949478,0.0016644280403852463,2.0489096641540527e-08,0.0844836812466383,0.0844836812466383,0.6663652509450912,0.7499868553131819,-0.08362160436809063
development,val_T,D:\EV-TTT\adajepa_official_51d8665\artifacts\development\val_T_frozen_n3,pushobj_norm_envapi_v1,"[""s0_executed_mpc0""]",FROZEN,0,0,0,0,s0_history_mpc1,dev_valT_frozen_n3,0,1,T,1,terminal,10,g99_after,g99_before,g99_after,0.0,0.0,0.0,0.02725053019821644,1e-06,2,0.0,0.0,2.3283064365386963e-09,0.02725053019821644,0.02725053019821644,0.014802285004407167,0.018121950328350067,-0.0033196653239428997
development,val_T,D:\EV-TTT\adajepa_official_51d8665\artifacts\development\val_T_frozen_n3,pushobj_norm_envapi_v1,"[""s0_executed_mpc5"", ""s0_executed_mpc6"", ""s0_executed_mpc7"", ""s0_executed_mpc8"", ""s0_executed_mpc9""]",FROZEN,0,0,0,0,s0_history_mpc10,dev_valT_frozen_n3,0,1,T,10,full_horizon,10,g99_after,g24_before,g99_after,0.00020580412819981575,0.00020580412819981575,0.0,0.002464381279423833,1e-06,4,0.00020579667761921883,0.0002614082768559456,1.1641532182693481e-10,0.002258577151224017,0.002258577151224017,0.0009743429254740477,0.001501789316534996,-0.0005274463910609484
development,val_T,D:\EV-TTT\adajepa_official_51d8665\artifacts\development\val_T_frozen_n3,pushobj_norm_envapi_v1,"[""s0_executed_mpc6"", ""s0_executed_mpc7"", ""s0_executed_mpc8"", ""s0_executed_mpc9"", ""s0_executed_mpc10""]",FROZEN,0,0,0,0,s0_history_mpc11,dev_valT_frozen_n3,0,1,T,11,full_horizon,10,g99_after,g0_after,g99_after,0.0003771362826228142,0.0003771362826228142,0.0,0.0033421404659748077,1e-06,4,0.00037712836638092995,0.000433899462223053,1.1641532182693481e-10,0.0029650041833519936,0.0029650041833519936,0.0009717039065435529,0.0012491345405578613,-0.00027743063401430845
development,val_T,D:\EV-TTT\adajepa_official_51d8665\artifacts\development\val_T_frozen_n3,pushobj_norm_envapi_v1,"[""s0_executed_mpc7"", ""s0_executed_mpc8"", ""s0_executed_mpc9"", ""s0_executed_mpc10"", ""s0_executed_mpc11""]",FROZEN,0,0,0,0,s0_history_mpc12,dev_valT_frozen_n3,0,1,T,12,full_horizon,10,g99_before,g74_after,g99_after,5.013309419155121e-06,5.0156377255916595e-06,1.1641532182693481e-10,0.0032302183099091053,1e-06,4,0.0,5.0156377255916595e-06,1.1641532182693481e-10,0.00322520500048995,0.0032252027885988355,0.000966928550042212,0.0012726588174700737,-0.0003057302674278617
development,val_T,D:\EV-TTT\adajepa_official_51d8665\artifacts\development\val_T_frozen_n3,pushobj_norm_envapi_v1,"[""s0_executed_mpc8"", ""s0_executed_mpc9"", ""s0_executed_mpc10"", ""s0_executed_mpc11"", ""s0_executed_mpc12""]",FROZEN,0,0,0,0,s0_history_mpc13,dev_valT_frozen_n3,0,1,T,13,full_horizon,10,g99_before,g74_after,g99_after,0.00026184646412730217,0.0002618427388370037,2.3283064365386963e-10,0.002049767761491239,1e-06,4,0.0,0.00026184646412730217,2.3283064365386963e-10,0.001787921297363937,0.001787925255484879,0.0009709703736007214,0.0011250516399741173,-0.00015408126637339592
development,val_T,D:\EV-TTT\adajepa_official_51d8665\artifacts\development\val_T_frozen_n3,pushobj_norm_envapi_v1,"[""s0_executed_mpc9"", ""s0_executed_mpc10"", ""s0_executed_mpc11"", ""s0_executed_mpc12"", ""s0_executed_mpc13""]",FROZEN,0,0,0,0,s0_history_mpc14,dev_valT_frozen_n3,0,1,T,14,full_horizon,10,g99_before,g24_before,g99_after,0.0008347209077328444,0.0008347139228135347,0.0,0.0034078890457749367,1e-06,4,0.0008156949188560247,0.0009023684542626143,0.0,0.0025731681380420923,0.002573175122961402,0.0009694381151348352,0.0012683426029980183,-0.000298904487863183
development,val_T,D:\EV-TTT\adajepa_official_51d8665\artifacts\development\val_T_frozen_n3,pushobj_norm_envapi_v1,"[""s0_executed_mpc10"", ""s0_executed_mpc11"", ""s0_executed_mpc12"", ""s0_executed_mpc13"", ""s0_executed_mpc14""]",FROZEN,0,0,0,0,s0_history_mpc15,dev_valT_frozen_n3,0,1,T,15,full_horizon,10,g99_before,g0_after,g99_after,0.00019465479999780655,0.000194658525288105,1.1641532182693481e-10,0.004161035642027855,1e-06,4,0.00019465479999780655,0.0002443641424179077,1.1641532182693481e-10,0.003966380842030048,0.003966377233155072,0.0009699701331555843,0.001371215097606182,-0.00040124496445059776
development,val_T,D:\EV-TTT\adajepa_official_51d8665\artifacts\development\val_T_frozen_n3,pushobj_norm_envapi_v1,"[""s0_executed_mpc11"", ""s0_executed_mpc12"", ""s0_executed_mpc13"", ""s0_executed_mpc14"", ""s0_executed_mpc15""]",FROZEN,0,0,0,0,s0_history_mpc16,dev_valT_frozen_n3,0,1,T,16,full_horizon,10,g99_before,g0_after,g99_after,0.00020542647689580917,0.0002054278738796711,0.0,0.0041526235872879624,1e-06,4,0.00020542647689580917,0.00025173183530569077,0.0,0.003947197110392153,0.003947195713408291,0.000970806460827589,0.0013206242583692074,-0.00034981779754161835
development,val_T,D:\EV-TTT\adajepa_official_51d8665\artifacts\development\val_T_frozen_n3,pushobj_norm_envapi_v1,"[""s0_executed_mpc12"", ""s0_executed_mpc13"", ""s0_executed_mpc14"", ""s0_executed_mpc15"", ""s0_executed_mpc16""]",FROZEN,0,0,0,0,s0_history_mpc17,dev_valT_frozen_n3,0,1,T,17,full_horizon,10,g99_before,g24_before,g99_after,0.0006326199509203434,0.0006326199509203434,2.3283064365386963e-10,0.0038615597877651453,1e-06,4,0.0006205812096595764,0.0006326199509203434,2.3283064365386963e-10,0.003228939836844802,0.0032289400696754456,0.0009707823628559709,0.001168356742709875,-0.00019757437985390425
development,val_T,D:\EV-TTT\adajepa_official_51d8665\artifacts\development\val_T_frozen_n3,pushobj_norm_envapi_v1,"[""s0_executed_mpc13"", ""s0_executed_mpc14"", ""s0_executed_mpc15"", ""s0_executed_mpc16"", ""s0_executed_mpc17""]",FROZEN,0,0,0,0,s0_history_mpc18,dev_valT_frozen_n3,0,1,T,18,full_horizon,10,g99_after,g74_after,g99_after,1.1049676686525345e-05,1.1049676686525345e-05,0.0,0.002949191606603563,1e-06,4,0.0,1.105060800909996e-05,5.820766091346741e-10,0.0029381419299170375,0.0029381419299170375,0.0009679859504103661,0.0012826155871152878,-0.0003146296367049217
development,val_T,D:\EV-TTT\adajepa_official_51d8665\artifacts\development\val_T_frozen_n3,pushobj_norm_envapi_v1,"[""s0_executed_mpc14"", ""s0_executed_mpc15"", ""s0_executed_mpc16"", ""s0_executed_mpc17"", ""s0_executed_mpc18""]",FROZEN,0,0,0,0,s0_history_mpc19,dev_valT_frozen_n3,0,1,T,19,full_horizon,10,g99_after,g74_after,g99_after,7.734401151537895e-05,7.734401151537895e-05,0.0,0.00296337460167706,1e-06,4,0.0,7.734401151537895e-05,1.1641532182693481e-10,0.002886030590161681,0.002886030590161681,0.0009708839934319258,0.0011371779255568981,-0.00016629393212497234
development,val_T,D:\EV-TTT\adajepa_official_51d8665\artifacts\development\val_T_frozen_n3,pushobj_norm_envapi_v1,"[""s0_executed_mpc0"", ""s0_executed_mpc1""]",FROZEN,0,0,0,0,s0_history_mpc2,dev_valT_frozen_n3,0,1,T,2,terminal,10,g99_after,g24_before,g99_after,0.0005211103707551956,0.0005211103707551956,0.0,0.03779159300029278,1e-06,2,0.0005211010575294495,0.0005211103707551956,1.3969838619232178e-09,0.03727048262953758,0.03727048262953758,0.012920423178002238,0.010413261130452156,0.002507162047550082
development,val_T,D:\EV-TTT\adajepa_official_51d8665\artifacts\development\val_T_frozen_n3,pushobj_norm_envapi_v1,"[""s0_executed_mpc0"", ""s0_executed_mpc1"", ""s0_executed_mpc2""]",FROZEN,0,0,0,0,s0_history_mpc3,dev_valT_frozen_n3,0,1,T,3,terminal,10,g99_after,g24_before,g99_after,0.0022528767585754395,0.0022528767585754395,0.0,0.0382046177983284,1e-06,2,0.0022528767585754395,0.002252882346510887,3.259629011154175e-09,0.03595174103975296,0.03595174103975296,0.015758284833282232,0.0084935761988163,0.007264708634465933
development,val_T,D:\EV-TTT\adajepa_official_51d8665\artifacts\development\val_T_frozen_n3,pushobj_norm_envapi_v1,"[""s0_executed_mpc0"", ""s0_executed_mpc1"", ""s0_executed_mpc2"", ""s0_executed_mpc3""]",FROZEN,0,0,0,0,s0_history_mpc4,dev_valT_frozen_n3,0,1,T,4,terminal,10,g99_after,g24_before,g99_after,0.004904971458017826,0.004904971458017826,0.0,0.014862644486129284,1e-06,2,0.004904971458017826,0.00490498635917902,3.259629011154175e-09,0.009957673028111458,0.009957673028111458,0.012484911363571882,0.019762283191084862,-0.0072773718275129795
development,val_T,D:\EV-TTT\adajepa_official_51d8665\artifacts\development\val_T_frozen_n3,pushobj_norm_envapi_v1,"[""s0_executed_mpc0"", ""s0_executed_mpc1"", ""s0_executed_mpc2"", ""s0_executed_mpc3"", ""s0_executed_mpc4""]",FROZEN,0,0,0,0,s0_history_mpc5,dev_valT_frozen_n3,0,1,T,5,full_horizon,10,g99_after,g24_after,g99_after,0.0006735683418810368,0.0006735683418810368,0.0,0.0030477310065180063,1e-06,2,0.0006735655479133129,0.0006735683418810368,6.984919309616089e-10,0.0023741626646369696,0.0023741626646369696,0.0017535760998725891,0.001063271425664425,0.0006903046742081642
development,val_T,D:\EV-TTT\adajepa_official_51d8665\artifacts\development\val_T_frozen_n3,pushobj_norm_envapi_v1,"[""s0_executed_mpc1"", ""s0_executed_mpc2"", ""s0_executed_mpc3"", ""s0_executed_mpc4"", ""s0_executed_mpc5""]",FROZEN,0,0,0,0,s0_history_mpc6,dev_valT_frozen_n3,0,1,T,6,full_horizon,10,g99_after,g0_after,g99_after,0.0007221698760986328,0.0007221698760986328,0.0,0.006982076913118362,1e-06,4,0.0007221698760986328,0.0007374351844191551,3.4924596548080444e-10,0.00625990703701973,0.00625990703701973,0.0010250371415168047,0.001953472848981619,-0.0009284357074648142
development,val_T,D:\EV-TTT\adajepa_official_51d8665\artifacts\development\val_T_frozen_n3,pushobj_norm_envapi_v1,"[""s0_executed_mpc2"", ""s0_executed_mpc3"", ""s0_executed_mpc4"", ""s0_executed_mpc5"", ""s0_executed_mpc6""]",FROZEN,0,0,0,0,s0_history_mpc7,dev_valT_frozen_n3,0,1,T,7,full_horizon,10,g99_after,g24_after,g99_after,0.00022517936304211617,0.00022517936304211617,0.0,0.003812999464571476,1e-06,4,0.00021529430523514748,0.00022517936304211617,1.1641532182693481e-10,0.00358782010152936,0.00358782010152936,0.0010192698100581765,0.0009081587195396423,0.00011111109051853418
development,val_T,D:\EV-TTT\adajepa_official_51d8665\artifacts\development\val_T_frozen_n3,pushobj_norm_envapi_v1,"[""s0_executed_mpc3"", ""s0_executed_mpc4"", ""s0_executed_mpc5"", ""s0_executed_mpc6"", ""s0_executed_mpc7""]",FROZEN,0,0,0,0,s0_history_mpc8,dev_valT_frozen_n3,0,1,T,8,full_horizon,10,g99_before,g49_before,g99_after,0.0002508782781660557,0.0002508857287466526,3.4924596548080444e-10,0.0023243138566613197,1e-06,4,0.0002508782781660557,0.0002985680475831032,3.4924596548080444e-10,0.002073435578495264,0.0020734284771606326,0.0009908727370202541,0.0015626042149960995,-0.0005717314779758453
development,val_T,D:\EV-TTT\adajepa_official_51d8665\artifacts\development\val_T_frozen_n3,pushobj_norm_envapi_v1,"[""s0_executed_mpc4"", ""s0_executed_mpc5"", ""s0_executed_mpc6"", ""s0_executed_mpc7"", ""s0_executed_mpc8""]",FROZEN,0,0,0,0,s0_history_mpc9,dev_valT_frozen_n3,0,1,T,9,full_horizon,10,g99_before,g24_after,g99_after,0.0002515469677746296,0.00025155115872621536,0.0,0.003562693949788809,1e-06,4,0.0002515469677746296,0.0002984413877129555,0.0,0.0033111469820141792,0.0033111427910625935,0.0009674363536760211,0.0011506378650665283,-0.00018320151139050722
development,val_T,D:\EV-TTT\adajepa_official_51d8665\artifacts\development\val_T_frozen_n3,pushobj_norm_envapi_v1,[],FROZEN,0,0,0,0,s1_history_mpc0,dev_valT_frozen_n3,1,101,T,0,terminal,10,g99_after,g24_after,g99_after,0.0024847842287272215,0.0024847842287272215,0.0,0.03908770880661905,1e-06,2,0.0024847842287272215,0.002484797267243266,1.3969838619232178e-09,0.03660292457789183,0.03660292457789183,0.10316089494153857,0.06420380249619484,0.03895709244534373
development,val_T,D:\EV-TTT\adajepa_official_51d8665\artifacts\development\val_T_frozen_n3,pushobj_norm_envapi_v1,"[""s1_executed_mpc0""]",FROZEN,0,0,0,0,s1_history_mpc1,dev_valT_frozen_n3,1,101,T,1,terminal,10,g99_after,g99_before,g99_after,2.3283064365386963e-10,2.3283064365386963e-10,0.0,0.028832088224589825,1e-06,2,0.0,2.3283064365386963e-10,4.656612873077393e-10,0.02883208799175918,0.02883208799175918,0.008948051603510976,0.010178485652431846,-0.0012304340489208698
development,val_T,D:\EV-TTT\adajepa_official_51d8665\artifacts\development\val_T_frozen_n3,pushobj_norm_envapi_v1,"[""s1_executed_mpc0"", ""s1_executed_mpc1""]",FROZEN,0,0,0,0,s1_history_mpc2,dev_valT_frozen_n3,1,101,T,2,terminal,10,g99_after,g49_after,g99_after,0.0021669405978173018,0.0021669405978173018,0.0,0.00703424122184515,1e-06,2,0.002166936406865716,0.0021669405978173018,3.4924596548080444e-09,0.004867300624027848,0.004867300624027848,0.009363834746181965,0.009737597312778234,-0.0003737625665962696
development,val_T,D:\EV-TTT\adajepa_official_51d8665\artifacts\development\val_T_frozen_n3,pushobj_norm_envapi_v1,"[""s1_executed_mpc0"", ""s1_executed_mpc1"", ""s1_executed_mpc2""]",FROZEN,0,0,0,0,s1_history_mpc3,dev_valT_frozen_n3,1,101,T,3,terminal,10,g99_after,g74_after,g99_after,0.001141231507062912,0.001141231507062912,0.0,0.031922397669404745,1e-06,2,0.001141231507062912,0.0011412380263209343,4.656612873077393e-10,0.030781166162341833,0.030781166162341833,0.008853563573211432,0.0087528214789927,0.00010074209421873093
development,val_T,D:\EV-TTT\adajepa_official_51d8665\artifacts\development\val_T_frozen_n3,pushobj_norm_envapi_v1,"[""s1_executed_mpc0"", ""s1_executed_mpc1"", ""s1_executed_mpc2"", ""s1_executed_mpc3""]",FROZEN,0,0,0,0,s1_history_mpc4,dev_valT_frozen_n3,1,101,T,4,terminal,10,g99_after,g99_after,g99_after,0.0,0.0,0.0,0.029959029983729124,1e-06,2,0.0,2.421438694000244e-08,1.862645149230957e-09,0.029959029983729124,0.029959029983729124,0.009077730122953653,0.009035639464855194,4.2090658098459244e-05
development,val_T,D:\EV-TTT\adajepa_official_51d8665\artifacts\development\val_T_frozen_n3,pushobj_norm_envapi_v1,"[""s1_executed_mpc0"", ""s1_executed_mpc1"", ""s1_executed_mpc2"", ""s1_executed_mpc3"", ""s1_executed_mpc4""]",FROZEN,0,0,0,0,s1_history_mpc5,dev_valT_frozen_n3,1,101,T,5,full_horizon,10,g99_after,g49_before,g99_after,9.077764116227627e-05,9.077764116227627e-05,0.0,0.001082111441064626,1e-06,2,9.077764116227627e-05,9.07777575775981e-05,1.1641532182693481e-10,0.0009913337999023497,0.0009913337999023497,0.0009875551331788301,0.0010402578627690673,-5.270272959023714e-05
development,val_T,D:\EV-TTT\adajepa_official_51d8665\artifacts\development\val_T_frozen_n3,pushobj_norm_envapi_v1,[],FROZEN,0,0,0,0,s2_history_mpc0,dev_valT_frozen_n3,2,201,T,0,terminal,10,g99_after,g74_before,g99_after,0.0009464267641305923,0.0009464267641305923,0.0,0.2144249239936471,1e-06,2,0.0009464267641305923,0.0009465198963880539,1.1641532182693481e-07,0.2134784972295165,0.2134784972295165,2.8854362796992064,3.0980001781135798,-0.2125638984143734
development,val_T,D:\EV-TTT\adajepa_official_51d8665\artifacts\development\val_T_frozen_n3,pushobj_norm_envapi_v1,"[""s2_executed_mpc0""]",FROZEN,0,0,0,0,s2_history_mpc1,dev_valT_frozen_n3,2,201,T,1,terminal,10,g99_before,g74_after,g99_after,0.00029474683105945587,0.0002947421744465828,0.0,0.021706986241042614,1e-06,2,0.0002947421744465828,0.00029474683105945587,0.0,0.021412239409983158,0.02141224406659603,0.021440500393509865,0.01387486420571804,0.007565636187791824
development,val_T,D:\EV-TTT\adajepa_official_51d8665\artifacts\development\val_T_frozen_n3,pushobj_norm_envapi_v1,"[""s2_executed_mpc0"", ""s2_executed_mpc1""]",FROZEN,0,0,0,0,s2_history_mpc2,dev_valT_frozen_n3,2,201,T,2,terminal,10,g99_after,g74_before,g99_after,0.0016831187531352043,0.0016831187531352043,0.0,0.03789511462673545,1e-06,2,0.0016831187531352043,0.0016831280663609505,9.313225746154785e-10,0.036211995873600245,0.036211995873600245,0.01429715659469366,0.00834188424050808,0.005955272354185581
development,val_T,D:\EV-TTT\adajepa_official_51d8665\artifacts\development\val_T_frozen_n3,pushobj_norm_envapi_v1,"[""s2_executed_mpc0"", ""s2_executed_mpc1"", ""s2_executed_mpc2""]",FROZEN,0,0,0,0,s2_history_mpc3,dev_valT_frozen_n3,2,201,T,3,terminal,10,g99_after,g49_before,g99_after,0.0004247007891535759,0.0004247007891535759,0.0,0.011611578986048698,1e-06,2,0.0004247007891535759,0.000424705445766449,7.450580596923828e-09,0.011186878196895123,0.011186878196895123,0.016406836453825235,0.016505313105881214,-9.847665205597878e-05
development,val_T,D:\EV-TTT\adajepa_official_51d8665\artifacts\development\val_T_frozen_n3,pushobj_norm_envapi_v1,"[""s2_executed_mpc0"", ""s2_executed_mpc1"", ""s2_executed_mpc2"", ""s2_executed_mpc3""]",FROZEN,0,0,0,0,s2_history_mpc4,dev_valT_frozen_n3,2,201,T,4,terminal,10,g99_after,g0_before,g99_after,0.008049217984080315,0.008049217984080315,0.0,0.023768583312630653,1e-06,2,0.008049217984080315,0.008049217984080315,1.862645149230957e-09,0.01571936532855034,0.01571936532855034,0.013656349387019873,-0.008049217984080315,0.021705567371100187
development,val_T,D:\EV-TTT\adajepa_official_51d8665\artifacts\development\val_T_frozen_n3,pushobj_norm_envapi_v1,"[""s2_executed_mpc0"", ""s2_executed_mpc1"", ""s2_executed_mpc2"", ""s2_executed_mpc3"", ""s2_executed_mpc4""]",FROZEN,0,0,0,0,s2_history_mpc5,dev_valT_frozen_n3,2,201,T,5,full_horizon,10,g99_after,g99_before,g99_after,0.0,0.0,0.0,0.004444269463419914,1e-06,2,0.0,0.0,6.984919309616089e-10,0.004444269463419914,0.004444269463419914,0.0021892194636166096,0.003631291911005974,-0.0014420724473893642
development,val_T,D:\EV-TTT\adajepa_official_51d8665\artifacts\development\val_T_official_n3_attempt2,pushobj_norm_envapi_v1,[],OFFICIAL_ADAJEPA,0,0,0,0,s0_history_mpc0,dev_valT_official_n3,0,1,T,0,terminal,10,g99_after,g49_before,g99_after,0.0016644280403852463,0.0016644280403852463,0.0,0.08614810928702354,1e-06,2,0.0016644243150949478,0.0016644280403852463,2.0489096641540527e-08,0.0844836812466383,0.0844836812466383,0.6663652509450912,0.7499868553131819,-0.08362160436809063
development,val_T,D:\EV-TTT\adajepa_official_51d8665\artifacts\development\val_T_official_n3_attempt2,pushobj_norm_envapi_v1,"[""s0_executed_mpc0""]",OFFICIAL_ADAJEPA,1,1,0,1,s0_history_mpc1,dev_valT_official_n3,0,1,T,1,terminal,10,g99_after,g74_before,g99_after,0.0003185644745826721,0.0003185644745826721,0.0,0.02884209295734763,1e-06,2,0.0003185644745826721,0.0003185737878084183,2.7939677238464355e-09,0.02852352848276496,0.02852352848276496,0.016678557731211185,0.016953516751527786,-0.0002749590203166008
development,val_T,D:\EV-TTT\adajepa_official_51d8665\artifacts\development\val_T_official_n3_attempt2,pushobj_norm_envapi_v1,"[""s0_executed_mpc5"", ""s0_executed_mpc6"", ""s0_executed_mpc7"", ""s0_executed_mpc8"", ""s0_executed_mpc9""]",OFFICIAL_ADAJEPA,10,10,0,10,s0_history_mpc10,dev_valT_official_n3,0,1,T,10,full_horizon,10,g99_after,g74_after,g99_after,1.5571480616927147e-05,1.5571480616927147e-05,0.0,0.0012403777800500393,1e-06,2,1.5570316463708878e-05,1.5571480616927147e-05,2.3283064365386963e-10,0.0012248062994331121,0.0012248062994331121,0.0020394937600940466,0.0018211726564913988,0.00021832110360264778
development,val_T,D:\EV-TTT\adajepa_official_51d8665\artifacts\development\val_T_official_n3_attempt2,pushobj_norm_envapi_v1,"[""s0_executed_mpc0"", ""s0_executed_mpc1""]",OFFICIAL_ADAJEPA,2,2,0,2,s0_history_mpc2,dev_valT_official_n3,0,1,T,2,terminal,10,g99_after,g49_before,g99_after,0.0011666342616081238,0.0011666342616081238,0.0,0.02096322877332568,1e-06,2,0.001166628673672676,0.0011666342616081238,2.3283064365386963e-09,0.019796594511717558,0.019796594511717558,0.011235998943448067,0.011573167517781258,-0.0003371685743331909
development,val_T,D:\EV-TTT\adajepa_official_51d8665\artifacts\development\val_T_official_n3_attempt2,pushobj_norm_envapi_v1,"[""s0_executed_mpc0"", ""s0_executed_mpc1"", ""s0_executed_mpc2""]",OFFICIAL_ADAJEPA,3,3,0,3,s0_history_mpc3,dev_valT_official_n3,0,1,T,3,terminal,10,g99_after,g24_before,g99_after,0.0025836434215307236,0.0025836434215307236,0.0,0.03691155090928078,1e-06,2,0.002583632245659828,0.0025836434215307236,2.3283064365386963e-09,0.03432790748775005,0.03432790748775005,0.017615140415728092,0.008507594466209412,0.00910754594951868
development,val_T,D:\EV-TTT\adajepa_official_51d8665\artifacts\development\val_T_official_n3_attempt2,pushobj_norm_envapi_v1,"[""s0_executed_mpc0"", ""s0_executed_mpc1"", ""s0_executed_mpc2"", ""s0_executed_mpc3""]",OFFICIAL_ADAJEPA,4,4,0,4,s0_history_mpc4,dev_valT_official_n3,0,1,T,4,terminal,10,g99_after,g24_before,g99_after,0.007035315036773682,0.007035315036773682,0.0,0.03473848104476929,1e-06,2,0.007035315036773682,0.00703531876206398,6.984919309616089e-09,0.027703166007995605,0.027703166007995605,0.014745452906936407,0.009115930646657944,0.005629522260278463
development,val_T,D:\EV-TTT\adajepa_official_51d8665\artifacts\development\val_T_official_n3_attempt2,pushobj_norm_envapi_v1,"[""s0_executed_mpc0"", ""s0_executed_mpc1"", ""s0_executed_mpc2"", ""s0_executed_mpc3"", ""s0_executed_mpc4""]",OFFICIAL_ADAJEPA,5,5,0,5,s0_history_mpc5,dev_valT_official_n3,0,1,T,5,full_horizon,10,g99_after,g49_after,g99_after,5.760625936090946e-05,5.760625936090946e-05,0.0,0.0021560704335570335,1e-06,2,5.760393105447292e-05,5.760625936090946e-05,3.4924596548080444e-10,0.002098464174196124,0.002098464174196124,0.0029103331035003066,0.003917556954547763,-0.0010072238510474563
development,val_T,D:\EV-TTT\adajepa_official_51d8665\artifacts\development\val_T_official_n3_attempt2,pushobj_norm_envapi_v1,"[""s0_executed_mpc1"", ""s0_executed_mpc2"", ""s0_executed_mpc3"", ""s0_executed_mpc4"", ""s0_executed_mpc5""]",OFFICIAL_ADAJEPA,6,6,0,6,s0_history_mpc6,dev_valT_official_n3,0,1,T,6,full_horizon,10,g99_after,g24_before,g99_after,0.0004777875728905201,0.0004777875728905201,0.0,0.0037782038561999798,1e-06,4,0.0004751614760607481,0.0004791715182363987,2.3283064365386963e-10,0.0033004162833094597,0.0033004162833094597,0.0013215404469519854,0.00030780816450715065,0.0010137322824448347
development,val_T,D:\EV-TTT\adajepa_official_51d8665\artifacts\development\val_T_official_n3_attempt2,pushobj_norm_envapi_v1,"[""s0_executed_mpc2"", ""s0_executed_mpc3"", ""s0_executed_mpc4"", ""s0_executed_mpc5"", ""s0_executed_mpc6""]",OFFICIAL_ADAJEPA,7,7,0,7,s0_history_mpc7,dev_valT_official_n3,0,1,T,7,full_horizon,10,g99_after,g24_after,g99_after,3.526615910232067e-05,3.526615910232067e-05,0.0,0.0007514242315664887,1e-06,2,3.526615910232067e-05,3.527035005390644e-05,3.4924596548080444e-10,0.0007161580724641681,0.0007161580724641681,0.0019100360805168748,0.0021907768677920103,-0.0002807407872751355
development,val_T,D:\EV-TTT\adajepa_official_51d8665\artifacts\development\val_T_official_n3_attempt2,pushobj_norm_envapi_v1,"[""s0_executed_mpc3"", ""s0_executed_mpc4"", ""s0_executed_mpc5"", ""s0_executed_mpc6"", ""s0_executed_mpc7""]",OFFICIAL_ADAJEPA,8,8,0,8,s0_history_mpc8,dev_valT_official_n3,0,1,T,8,full_horizon,10,g99_before,g99_before,g99_after,0.0,4.423782229423523e-09,0.0,0.0023863096721470356,1e-06,3,0.0,1.226062886416912e-05,0.0,0.0023863096721470356,0.002386305248364806,0.001544394763186574,0.001579750096425414,-3.53553332388401e-05
development,val_T,D:\EV-TTT\adajepa_official_51d8665\artifacts\development\val_T_official_n3_attempt2,pushobj_norm_envapi_v1,"[""s0_executed_mpc4"", ""s0_executed_mpc5"", ""s0_executed_mpc6"", ""s0_executed_mpc7"", ""s0_executed_mpc8""]",OFFICIAL_ADAJEPA,9,9,0,9,s0_history_mpc9,dev_valT_official_n3,0,1,T,9,full_horizon,10,g99_after,g49_after,g99_after,0.0001584896817803383,0.0001584896817803383,0.0,0.0008554407395422459,1e-06,2,0.00015848851762712002,0.0001584896817803383,4.656612873077393e-10,0.0006969510577619076,0.0006969510577619076,0.0015986098442226648,0.0010142214596271515,0.0005843883845955133
development,val_T,D:\EV-TTT\adajepa_official_51d8665\artifacts\development\val_T_official_n3_attempt2,pushobj_norm_envapi_v1,[],OFFICIAL_ADAJEPA,0,0,0,0,s1_history_mpc0,dev_valT_official_n3,1,101,T,0,terminal,10,g99_after,g24_after,g99_after,0.0024847842287272215,0.0024847842287272215,0.0,0.03908770880661905,1e-06,2,0.0024847842287272215,0.002484797267243266,1.3969838619232178e-09,0.03660292457789183,0.03660292457789183,0.10316089494153857,0.06420380249619484,0.03895709244534373
development,val_T,D:\EV-TTT\adajepa_official_51d8665\artifacts\development\val_T_official_n3_attempt2,pushobj_norm_envapi_v1,"[""s1_executed_mpc0""]",OFFICIAL_ADAJEPA,1,1,0,1,s1_history_mpc1,dev_valT_official_n3,1,101,T,1,terminal,10,g99_after,g49_after,g99_after,0.001444222405552864,0.001444222405552864,0.0,0.0355795593932271,1e-06,2,0.001444222405552864,0.001444249413907528,3.259629011154175e-09,0.034135336987674236,0.034135336987674236,0.014656428713351488,0.003486727364361286,0.011169701348990202
development,val_T,D:\EV-TTT\adajepa_official_51d8665\artifacts\development\val_T_official_n3_attempt2,pushobj_norm_envapi_v1,"[""s1_executed_mpc0"", ""s1_executed_mpc1""]",OFFICIAL_ADAJEPA,2,2,0,2,s1_history_mpc2,dev_valT_official_n3,1,101,T,2,terminal,10,g99_after,g24_after,g99_after,0.011722603812813759,0.011722603812813759,0.0,0.058810302056372166,1e-06,2,0.011722598224878311,0.011722603812813759,1.862645149230957e-09,0.04708769824355841,0.04708769824355841,0.011800303123891354,-0.00045031309127807617,0.01225061621516943
development,val_T,D:\EV-TTT\adajepa_official_51d8665\artifacts\development\val_T_official_n3_attempt2,pushobj_norm_envapi_v1,"[""s1_executed_mpc0"", ""s1_executed_mpc1"", ""s1_executed_mpc2""]",OFFICIAL_ADAJEPA,3,3,0,3,s1_history_mpc3,dev_valT_official_n3,1,101,T,3,terminal,10,g99_after,g74_after,g99_after,0.0008042296394705772,0.0008042296394705772,0.0,0.01645514741539955,1e-06,2,0.0008042296394705772,0.0008042408153414726,1.862645149230957e-09,0.015650917775928974,0.015650917775928974,0.01393694500438869,0.025404841639101505,-0.011467896634712815
development,val_T,D:\EV-TTT\adajepa_official_51d8665\artifacts\development\val_T_official_n3_attempt2,pushobj_norm_envapi_v1,"[""s1_executed_mpc0"", ""s1_executed_mpc1"", ""s1_executed_mpc2"", ""s1_executed_mpc3""]",OFFICIAL_ADAJEPA,4,4,0,4,s1_history_mpc4,dev_valT_official_n3,1,101,T,4,terminal,10,g99_after,g49_after,g99_after,0.0005711423000320792,0.0005711423000320792,0.0,0.010732067283242941,1e-06,2,0.0005711383419111371,0.0005711423000320792,3.958120942115784e-09,0.010160924983210862,0.010160924983210862,0.014154686592519283,0.015219516353681684,-0.0010648297611624002
development,val_T,D:\EV-TTT\adajepa_official_51d8665\artifacts\development\val_T_official_n3_attempt2,pushobj_norm_envapi_v1,"[""s1_executed_mpc0"", ""s1_executed_mpc1"", ""s1_executed_mpc2"", ""s1_executed_mpc3"", ""s1_executed_mpc4""]",OFFICIAL_ADAJEPA,5,5,0,5,s1_history_mpc5,dev_valT_official_n3,1,101,T,5,full_horizon,10,g99_after,g49_before,g99_after,2.12388695217669e-05,2.12388695217669e-05,0.0,0.0017165120225399733,1e-06,2,2.12388695217669e-05,2.123913145624101e-05,3.4924596548080444e-10,0.0016952731530182064,0.0016952731530182064,0.0011616639094427228,0.0010635810904204845,9.808281902223825e-05
development,val_T,D:\EV-TTT\adajepa_official_51d8665\artifacts\development\val_T_official_n3_attempt2,pushobj_norm_envapi_v1,[],OFFICIAL_ADAJEPA,0,0,0,0,s2_history_mpc0,dev_valT_official_n3,2,201,T,0,terminal,10,g99_after,g74_before,g99_after,0.0009464267641305923,0.0009464267641305923,0.0,0.2144249239936471,1e-06,2,0.0009464267641305923,0.0009465198963880539,1.1641532182693481e-07,0.2134784972295165,0.2134784972295165,2.8854362796992064,3.0980001781135798,-0.2125638984143734
development,val_T,D:\EV-TTT\adajepa_official_51d8665\artifacts\development\val_T_official_n3_attempt2,pushobj_norm_envapi_v1,"[""s2_executed_mpc0""]",OFFICIAL_ADAJEPA,1,1,0,1,s2_history_mpc1,dev_valT_official_n3,2,201,T,1,terminal,10,g99_after,g49_after,g99_after,0.00129742082208395,0.00129742082208395,0.0,0.016438981983810663,1e-06,2,0.0012974133715033531,0.00129742082208395,1.862645149230957e-09,0.015141561161726713,0.015141561161726713,0.027566654607653618,0.014741295017302036,0.012825359590351582
development,val_T,D:\EV-TTT\adajepa_official_51d8665\artifacts\development\val_T_official_n3_attempt2,pushobj_norm_envapi_v1,"[""s2_executed_mpc0"", ""s2_executed_mpc1""]",OFFICIAL_ADAJEPA,2,2,0,2,s2_history_mpc2,dev_valT_official_n3,2,201,T,2,terminal,10,g99_before,g74_after,g99_after,0.0007588369771838188,0.0007588304579257965,1.862645149230957e-09,0.030977943912148476,1e-06,2,0.0007588304579257965,0.0007588369771838188,1.862645149230957e-09,0.030219106934964657,0.03021911531686783,0.01648858282715082,0.014920675195753574,0.0015679076313972473
development,val_T,D:\EV-TTT\adajepa_official_51d8665\artifacts\development\val_T_official_n3_attempt2,pushobj_norm_envapi_v1,"[""s2_executed_mpc0"", ""s2_executed_mpc1"", ""s2_executed_mpc2""]",OFFICIAL_ADAJEPA,3,3,0,3,s2_history_mpc3,dev_valT_official_n3,2,201,T,3,terminal,10,g99_after,g99_after,g99_after,0.0,0.0,0.0,0.011830444447696209,1e-06,2,0.0,1.862645149230957e-09,8.381903171539307e-09,0.011830444447696209,0.011830444447696209,0.017054899595677853,0.015078970696777105,0.0019759288989007473
development,val_T,D:\EV-TTT\adajepa_official_51d8665\artifacts\development\val_T_official_n3_attempt2,pushobj_norm_envapi_v1,"[""s2_executed_mpc0"", ""s2_executed_mpc1"", ""s2_executed_mpc2"", ""s2_executed_mpc3""]",OFFICIAL_ADAJEPA,4,4,0,4,s2_history_mpc4,dev_valT_official_n3,2,201,T,4,terminal,10,g99_before,g0_before,g99_after,0.023599795997142792,0.02359980344772339,0.0,0.07663675444200635,1e-06,2,0.023599795997142792,0.02359980344772339,0.0,0.05303695844486356,0.05303695099428296,0.01580222835764289,-0.02359980344772339,0.03940203180536628
development,val_T,D:\EV-TTT\adajepa_official_51d8665\artifacts\development\val_T_official_n3_attempt2,pushobj_norm_envapi_v1,"[""s2_executed_mpc0"", ""s2_executed_mpc1"", ""s2_executed_mpc2"", ""s2_executed_mpc3"", ""s2_executed_mpc4""]",OFFICIAL_ADAJEPA,5,5,0,5,s2_history_mpc5,dev_valT_official_n3,2,201,T,5,full_horizon,10,g99_after,g74_before,g99_after,6.111129187047482e-05,6.111129187047482e-05,0.0,0.00923448265530169,1e-06,2,6.111129187047482e-05,6.111129187047482e-05,1.1641532182693481e-09,0.009173371363431215,0.009173371363431215,0.0020863614045083523,0.006132811540737748,-0.004046450136229396
development,val_T,D:\EV-TTT\adajepa_official_51d8665\artifacts\development\val_T_official_n3_attempt2,pushobj_norm_envapi_v1,"[""s2_executed_mpc1"", ""s2_executed_mpc2"", ""s2_executed_mpc3"", ""s2_executed_mpc4"", ""s2_executed_mpc5""]",OFFICIAL_ADAJEPA,6,6,0,6,s2_history_mpc6,dev_valT_official_n3,2,201,T,6,full_horizon,10,g99_after,g24_after,g99_after,9.746290743350983e-05,9.746290743350983e-05,0.0,0.0009117753943428397,1e-06,2,9.746244177222252e-05,9.746290743350983e-05,1.1641532182693481e-10,0.0008143124869093299,0.0008143124869093299,0.0015730946324765682,0.0006725816056132317,0.0009005130268633366
development,val_T,D:\EV-TTT\adajepa_official_51d8665\artifacts\development\val_T_predictor_only_n3,pushobj_norm_envapi_v1,[],PREDICTOR_ONLY,0,0,0,0,s0_history_mpc0,dev_valT_predictor_only_n3,0,1,T,0,terminal,10,g99_after,g49_before,g99_after,0.0016644280403852463,0.0016644280403852463,0.0,0.08614810928702354,1e-06,2,0.0016644243150949478,0.0016644280403852463,2.0489096641540527e-08,0.0844836812466383,0.0844836812466383,0.6663652509450912,0.7499868553131819,-0.08362160436809063
development,val_T,D:\EV-TTT\adajepa_official_51d8665\artifacts\development\val_T_predictor_only_n3,pushobj_norm_envapi_v1,"[""s0_executed_mpc0""]",PREDICTOR_ONLY,0,1,0,1,s0_history_mpc1,dev_valT_predictor_only_n3,0,1,T,1,terminal,10,g99_after,g99_before,g99_after,1.1175870895385742e-08,1.1175870895385742e-08,0.0,0.025926197413355112,1e-06,2,0.0,1.1175870895385742e-08,2.7939677238464355e-09,0.025926186237484217,0.025926186237484217,0.014366028364747763,0.017568953335285187,-0.003202924970537424
development,val_T,D:\EV-TTT\adajepa_official_51d8665\artifacts\development\val_T_predictor_only_n3,pushobj_norm_envapi_v1,"[""s0_executed_mpc5"", ""s0_executed_mpc6"", ""s0_executed_mpc7"", ""s0_executed_mpc8"", ""s0_executed_mpc9""]",PREDICTOR_ONLY,0,10,0,10,s0_history_mpc10,dev_valT_predictor_only_n3,0,1,T,10,full_horizon,10,g99_after,g24_before,g99_after,0.00012542586773633957,0.00012542586773633957,0.0,0.0016607492580078542,1e-06,2,0.00012542353942990303,0.00012542586773633957,5.820766091346741e-11,0.0015353233902715147,0.0015353233902715147,0.0016735998797230422,0.001470021205022931,0.00020357867470011115
development,val_T,D:\EV-TTT\adajepa_official_51d8665\artifacts\development\val_T_predictor_only_n3,pushobj_norm_envapi_v1,"[""s0_executed_mpc0"", ""s0_executed_mpc1""]",PREDICTOR_ONLY,0,2,0,2,s0_history_mpc2,dev_valT_predictor_only_n3,0,1,T,2,terminal,10,g99_after,g49_before,g99_after,0.0019488278776407242,0.0019488278776407242,0.0,0.03209242084994912,1e-06,2,0.0019488278776407242,0.0019488632678985596,1.862645149230957e-09,0.030143592972308397,0.030143592972308397,0.011473835445940495,0.014084402471780777,-0.0026105670258402824
development,val_T,D:\EV-TTT\adajepa_official_51d8665\artifacts\development\val_T_predictor_only_n3,pushobj_norm_envapi_v1,"[""s0_executed_mpc0"", ""s0_executed_mpc1"", ""s0_executed_mpc2""]",PREDICTOR_ONLY,0,3,0,3,s0_history_mpc3,dev_valT_predictor_only_n3,0,1,T,3,terminal,10,g99_after,g24_before,g99_after,0.0031202491372823715,0.0031202491372823715,0.0,0.04058263823390007,1e-06,2,0.0031202230602502823,0.0031202491372823715,2.7939677238464355e-09,0.0374623890966177,0.0374623890966177,0.017034596763551235,0.0064296722412109375,0.010604924522340298
development,val_T,D:\EV-TTT\adajepa_official_51d8665\artifacts\development\val_T_predictor_only_n3,pushobj_norm_envapi_v1,"[""s0_executed_mpc0"", ""s0_executed_mpc1"", ""s0_executed_mpc2"", ""s0_executed_mpc3""]",PREDICTOR_ONLY,0,4,0,4,s0_history_mpc4,dev_valT_predictor_only_n3,0,1,T,4,terminal,10,g99_after,g24_before,g99_after,0.007609739899635315,0.007609739899635315,0.0,0.04041719622910023,1e-06,2,0.007609693333506584,0.007609739899635315,7.916241884231567e-09,0.03280745632946491,0.03280745632946491,0.014371206052601337,0.006017439067363739,0.008353766985237598
development,val_T,D:\EV-TTT\adajepa_official_51d8665\artifacts\development\val_T_predictor_only_n3,pushobj_norm_envapi_v1,"[""s0_executed_mpc0"", ""s0_executed_mpc1"", ""s0_executed_mpc2"", ""s0_executed_mpc3"", ""s0_executed_mpc4""]",PREDICTOR_ONLY,0,5,0,5,s0_history_mpc5,dev_valT_predictor_only_n3,0,1,T,5,full_horizon,10,g99_after,g74_before,g99_after,0.00010246853344142437,0.00010246853344142437,0.0,0.0032762805931270123,1e-06,2,0.00010246853344142437,0.00010246899910271168,5.820766091346741e-10,0.003173812059685588,0.003173812059685588,0.0026547617744654417,0.004030908225104213,-0.001376146450638771
development,val_T,D:\EV-TTT\adajepa_official_51d8665\artifacts\development\val_T_predictor_only_n3,pushobj_norm_envapi_v1,"[""s0_executed_mpc1"", ""s0_executed_mpc2"", ""s0_executed_mpc3"", ""s0_executed_mpc4"", ""s0_executed_mpc5""]",PREDICTOR_ONLY,0,6,0,6,s0_history_mpc6,dev_valT_predictor_only_n3,0,1,T,6,full_horizon,10,g99_after,g24_before,g99_after,0.0011743016075342894,0.0011743016075342894,0.0,0.004642110434360802,1e-06,4,0.0011162760201841593,0.0011984792072325945,2.3283064365386963e-10,0.003467808826826513,0.003467808826826513,0.0011246411595493555,0.00010858848690986633,0.0010160526726394892
development,val_T,D:\EV-TTT\adajepa_official_51d8665\artifacts\development\val_T_predictor_only_n3,pushobj_norm_envapi_v1,"[""s0_executed_mpc2"", ""s0_executed_mpc3"", ""s0_executed_mpc4"", ""s0_executed_mpc5"", ""s0_executed_mpc6""]",PREDICTOR_ONLY,0,7,0,7,s0_history_mpc7,dev_valT_predictor_only_n3,0,1,T,7,full_horizon,10,g99_after,g49_after,g99_after,0.00010478869080543518,0.00010478869080543518,0.0,0.003455741796642542,1e-06,4,4.034116864204407e-05,0.0001047900877892971,5.820766091346741e-11,0.0033509531058371067,0.0033509531058371067,0.0017035019118338823,0.0027833483181893826,-0.0010798464063555002
development,val_T,D:\EV-TTT\adajepa_official_51d8665\artifacts\development\val_T_predictor_only_n3,pushobj_norm_envapi_v1,"[""s0_executed_mpc3"", ""s0_executed_mpc4"", ""s0_executed_mpc5"", ""s0_executed_mpc6"", ""s0_executed_mpc7""]",PREDICTOR_ONLY,0,8,0,8,s0_history_mpc8,dev_valT_predictor_only_n3,0,1,T,8,full_horizon,10,g99_after,g24_before,g99_after,0.00019849184900522232,0.00019849184900522232,0.0,0.0032836562022566795,1e-06,4,0.0001980937086045742,0.00019849510863423347,1.1641532182693481e-10,0.003085164353251457,0.003085164353251457,0.0013204629067331553,0.0017061969265341759,-0.0003857340198010206
development,val_T,D:\EV-TTT\adajepa_official_51d8665\artifacts\development\val_T_predictor_only_n3,pushobj_norm_envapi_v1,"[""s0_executed_mpc4"", ""s0_executed_mpc5"", ""s0_executed_mpc6"", ""s0_executed_mpc7"", ""s0_executed_mpc8""]",PREDICTOR_ONLY,0,9,0,9,s0_history_mpc9,dev_valT_predictor_only_n3,0,1,T,9,full_horizon,10,g99_after,g99_before,g99_after,1.6298145055770874e-09,1.6298145055770874e-09,0.0,0.001484275097027421,1e-06,4,0.0,2.6172492653131485e-06,5.820766091346741e-11,0.0014842734672129154,0.0014842734672129154,0.00137358222855255,0.0011508555617183447,0.0002227266668342054
development,val_T,D:\EV-TTT\adajepa_official_51d8665\artifacts\development\val_T_predictor_only_n3,pushobj_norm_envapi_v1,[],PREDICTOR_ONLY,0,0,0,0,s1_history_mpc0,dev_valT_predictor_only_n3,1,101,T,0,terminal,10,g99_after,g24_after,g99_after,0.0024847842287272215,0.0024847842287272215,0.0,0.03908770880661905,1e-06,2,0.0024847842287272215,0.002484797267243266,1.3969838619232178e-09,0.03660292457789183,0.03660292457789183,0.10316089494153857,0.06420380249619484,0.03895709244534373
development,val_T,D:\EV-TTT\adajepa_official_51d8665\artifacts\development\val_T_predictor_only_n3,pushobj_norm_envapi_v1,"[""s1_executed_mpc0""]",PREDICTOR_ONLY,0,1,0,1,s1_history_mpc1,dev_valT_predictor_only_n3,1,101,T,1,terminal,10,g99_after,g49_after,g99_after,0.00043184589594602585,0.00043184589594602585,0.0,0.00891890237107873,1e-06,2,0.00043183332309126854,0.00043184589594602585,2.7939677238464355e-09,0.008487056475132704,0.008487056475132704,0.012962127104401588,0.00853081326931715,0.004431313835084438
development,val_T,D:\EV-TTT\adajepa_official_51d8665\artifacts\development\val_T_predictor_only_n3,pushobj_norm_envapi_v1,[],PREDICTOR_ONLY,0,0,0,0,s2_history_mpc0,dev_valT_predictor_only_n3,2,201,T,0,terminal,10,g99_after,g74_before,g99_after,0.0009464267641305923,0.0009464267641305923,0.0,0.2144249239936471,1e-06,2,0.0009464267641305923,0.0009465198963880539,1.1641532182693481e-07,0.2134784972295165,0.2134784972295165,2.8854362796992064,3.0980001781135798,-0.2125638984143734
development,val_T,D:\EV-TTT\adajepa_official_51d8665\artifacts\development\val_T_predictor_only_n3,pushobj_norm_envapi_v1,"[""s2_executed_mpc0""]",PREDICTOR_ONLY,0,1,0,1,s2_history_mpc1,dev_valT_predictor_only_n3,2,201,T,1,terminal,10,g99_after,g99_after,g99_after,0.0,0.0,0.0,0.018997149541974068,1e-06,2,0.0,1.7695128917694092e-08,9.313225746154785e-10,0.018997149541974068,0.018997149541974068,0.026466189417988062,0.014366465620696545,0.012099723797291517
development,val_T,D:\EV-TTT\adajepa_official_51d8665\artifacts\development\val_T_predictor_only_n3,pushobj_norm_envapi_v1,"[""s2_executed_mpc0"", ""s2_executed_mpc1""]",PREDICTOR_ONLY,0,2,0,2,s2_history_mpc2,dev_valT_predictor_only_n3,2,201,T,2,terminal,10,g99_after,g49_after,g99_after,5.1460228860378265e-05,5.1460228860378265e-05,0.0,0.02660873904824257,1e-06,2,5.145557224750519e-05,5.1460228860378265e-05,3.259629011154175e-09,0.02655727881938219,0.02655727881938219,0.017654927913099527,0.012732469476759434,0.004922458436340094
development,val_T,D:\EV-TTT\adajepa_official_51d8665\artifacts\development\val_T_predictor_only_n3,pushobj_norm_envapi_v1,"[""s2_executed_mpc0"", ""s2_executed_mpc1"", ""s2_executed_mpc2""]",PREDICTOR_ONLY,0,3,0,3,s2_history_mpc3,dev_valT_predictor_only_n3,2,201,T,3,terminal,10,g99_after,g49_after,g99_after,0.0004155426286160946,0.0004155426286160946,0.0,0.007584478706121445,1e-06,2,0.00041553983464837074,0.0004155426286160946,4.6566128730773926e-09,0.00716893607750535,0.00716893607750535,0.017578459344804287,0.015741481445729733,0.0018369778990745544
development,val_T,D:\EV-TTT\adajepa_official_51d8665\artifacts\development\val_T_predictor_only_n3,pushobj_norm_envapi_v1,"[""s2_executed_mpc0"", ""s2_executed_mpc1"", ""s2_executed_mpc2"", ""s2_executed_mpc3""]",PREDICTOR_ONLY,0,4,0,4,s2_history_mpc4,dev_valT_predictor_only_n3,2,201,T,4,terminal,10,g99_after,g0_before,g99_after,0.01385512575507164,0.01385512575507164,0.0,0.03248939709737897,1e-06,2,0.01385512575507164,0.01385512575507164,2.3283064365386963e-09,0.01863427134230733,0.01863427134230733,0.014976183883845806,-0.01385512575507164,0.028831309638917446
development,val_T,D:\EV-TTT\adajepa_official_51d8665\artifacts\development\val_T_predictor_only_n3,pushobj_norm_envapi_v1,"[""s2_executed_mpc0"", ""s2_executed_mpc1"", ""s2_executed_mpc2"", ""s2_executed_mpc3"", ""s2_executed_mpc4""]",PREDICTOR_ONLY,0,5,0,5,s2_history_mpc5,dev_valT_predictor_only_n3,2,201,T,5,full_horizon,10,g99_after,g49_after,g99_after,4.375842399895191e-05,4.375842399895191e-05,0.0,0.003442406887188554,1e-06,2,4.375842399895191e-05,4.3758656829595566e-05,1.1641532182693481e-10,0.003398648463189602,0.003398648463189602,0.0024299046490341425,0.0034390375949442387,-0.0010091329459100962
ood,val_small_tee,D:\EV-TTT\adajepa_official_51d8665\artifacts\ood\val_small_tee_frozen_n5,pushobj_norm_envapi_v1,[],FROZEN,0,0,0,0,s0_history_mpc0,ood_smalltee_frozen_n5,0,1,small_tee,0,terminal,10,g99_after,g99_after,g99_after,0.0,0.0,0.0,0.15422417223453522,1e-06,2,0.0,7.450580596923828e-08,1.4156103134155273e-07,0.15422417223453522,0.15422417223453522,1.8971211537718773,1.9853148311376572,-0.08819367736577988
ood,val_small_tee,D:\EV-TTT\adajepa_official_51d8665\artifacts\ood\val_small_tee_frozen_n5,pushobj_norm_envapi_v1,"[""s0_executed_mpc0""]",FROZEN,0,0,0,0,s0_history_mpc1,ood_smalltee_frozen_n5,0,1,small_tee,1,terminal,10,g99_after,g0_after,g99_after,0.016093047335743904,0.016093047335743904,0.0,0.15004306472837925,1e-06,2,0.016093047335743904,0.016093095764517784,1.3224780559539795e-07,0.13395001739263535,0.13395001739263535,0.0544321034103632,0.04878337308764458,0.00564873032271862
ood,val_small_tee,D:\EV-TTT\adajepa_official_51d8665\artifacts\ood\val_small_tee_frozen_n5,pushobj_norm_envapi_v1,"[""s0_executed_mpc0"", ""s0_executed_mpc1""]",FROZEN,0,0,0,0,s0_history_mpc2,ood_smalltee_frozen_n5,0,1,small_tee,2,terminal,10,g99_after,g0_before,g99_after,0.01543581485748291,0.01543581485748291,0.0,0.06479145959019661,1e-06,2,0.01543581485748291,0.015435874462127686,2.60770320892334e-08,0.0493556447327137,0.0493556447327137,0.030404450371861458,-0.01543581485748291,0.04584026522934437
ood,val_small_tee,D:\EV-TTT\adajepa_official_51d8665\artifacts\ood\val_small_tee_frozen_n5,pushobj_norm_envapi_v1,"[""s0_executed_mpc0"", ""s0_executed_mpc1"", ""s0_executed_mpc2""]",FROZEN,0,0,0,0,s0_history_mpc3,ood_smalltee_frozen_n5,0,1,small_tee,3,terminal,10,g99_after,g49_after,g99_after,0.00302182137966156,0.00302182137966156,0.0,0.022207345813512802,1e-06,2,0.00302182137966156,0.003021836280822754,3.725290298461914e-09,0.019185524433851242,0.019185524433851242,0.01329125091433525,0.0051302723586559296,0.008160978555679321
ood,val_small_tee,D:\EV-TTT\adajepa_official_51d8665\artifacts\ood\val_small_tee_frozen_n5,pushobj_norm_envapi_v1,"[""s0_executed_mpc0"", ""s0_executed_mpc1"", ""s0_executed_mpc2"", ""s0_executed_mpc3""]",FROZEN,0,0,0,0,s0_history_mpc4,ood_smalltee_frozen_n5,0,1,small_tee,4,terminal,10,g99_after,g24_after,g99_after,0.0017368635162711143,0.0017368635162711143,0.0,0.018881849944591522,1e-06,2,0.0017368514090776443,0.0017368635162711143,1.862645149230957e-08,0.017144986428320408,0.017144986428320408,0.017440900206565857,0.030933817848563194,-0.013492917641997337
ood,val_small_tee,D:\EV-TTT\adajepa_official_51d8665\artifacts\ood\val_small_tee_frozen_n5,pushobj_norm_envapi_v1,[],FROZEN,0,0,0,0,s1_history_mpc0,ood_smalltee_frozen_n5,1,101,small_tee,0,terminal,10,g99_after,g49_after,g99_after,0.12151539325714111,0.12151539325714111,0.0,0.7606918215751648,1e-06,2,0.12151539325714111,0.12151569128036499,4.0978193283081055e-07,0.6391764283180237,0.6391764283180237,2.804156094789505,2.112910807132721,0.6912452876567841
ood,val_small_tee,D:\EV-TTT\adajepa_official_51d8665\artifacts\ood\val_small_tee_frozen_n5,pushobj_norm_envapi_v1,"[""s1_executed_mpc0""]",FROZEN,0,0,0,0,s1_history_mpc1,ood_smalltee_frozen_n5,1,101,small_tee,1,terminal,10,g99_after,g99_before,g99_after,1.4901161193847656e-08,1.4901161193847656e-08,0.0,0.680340476334095,1e-06,2,0.0,1.4901161193847656e-08,1.0058283805847168e-07,0.6803404614329338,0.6803404614329338,0.07759401947259903,0.7012066021561623,-0.6236125826835632
ood,val_small_tee,D:\EV-TTT\adajepa_official_51d8665\artifacts\ood\val_small_tee_frozen_n5,pushobj_norm_envapi_v1,"[""s1_executed_mpc0"", ""s1_executed_mpc1""]",FROZEN,0,0,0,0,s1_history_mpc2,ood_smalltee_frozen_n5,1,101,small_tee,2,terminal,10,g99_after,g74_before,g99_after,0.0007750317454338074,0.0007750317454338074,0.0,0.6115254387259483,1e-06,2,0.0007750168442726135,0.0007750317454338074,7.078051567077637e-08,0.6107504069805145,0.6107504069805145,0.019777294248342514,0.030406571924686432,-0.010629277676343918
ood,val_small_tee,D:\EV-TTT\adajepa_official_51d8665\artifacts\ood\val_small_tee_frozen_n5,pushobj_norm_envapi_v1,"[""s1_executed_mpc0"", ""s1_executed_mpc1"", ""s1_executed_mpc2""]",FROZEN,0,0,0,0,s1_history_mpc3,ood_smalltee_frozen_n5,1,101,small_tee,3,terminal,10,g99_after,g99_after,g99_after,0.0,0.0,0.0,0.3765741251409054,1e-06,2,0.0,3.3527612686157227e-08,4.6566128730773926e-08,0.3765741251409054,0.3765741251409054,0.014275427907705307,0.052702609449625015,-0.03842718154191971
ood,val_small_tee,D:\EV-TTT\adajepa_official_51d8665\artifacts\ood\val_small_tee_frozen_n5,pushobj_norm_envapi_v1,"[""s1_executed_mpc0"", ""s1_executed_mpc1"", ""s1_executed_mpc2"", ""s1_executed_mpc3""]",FROZEN,0,0,0,0,s1_history_mpc4,ood_smalltee_frozen_n5,1,101,small_tee,4,terminal,10,g99_after,g49_before,g99_after,0.0006546992808580399,0.0006546992808580399,0.0,0.06832607090473175,1e-06,2,0.0006546787917613983,0.0006546992808580399,3.725290298461914e-08,0.06767137162387371,0.06767137162387371,0.007900336757302284,0.027194466441869736,-0.01929412968456745
ood,val_small_tee,D:\EV-TTT\adajepa_official_51d8665\artifacts\ood\val_small_tee_frozen_n5,pushobj_norm_envapi_v1,"[""s1_executed_mpc0"", ""s1_executed_mpc1"", ""s1_executed_mpc2"", ""s1_executed_mpc3"", ""s1_executed_mpc4""]",FROZEN,0,0,0,0,s1_history_mpc5,ood_smalltee_frozen_n5,1,101,small_tee,5,full_horizon,10,g99_after,g49_after,g99_after,0.006376585923135281,0.006376585923135281,0.0,0.00794749497435987,1e-06,2,0.006376585923135281,0.006376585923135281,1.4202669262886047e-08,0.0015709090512245893,0.0015709090512245893,0.0017914886120706797,-0.00615600636228919,0.00794749497435987
ood,val_small_tee,D:\EV-TTT\adajepa_official_51d8665\artifacts\ood\val_small_tee_frozen_n5,pushobj_norm_envapi_v1,"[""s1_executed_mpc1"", ""s1_executed_mpc2"", ""s1_executed_mpc3"", ""s1_executed_mpc4"", ""s1_executed_mpc5""]",FROZEN,0,0,0,0,s1_history_mpc6,ood_smalltee_frozen_n5,1,101,small_tee,6,full_horizon,10,g99_after,g74_before,g99_after,8.795037865638733e-05,8.795037865638733e-05,0.0,0.007224550703540444,1e-06,2,8.795037865638733e-05,8.79550352692604e-05,3.026798367500305e-09,0.007136600324884057,0.007136600324884057,0.014480142155662179,0.007460109423846006,0.007020032731816173
ood,val_small_tee,D:\EV-TTT\adajepa_official_51d8665\artifacts\ood\val_small_tee_frozen_n5,pushobj_norm_envapi_v1,[],FROZEN,0,0,0,0,s2_history_mpc0,ood_smalltee_frozen_n5,2,201,small_tee,0,terminal,10,g99_after,g24_before,g99_after,0.02297312766313553,0.02297312766313553,0.0,0.18705333769321442,1e-06,2,0.02297312766313553,0.022973157465457916,1.1175870895385742e-08,0.1640802100300789,0.1640802100300789,0.2771788723766804,0.417954221367836,-0.14077534899115562
ood,val_small_tee,D:\EV-TTT\adajepa_official_51d8665\artifacts\ood\val_small_tee_frozen_n5,pushobj_norm_envapi_v1,"[""s2_executed_mpc0""]",FROZEN,0,0,0,0,s2_history_mpc1,ood_smalltee_frozen_n5,2,201,small_tee,1,terminal,10,g99_after,g24_after,g99_after,0.016459215432405472,0.016459215432405472,0.0,0.05648494325578213,1e-06,2,0.016459215432405472,0.01645924523472786,1.4901161193847656e-08,0.040025727823376656,0.040025727823376656,0.0894097276031971,0.03390967845916748,0.05550004914402962
ood,val_small_tee,D:\EV-TTT\adajepa_official_51d8665\artifacts\ood\val_small_tee_frozen_n5,pushobj_norm_envapi_v1,"[""s2_executed_mpc0"", ""s2_executed_mpc1""]",FROZEN,0,0,0,0,s2_history_mpc2,ood_smalltee_frozen_n5,2,201,small_tee,2,terminal,10,g99_after,g0_before,g99_after,0.029080219566822052,0.029080219566822052,0.0,0.15410882979631424,1e-06,2,0.029080219566822052,0.02908022701740265,1.4901161193847656e-08,0.1250286102294922,0.1250286102294922,0.030564619228243828,-0.029080219566822052,0.05964483879506588
ood,val_small_tee,D:\EV-TTT\adajepa_official_51d8665\artifacts\ood\val_small_tee_frozen_n5,pushobj_norm_envapi_v1,"[""s2_executed_mpc0"", ""s2_executed_mpc1"", ""s2_executed_mpc2""]",FROZEN,0,0,0,0,s2_history_mpc3,ood_smalltee_frozen_n5,2,201,small_tee,3,terminal,10,g99_after,g24_after,g99_after,0.01777154952287674,0.01777154952287674,0.0,0.1758885160088539,1e-06,2,0.01777154952287674,0.017771556973457336,2.60770320892334e-08,0.15811696648597717,0.15811696648597717,0.02922752872109413,-0.016250215470790863,0.045477744191884995
ood,val_small_tee,D:\EV-TTT\adajepa_official_51d8665\artifacts\ood\val_small_tee_frozen_n5,pushobj_norm_envapi_v1,"[""s2_executed_mpc0"", ""s2_executed_mpc1"", ""s2_executed_mpc2"", ""s2_executed_mpc3""]",FROZEN,0,0,0,0,s2_history_mpc4,ood_smalltee_frozen_n5,2,201,small_tee,4,terminal,10,g99_after,g24_after,g99_after,0.028712689876556396,0.028712689876556396,0.0,0.17169055715203285,1e-06,2,0.028712615370750427,0.028712689876556396,1.30385160446167e-08,0.14297786727547646,0.14297786727547646,0.021623967215418816,-0.021302416920661926,0.04292638413608074
ood,val_small_tee,D:\EV-TTT\adajepa_official_51d8665\artifacts\ood\val_small_tee_frozen_n5,pushobj_norm_envapi_v1,"[""s2_executed_mpc0"", ""s2_executed_mpc1"", ""s2_executed_mpc2"", ""s2_executed_mpc3"", ""s2_executed_mpc4""]",FROZEN,0,0,0,0,s2_history_mpc5,ood_smalltee_frozen_n5,2,201,small_tee,5,full_horizon,10,g99_after,g0_after,g99_after,0.007260555401444435,0.007260555401444435,0.0,0.025131640024483204,1e-06,2,0.007260547950863838,0.007260555401444435,1.3969838619232178e-09,0.01787108462303877,0.01787108462303877,0.00591268390417099,0.013661772012710571,-0.007749088108539581
ood,val_small_tee,D:\EV-TTT\adajepa_official_51d8665\artifacts\ood\val_small_tee_frozen_n5,pushobj_norm_envapi_v1,"[""s2_executed_mpc1"", ""s2_executed_mpc2"", ""s2_executed_mpc3"", ""s2_executed_mpc4"", ""s2_executed_mpc5""]",FROZEN,0,0,0,0,s2_history_mpc6,ood_smalltee_frozen_n5,2,201,small_tee,6,full_horizon,10,g99_after,g74_before,g99_after,4.0677376091480255e-05,4.0677376091480255e-05,0.0,0.004980127327144146,1e-06,2,4.0675513446331024e-05,4.0677376091480255e-05,2.7939677238464355e-09,0.004939449951052666,0.004939449951052666,0.0020642406307160854,0.00376129150390625,-0.0016970508731901646
ood,val_small_tee,D:\EV-TTT\adajepa_official_51d8665\artifacts\ood\val_small_tee_frozen_n5,pushobj_norm_envapi_v1,[],FROZEN,0,0,0,0,s3_history_mpc0,ood_smalltee_frozen_n5,3,301,small_tee,0,terminal,10,g99_after,g49_after,g99_after,0.0158277228474617,0.0158277228474617,0.0,0.28023536875844,1e-06,2,0.0158277228474617,0.015827760100364685,2.9802322387695312e-08,0.2644076459109783,0.2644076459109783,2.000001411885023,2.201694570481777,-0.20169315859675407
ood,val_small_tee,D:\EV-TTT\adajepa_official_51d8665\artifacts\ood\val_small_tee_frozen_n5,pushobj_norm_envapi_v1,"[""s3_executed_mpc0""]",FROZEN,0,0,0,0,s3_history_mpc1,ood_smalltee_frozen_n5,3,301,small_tee,1,terminal,10,g99_after,g99_after,g99_after,0.0,0.0,0.0,0.03972938284277916,1e-06,2,0.0,1.4901161193847656e-08,7.450580596923828e-09,0.03972938284277916,0.03972938284277916,0.05845951475203037,0.023165160790085793,0.03529435396194458
ood,val_small_tee,D:\EV-TTT\adajepa_official_51d8665\artifacts\ood\val_small_tee_frozen_n5,pushobj_norm_envapi_v1,"[""s3_executed_mpc0"", ""s3_executed_mpc1""]",FROZEN,0,0,0,0,s3_history_mpc2,ood_smalltee_frozen_n5,3,301,small_tee,2,terminal,10,g99_after,g0_before,g99_after,0.011052372865378857,0.011052372865378857,0.0,0.05437296535819769,1e-06,2,0.011052359826862812,0.011052372865378857,1.1175870895385742e-08,0.04332059249281883,0.04332059249281883,0.04117033816874027,-0.011052372865378857,0.05222271103411913
ood,val_small_tee,D:\EV-TTT\adajepa_official_51d8665\artifacts\ood\val_small_tee_frozen_n5,pushobj_norm_envapi_v1,"[""s3_executed_mpc0"", ""s3_executed_mpc1"", ""s3_executed_mpc2""]",FROZEN,0,0,0,0,s3_history_mpc3,ood_smalltee_frozen_n5,3,301,small_tee,3,terminal,10,g99_after,g0_before,g99_after,0.0019340477883815765,0.0019340477883815765,0.0,0.02816588431596756,1e-06,2,0.0019340477883815765,0.0019340571016073227,1.1175870895385742e-08,0.026231836527585983,0.026231836527585983,0.019597608596086502,-0.0019340477883815765,0.02153165638446808
ood,val_small_tee,D:\EV-TTT\adajepa_official_51d8665\artifacts\ood\val_small_tee_frozen_n5,pushobj_norm_envapi_v1,"[""s3_executed_mpc0"", ""s3_executed_mpc1"", ""s3_executed_mpc2"", ""s3_executed_mpc3""]",FROZEN,0,0,0,0,s3_history_mpc4,ood_smalltee_frozen_n5,3,301,small_tee,4,terminal,10,g99_before,g0_after,g99_after,0.002494571730494499,0.0024945586919784546,3.725290298461914e-09,0.04226351156830788,1e-06,2,0.0024945586919784546,0.002494571730494499,3.725290298461914e-09,0.03976893983781338,0.03976895660161972,0.0187660101801157,-0.0004890710115432739,0.019255081191658974
ood,val_small_tee,D:\EV-TTT\adajepa_official_51d8665\artifacts\ood\val_small_tee_frozen_n5,pushobj_norm_envapi_v1,"[""s3_executed_mpc0"", ""s3_executed_mpc1"", ""s3_executed_mpc2"", ""s3_executed_mpc3"", ""s3_executed_mpc4""]",FROZEN,0,0,0,0,s3_history_mpc5,ood_smalltee_frozen_n5,3,301,small_tee,5,full_horizon,10,g99_after,g24_before,g99_after,0.0008306954987347126,0.0008306954987347126,0.0,0.0033328626304864883,1e-06,2,0.0008306954987347126,0.0008306978270411491,7.683411240577698e-09,0.0025021671317517757,0.0025021671317517757,0.003368968144059181,0.0008300184272229671,0.002538949716836214
ood,val_small_tee,D:\EV-TTT\adajepa_official_51d8665\artifacts\ood\val_small_tee_frozen_n5,pushobj_norm_envapi_v1,"[""s3_executed_mpc1"", ""s3_executed_mpc2"", ""s3_executed_mpc3"", ""s3_executed_mpc4"", ""s3_executed_mpc5""]",FROZEN,0,0,0,0,s3_history_mpc6,ood_smalltee_frozen_n5,3,301,small_tee,6,full_horizon,10,g99_before,g24_after,g99_after,0.0016250372864305973,0.0016250377520918846,0.0,0.002761994954198599,1e-06,2,0.0016250372864305973,0.0016250377520918846,0.0,0.0011369576677680016,0.0011369572021067142,0.0007501905784010887,-0.001589400228112936,0.0023395908065140247
ood,val_small_tee,D:\EV-TTT\adajepa_official_51d8665\artifacts\ood\val_small_tee_frozen_n5,pushobj_norm_envapi_v1,[],FROZEN,0,0,0,0,s4_history_mpc0,ood_smalltee_frozen_n5,4,401,small_tee,0,terminal,10,g99_after,g74_after,g99_after,0.0019528120756149292,0.0019528120756149292,0.0,0.1667703203856945,1e-06,2,0.0019528120756149292,0.0019528865814208984,6.705522537231445e-08,0.16481750831007957,0.16481750831007957,2.757592646405101,2.769146829843521,-0.011554183438420296
ood,val_small_tee,D:\EV-TTT\adajepa_official_51d8665\artifacts\ood\val_small_tee_frozen_n5,pushobj_norm_envapi_v1,"[""s4_executed_mpc0""]",FROZEN,0,0,0,0,s4_history_mpc1,ood_smalltee_frozen_n5,4,401,small_tee,1,terminal,10,g99_after,g24_before,g99_after,0.1135537177324295,0.1135537177324295,0.0,0.5185840204358101,1e-06,2,0.1135537177324295,0.11355380713939667,9.872019290924072e-08,0.4050303027033806,0.4050303027033806,0.04676619544625282,0.15062326192855835,-0.10385706648230553
ood,val_small_tee,D:\EV-TTT\adajepa_official_51d8665\artifacts\ood\val_small_tee_frozen_n5,pushobj_norm_envapi_v1,"[""s4_executed_mpc0"", ""s4_executed_mpc1""]",FROZEN,0,0,0,0,s4_history_mpc2,ood_smalltee_frozen_n5,4,401,small_tee,2,terminal,10,g99_after,g24_after,g99_after,0.015451014041900635,0.015451014041900635,0.0,0.1301589384675026,1e-06,2,0.015451014041900635,0.015451058745384216,8.568167686462402e-08,0.11470792442560196,0.11470792442560196,0.10304399579763412,0.15335474908351898,-0.05031075328588486
ood,val_small_tee,D:\EV-TTT\adajepa_official_51d8665\artifacts\ood\val_small_tee_frozen_n5,pushobj_norm_envapi_v1,"[""s4_executed_mpc0"", ""s4_executed_mpc1"", ""s4_executed_mpc2""]",FROZEN,0,0,0,0,s4_history_mpc3,ood_smalltee_frozen_n5,4,401,small_tee,3,terminal,10,g99_after,g24_after,g99_after,0.004308030009269714,0.004308030009269714,0.0,0.08929013088345528,1e-06,2,0.004308030009269714,0.004308074712753296,3.725290298461914e-08,0.08498210087418556,0.08498210087418556,0.23336539417505264,0.14601589739322662,0.08734949678182602
ood,val_small_tee,D:\EV-TTT\adajepa_official_51d8665\artifacts\ood\val_small_tee_frozen_n5,pushobj_norm_envapi_v1,"[""s4_executed_mpc0"", ""s4_executed_mpc1"", ""s4_executed_mpc2"", ""s4_executed_mpc3""]",FROZEN,0,0,0,0,s4_history_mpc4,ood_smalltee_frozen_n5,4,401,small_tee,4,terminal,10,g99_after,g0_after,g99_after,0.07352864742279053,0.07352864742279053,0.0,0.1594921201467514,1e-06,2,0.07352864742279053,0.07352869212627411,1.862645149230957e-08,0.08596347272396088,0.08596347272396088,0.1661832295358181,0.045150578022003174,0.12103265151381493
ood,val_small_tee,D:\EV-TTT\adajepa_official_51d8665\artifacts\ood\val_small_tee_frozen_n5,pushobj_norm_envapi_v1,"[""s4_executed_mpc0"", ""s4_executed_mpc1"", ""s4_executed_mpc2"", ""s4_executed_mpc3"", ""s4_executed_mpc4""]",FROZEN,0,0,0,0,s4_history_mpc5,ood_smalltee_frozen_n5,4,401,small_tee,5,full_horizon,10,g99_after,g99_after,g99_after,0.0,0.0,0.0,0.01044650562107563,1e-06,2,0.0,2.421438694000244e-08,2.514570951461792e-08,0.01044650562107563,0.01044650562107563,0.02557054255157709,0.02363293245434761,0.0019376100972294807
ood,val_small_tee,D:\EV-TTT\adajepa_official_51d8665\artifacts\ood\val_small_tee_frozen_n5,pushobj_norm_envapi_v1,"[""s4_executed_mpc1"", ""s4_executed_mpc2"", ""s4_executed_mpc3"", ""s4_executed_mpc4"", ""s4_executed_mpc5""]",FROZEN,0,0,0,0,s4_history_mpc6,ood_smalltee_frozen_n5,4,401,small_tee,6,full_horizon,10,g99_after,g24_after,g99_after,0.010698270052671432,0.010698270052671432,0.0,0.01873593032360077,1e-06,2,0.010698270052671432,0.010698286816477776,2.8870999813079834e-08,0.008037660270929337,0.008037660270929337,0.018003080040216446,-0.0007328502833843231,0.01873593032360077
ood,val_small_tee,D:\EV-TTT\adajepa_official_51d8665\artifacts\ood\val_small_tee_frozen_n5,pushobj_norm_envapi_v1,"[""s4_executed_mpc2"", ""s4_executed_mpc3"", ""s4_executed_mpc4"", ""s4_executed_mpc5"", ""s4_executed_mpc6""]",FROZEN,0,0,0,0,s4_history_mpc7,ood_smalltee_frozen_n5,4,401,small_tee,7,full_horizon,10,g99_after,g49_after,g99_after,0.0038879122585058212,0.0038879122585058212,0.0,0.012102428823709488,1e-06,2,0.0038879122585058212,0.0038879523053765297,3.073364496231079e-08,0.008214516565203667,0.008214516565203667,0.024983325973153114,0.017283929511904716,0.007699396461248398
ood,val_small_tee,D:\EV-TTT\adajepa_official_51d8665\artifacts\ood\val_small_tee_frozen_n5,pushobj_norm_envapi_v1,"[""s4_executed_mpc3"", ""s4_executed_mpc4"", ""s4_executed_mpc5"", ""s4_executed_mpc6"", ""s4_executed_mpc7""]",FROZEN,0,0,0,0,s4_history_mpc8,ood_smalltee_frozen_n5,4,401,small_tee,8,full_horizon,10,g99_after,g24_before,g99_after,0.008535408414900303,0.008535408414900303,0.0,0.021442795637995005,1e-06,2,0.008535408414900303,0.0085354158654809,2.9802322387695312e-08,0.012907387223094702,0.012907387223094702,0.020934063475579023,-0.0004604104906320572,0.02139447396621108
ood,val_small_tee,D:\EV-TTT\adajepa_official_51d8665\artifacts\ood\val_small_tee_official_n5,pushobj_norm_envapi_v1,[],OFFICIAL_ADAJEPA,0,0,0,0,s0_history_mpc0,ood_smalltee_official_n5,0,1,small_tee,0,terminal,10,g99_after,g99_after,g99_after,0.0,0.0,0.0,0.15422417223453522,1e-06,2,0.0,7.450580596923828e-08,1.4156103134155273e-07,0.15422417223453522,0.15422417223453522,1.8971211537718773,1.9853148311376572,-0.08819367736577988
ood,val_small_tee,D:\EV-TTT\adajepa_official_51d8665\artifacts\ood\val_small_tee_official_n5,pushobj_norm_envapi_v1,"[""s0_executed_mpc0""]",OFFICIAL_ADAJEPA,1,1,0,1,s0_history_mpc1,ood_smalltee_official_n5,0,1,small_tee,1,terminal,10,g99_after,g99_after,g99_after,0.0,0.0,0.0,0.09146882593631744,1e-06,2,0.0,1.341104507446289e-07,7.599592208862305e-07,0.09146882593631744,0.09146882593631744,0.07438458129763603,0.040085289627313614,0.03429929167032242
ood,val_small_tee,D:\EV-TTT\adajepa_official_51d8665\artifacts\ood\val_small_tee_official_n5,pushobj_norm_envapi_v1,"[""s0_executed_mpc0"", ""s0_executed_mpc1""]",OFFICIAL_ADAJEPA,2,2,0,2,s0_history_mpc2,ood_smalltee_official_n5,0,1,small_tee,2,terminal,10,g99_after,g0_before,g99_after,0.011011414229869843,0.011011414229869843,0.0,0.05764826387166977,1e-06,2,0.011011388152837753,0.011011414229869843,3.5390257835388184e-08,0.04663684964179993,0.04663684964179993,0.031509093940258026,-0.011011414229869843,0.04252050817012787
ood,val_small_tee,D:\EV-TTT\adajepa_official_51d8665\artifacts\ood\val_small_tee_official_n5,pushobj_norm_envapi_v1,"[""s0_executed_mpc0"", ""s0_executed_mpc1"", ""s0_executed_mpc2""]",OFFICIAL_ADAJEPA,3,3,0,3,s0_history_mpc3,ood_smalltee_official_n5,0,1,small_tee,3,terminal,10,g99_after,g24_after,g99_after,0.021279403939843178,0.021279403939843178,0.0,0.045091163367033005,1e-06,2,0.021279403939843178,0.021279433742165565,7.450580596923828e-09,0.023811759427189827,0.023811759427189827,0.02197778970003128,0.015753671526908875,0.006224118173122406
ood,val_small_tee,D:\EV-TTT\adajepa_official_51d8665\artifacts\ood\val_small_tee_official_n5,pushobj_norm_envapi_v1,"[""s0_executed_mpc0"", ""s0_executed_mpc1"", ""s0_executed_mpc2"", ""s0_executed_mpc3""]",OFFICIAL_ADAJEPA,4,4,0,4,s0_history_mpc4,ood_smalltee_official_n5,0,1,small_tee,4,terminal,10,g99_after,g24_before,g99_after,0.008651336655020714,0.008651336655020714,0.0,0.031755417585372925,1e-06,2,0.00865132175385952,0.008651336655020714,1.862645149230957e-08,0.02310408093035221,0.02310408093035221,0.026872336864471436,0.03618540242314339,-0.009313065558671951
ood,val_small_tee,D:\EV-TTT\adajepa_official_51d8665\artifacts\ood\val_small_tee_official_n5,pushobj_norm_envapi_v1,[],OFFICIAL_ADAJEPA,0,0,0,0,s1_history_mpc0,ood_smalltee_official_n5,1,101,small_tee,0,terminal,10,g99_after,g49_after,g99_after,0.12151539325714111,0.12151539325714111,0.0,0.7606918215751648,1e-06,2,0.12151539325714111,0.12151569128036499,4.0978193283081055e-07,0.6391764283180237,0.6391764283180237,2.804156094789505,2.112910807132721,0.6912452876567841
ood,val_small_tee,D:\EV-TTT\adajepa_official_51d8665\artifacts\ood\val_small_tee_official_n5,pushobj_norm_envapi_v1,"[""s1_executed_mpc0""]",OFFICIAL_ADAJEPA,1,1,0,1,s1_history_mpc1,ood_smalltee_official_n5,1,101,small_tee,1,terminal,10,g99_after,g99_before,g99_after,0.0,0.0,0.0,0.6528692245483398,1e-06,2,0.0,0.0,1.564621925354004e-07,0.6528692245483398,0.6528692245483398,0.11510263383388519,0.6649550199508667,-0.5498523861169815
ood,val_small_tee,D:\EV-TTT\adajepa_official_51d8665\artifacts\ood\val_small_tee_official_n5,pushobj_norm_envapi_v1,"[""s1_executed_mpc0"", ""s1_executed_mpc1""]",OFFICIAL_ADAJEPA,2,2,0,2,s1_history_mpc2,ood_smalltee_official_n5,1,101,small_tee,2,terminal,10,g99_after,g0_after,g99_after,0.0362018346786499,0.0362018346786499,0.0,0.3552658502012491,1e-06,2,0.0362018346786499,0.036201849579811096,2.421438694000244e-08,0.3190640155225992,0.3190640155225992,0.035729099065065384,0.02183440327644348,0.013894695788621902
ood,val_small_tee,D:\EV-TTT\adajepa_official_51d8665\artifacts\ood\val_small_tee_official_n5,pushobj_norm_envapi_v1,"[""s1_executed_mpc0"", ""s1_executed_mpc1"", ""s1_executed_mpc2""]",OFFICIAL_ADAJEPA,3,3,0,3,s1_history_mpc3,ood_smalltee_official_n5,1,101,small_tee,3,terminal,10,g99_after,g99_after,g99_after,0.0,0.0,0.0,0.06990186497569084,1e-06,2,0.0,1.4901161193847656e-08,3.259629011154175e-08,0.06990186497569084,0.06990186497569084,0.0117598632350564,0.022121958434581757,-0.010362095199525356
ood,val_small_tee,D:\EV-TTT\adajepa_official_51d8665\artifacts\ood\val_small_tee_official_n5,pushobj_norm_envapi_v1,"[""s1_executed_mpc0"", ""s1_executed_mpc1"", ""s1_executed_mpc2"", ""s1_executed_mpc3""]",OFFICIAL_ADAJEPA,4,4,0,4,s1_history_mpc4,ood_smalltee_official_n5,1,101,small_tee,4,terminal,10,g99_after,g49_before,g99_after,0.001822926104068756,0.001822926104068756,0.0,0.020109626464545727,1e-06,2,0.001822926104068756,0.0018229484558105469,2.3283064365386963e-08,0.01828670036047697,0.01828670036047697,0.019742163829505444,0.025188453495502472,-0.005446289665997028
ood,val_small_tee,D:\EV-TTT\adajepa_official_51d8665\artifacts\ood\val_small_tee_official_n5,pushobj_norm_envapi_v1,"[""s1_executed_mpc0"", ""s1_executed_mpc1"", ""s1_executed_mpc2"", ""s1_executed_mpc3"", ""s1_executed_mpc4""]",OFFICIAL_ADAJEPA,5,5,0,5,s1_history_mpc5,ood_smalltee_official_n5,1,101,small_tee,5,full_horizon,10,g99_after,g49_after,g99_after,0.0013560689985752106,0.0013560689985752106,0.0,0.004358495585620403,1e-06,2,0.0013560689985752106,0.0013560745865106583,3.725290298461914e-09,0.0030024265870451927,0.0030024265870451927,0.007334406254813075,0.005761057138442993,0.001573349116370082
ood,val_small_tee,D:\EV-TTT\adajepa_official_51d8665\artifacts\ood\val_small_tee_official_n5,pushobj_norm_envapi_v1,"[""s1_executed_mpc1"", ""s1_executed_mpc2"", ""s1_executed_mpc3"", ""s1_executed_mpc4"", ""s1_executed_mpc5""]",OFFICIAL_ADAJEPA,6,6,0,6,s1_history_mpc6,ood_smalltee_official_n5,1,101,small_tee,6,full_horizon,10,g99_before,g49_before,g99_after,0.0003061671741306782,0.00030616438016295433,0.0,0.008751274552196264,1e-06,2,0.00030616438016295433,0.0003061671741306782,0.0,0.008445107378065586,0.00844511017203331,0.00309351971372962,0.007369899190962315,-0.004276379477232695
ood,val_small_tee,D:\EV-TTT\adajepa_official_51d8665\artifacts\ood\val_small_tee_official_n5,pushobj_norm_envapi_v1,"[""s1_executed_mpc2"", ""s1_executed_mpc3"", ""s1_executed_mpc4"", ""s1_executed_mpc5"", ""s1_executed_mpc6""]",OFFICIAL_ADAJEPA,7,7,0,7,s1_history_mpc7,ood_smalltee_official_n5,1,101,small_tee,7,full_horizon,10,g99_before,g0_after,g99_after,0.001183100277557969,0.0011830960866063833,2.3283064365386963e-10,0.004374576499685645,1e-06,2,0.0011830960866063833,0.001183100277557969,2.3283064365386963e-10,0.003191476222127676,0.0031914806459099054,0.0013867071829736233,8.404441177845001e-05,0.0013026627711951733
ood,val_small_tee,D:\EV-TTT\adajepa_official_51d8665\artifacts\ood\val_small_tee_official_n5,pushobj_norm_envapi_v1,[],OFFICIAL_ADAJEPA,0,0,0,0,s2_history_mpc0,ood_smalltee_official_n5,2,201,small_tee,0,terminal,10,g99_after,g24_before,g99_after,0.02297312766313553,0.02297312766313553,0.0,0.18705333769321442,1e-06,2,0.02297312766313553,0.022973157465457916,1.1175870895385742e-08,0.1640802100300789,0.1640802100300789,0.2771788723766804,0.417954221367836,-0.14077534899115562
ood,val_small_tee,D:\EV-TTT\adajepa_official_51d8665\artifacts\ood\val_small_tee_official_n5,pushobj_norm_envapi_v1,"[""s2_executed_mpc0""]",OFFICIAL_ADAJEPA,1,1,0,1,s2_history_mpc1,ood_smalltee_official_n5,2,201,small_tee,1,terminal,10,g99_after,g99_before,g99_after,4.0978193283081055e-08,4.0978193283081055e-08,0.0,0.19074442237615585,1e-06,2,0.0,4.0978193283081055e-08,9.313225746154785e-09,0.19074438139796257,0.19074438139796257,0.192226342856884,0.021080326288938522,0.17114601656794548
ood,val_small_tee,D:\EV-TTT\adajepa_official_51d8665\artifacts\ood\val_small_tee_official_n5,pushobj_norm_envapi_v1,"[""s2_executed_mpc0"", ""s2_executed_mpc1""]",OFFICIAL_ADAJEPA,2,2,0,2,s2_history_mpc2,ood_smalltee_official_n5,2,201,small_tee,2,terminal,10,g99_after,g0_after,g99_after,0.012785099446773529,0.012785099446773529,0.0,0.11565938778221607,1e-06,2,0.012785099446773529,0.012785147875547409,2.2351741790771484e-08,0.10287428833544254,0.10287428833544254,0.02188822254538536,0.012468084692955017,0.009420137852430344
ood,val_small_tee,D:\EV-TTT\adajepa_official_51d8665\artifacts\ood\val_small_tee_official_n5,pushobj_norm_envapi_v1,"[""s2_executed_mpc0"", ""s2_executed_mpc1"", ""s2_executed_mpc2""]",OFFICIAL_ADAJEPA,3,3,0,3,s2_history_mpc3,ood_smalltee_official_n5,2,201,small_tee,3,terminal,10,g99_after,g24_after,g99_after,0.020447909832000732,0.020447909832000732,0.0,0.15967117249965668,1e-06,2,0.020447909832000732,0.020447954535484314,1.30385160446167e-08,0.13922326266765594,0.13922326266765594,0.03567284345626831,-0.017950594425201416,0.05362343788146973
ood,val_small_tee,D:\EV-TTT\adajepa_official_51d8665\artifacts\ood\val_small_tee_official_n5,pushobj_norm_envapi_v1,"[""s2_executed_mpc0"", ""s2_executed_mpc1"", ""s2_executed_mpc2"", ""s2_executed_mpc3""]",OFFICIAL_ADAJEPA,4,4,0,4,s2_history_mpc4,ood_smalltee_official_n5,2,201,small_tee,4,terminal,10,g99_after,g74_before,g99_after,0.0013683512806892395,0.0013683512806892395,0.0,0.06037663668394089,1e-06,2,0.0013683512806892395,0.0013683661818504333,1.1175870895385742e-08,0.05900828540325165,0.05900828540325165,0.02945258468389511,0.025006208568811417,0.0044463761150836945
ood,val_small_tee,D:\EV-TTT\adajepa_official_51d8665\artifacts\ood\val_small_tee_official_n5,pushobj_norm_envapi_v1,"[""s2_executed_mpc0"", ""s2_executed_mpc1"", ""s2_executed_mpc2"", ""s2_executed_mpc3"", ""s2_executed_mpc4""]",OFFICIAL_ADAJEPA,5,5,0,5,s2_history_mpc5,ood_smalltee_official_n5,2,201,small_tee,5,full_horizon,10,g99_after,g49_before,g99_after,0.0012538349255919456,0.0012538349255919456,0.0,0.012760465033352375,1e-06,2,0.0012538349255919456,0.0012538367882370949,1.862645149230957e-09,0.01150663010776043,0.01150663010776043,0.006723866332322359,0.008299022912979126,-0.0015751565806567669
ood,val_small_tee,D:\EV-TTT\adajepa_official_51d8665\artifacts\ood\val_small_tee_official_n5,pushobj_norm_envapi_v1,[],OFFICIAL_ADAJEPA,0,0,0,0,s3_history_mpc0,ood_smalltee_official_n5,3,301,small_tee,0,terminal,10,g99_after,g49_after,g99_after,0.0158277228474617,0.0158277228474617,0.0,0.28023536875844,1e-06,2,0.0158277228474617,0.015827760100364685,2.9802322387695312e-08,0.2644076459109783,0.2644076459109783,2.000001411885023,2.201694570481777,-0.20169315859675407
ood,val_small_tee,D:\EV-TTT\adajepa_official_51d8665\artifacts\ood\val_small_tee_official_n5,pushobj_norm_envapi_v1,"[""s3_executed_mpc0""]",OFFICIAL_ADAJEPA,1,1,0,1,s3_history_mpc1,ood_smalltee_official_n5,3,301,small_tee,1,terminal,10,g99_after,g74_after,g99_after,0.00020102225244045258,0.00020102225244045258,0.0,0.04485578741878271,1e-06,2,0.00020101899281144142,0.00020102225244045258,7.450580596923828e-09,0.04465476516634226,0.04465476516634226,0.07044949382543564,0.02681440534070134,0.0436350884847343
ood,val_small_tee,D:\EV-TTT\adajepa_official_51d8665\artifacts\ood\val_small_tee_official_n5,pushobj_norm_envapi_v1,"[""s3_executed_mpc0"", ""s3_executed_mpc1""]",OFFICIAL_ADAJEPA,2,2,0,2,s3_history_mpc2,ood_smalltee_official_n5,3,301,small_tee,2,terminal,10,g99_after,g0_before,g99_after,0.004892203491181135,0.004892203491181135,0.0,0.06820001592859626,1e-06,2,0.0048922025598585606,0.004892203491181135,7.450580596923828e-09,0.06330781243741512,0.06330781243741512,0.061655523255467415,-0.004892203491181135,0.06654772674664855
ood,val_small_tee,D:\EV-TTT\adajepa_official_51d8665\artifacts\ood\val_small_tee_official_n5,pushobj_norm_envapi_v1,"[""s3_executed_mpc0"", ""s3_executed_mpc1"", ""s3_executed_mpc2""]",OFFICIAL_ADAJEPA,3,3,0,3,s3_history_mpc3,ood_smalltee_official_n5,3,301,small_tee,3,terminal,10,g99_after,g0_before,g99_after,0.013903100043535233,0.013903100043535233,0.0,0.05711694434285164,1e-06,2,0.013903100043535233,0.01390310749411583,3.725290298461914e-09,0.043213844299316406,0.043213844299316406,0.03681640699505806,-0.013903100043535233,0.05071950703859329
ood,val_small_tee,D:\EV-TTT\adajepa_official_51d8665\artifacts\ood\val_small_tee_official_n5,pushobj_norm_envapi_v1,"[""s3_executed_mpc0"", ""s3_executed_mpc1"", ""s3_executed_mpc2"", ""s3_executed_mpc3""]",OFFICIAL_ADAJEPA,4,4,0,4,s3_history_mpc4,ood_smalltee_official_n5,3,301,small_tee,4,terminal,10,g99_after,g49_after,g99_after,3.3836811780929565e-05,3.3836811780929565e-05,0.0,0.023472662083804607,1e-06,2,3.3836811780929565e-05,3.3853575587272644e-05,7.450580596923828e-09,0.023438825272023678,0.023438825272023678,0.02679415885359049,0.00836721807718277,0.01842694077640772
ood,val_small_tee,D:\EV-TTT\adajepa_official_51d8665\artifacts\ood\val_small_tee_official_n5,pushobj_norm_envapi_v1,[],OFFICIAL_ADAJEPA,0,0,0,0,s4_history_mpc0,ood_smalltee_official_n5,4,401,small_tee,0,terminal,10,g99_after,g74_after,g99_after,0.0019528120756149292,0.0019528120756149292,0.0,0.1667703203856945,1e-06,2,0.0019528120756149292,0.0019528865814208984,6.705522537231445e-08,0.16481750831007957,0.16481750831007957,2.757592646405101,2.769146829843521,-0.011554183438420296
ood,val_small_tee,D:\EV-TTT\adajepa_official_51d8665\artifacts\ood\val_small_tee_official_n5,pushobj_norm_envapi_v1,"[""s4_executed_mpc0""]",OFFICIAL_ADAJEPA,1,1,0,1,s4_history_mpc1,ood_smalltee_official_n5,4,401,small_tee,1,terminal,10,g99_after,g24_after,g99_after,0.35227398574352264,0.35227398574352264,0.0,0.676066093146801,1e-06,2,0.35227392613887787,0.35227398574352264,1.043081283569336e-07,0.32379210740327835,0.32379210740327835,0.0551287904381752,-0.14621657133102417,0.20134536176919937
ood,val_small_tee,D:\EV-TTT\adajepa_official_51d8665\artifacts\ood\val_small_tee_official_n5,pushobj_norm_envapi_v1,"[""s4_executed_mpc5"", ""s4_executed_mpc6"", ""s4_executed_mpc7"", ""s4_executed_mpc8"", ""s4_executed_mpc9""]",OFFICIAL_ADAJEPA,10,10,0,10,s4_history_mpc10,ood_smalltee_official_n5,4,401,small_tee,10,full_horizon,10,g99_after,g74_before,g99_after,0.00017390307039022446,0.00017390307039022446,0.0,0.001612058375030756,1e-06,2,0.000173899345099926,0.00017390307039022446,8.381903171539307e-09,0.0014381553046405315,0.0014381553046405315,0.006941807921975851,0.005400080233812332,0.001541727688163519
ood,val_small_tee,D:\EV-TTT\adajepa_official_51d8665\artifacts\ood\val_small_tee_official_n5,pushobj_norm_envapi_v1,"[""s4_executed_mpc6"", ""s4_executed_mpc7"", ""s4_executed_mpc8"", ""s4_executed_mpc9"", ""s4_executed_mpc10""]",OFFICIAL_ADAJEPA,11,11,0,11,s4_history_mpc11,ood_smalltee_official_n5,4,401,small_tee,11,full_horizon,10,g99_after,g99_after,g99_after,0.0,0.0,0.0,0.019346346147358418,1e-06,2,0.0,7.450580596923828e-09,2.7939677238464355e-09,0.019346346147358418,0.019346346147358418,0.01982701662927866,0.0035016415640711784,0.01632537506520748
ood,val_small_tee,D:\EV-TTT\adajepa_official_51d8665\artifacts\ood\val_small_tee_official_n5,pushobj_norm_envapi_v1,"[""s4_executed_mpc7"", ""s4_executed_mpc8"", ""s4_executed_mpc9"", ""s4_executed_mpc10"", ""s4_executed_mpc11""]",OFFICIAL_ADAJEPA,12,12,0,12,s4_history_mpc12,ood_smalltee_official_n5,4,401,small_tee,12,full_horizon,10,g99_before,g74_before,g99_after,0.00010103918612003326,0.00010102707892656326,0.0,0.006341993808746338,1e-06,2,0.00010102707892656326,0.00010103918612003326,0.0,0.006240954622626305,0.006240966729819775,0.017081422731280327,0.010854095220565796,0.006227327510714531
ood,val_small_tee,D:\EV-TTT\adajepa_official_51d8665\artifacts\ood\val_small_tee_official_n5,pushobj_norm_envapi_v1,"[""s4_executed_mpc8"", ""s4_executed_mpc9"", ""s4_executed_mpc10"", ""s4_executed_mpc11"", ""s4_executed_mpc12""]",OFFICIAL_ADAJEPA,13,13,0,13,s4_history_mpc13,ood_smalltee_official_n5,4,401,small_tee,13,full_horizon,10,g99_after,g24_after,g99_after,0.0038617830723524094,0.0038617830723524094,0.0,0.010436381213366985,1e-06,2,0.0038617830723524094,0.0038617849349975586,8.381903171539307e-09,0.006574598141014576,0.006574598141014576,0.008367264177650213,0.0034193992614746094,0.004947864916175604
ood,val_small_tee,D:\EV-TTT\adajepa_official_51d8665\artifacts\ood\val_small_tee_official_n5,pushobj_norm_envapi_v1,"[""s4_executed_mpc9"", ""s4_executed_mpc10"", ""s4_executed_mpc11"", ""s4_executed_mpc12"", ""s4_executed_mpc13""]",OFFICIAL_ADAJEPA,14,14,0,14,s4_history_mpc14,ood_smalltee_official_n5,4,401,small_tee,14,full_horizon,10,g99_after,g49_before,g99_after,0.002526402473449707,0.002526402473449707,0.0,0.015125782694667578,1e-06,2,0.002526402473449707,0.002526402473449707,6.984919309616089e-09,0.01259938022121787,0.01259938022121787,0.005364732351154089,0.017505908384919167,-0.012141176033765078
ood,val_small_tee,D:\EV-TTT\adajepa_official_51d8665\artifacts\ood\val_small_tee_official_n5,pushobj_norm_envapi_v1,"[""s4_executed_mpc10"", ""s4_executed_mpc11"", ""s4_executed_mpc12"", ""s4_executed_mpc13"", ""s4_executed_mpc14""]",OFFICIAL_ADAJEPA,15,15,0,15,s4_history_mpc15,ood_smalltee_official_n5,4,401,small_tee,15,full_horizon,10,g99_after,g24_after,g99_after,0.01027736533433199,0.01027736533433199,0.0,0.018936509266495705,1e-06,2,0.01027736533433199,0.01027738954871893,1.0244548320770264e-08,0.008659143932163715,0.008659143932163715,0.010928080417215824,0.0038739535957574844,0.00705412682145834
ood,val_small_tee,D:\EV-TTT\adajepa_official_51d8665\artifacts\ood\val_small_tee_official_n5,pushobj_norm_envapi_v1,"[""s4_executed_mpc11"", ""s4_executed_mpc12"", ""s4_executed_mpc13"", ""s4_executed_mpc14"", ""s4_executed_mpc15""]",OFFICIAL_ADAJEPA,16,16,0,16,s4_history_mpc16,ood_smalltee_official_n5,4,401,small_tee,16,full_horizon,10,g99_after,g24_after,g99_after,0.00019115954637527466,0.00019115954637527466,0.0,0.009169381111860275,1e-06,2,0.00019115954637527466,0.00019117165356874466,2.7939677238464355e-09,0.008978221565485,0.008978221565485,0.019023822620511055,0.023264448158442974,-0.004240625537931919
ood,val_small_tee,D:\EV-TTT\adajepa_official_51d8665\artifacts\ood\val_small_tee_official_n5,pushobj_norm_envapi_v1,"[""s4_executed_mpc12"", ""s4_executed_mpc13"", ""s4_executed_mpc14"", ""s4_executed_mpc15"", ""s4_executed_mpc16""]",OFFICIAL_ADAJEPA,17,17,0,17,s4_history_mpc17,ood_smalltee_official_n5,4,401,small_tee,17,full_horizon,10,g99_after,g49_before,g99_after,0.011790502816438675,0.011790502816438675,0.0,0.01999707706272602,1e-06,2,0.011790502816438675,0.011790508404374123,1.0244548320770264e-08,0.008206574246287346,0.008206574246287346,0.00660310685634613,-0.0037945322692394257,0.010397639125585556
ood,val_small_tee,D:\EV-TTT\adajepa_official_51d8665\artifacts\ood\val_small_tee_official_n5,pushobj_norm_envapi_v1,"[""s4_executed_mpc13"", ""s4_executed_mpc14"", ""s4_executed_mpc15"", ""s4_executed_mpc16"", ""s4_executed_mpc17""]",OFFICIAL_ADAJEPA,18,18,0,18,s4_history_mpc18,ood_smalltee_official_n5,4,401,small_tee,18,full_horizon,10,g99_after,g99_after,g99_after,0.0,0.0,0.0,0.03967736568301916,1e-06,2,0.0,2.2351741790771484e-08,9.778887033462524e-09,0.03967736568301916,0.03967736568301916,0.0072928061708807945,0.027727140113711357,-0.020434333942830563
ood,val_small_tee,D:\EV-TTT\adajepa_official_51d8665\artifacts\ood\val_small_tee_official_n5,pushobj_norm_envapi_v1,"[""s4_executed_mpc14"", ""s4_executed_mpc15"", ""s4_executed_mpc16"", ""s4_executed_mpc17"", ""s4_executed_mpc18""]",OFFICIAL_ADAJEPA,19,19,0,19,s4_history_mpc19,ood_smalltee_official_n5,4,401,small_tee,19,full_horizon,10,g99_after,g24_after,g99_after,0.007467642426490784,0.007467642426490784,0.0,0.01795594673603773,1e-06,2,0.007467642426490784,0.0074676573276519775,6.51925802230835e-09,0.010488304309546947,0.010488304309546947,0.004825621843338013,-0.002408253960311413,0.0072338758036494255
ood,val_small_tee,D:\EV-TTT\adajepa_official_51d8665\artifacts\ood\val_small_tee_official_n5,pushobj_norm_envapi_v1,"[""s4_executed_mpc0"", ""s4_executed_mpc1""]",OFFICIAL_ADAJEPA,2,2,0,2,s4_history_mpc2,ood_smalltee_official_n5,4,401,small_tee,2,terminal,10,g99_after,g24_after,g99_after,0.037077486515045166,0.037077486515045166,0.0,0.19875821471214294,1e-06,2,0.037077486515045166,0.03707757592201233,5.587935447692871e-08,0.16168072819709778,0.16168072819709778,0.2796536087989807,0.42024439573287964,-0.14059078693389893
ood,val_small_tee,D:\EV-TTT\adajepa_official_51d8665\artifacts\ood\val_small_tee_official_n5,pushobj_norm_envapi_v1,"[""s4_executed_mpc0"", ""s4_executed_mpc1"", ""s4_executed_mpc2""]",OFFICIAL_ADAJEPA,3,3,0,3,s4_history_mpc3,ood_smalltee_official_n5,4,401,small_tee,3,terminal,10,g99_after,g24_after,g99_after,0.08692818880081177,0.08692818880081177,0.0,0.12485624104738235,1e-06,2,0.08692818880081177,0.0869283527135849,1.2665987014770508e-07,0.03792805224657059,0.03792805224657059,0.19003096222877502,0.17537343502044678,0.014657527208328247
ood,val_small_tee,D:\EV-TTT\adajepa_official_51d8665\artifacts\ood\val_small_tee_official_n5,pushobj_norm_envapi_v1,"[""s4_executed_mpc0"", ""s4_executed_mpc1"", ""s4_executed_mpc2"", ""s4_executed_mpc3""]",OFFICIAL_ADAJEPA,4,4,0,4,s4_history_mpc4,ood_smalltee_official_n5,4,401,small_tee,4,terminal,10,g99_after,g24_before,g99_after,0.08263330906629562,0.08263330906629562,0.0,0.1002479288727045,1e-06,2,0.08263330906629562,0.08263330906629562,3.3527612686157227e-08,0.017614619806408882,0.017614619806408882,0.16153469495475292,0.0753728598356247,0.08616183511912823
ood,val_small_tee,D:\EV-TTT\adajepa_official_51d8665\artifacts\ood\val_small_tee_official_n5,pushobj_norm_envapi_v1,"[""s4_executed_mpc0"", ""s4_executed_mpc1"", ""s4_executed_mpc2"", ""s4_executed_mpc3"", ""s4_executed_mpc4""]",OFFICIAL_ADAJEPA,5,5,0,5,s4_history_mpc5,ood_smalltee_official_n5,4,401,small_tee,5,full_horizon,10,g99_after,g0_after,g99_after,0.021614208817481995,0.021614208817481995,0.0,0.04269797261804342,1e-06,2,0.021614208817481995,0.02161421626806259,6.51925802230835e-09,0.021083763800561428,0.021083763800561428,0.027413252741098404,-0.0021546147763729095,0.029567867517471313
ood,val_small_tee,D:\EV-TTT\adajepa_official_51d8665\artifacts\ood\val_small_tee_official_n5,pushobj_norm_envapi_v1,"[""s4_executed_mpc1"", ""s4_executed_mpc2"", ""s4_executed_mpc3"", ""s4_executed_mpc4"", ""s4_executed_mpc5""]",OFFICIAL_ADAJEPA,6,6,0,6,s4_history_mpc6,ood_smalltee_official_n5,4,401,small_tee,6,full_horizon,10,g99_after,g49_before,g99_after,0.0032833395525813103,0.0032833395525813103,0.0,0.02341997344046831,1e-06,2,0.0032833395525813103,0.003283361904323101,1.6763806343078613e-08,0.020136633887887,0.020136633887887,0.04751020763069391,0.03160510212182999,0.015905105508863926
ood,val_small_tee,D:\EV-TTT\adajepa_official_51d8665\artifacts\ood\val_small_tee_official_n5,pushobj_norm_envapi_v1,"[""s4_executed_mpc2"", ""s4_executed_mpc3"", ""s4_executed_mpc4"", ""s4_executed_mpc5"", ""s4_executed_mpc6""]",OFFICIAL_ADAJEPA,7,7,0,7,s4_history_mpc7,ood_smalltee_official_n5,4,401,small_tee,7,full_horizon,10,g99_after,g0_after,g99_after,0.009117590263485909,0.009117590263485909,0.0,0.026420310139656067,1e-06,2,0.009117590263485909,0.009117593988776207,1.3969838619232178e-09,0.01730271987617016,0.01730271987617016,0.009154697880148888,-0.002411091700196266,0.011565789580345154
ood,val_small_tee,D:\EV-TTT\adajepa_official_51d8665\artifacts\ood\val_small_tee_official_n5,pushobj_norm_envapi_v1,"[""s4_executed_mpc3"", ""s4_executed_mpc4"", ""s4_executed_mpc5"", ""s4_executed_mpc6"", ""s4_executed_mpc7""]",OFFICIAL_ADAJEPA,8,8,0,8,s4_history_mpc8,ood_smalltee_official_n5,4,401,small_tee,8,full_horizon,10,g99_after,g24_before,g99_after,0.008199360221624374,0.008199360221624374,0.0,0.015609807800501585,1e-06,2,0.008199352771043777,0.008199360221624374,1.862645149230957e-09,0.007410447578877211,0.007410447578877211,0.007334572728723288,0.0025670528411865234,0.004767519887536764
ood,val_small_tee,D:\EV-TTT\adajepa_official_51d8665\artifacts\ood\val_small_tee_official_n5,pushobj_norm_envapi_v1,"[""s4_executed_mpc4"", ""s4_executed_mpc5"", ""s4_executed_mpc6"", ""s4_executed_mpc7"", ""s4_executed_mpc8""]",OFFICIAL_ADAJEPA,9,9,0,9,s4_history_mpc9,ood_smalltee_official_n5,4,401,small_tee,9,full_horizon,10,g99_after,g99_after,g99_after,0.0,0.0,0.0,0.01591918244957924,1e-06,2,0.0,1.30385160446167e-08,1.0244548320770264e-08,0.01591918244957924,0.01591918244957924,0.016923563554883003,0.02445230819284916,-0.007528744637966156
ood,val_small_tee,D:\EV-TTT\adajepa_official_51d8665\artifacts\ood\val_small_tee_predictor_only_n5,pushobj_norm_envapi_v1,[],PREDICTOR_ONLY,0,0,0,0,s0_history_mpc0,ood_smalltee_predictor_only_n5,0,1,small_tee,0,terminal,10,g99_after,g99_after,g99_after,0.0,0.0,0.0,0.15422417223453522,1e-06,2,0.0,7.450580596923828e-08,1.4156103134155273e-07,0.15422417223453522,0.15422417223453522,1.8971211537718773,1.9853148311376572,-0.08819367736577988
ood,val_small_tee,D:\EV-TTT\adajepa_official_51d8665\artifacts\ood\val_small_tee_predictor_only_n5,pushobj_norm_envapi_v1,"[""s0_executed_mpc0""]",PREDICTOR_ONLY,0,1,0,1,s0_history_mpc1,ood_smalltee_predictor_only_n5,0,1,small_tee,1,terminal,10,g99_after,g99_before,g99_after,7.450580596923828e-09,7.450580596923828e-09,0.0,0.09351912885904312,1e-06,2,0.0,7.450580596923828e-09,5.774199962615967e-08,0.09351912140846252,0.09351912140846252,0.06828052550554276,0.018448110669851303,0.04983241483569145
ood,val_small_tee,D:\EV-TTT\adajepa_official_51d8665\artifacts\ood\val_small_tee_predictor_only_n5,pushobj_norm_envapi_v1,"[""s0_executed_mpc0"", ""s0_executed_mpc1""]",PREDICTOR_ONLY,0,2,0,2,s0_history_mpc2,ood_smalltee_predictor_only_n5,0,1,small_tee,2,terminal,10,g99_after,g99_before,g99_after,7.450580596923828e-09,7.450580596923828e-09,0.0,0.05559317395091057,1e-06,2,0.0,7.450580596923828e-09,2.7939677238464355e-08,0.05559316650032997,0.05559316650032997,0.013400498777627945,0.009772587567567825,0.0036279112100601196
ood,val_small_tee,D:\EV-TTT\adajepa_official_51d8665\artifacts\ood\val_small_tee_predictor_only_n5,pushobj_norm_envapi_v1,"[""s0_executed_mpc0"", ""s0_executed_mpc1"", ""s0_executed_mpc2""]",PREDICTOR_ONLY,0,3,0,3,s0_history_mpc3,ood_smalltee_predictor_only_n5,0,1,small_tee,3,terminal,10,g99_after,g74_before,g99_after,0.001984991133213043,0.001984991133213043,0.0,0.014069389551877975,1e-06,2,0.0019849687814712524,0.001984991133213043,2.7939677238464355e-08,0.012084398418664932,0.012084398418664932,0.021562684327363968,0.01215655729174614,0.009406127035617828
ood,val_small_tee,D:\EV-TTT\adajepa_official_51d8665\artifacts\ood\val_small_tee_predictor_only_n5,pushobj_norm_envapi_v1,"[""s0_executed_mpc0"", ""s0_executed_mpc1"", ""s0_executed_mpc2"", ""s0_executed_mpc3""]",PREDICTOR_ONLY,0,4,0,4,s0_history_mpc4,ood_smalltee_predictor_only_n5,0,1,small_tee,4,terminal,10,g99_after,g0_after,g99_after,0.0061497762799263,0.0061497762799263,0.0,0.04145306162536144,1e-06,2,0.006149768829345703,0.0061497762799263,2.421438694000244e-08,0.03530328534543514,0.03530328534543514,0.017949340865015984,0.02818264625966549,-0.010233305394649506
ood,val_small_tee,D:\EV-TTT\adajepa_official_51d8665\artifacts\ood\val_small_tee_predictor_only_n5,pushobj_norm_envapi_v1,[],PREDICTOR_ONLY,0,0,0,0,s1_history_mpc0,ood_smalltee_predictor_only_n5,1,101,small_tee,0,terminal,10,g99_after,g49_after,g99_after,0.12151539325714111,0.12151539325714111,0.0,0.7606918215751648,1e-06,2,0.12151539325714111,0.12151569128036499,4.0978193283081055e-07,0.6391764283180237,0.6391764283180237,2.804156094789505,2.112910807132721,0.6912452876567841
ood,val_small_tee,D:\EV-TTT\adajepa_official_51d8665\artifacts\ood\val_small_tee_predictor_only_n5,pushobj_norm_envapi_v1,"[""s1_executed_mpc0""]",PREDICTOR_ONLY,0,1,0,1,s1_history_mpc1,ood_smalltee_predictor_only_n5,1,101,small_tee,1,terminal,10,g99_after,g74_before,g99_after,0.005191892385482788,0.005191892385482788,0.0,0.678078830242157,1e-06,2,0.005191892385482788,0.005191892385482788,1.4156103134155273e-07,0.6728869378566742,0.6728869378566742,0.08327478542923927,0.6622033417224884,-0.5789285562932491
ood,val_small_tee,D:\EV-TTT\adajepa_official_51d8665\artifacts\ood\val_small_tee_predictor_only_n5,pushobj_norm_envapi_v1,"[""s1_executed_mpc0"", ""s1_executed_mpc1""]",PREDICTOR_ONLY,0,2,0,2,s1_history_mpc2,ood_smalltee_predictor_only_n5,1,101,small_tee,2,terminal,10,g99_after,g0_after,g99_after,0.02713194489479065,0.02713194489479065,0.0,0.4680607132613659,1e-06,2,0.027131929993629456,0.02713194489479065,5.960464477539063e-08,0.44092876836657524,0.44092876836657524,0.03175671957433224,0.029641292989253998,0.0021154265850782394
ood,val_small_tee,D:\EV-TTT\adajepa_official_51d8665\artifacts\ood\val_small_tee_predictor_only_n5,pushobj_norm_envapi_v1,"[""s1_executed_mpc0"", ""s1_executed_mpc1"", ""s1_executed_mpc2""]",PREDICTOR_ONLY,0,3,0,3,s1_history_mpc3,ood_smalltee_predictor_only_n5,1,101,small_tee,3,terminal,10,g99_after,g49_before,g99_after,0.02687159925699234,0.02687159925699234,0.0,0.3187846876680851,1e-06,2,0.026871591806411743,0.02687159925699234,4.842877388000488e-08,0.29191308841109276,0.29191308841109276,0.013212624937295914,0.028129741549491882,-0.014917116612195969
ood,val_small_tee,D:\EV-TTT\adajepa_official_51d8665\artifacts\ood\val_small_tee_predictor_only_n5,pushobj_norm_envapi_v1,"[""s1_executed_mpc0"", ""s1_executed_mpc1"", ""s1_executed_mpc2"", ""s1_executed_mpc3""]",PREDICTOR_ONLY,0,4,0,4,s1_history_mpc4,ood_smalltee_predictor_only_n5,1,101,small_tee,4,terminal,10,g99_after,g99_before,g99_after,2.2351741790771484e-08,2.2351741790771484e-08,0.0,0.033537064678967,1e-06,2,0.0,2.2351741790771484e-08,2.0489096641540527e-08,0.03353704232722521,0.03353704232722521,0.029272637329995632,0.00626286119222641,0.023009776137769222
ood,val_small_tee,D:\EV-TTT\adajepa_official_51d8665\artifacts\ood\val_small_tee_predictor_only_n5,pushobj_norm_envapi_v1,"[""s1_executed_mpc0"", ""s1_executed_mpc1"", ""s1_executed_mpc2"", ""s1_executed_mpc3"", ""s1_executed_mpc4""]",PREDICTOR_ONLY,0,5,0,5,s1_history_mpc5,ood_smalltee_predictor_only_n5,1,101,small_tee,5,full_horizon,10,g99_after,g49_after,g99_after,0.0013002892956137657,0.0013002892956137657,0.0,0.002786624478176236,1e-06,2,0.0013002892956137657,0.0013002948835492134,9.546056389808655e-09,0.0014863351825624704,0.0014863351825624704,0.004222189076244831,0.003688371740281582,0.0005338173359632492
ood,val_small_tee,D:\EV-TTT\adajepa_official_51d8665\artifacts\ood\val_small_tee_predictor_only_n5,pushobj_norm_envapi_v1,"[""s1_executed_mpc1"", ""s1_executed_mpc2"", ""s1_executed_mpc3"", ""s1_executed_mpc4"", ""s1_executed_mpc5""]",PREDICTOR_ONLY,0,6,0,6,s1_history_mpc6,ood_smalltee_predictor_only_n5,1,101,small_tee,6,full_horizon,10,g99_after,g0_after,g99_after,0.001527007669210434,0.001527007669210434,0.0,0.011064956430345774,1e-06,2,0.001527007669210434,0.0015270113945007324,1.0477378964424133e-09,0.00953794876113534,0.00953794876113534,0.002372859977185726,0.007743691094219685,-0.0053708311170339584
ood,val_small_tee,D:\EV-TTT\adajepa_official_51d8665\artifacts\ood\val_small_tee_predictor_only_n5,pushobj_norm_envapi_v1,"[""s1_executed_mpc2"", ""s1_executed_mpc3"", ""s1_executed_mpc4"", ""s1_executed_mpc5"", ""s1_executed_mpc6""]",PREDICTOR_ONLY,0,7,0,7,s1_history_mpc7,ood_smalltee_predictor_only_n5,1,101,small_tee,7,full_horizon,10,g99_before,g0_after,g99_after,0.0004268735647201538,0.0004268744960427284,0.0,0.004254856612533331,1e-06,2,0.0004268735647201538,0.0004268744960427284,0.0,0.003827983047813177,0.0038279821164906025,0.0018759705126285553,0.002969728782773018,-0.0010937582701444626
ood,val_small_tee,D:\EV-TTT\adajepa_official_51d8665\artifacts\ood\val_small_tee_predictor_only_n5,pushobj_norm_envapi_v1,[],PREDICTOR_ONLY,0,0,0,0,s2_history_mpc0,ood_smalltee_predictor_only_n5,2,201,small_tee,0,terminal,10,g99_after,g24_before,g99_after,0.02297312766313553,0.02297312766313553,0.0,0.18705333769321442,1e-06,2,0.02297312766313553,0.022973157465457916,1.1175870895385742e-08,0.1640802100300789,0.1640802100300789,0.2771788723766804,0.417954221367836,-0.14077534899115562
ood,val_small_tee,D:\EV-TTT\adajepa_official_51d8665\artifacts\ood\val_small_tee_predictor_only_n5,pushobj_norm_envapi_v1,"[""s2_executed_mpc0""]",PREDICTOR_ONLY,0,1,0,1,s2_history_mpc1,ood_smalltee_predictor_only_n5,2,201,small_tee,1,terminal,10,g99_after,g49_after,g99_after,0.004281431436538696,0.004281431436538696,0.0,0.12773816287517548,1e-06,2,0.004281394183635712,0.004281431436538696,1.862645149230957e-09,0.12345673143863678,0.12345673143863678,0.14092891663312912,0.013190753757953644,0.12773816287517548
ood,val_small_tee,D:\EV-TTT\adajepa_official_51d8665\artifacts\ood\val_small_tee_predictor_only_n5,pushobj_norm_envapi_v1,"[""s2_executed_mpc0"", ""s2_executed_mpc1""]",PREDICTOR_ONLY,0,2,0,2,s2_history_mpc2,ood_smalltee_predictor_only_n5,2,201,small_tee,2,terminal,10,g99_after,g49_after,g99_after,0.004310764372348785,0.004310764372348785,0.0,0.09142539277672768,1e-06,2,0.004310764372348785,0.004310764372348785,9.313225746154785e-09,0.08711462840437889,0.08711462840437889,0.02537023089826107,0.022984914481639862,0.002385316416621208
ood,val_small_tee,D:\EV-TTT\adajepa_official_51d8665\artifacts\ood\val_small_tee_predictor_only_n5,pushobj_norm_envapi_v1,"[""s2_executed_mpc0"", ""s2_executed_mpc1"", ""s2_executed_mpc2""]",PREDICTOR_ONLY,0,3,0,3,s2_history_mpc3,ood_smalltee_predictor_only_n5,2,201,small_tee,3,terminal,10,g99_after,g24_after,g99_after,0.022740468382835388,0.022740468382835388,0.0,0.15622445195913315,1e-06,2,0.022740468382835388,0.022740498185157776,7.450580596923828e-09,0.13348398357629776,0.13348398357629776,0.03666892275214195,-0.012872263789176941,0.04954118654131889
ood,val_small_tee,D:\EV-TTT\adajepa_official_51d8665\artifacts\ood\val_small_tee_predictor_only_n5,pushobj_norm_envapi_v1,"[""s2_executed_mpc0"", ""s2_executed_mpc1"", ""s2_executed_mpc2"", ""s2_executed_mpc3""]",PREDICTOR_ONLY,0,4,0,4,s2_history_mpc4,ood_smalltee_predictor_only_n5,2,201,small_tee,4,terminal,10,g99_after,g24_after,g99_after,0.017707645893096924,0.017707645893096924,0.0,0.15149077214300632,1e-06,2,0.017707645893096924,0.01770765334367752,2.9802322387695312e-08,0.1337831262499094,0.1337831262499094,0.03086913749575615,0.015091650187969208,0.01577748730778694
ood,val_small_tee,D:\EV-TTT\adajepa_official_51d8665\artifacts\ood\val_small_tee_predictor_only_n5,pushobj_norm_envapi_v1,"[""s2_executed_mpc0"", ""s2_executed_mpc1"", ""s2_executed_mpc2"", ""s2_executed_mpc3"", ""s2_executed_mpc4""]",PREDICTOR_ONLY,0,5,0,5,s2_history_mpc5,ood_smalltee_predictor_only_n5,2,201,small_tee,5,full_horizon,10,g99_after,g49_before,g99_after,0.0006989771500229836,0.0006989771500229836,0.0,0.011962363496422768,1e-06,2,0.0006989771500229836,0.0006989813409745693,1.3969838619232178e-09,0.011263386346399784,0.011263386346399784,0.006176394410431385,0.009631441906094551,-0.003455047495663166
ood,val_small_tee,D:\EV-TTT\adajepa_official_51d8665\artifacts\ood\val_small_tee_predictor_only_n5,pushobj_norm_envapi_v1,[],PREDICTOR_ONLY,0,0,0,0,s3_history_mpc0,ood_smalltee_predictor_only_n5,3,301,small_tee,0,terminal,10,g99_after,g49_after,g99_after,0.0158277228474617,0.0158277228474617,0.0,0.28023536875844,1e-06,2,0.0158277228474617,0.015827760100364685,2.9802322387695312e-08,0.2644076459109783,0.2644076459109783,2.000001411885023,2.201694570481777,-0.20169315859675407
ood,val_small_tee,D:\EV-TTT\adajepa_official_51d8665\artifacts\ood\val_small_tee_predictor_only_n5,pushobj_norm_envapi_v1,"[""s3_executed_mpc0""]",PREDICTOR_ONLY,0,1,0,1,s3_history_mpc1,ood_smalltee_predictor_only_n5,3,301,small_tee,1,terminal,10,g99_after,g49_after,g99_after,0.0008299564942717552,0.0008299564942717552,0.0,0.042281605303287506,1e-06,2,0.0008299509063363075,0.0008299564942717552,5.587935447692871e-09,0.04145164880901575,0.04145164880901575,0.06225314550101757,0.024136661551892757,0.03811648394912481
ood,val_small_tee,D:\EV-TTT\adajepa_official_51d8665\artifacts\ood\val_small_tee_predictor_only_n5,pushobj_norm_envapi_v1,"[""s3_executed_mpc0"", ""s3_executed_mpc1""]",PREDICTOR_ONLY,0,2,0,2,s3_history_mpc2,ood_smalltee_predictor_only_n5,3,301,small_tee,2,terminal,10,g99_after,g0_before,g99_after,0.005964875221252441,0.005964875221252441,0.0,0.05081985890865326,1e-06,2,0.005964873358607292,0.005964875221252441,1.862645149230957e-09,0.04485498368740082,0.04485498368740082,0.04475325345993042,-0.005964875221252441,0.05071812868118286
ood,val_small_tee,D:\EV-TTT\adajepa_official_51d8665\artifacts\ood\val_small_tee_predictor_only_n5,pushobj_norm_envapi_v1,"[""s3_executed_mpc0"", ""s3_executed_mpc1"", ""s3_executed_mpc2""]",PREDICTOR_ONLY,0,3,0,3,s3_history_mpc3,ood_smalltee_predictor_only_n5,3,301,small_tee,3,terminal,10,g99_after,g0_before,g99_after,0.007353097200393677,0.007353097200393677,0.0,0.03907163441181183,1e-06,2,0.007353097200393677,0.00735311396420002,3.725290298461914e-09,0.03171853721141815,0.03171853721141815,0.02542593702673912,-0.007353097200393677,0.0327790342271328
ood,val_small_tee,D:\EV-TTT\adajepa_official_51d8665\artifacts\ood\val_small_tee_predictor_only_n5,pushobj_norm_envapi_v1,"[""s3_executed_mpc0"", ""s3_executed_mpc1"", ""s3_executed_mpc2"", ""s3_executed_mpc3""]",PREDICTOR_ONLY,0,4,0,4,s3_history_mpc4,ood_smalltee_predictor_only_n5,3,301,small_tee,4,terminal,10,g99_after,g99_before,g99_after,1.6763806343078613e-08,1.6763806343078613e-08,0.0,0.02159149944782257,1e-06,2,0.0,1.6763806343078613e-08,6.332993507385254e-08,0.021591482684016228,0.021591482684016228,0.02122179977595806,0.0028378907591104507,0.01838390901684761
ood,val_small_tee,D:\EV-TTT\adajepa_official_51d8665\artifacts\ood\val_small_tee_predictor_only_n5,pushobj_norm_envapi_v1,"[""s3_executed_mpc0"", ""s3_executed_mpc1"", ""s3_executed_mpc2"", ""s3_executed_mpc3"", ""s3_executed_mpc4""]",PREDICTOR_ONLY,0,5,0,5,s3_history_mpc5,ood_smalltee_predictor_only_n5,3,301,small_tee,5,full_horizon,10,g99_after,g24_before,g99_after,0.0029538776725530624,0.0029538776725530624,0.0,0.0072428889106959105,1e-06,2,0.002953875809907913,0.0029538776725530624,1.1641532182693481e-09,0.004289011238142848,0.004289011238142848,0.004693652270361781,-0.0025492366403341293,0.0072428889106959105
ood,val_small_tee,D:\EV-TTT\adajepa_official_51d8665\artifacts\ood\val_small_tee_predictor_only_n5,pushobj_norm_envapi_v1,[],PREDICTOR_ONLY,0,0,0,0,s4_history_mpc0,ood_smalltee_predictor_only_n5,4,401,small_tee,0,terminal,10,g99_after,g74_after,g99_after,0.0019528120756149292,0.0019528120756149292,0.0,0.1667703203856945,1e-06,2,0.0019528120756149292,0.0019528865814208984,6.705522537231445e-08,0.16481750831007957,0.16481750831007957,2.757592646405101,2.769146829843521,-0.011554183438420296
ood,val_small_tee,D:\EV-TTT\adajepa_official_51d8665\artifacts\ood\val_small_tee_predictor_only_n5,pushobj_norm_envapi_v1,"[""s4_executed_mpc0""]",PREDICTOR_ONLY,0,1,0,1,s4_history_mpc1,ood_smalltee_predictor_only_n5,4,401,small_tee,1,terminal,10,g99_after,g49_after,g99_after,0.18726252019405365,0.18726252019405365,0.0,0.5607766788452864,1e-06,2,0.18726252019405365,0.18726252019405365,4.5821070671081543e-07,0.3735141586512327,0.3735141586512327,0.05148260109126568,0.007527202367782593,0.043955398723483086
ood,val_small_tee,D:\EV-TTT\adajepa_official_51d8665\artifacts\ood\val_small_tee_predictor_only_n5,pushobj_norm_envapi_v1,"[""s4_executed_mpc5"", ""s4_executed_mpc6"", ""s4_executed_mpc7"", ""s4_executed_mpc8"", ""s4_executed_mpc9""]",PREDICTOR_ONLY,0,10,0,10,s4_history_mpc10,ood_smalltee_predictor_only_n5,4,401,small_tee,10,full_horizon,10,g99_after,g74_after,g99_after,0.00880651781335473,0.00880651781335473,0.0,0.022692937403917313,1e-06,2,0.008806514088064432,0.00880651781335473,3.306195139884949e-08,0.013886419590562582,0.013886419590562582,0.01668638689443469,-0.006006550509482622,0.022692937403917313
ood,val_small_tee,D:\EV-TTT\adajepa_official_51d8665\artifacts\ood\val_small_tee_predictor_only_n5,pushobj_norm_envapi_v1,"[""s4_executed_mpc6"", ""s4_executed_mpc7"", ""s4_executed_mpc8"", ""s4_executed_mpc9"", ""s4_executed_mpc10""]",PREDICTOR_ONLY,0,11,0,11,s4_history_mpc11,ood_smalltee_predictor_only_n5,4,401,small_tee,11,full_horizon,10,g99_after,g49_before,g99_after,0.00808541476726532,0.00808541476726532,0.0,0.01761447172611952,1e-06,2,0.007790261879563332,0.00808541476726532,1.3504177331924438e-08,0.009529056958854198,0.009529056958854198,0.01729946630075574,0.019875207915902138,-0.0025757416151463985
ood,val_small_tee,D:\EV-TTT\adajepa_official_51d8665\artifacts\ood\val_small_tee_predictor_only_n5,pushobj_norm_envapi_v1,"[""s4_executed_mpc7"", ""s4_executed_mpc8"", ""s4_executed_mpc9"", ""s4_executed_mpc10"", ""s4_executed_mpc11""]",PREDICTOR_ONLY,0,12,0,12,s4_history_mpc12,ood_smalltee_predictor_only_n5,4,401,small_tee,12,full_horizon,10,g99_after,g74_before,g99_after,0.0013132342137396336,0.0013132342137396336,0.0,0.020751777105033398,1e-06,2,0.0013132328167557716,0.0013132342137396336,1.862645149230957e-08,0.019438542891293764,0.019438542891293764,0.0073052216321229935,0.026645358186215162,-0.01934013655409217
ood,val_small_tee,D:\EV-TTT\adajepa_official_51d8665\artifacts\ood\val_small_tee_predictor_only_n5,pushobj_norm_envapi_v1,"[""s4_executed_mpc8"", ""s4_executed_mpc9"", ""s4_executed_mpc10"", ""s4_executed_mpc11"", ""s4_executed_mpc12""]",PREDICTOR_ONLY,0,13,0,13,s4_history_mpc13,ood_smalltee_predictor_only_n5,4,401,small_tee,13,full_horizon,10,g99_after,g74_before,g99_after,0.0005292976275086403,0.0005292976275086403,0.0,0.01121979532763362,1e-06,2,0.0005292976275086403,0.0005293199792504311,1.955777406692505e-08,0.010690497700124979,0.010690497700124979,0.014369805343449116,0.02494959346950054,-0.010579788126051426
ood,val_small_tee,D:\EV-TTT\adajepa_official_51d8665\artifacts\ood\val_small_tee_predictor_only_n5,pushobj_norm_envapi_v1,"[""s4_executed_mpc9"", ""s4_executed_mpc10"", ""s4_executed_mpc11"", ""s4_executed_mpc12"", ""s4_executed_mpc13""]",PREDICTOR_ONLY,0,14,0,14,s4_history_mpc14,ood_smalltee_predictor_only_n5,4,401,small_tee,14,full_horizon,10,g99_after,g24_after,g99_after,0.003552103415131569,0.003552103415131569,0.0,0.03127332404255867,1e-06,2,0.003552103415131569,0.0035521090030670166,9.313225746154785e-09,0.0277212206274271,0.0277212206274271,0.011558404192328453,0.0359063446521759,-0.02434794045984745
ood,val_small_tee,D:\EV-TTT\adajepa_official_51d8665\artifacts\ood\val_small_tee_predictor_only_n5,pushobj_norm_envapi_v1,"[""s4_executed_mpc10"", ""s4_executed_mpc11"", ""s4_executed_mpc12"", ""s4_executed_mpc13"", ""s4_executed_mpc14""]",PREDICTOR_ONLY,0,15,0,15,s4_history_mpc15,ood_smalltee_predictor_only_n5,4,401,small_tee,15,full_horizon,10,g99_after,g74_after,g99_after,5.434639751911163e-05,5.434639751911163e-05,0.0,0.016727698035538197,1e-06,2,5.434639751911163e-05,5.4356642067432404e-05,6.984919309616089e-09,0.016673351638019085,0.016673351638019085,0.014518494717776775,0.031146857887506485,-0.01662836316972971
ood,val_small_tee,D:\EV-TTT\adajepa_official_51d8665\artifacts\ood\val_small_tee_predictor_only_n5,pushobj_norm_envapi_v1,"[""s4_executed_mpc11"", ""s4_executed_mpc12"", ""s4_executed_mpc13"", ""s4_executed_mpc14"", ""s4_executed_mpc15""]",PREDICTOR_ONLY,0,16,0,16,s4_history_mpc16,ood_smalltee_predictor_only_n5,4,401,small_tee,16,full_horizon,10,g99_after,g99_after,g99_after,0.0,0.0,0.0,0.043397158151492476,1e-06,2,0.0,3.725290298461914e-09,2.7939677238464355e-09,0.043397158151492476,0.043397158151492476,0.011646359227597713,0.005442132242023945,0.006204226985573769
ood,val_small_tee,D:\EV-TTT\adajepa_official_51d8665\artifacts\ood\val_small_tee_predictor_only_n5,pushobj_norm_envapi_v1,"[""s4_executed_mpc0"", ""s4_executed_mpc1""]",PREDICTOR_ONLY,0,2,0,2,s4_history_mpc2,ood_smalltee_predictor_only_n5,4,401,small_tee,2,terminal,10,g99_after,g24_after,g99_after,0.23077502846717834,0.23077502846717834,0.0,0.24111543782055378,1e-06,2,0.23077502846717834,0.23077505826950073,1.1362135410308838e-07,0.010340409353375435,0.010340409353375435,0.2438895907253027,0.09158971905708313,0.15229987166821957
ood,val_small_tee,D:\EV-TTT\adajepa_official_51d8665\artifacts\ood\val_small_tee_predictor_only_n5,pushobj_norm_envapi_v1,"[""s4_executed_mpc0"", ""s4_executed_mpc1"", ""s4_executed_mpc2""]",PREDICTOR_ONLY,0,3,0,3,s4_history_mpc3,ood_smalltee_predictor_only_n5,4,401,small_tee,3,terminal,10,g99_after,g24_before,g99_after,0.0732739269733429,0.0732739269733429,0.0,0.20736344903707504,1e-06,2,0.0732739269733429,0.07327394187450409,1.2665987014770508e-07,0.13408952206373215,0.13408952206373215,0.3696954697370529,0.42508162558078766,-0.05538615584373474
ood,val_small_tee,D:\EV-TTT\adajepa_official_51d8665\artifacts\ood\val_small_tee_predictor_only_n5,pushobj_norm_envapi_v1,"[""s4_executed_mpc0"", ""s4_executed_mpc1"", ""s4_executed_mpc2"", ""s4_executed_mpc3""]",PREDICTOR_ONLY,0,4,0,4,s4_history_mpc4,ood_smalltee_predictor_only_n5,4,401,small_tee,4,terminal,10,g99_after,g49_before,g99_after,0.006896223872900009,0.006896223872900009,0.0,0.10578176751732826,1e-06,2,0.006896223872900009,0.00689634308218956,5.587935447692871e-08,0.09888554364442825,0.09888554364442825,0.05268189311027527,0.1282026320695877,-0.07552073895931244
ood,val_small_tee,D:\EV-TTT\adajepa_official_51d8665\artifacts\ood\val_small_tee_predictor_only_n5,pushobj_norm_envapi_v1,"[""s4_executed_mpc0"", ""s4_executed_mpc1"", ""s4_executed_mpc2"", ""s4_executed_mpc3"", ""s4_executed_mpc4""]",PREDICTOR_ONLY,0,5,0,5,s4_history_mpc5,ood_smalltee_predictor_only_n5,4,401,small_tee,5,full_horizon,10,g99_after,g99_after,g99_after,0.0,0.0,0.0,0.0069529954344034195,1e-06,2,0.0,2.0954757928848267e-08,1.4901161193847656e-08,0.0069529954344034195,0.0069529954344034195,0.009379445109516382,0.008358956314623356,0.0010204887948930264
ood,val_small_tee,D:\EV-TTT\adajepa_official_51d8665\artifacts\ood\val_small_tee_predictor_only_n5,pushobj_norm_envapi_v1,"[""s4_executed_mpc1"", ""s4_executed_mpc2"", ""s4_executed_mpc3"", ""s4_executed_mpc4"", ""s4_executed_mpc5""]",PREDICTOR_ONLY,0,6,0,6,s4_history_mpc6,ood_smalltee_predictor_only_n5,4,401,small_tee,6,full_horizon,10,g99_after,g74_before,g99_after,7.30324536561966e-05,7.30324536561966e-05,0.0,0.029437282122671604,1e-06,2,7.30324536561966e-05,7.305573672056198e-05,7.916241884231567e-09,0.029364249669015408,0.029364249669015408,0.02993421209976077,0.002410511951893568,0.027523700147867203
ood,val_small_tee,D:\EV-TTT\adajepa_official_51d8665\artifacts\ood\val_small_tee_predictor_only_n5,pushobj_norm_envapi_v1,"[""s4_executed_mpc2"", ""s4_executed_mpc3"", ""s4_executed_mpc4"", ""s4_executed_mpc5"", ""s4_executed_mpc6""]",PREDICTOR_ONLY,0,7,0,7,s4_history_mpc7,ood_smalltee_predictor_only_n5,4,401,small_tee,7,full_horizon,10,g99_after,g74_after,g99_after,7.109483703970909e-05,7.109483703970909e-05,0.0,0.01361578144133091,1e-06,2,7.109483703970909e-05,7.112929597496986e-05,1.4435499906539917e-08,0.0135446866042912,0.0135446866042912,0.017758148722350597,0.005943577270954847,0.01181457145139575
ood,val_small_tee,D:\EV-TTT\adajepa_official_51d8665\artifacts\ood\val_small_tee_predictor_only_n5,pushobj_norm_envapi_v1,"[""s4_executed_mpc3"", ""s4_executed_mpc4"", ""s4_executed_mpc5"", ""s4_executed_mpc6"", ""s4_executed_mpc7""]",PREDICTOR_ONLY,0,8,0,8,s4_history_mpc8,ood_smalltee_predictor_only_n5,4,401,small_tee,8,full_horizon,10,g99_after,g99_after,g99_after,0.0,0.0,0.0,0.02499805949628353,1e-06,2,0.0,4.377216100692749e-08,3.67872416973114e-08,0.02499805949628353,0.02499805949628353,0.01628946652635932,0.035796312149614096,-0.019506845623254776
ood,val_small_tee,D:\EV-TTT\adajepa_official_51d8665\artifacts\ood\val_small_tee_predictor_only_n5,pushobj_norm_envapi_v1,"[""s4_executed_mpc4"", ""s4_executed_mpc5"", ""s4_executed_mpc6"", ""s4_executed_mpc7"", ""s4_executed_mpc8""]",PREDICTOR_ONLY,0,9,0,9,s4_history_mpc9,ood_smalltee_predictor_only_n5,4,401,small_tee,9,full_horizon,10,g99_after,g99_after,g99_after,0.0,0.0,0.0,0.01359274797141552,1e-06,2,0.0,3.4458935260772705e-08,5.2619725465774536e-08,0.01359274797141552,0.01359274797141552,0.013310186099261045,0.002511474769562483,0.010798711329698563
ood,val_square,D:\EV-TTT\adajepa_official_51d8665\artifacts\ood\val_square_frozen_n5,pushobj_norm_envapi_v1,[],FROZEN,0,0,0,0,s0_history_mpc0,ood_square_frozen_n5,0,1,square,0,terminal,10,g99_after,g99_before,g99_after,0.0,0.0,0.0,0.30335691571235657,1e-06,2,0.0,0.0,6.221234798431396e-07,0.30335691571235657,0.30335691571235657,0.7447404973208904,0.47191205620765686,0.27282844111323357
ood,val_square,D:\EV-TTT\adajepa_official_51d8665\artifacts\ood\val_square_frozen_n5,pushobj_norm_envapi_v1,"[""s0_executed_mpc0""]",FROZEN,0,0,0,0,s0_history_mpc1,ood_square_frozen_n5,0,1,square,1,terminal,10,g99_after,g99_after,g99_after,0.0,0.0,0.0,0.02633151039481163,1e-06,2,0.0,5.960464477539063e-08,8.568167686462402e-08,0.02633151039481163,0.02633151039481163,0.04926842078566551,0.07430523633956909,-0.02503681555390358
ood,val_square,D:\EV-TTT\adajepa_official_51d8665\artifacts\ood\val_square_frozen_n5,pushobj_norm_envapi_v1,"[""s0_executed_mpc5"", ""s0_executed_mpc6"", ""s0_executed_mpc7"", ""s0_executed_mpc8"", ""s0_executed_mpc9""]",FROZEN,0,0,0,0,s0_history_mpc10,ood_square_frozen_n5,0,1,square,10,full_horizon,10,g99_before,g0_after,g99_after,0.0012193284928798676,0.001219339668750763,0.0,0.005391750484704971,1e-06,2,0.0012193284928798676,0.001219339668750763,0.0,0.004172421991825104,0.004172410815954208,0.0034499727189540863,0.0025475546717643738,0.0009024180471897125
ood,val_square,D:\EV-TTT\adajepa_official_51d8665\artifacts\ood\val_square_frozen_n5,pushobj_norm_envapi_v1,"[""s0_executed_mpc6"", ""s0_executed_mpc7"", ""s0_executed_mpc8"", ""s0_executed_mpc9"", ""s0_executed_mpc10""]",FROZEN,0,0,0,0,s0_history_mpc11,ood_square_frozen_n5,0,1,square,11,full_horizon,10,g99_after,g0_after,g99_after,0.001115448772907257,0.001115448772907257,0.0,0.005564987659454346,1e-06,2,0.0011154450476169586,0.001115448772907257,3.725290298461914e-09,0.004449538886547089,0.004449538886547089,0.0033743008971214294,0.002708449959754944,0.0006658509373664856
ood,val_square,D:\EV-TTT\adajepa_official_51d8665\artifacts\ood\val_square_frozen_n5,pushobj_norm_envapi_v1,"[""s0_executed_mpc7"", ""s0_executed_mpc8"", ""s0_executed_mpc9"", ""s0_executed_mpc10"", ""s0_executed_mpc11""]",FROZEN,0,0,0,0,s0_history_mpc12,ood_square_frozen_n5,0,1,square,12,full_horizon,10,g99_before,g0_after,g99_after,0.0009563080966472626,0.0009563006460666656,0.0,0.0053194016218185425,1e-06,2,0.0009563006460666656,0.0009563080966472626,0.0,0.00436309352517128,0.004363100975751877,0.0034658797085285187,0.0030828602612018585,0.00038301944732666016
ood,val_square,D:\EV-TTT\adajepa_official_51d8665\artifacts\ood\val_square_frozen_n5,pushobj_norm_envapi_v1,"[""s0_executed_mpc8"", ""s0_executed_mpc9"", ""s0_executed_mpc10"", ""s0_executed_mpc11"", ""s0_executed_mpc12""]",FROZEN,0,0,0,0,s0_history_mpc13,ood_square_frozen_n5,0,1,square,13,full_horizon,10,g99_after,g0_after,g99_after,0.0007420666515827179,0.0007420666515827179,0.0,0.004929244518280029,1e-06,2,0.0007420554757118225,0.0007420666515827179,3.725290298461914e-09,0.004187177866697311,0.004187177866697311,0.0034258179366588593,0.0029792599380016327,0.00044655799865722656
ood,val_square,D:\EV-TTT\adajepa_official_51d8665\artifacts\ood\val_square_frozen_n5,pushobj_norm_envapi_v1,"[""s0_executed_mpc9"", ""s0_executed_mpc10"", ""s0_executed_mpc11"", ""s0_executed_mpc12"", ""s0_executed_mpc13""]",FROZEN,0,0,0,0,s0_history_mpc14,ood_square_frozen_n5,0,1,square,14,full_horizon,10,g99_after,g0_after,g99_after,0.0010310783982276917,0.0010310783982276917,0.0,0.005264692008495331,1e-06,2,0.0010310746729373932,0.0010310783982276917,3.725290298461914e-09,0.004233613610267639,0.004233613610267639,0.003402572125196457,0.0025948211550712585,0.0008077509701251984
ood,val_square,D:\EV-TTT\adajepa_official_51d8665\artifacts\ood\val_square_frozen_n5,pushobj_norm_envapi_v1,"[""s0_executed_mpc10"", ""s0_executed_mpc11"", ""s0_executed_mpc12"", ""s0_executed_mpc13"", ""s0_executed_mpc14""]",FROZEN,0,0,0,0,s0_history_mpc15,ood_square_frozen_n5,0,1,square,15,full_horizon,10,g99_before,g0_after,g99_after,0.0007145404815673828,0.0007145516574382782,3.725290298461914e-09,0.004998393356800079,1e-06,2,0.0007145404815673828,0.0007145516574382782,3.725290298461914e-09,0.0042838528752326965,0.0042838454246521,0.0034027099609375,0.002902209758758545,0.0005005002021789551
ood,val_square,D:\EV-TTT\adajepa_official_51d8665\artifacts\ood\val_square_frozen_n5,pushobj_norm_envapi_v1,"[""s0_executed_mpc11"", ""s0_executed_mpc12"", ""s0_executed_mpc13"", ""s0_executed_mpc14"", ""s0_executed_mpc15""]",FROZEN,0,0,0,0,s0_history_mpc16,ood_square_frozen_n5,0,1,square,16,full_horizon,10,g99_after,g0_after,g99_after,0.0008193664252758026,0.0008193664252758026,0.0,0.005510829389095306,1e-06,2,0.0008193664252758026,0.0008193701505661011,3.725290298461914e-09,0.004691462963819504,0.004691462963819504,0.0034388601779937744,0.0032441988587379456,0.00019466131925582886
ood,val_square,D:\EV-TTT\adajepa_official_51d8665\artifacts\ood\val_square_frozen_n5,pushobj_norm_envapi_v1,"[""s0_executed_mpc12"", ""s0_executed_mpc13"", ""s0_executed_mpc14"", ""s0_executed_mpc15"", ""s0_executed_mpc16""]",FROZEN,0,0,0,0,s0_history_mpc17,ood_square_frozen_n5,0,1,square,17,full_horizon,10,g99_before,g0_after,g99_after,0.0008757412433624268,0.0008757524192333221,0.0,0.005129504948854446,1e-06,2,0.0008757412433624268,0.0008757524192333221,0.0,0.00425376370549202,0.004253752529621124,0.003415130078792572,0.0026380755007267,0.0007770545780658722
ood,val_square,D:\EV-TTT\adajepa_official_51d8665\artifacts\ood\val_square_frozen_n5,pushobj_norm_envapi_v1,"[""s0_executed_mpc13"", ""s0_executed_mpc14"", ""s0_executed_mpc15"", ""s0_executed_mpc16"", ""s0_executed_mpc17""]",FROZEN,0,0,0,0,s0_history_mpc18,ood_square_frozen_n5,0,1,square,18,full_horizon,10,g99_before,g0_after,g99_after,0.0006875395774841309,0.0006875507533550262,0.0,0.00519358366727829,1e-06,2,0.0006875395774841309,0.0006875507533550262,0.0,0.004506044089794159,0.0045060329139232635,0.0034183748066425323,0.002938084304332733,0.0004802905023097992
ood,val_square,D:\EV-TTT\adajepa_official_51d8665\artifacts\ood\val_square_frozen_n5,pushobj_norm_envapi_v1,"[""s0_executed_mpc14"", ""s0_executed_mpc15"", ""s0_executed_mpc16"", ""s0_executed_mpc17"", ""s0_executed_mpc18""]",FROZEN,0,0,0,0,s0_history_mpc19,ood_square_frozen_n5,0,1,square,19,full_horizon,10,g99_before,g0_after,g99_after,0.0006825923919677734,0.0006825961172580719,0.0,0.005199328064918518,1e-06,2,0.0006825923919677734,0.0006825961172580719,0.0,0.004516735672950745,0.004516731947660446,0.00341213122010231,0.0029424987733364105,0.00046963244676589966
ood,val_square,D:\EV-TTT\adajepa_official_51d8665\artifacts\ood\val_square_frozen_n5,pushobj_norm_envapi_v1,"[""s0_executed_mpc0"", ""s0_executed_mpc1""]",FROZEN,0,0,0,0,s0_history_mpc2,ood_square_frozen_n5,0,1,square,2,terminal,10,g99_after,g49_before,g99_after,0.02222996950149536,0.02222996950149536,0.0,0.08248407952487469,1e-06,2,0.02222996950149536,0.022230058908462524,5.681067705154419e-07,0.060254110023379326,0.060254110023379326,0.10480956546962261,0.022325485944747925,0.08248407952487469
ood,val_square,D:\EV-TTT\adajepa_official_51d8665\artifacts\ood\val_square_frozen_n5,pushobj_norm_envapi_v1,"[""s0_executed_mpc0"", ""s0_executed_mpc1"", ""s0_executed_mpc2""]",FROZEN,0,0,0,0,s0_history_mpc3,ood_square_frozen_n5,0,1,square,3,terminal,10,g99_after,g24_before,g99_after,0.06384840607643127,0.06384840607643127,0.0,0.12170276138931513,1e-06,2,0.0638481080532074,0.06384840607643127,8.102506399154663e-08,0.057854355312883854,0.057854355312883854,0.11053706053644419,-0.0018250346183776855,0.11236209515482187
ood,val_square,D:\EV-TTT\adajepa_official_51d8665\artifacts\ood\val_square_frozen_n5,pushobj_norm_envapi_v1,"[""s0_executed_mpc0"", ""s0_executed_mpc1"", ""s0_executed_mpc2"", ""s0_executed_mpc3""]",FROZEN,0,0,0,0,s0_history_mpc4,ood_square_frozen_n5,0,1,square,4,terminal,10,g99_after,g24_after,g99_after,0.03618443012237549,0.03618443012237549,0.0,0.14617513865232468,1e-06,2,0.03618443012237549,0.036184489727020264,3.725290298461914e-08,0.10999070852994919,0.10999070852994919,0.14649370312690735,0.0003185868263244629,0.14617511630058289
ood,val_square,D:\EV-TTT\adajepa_official_51d8665\artifacts\ood\val_square_frozen_n5,pushobj_norm_envapi_v1,"[""s0_executed_mpc0"", ""s0_executed_mpc1"", ""s0_executed_mpc2"", ""s0_executed_mpc3"", ""s0_executed_mpc4""]",FROZEN,0,0,0,0,s0_history_mpc5,ood_square_frozen_n5,0,1,square,5,full_horizon,10,g99_before,g74_before,g99_after,0.0004362165927886963,0.00043620914220809937,0.0,0.01613258570432663,1e-06,2,0.00043620914220809937,0.0004362165927886963,0.0,0.015696369111537933,0.01569637656211853,0.030971772968769073,0.0159824937582016,0.014989279210567474
ood,val_square,D:\EV-TTT\adajepa_official_51d8665\artifacts\ood\val_square_frozen_n5,pushobj_norm_envapi_v1,"[""s0_executed_mpc1"", ""s0_executed_mpc2"", ""s0_executed_mpc3"", ""s0_executed_mpc4"", ""s0_executed_mpc5""]",FROZEN,0,0,0,0,s0_history_mpc6,ood_square_frozen_n5,0,1,square,6,full_horizon,10,g99_after,g0_after,g99_after,8.666142821311951e-05,8.666142821311951e-05,0.0,0.006277799606323242,1e-06,2,8.666142821311951e-05,8.666142821311951e-05,1.1175870895385742e-08,0.006191138178110123,0.006191138178110123,0.014397695660591125,0.010755132883787155,0.0036425627768039703
ood,val_square,D:\EV-TTT\adajepa_official_51d8665\artifacts\ood\val_square_frozen_n5,pushobj_norm_envapi_v1,"[""s0_executed_mpc2"", ""s0_executed_mpc3"", ""s0_executed_mpc4"", ""s0_executed_mpc5"", ""s0_executed_mpc6""]",FROZEN,0,0,0,0,s0_history_mpc7,ood_square_frozen_n5,0,1,square,7,full_horizon,10,g99_after,g99_before,g99_after,7.450580596923828e-09,7.450580596923828e-09,0.0,0.003283582627773285,1e-06,2,0.0,7.450580596923828e-09,7.450580596923828e-09,0.003283575177192688,0.003283575177192688,0.003822803497314453,0.0015643835067749023,0.0022584199905395508
ood,val_square,D:\EV-TTT\adajepa_official_51d8665\artifacts\ood\val_square_frozen_n5,pushobj_norm_envapi_v1,"[""s0_executed_mpc3"", ""s0_executed_mpc4"", ""s0_executed_mpc5"", ""s0_executed_mpc6"", ""s0_executed_mpc7""]",FROZEN,0,0,0,0,s0_history_mpc8,ood_square_frozen_n5,0,1,square,8,full_horizon,10,g99_after,g0_after,g99_after,0.0005026720464229584,0.0005026720464229584,0.0,0.005585514008998871,1e-06,2,0.0005026720464229584,0.0005026720464229584,7.450580596923828e-09,0.0050828419625759125,0.0050828419625759125,0.0033724233508110046,0.0028124377131462097,0.0005599856376647949
ood,val_square,D:\EV-TTT\adajepa_official_51d8665\artifacts\ood\val_square_frozen_n5,pushobj_norm_envapi_v1,"[""s0_executed_mpc4"", ""s0_executed_mpc5"", ""s0_executed_mpc6"", ""s0_executed_mpc7"", ""s0_executed_mpc8""]",FROZEN,0,0,0,0,s0_history_mpc9,ood_square_frozen_n5,0,1,square,9,full_horizon,10,g99_before,g0_after,g99_after,0.0012009069323539734,0.0012008920311927795,0.0,0.005913838744163513,1e-06,2,0.0012008920311927795,0.0012009069323539734,0.0,0.00471293181180954,0.004712946712970734,0.0033879876136779785,0.0019863657653331757,0.0014016218483448029
ood,val_square,D:\EV-TTT\adajepa_official_51d8665\artifacts\ood\val_square_frozen_n5,pushobj_norm_envapi_v1,[],FROZEN,0,0,0,0,s1_history_mpc0,ood_square_frozen_n5,1,101,square,0,terminal,10,g99_after,g74_before,g99_after,0.044841110706329346,0.044841110706329346,0.0,0.8846207857131958,1e-06,1,0.044841110706329346,0.044841110706329346,7.957220077514648e-06,0.8397796750068665,0.8397796750068665,2.991603970527649,2.491471529006958,0.5001324415206909
ood,val_square,D:\EV-TTT\adajepa_official_51d8665\artifacts\ood\val_square_frozen_n5,pushobj_norm_envapi_v1,"[""s1_executed_mpc0""]",FROZEN,0,0,0,0,s1_history_mpc1,ood_square_frozen_n5,1,101,square,1,terminal,10,g99_after,g0_before,g99_after,0.0036913156509399414,0.0036913156509399414,0.0,0.4133730810135603,1e-06,2,0.0036913156509399414,0.0036913156509399414,6.51925802230835e-09,0.40968176536262035,0.40968176536262035,0.22944470960646868,-0.0036913156509399414,0.23313602525740862
ood,val_square,D:\EV-TTT\adajepa_official_51d8665\artifacts\ood\val_square_frozen_n5,pushobj_norm_envapi_v1,"[""s1_executed_mpc0"", ""s1_executed_mpc1""]",FROZEN,0,0,0,0,s1_history_mpc2,ood_square_frozen_n5,1,101,square,2,terminal,10,g99_after,g0_after,g99_after,0.2598648741841316,0.2598648741841316,0.0,0.5651333369314671,1e-06,2,0.2598648741841316,0.2598648741841316,1.862645149230957e-09,0.30526846274733543,0.30526846274733543,0.014940286055207253,0.2627679109573364,-0.24782762490212917
ood,val_square,D:\EV-TTT\adajepa_official_51d8665\artifacts\ood\val_square_frozen_n5,pushobj_norm_envapi_v1,"[""s1_executed_mpc0"", ""s1_executed_mpc1"", ""s1_executed_mpc2""]",FROZEN,0,0,0,0,s1_history_mpc3,ood_square_frozen_n5,1,101,square,3,terminal,10,g99_after,g49_before,g99_after,5.8820005506277084e-05,5.8820005506277084e-05,0.0,0.3243208611384034,1e-06,2,5.8820005506277084e-05,5.882559344172478e-05,7.450580596923828e-09,0.32426204113289714,0.32426204113289714,0.027422841638326645,0.3515598918311298,-0.32413705019280314
ood,val_square,D:\EV-TTT\adajepa_official_51d8665\artifacts\ood\val_square_frozen_n5,pushobj_norm_envapi_v1,"[""s1_executed_mpc0"", ""s1_executed_mpc1"", ""s1_executed_mpc2"", ""s1_executed_mpc3""]",FROZEN,0,0,0,0,s1_history_mpc4,ood_square_frozen_n5,1,101,square,4,terminal,10,g99_after,g99_after,g99_after,0.0,0.0,0.0,0.20372575987130404,1e-06,2,0.0,1.816079020500183e-08,7.450580596923828e-09,0.20372575987130404,0.20372575987130404,0.0175864789634943,0.008619197178632021,0.00896728178486228
ood,val_square,D:\EV-TTT\adajepa_official_51d8665\artifacts\ood\val_square_frozen_n5,pushobj_norm_envapi_v1,"[""s1_executed_mpc0"", ""s1_executed_mpc1"", ""s1_executed_mpc2"", ""s1_executed_mpc3"", ""s1_executed_mpc4""]",FROZEN,0,0,0,0,s1_history_mpc5,ood_square_frozen_n5,1,101,square,5,full_horizon,10,g99_after,g49_before,g99_after,1.1725467629730701e-05,1.1725467629730701e-05,0.0,0.0076605877839028835,1e-06,2,1.1725467629730701e-05,1.1726166121661663e-05,2.3283064365386963e-10,0.007648862316273153,0.007648862316273153,0.0036776645574718714,0.002001489046961069,0.0016761755105108023
ood,val_square,D:\EV-TTT\adajepa_official_51d8665\artifacts\ood\val_square_frozen_n5,pushobj_norm_envapi_v1,[],FROZEN,0,0,0,0,s2_history_mpc0,ood_square_frozen_n5,2,201,square,0,terminal,10,g99_after,g0_after,g99_after,2.096156418323517,2.096156418323517,0.0,2.5210440615192056,1e-06,2,2.096156418323517,2.096156418323517,1.1175870895385742e-08,0.4248876431956887,0.4248876431956887,0.5759153226390481,-1.8295398354530334,2.4054551580920815
ood,val_square,D:\EV-TTT\adajepa_official_51d8665\artifacts\ood\val_square_frozen_n5,pushobj_norm_envapi_v1,"[""s2_executed_mpc0""]",FROZEN,0,0,0,0,s2_history_mpc1,ood_square_frozen_n5,2,201,square,1,terminal,10,g99_after,g49_after,g99_after,0.005206448957324028,0.005206448957324028,0.0,1.0474398508667946,1e-06,2,0.005206448957324028,0.005206454545259476,7.636845111846924e-08,1.0422334019094706,1.0422334019094706,1.7122742794454098,2.677803259342909,-0.9655289798974991
ood,val_square,D:\EV-TTT\adajepa_official_51d8665\artifacts\ood\val_square_frozen_n5,pushobj_norm_envapi_v1,"[""s2_executed_mpc5"", ""s2_executed_mpc6"", ""s2_executed_mpc7"", ""s2_executed_mpc8"", ""s2_executed_mpc9""]",FROZEN,0,0,0,0,s2_history_mpc10,ood_square_frozen_n5,2,201,square,10,full_horizon,10,g99_after,g0_after,g99_after,0.0021752160973846912,0.0021752160973846912,0.0,0.003462255233898759,1e-06,4,0.0021481369622051716,0.002175217028707266,4.656612873077393e-10,0.0012870391365140676,0.0012870391365140676,0.0007394116837531328,0.0007928395643830299,-5.342788062989712e-05
ood,val_square,D:\EV-TTT\adajepa_official_51d8665\artifacts\ood\val_square_frozen_n5,pushobj_norm_envapi_v1,"[""s2_executed_mpc6"", ""s2_executed_mpc7"", ""s2_executed_mpc8"", ""s2_executed_mpc9"", ""s2_executed_mpc10""]",FROZEN,0,0,0,0,s2_history_mpc11,ood_square_frozen_n5,2,201,square,11,full_horizon,10,g99_after,g24_after,g99_after,0.0005214866250753403,0.0005214866250753403,0.0,0.0016587288118898869,1e-06,4,0.0005214838311076164,0.0005842903628945351,2.3283064365386963e-10,0.0011372421868145466,0.0011372421868145466,0.0007258160039782524,0.0009069312363862991,-0.00018111523240804672
ood,val_square,D:\EV-TTT\adajepa_official_51d8665\artifacts\ood\val_square_frozen_n5,pushobj_norm_envapi_v1,"[""s2_executed_mpc7"", ""s2_executed_mpc8"", ""s2_executed_mpc9"", ""s2_executed_mpc10"", ""s2_executed_mpc11""]",FROZEN,0,0,0,0,s2_history_mpc12,ood_square_frozen_n5,2,201,square,12,full_horizon,10,g99_after,g0_after,g99_after,0.0019017080776393414,0.0019017080776393414,0.0,0.0034211184829473495,1e-06,4,0.001799257006496191,0.0019017080776393414,2.3283064365386963e-10,0.0015194104053080082,0.0015194104053080082,0.0007030151318758726,0.000978817231953144,-0.00027580210007727146
ood,val_square,D:\EV-TTT\adajepa_official_51d8665\artifacts\ood\val_square_frozen_n5,pushobj_norm_envapi_v1,"[""s2_executed_mpc8"", ""s2_executed_mpc9"", ""s2_executed_mpc10"", ""s2_executed_mpc11"", ""s2_executed_mpc12""]",FROZEN,0,0,0,0,s2_history_mpc13,ood_square_frozen_n5,2,201,square,13,full_horizon,10,g99_after,g0_after,g99_after,0.0006172452121973038,0.0006172452121973038,0.0,0.0021152382250875235,1e-06,4,0.0006172442808747292,0.000628848560154438,2.3283064365386963e-10,0.0014979930128902197,0.0014979930128902197,0.0007493584416806698,0.0011181142181158066,-0.0003687557764351368
ood,val_square,D:\EV-TTT\adajepa_official_51d8665\artifacts\ood\val_square_frozen_n5,pushobj_norm_envapi_v1,"[""s2_executed_mpc9"", ""s2_executed_mpc10"", ""s2_executed_mpc11"", ""s2_executed_mpc12"", ""s2_executed_mpc13""]",FROZEN,0,0,0,0,s2_history_mpc14,ood_square_frozen_n5,2,201,square,14,full_horizon,10,g99_after,g24_before,g99_after,0.00020069070160388947,0.00020069070160388947,0.0,0.0012104096822440624,1e-06,4,0.00020069070160388947,0.00027474295347929,2.3283064365386963e-10,0.001009718980640173,0.001009718980640173,0.0006945317145437002,0.0007732100784778595,-7.867836393415928e-05
ood,val_square,D:\EV-TTT\adajepa_official_51d8665\artifacts\ood\val_square_frozen_n5,pushobj_norm_envapi_v1,"[""s2_executed_mpc10"", ""s2_executed_mpc11"", ""s2_executed_mpc12"", ""s2_executed_mpc13"", ""s2_executed_mpc14""]",FROZEN,0,0,0,0,s2_history_mpc15,ood_square_frozen_n5,2,201,square,15,full_horizon,10,g99_after,g0_after,g99_after,0.0019573988392949104,0.0019573988392949104,0.0,0.0035805492661893368,1e-06,4,0.0018747281283140182,0.0019573988392949104,4.656612873077393e-10,0.0016231504268944263,0.0016231504268944263,0.0007196574006229639,0.0010624490678310394,-0.0003427916672080755
ood,val_square,D:\EV-TTT\adajepa_official_51d8665\artifacts\ood\val_square_frozen_n5,pushobj_norm_envapi_v1,"[""s2_executed_mpc11"", ""s2_executed_mpc12"", ""s2_executed_mpc13"", ""s2_executed_mpc14"", ""s2_executed_mpc15""]",FROZEN,0,0,0,0,s2_history_mpc16,ood_square_frozen_n5,2,201,square,16,full_horizon,10,g99_after,g0_after,g99_after,0.001105157658457756,0.001105157658457756,0.0,0.0025176075287163258,1e-06,4,0.0011051548644900322,0.0011141812428832054,4.656612873077393e-10,0.0014124498702585697,0.0014124498702585697,0.000751156359910965,0.00100034661591053,-0.0002491902559995651
ood,val_square,D:\EV-TTT\adajepa_official_51d8665\artifacts\ood\val_square_frozen_n5,pushobj_norm_envapi_v1,"[""s2_executed_mpc12"", ""s2_executed_mpc13"", ""s2_executed_mpc14"", ""s2_executed_mpc15"", ""s2_executed_mpc16""]",FROZEN,0,0,0,0,s2_history_mpc17,ood_square_frozen_n5,2,201,square,17,full_horizon,10,g99_before,g49_before,g99_after,0.00017679668962955475,0.0001767938956618309,4.656612873077393e-10,0.0014666805509477854,1e-06,4,0.0001324675977230072,0.00017679668962955475,4.656612873077393e-10,0.0012898838613182306,0.0012898871209472418,0.0006982521153986454,0.0007160427048802376,-1.779058948159218e-05
ood,val_square,D:\EV-TTT\adajepa_official_51d8665\artifacts\ood\val_square_frozen_n5,pushobj_norm_envapi_v1,"[""s2_executed_mpc13"", ""s2_executed_mpc14"", ""s2_executed_mpc15"", ""s2_executed_mpc16"", ""s2_executed_mpc17""]",FROZEN,0,0,0,0,s2_history_mpc18,ood_square_frozen_n5,2,201,square,18,full_horizon,10,g99_before,g0_after,g99_after,0.002431560307741165,0.0024315649643540382,2.3283064365386963e-10,0.004495218861848116,1e-06,3,0.002431560307741165,0.0024444693699479103,2.3283064365386963e-10,0.0020636585541069508,0.0020636541303247213,0.000733713386580348,0.0014046309515833855,-0.0006709175650030375
ood,val_square,D:\EV-TTT\adajepa_official_51d8665\artifacts\ood\val_square_frozen_n5,pushobj_norm_envapi_v1,"[""s2_executed_mpc14"", ""s2_executed_mpc15"", ""s2_executed_mpc16"", ""s2_executed_mpc17"", ""s2_executed_mpc18""]",FROZEN,0,0,0,0,s2_history_mpc19,ood_square_frozen_n5,2,201,square,19,full_horizon,10,g99_before,g24_after,g99_after,2.2862106561660767e-05,2.2862106561660767e-05,0.0,0.00030170008540153503,1e-06,4,2.2513791918754578e-05,2.561323344707489e-05,0.0,0.00027883797883987427,0.00027883797883987427,0.0007401127368211746,0.0006530741229653358,8.703861385583878e-05
ood,val_square,D:\EV-TTT\adajepa_official_51d8665\artifacts\ood\val_square_frozen_n5,pushobj_norm_envapi_v1,"[""s2_executed_mpc0"", ""s2_executed_mpc1""]",FROZEN,0,0,0,0,s2_history_mpc2,ood_square_frozen_n5,2,201,square,2,terminal,10,g99_after,g0_before,g99_after,0.09261497482657433,0.09261497482657433,0.0,0.10485060792416334,1e-06,2,0.09261497482657433,0.09261501953005791,2.1420419216156006e-08,0.012235633097589016,0.012235633097589016,0.01223560981452465,-0.09261497482657433,0.10485058464109898
ood,val_square,D:\EV-TTT\adajepa_official_51d8665\artifacts\ood\val_square_frozen_n5,pushobj_norm_envapi_v1,"[""s2_executed_mpc0"", ""s2_executed_mpc1"", ""s2_executed_mpc2""]",FROZEN,0,0,0,0,s2_history_mpc3,ood_square_frozen_n5,2,201,square,3,terminal,10,g99_after,g0_after,g99_after,0.010081853717565536,0.010081853717565536,0.0,0.07891500927507877,1e-06,2,0.010081838816404343,0.010081853717565536,2.7939677238464355e-09,0.06883315555751324,0.06883315555751324,0.019715461879968643,0.06778541207313538,-0.04806995019316673
ood,val_square,D:\EV-TTT\adajepa_official_51d8665\artifacts\ood\val_square_frozen_n5,pushobj_norm_envapi_v1,"[""s2_executed_mpc0"", ""s2_executed_mpc1"", ""s2_executed_mpc2"", ""s2_executed_mpc3""]",FROZEN,0,0,0,0,s2_history_mpc4,ood_square_frozen_n5,2,201,square,4,terminal,10,g99_before,g24_after,g99_after,0.014333993196487427,0.014334000647068024,1.862645149230957e-09,0.0207669734954834,1e-06,2,0.014333993196487427,0.014334000647068024,1.862645149230957e-09,0.006432980298995972,0.006432974711060524,0.008212926797568798,-0.005796447396278381,0.01400937419384718
ood,val_square,D:\EV-TTT\adajepa_official_51d8665\artifacts\ood\val_square_frozen_n5,pushobj_norm_envapi_v1,"[""s2_executed_mpc0"", ""s2_executed_mpc1"", ""s2_executed_mpc2"", ""s2_executed_mpc3"", ""s2_executed_mpc4""]",FROZEN,0,0,0,0,s2_history_mpc5,ood_square_frozen_n5,2,201,square,5,full_horizon,10,g99_after,g24_before,g99_after,0.00039543677121400833,0.00039543677121400833,0.0,0.005468797869980335,1e-06,2,0.00039543677121400833,0.00039543770253658295,1.1641532182693481e-09,0.005073361098766327,0.005073361098766327,0.0048400298692286015,0.007485455833375454,-0.0026454259641468525
ood,val_square,D:\EV-TTT\adajepa_official_51d8665\artifacts\ood\val_square_frozen_n5,pushobj_norm_envapi_v1,"[""s2_executed_mpc1"", ""s2_executed_mpc2"", ""s2_executed_mpc3"", ""s2_executed_mpc4"", ""s2_executed_mpc5""]",FROZEN,0,0,0,0,s2_history_mpc6,ood_square_frozen_n5,2,201,square,6,full_horizon,10,g99_after,g0_after,g99_after,0.0014329231344163418,0.0014329231344163418,0.0,0.004077718127518892,1e-06,2,0.0014329231344163418,0.0014329231344163418,6.984919309616089e-10,0.0026447949931025505,0.0026447949931025505,0.000840701162815094,0.0020731622353196144,-0.0012324610725045204
ood,val_square,D:\EV-TTT\adajepa_official_51d8665\artifacts\ood\val_square_frozen_n5,pushobj_norm_envapi_v1,"[""s2_executed_mpc2"", ""s2_executed_mpc3"", ""s2_executed_mpc4"", ""s2_executed_mpc5"", ""s2_executed_mpc6""]",FROZEN,0,0,0,0,s2_history_mpc7,ood_square_frozen_n5,2,201,square,7,full_horizon,10,g99_after,g24_after,g99_after,0.0011816229671239853,0.0011816229671239853,0.0,0.008507158607244492,1e-06,2,0.0011816229671239853,0.0011816266924142838,4.656612873077393e-10,0.007325535640120506,0.007325535640120506,0.0007634253706783056,-0.0006666844710707664,0.001430109841749072
ood,val_square,D:\EV-TTT\adajepa_official_51d8665\artifacts\ood\val_square_frozen_n5,pushobj_norm_envapi_v1,"[""s2_executed_mpc3"", ""s2_executed_mpc4"", ""s2_executed_mpc5"", ""s2_executed_mpc6"", ""s2_executed_mpc7""]",FROZEN,0,0,0,0,s2_history_mpc8,ood_square_frozen_n5,2,201,square,8,full_horizon,10,g99_before,g0_after,g99_after,0.002775568515062332,0.002775571309030056,2.3283064365386963e-10,0.004451604327186942,1e-06,3,0.0027016745880246162,0.002775571309030056,2.3283064365386963e-10,0.00167603581212461,0.0016760332509875298,0.0007286183536052704,0.001144210807979107,-0.0004155924543738365
ood,val_square,D:\EV-TTT\adajepa_official_51d8665\artifacts\ood\val_square_frozen_n5,pushobj_norm_envapi_v1,"[""s2_executed_mpc4"", ""s2_executed_mpc5"", ""s2_executed_mpc6"", ""s2_executed_mpc7"", ""s2_executed_mpc8""]",FROZEN,0,0,0,0,s2_history_mpc9,ood_square_frozen_n5,2,201,square,9,full_horizon,10,g99_before,g0_after,g99_after,0.0006075045093894005,0.0006075017154216766,0.0,0.0019697360694408417,1e-06,4,0.0006075017154216766,0.0006884858012199402,0.0,0.0013622315600514412,0.001362234354019165,0.0007184960413724184,0.000909821130335331,-0.00019132508896291256
ood,val_square,D:\EV-TTT\adajepa_official_51d8665\artifacts\ood\val_square_frozen_n5,pushobj_norm_envapi_v1,[],FROZEN,0,0,0,0,s3_history_mpc0,ood_square_frozen_n5,3,301,square,0,terminal,10,g99_after,g0_after,g99_after,1.4570560455322266,1.4570560455322266,0.0,3.3053537160158157,1e-06,2,1.4570560455322266,1.4570562839508057,3.3527612686157227e-07,1.8482976704835892,1.8482976704835892,1.9977846890687943,-1.2695269584655762,3.2673116475343704
ood,val_square,D:\EV-TTT\adajepa_official_51d8665\artifacts\ood\val_square_frozen_n5,pushobj_norm_envapi_v1,"[""s3_executed_mpc0""]",FROZEN,0,0,0,0,s3_history_mpc1,ood_square_frozen_n5,3,301,square,1,terminal,10,g99_after,g24_before,g99_after,0.09821438789367676,0.09821438789367676,0.0,1.6815763991326094,1e-06,2,0.09821438789367676,0.09821438789367676,1.1175870895385742e-08,1.5833620112389326,1.5833620112389326,1.812632191926241,0.13672542572021484,1.675906766206026
ood,val_square,D:\EV-TTT\adajepa_official_51d8665\artifacts\ood\val_square_frozen_n5,pushobj_norm_envapi_v1,"[""s3_executed_mpc5"", ""s3_executed_mpc6"", ""s3_executed_mpc7"", ""s3_executed_mpc8"", ""s3_executed_mpc9""]",FROZEN,0,0,0,0,s3_history_mpc10,ood_square_frozen_n5,3,301,square,10,full_horizon,10,g99_before,g49_before,g99_after,0.0010150037705898285,0.001015007495880127,0.0,0.004378442652523518,1e-06,2,0.0010150037705898285,0.001015007495880127,0.0,0.003363438881933689,0.0033634351566433907,0.004827539436519146,0.0022165626287460327,0.0026109768077731133
ood,val_square,D:\EV-TTT\adajepa_official_51d8665\artifacts\ood\val_square_frozen_n5,pushobj_norm_envapi_v1,"[""s3_executed_mpc6"", ""s3_executed_mpc7"", ""s3_executed_mpc8"", ""s3_executed_mpc9"", ""s3_executed_mpc10""]",FROZEN,0,0,0,0,s3_history_mpc11,ood_square_frozen_n5,3,301,square,11,full_horizon,10,g99_after,g0_after,g99_after,0.0048158857971429825,0.0048158857971429825,0.0,0.011348825879395008,1e-06,2,0.0048158857971429825,0.0048158857971429825,2.7939677238464355e-09,0.006532940082252026,0.006532940082252026,0.004616806283593178,0.0035569779574871063,0.0010598283261060715
ood,val_square,D:\EV-TTT\adajepa_official_51d8665\artifacts\ood\val_square_frozen_n5,pushobj_norm_envapi_v1,"[""s3_executed_mpc7"", ""s3_executed_mpc8"", ""s3_executed_mpc9"", ""s3_executed_mpc10"", ""s3_executed_mpc11""]",FROZEN,0,0,0,0,s3_history_mpc12,ood_square_frozen_n5,3,301,square,12,full_horizon,10,g99_before,g0_after,g99_after,0.00348711758852005,0.0032628998160362244,1.862645149230957e-09,0.009039366617798805,1e-06,2,0.0032628998160362244,0.00348711758852005,1.862645149230957e-09,0.005552249029278755,0.00577646866440773,0.005346881225705147,0.0038752369582653046,0.0014716442674398422
ood,val_square,D:\EV-TTT\adajepa_official_51d8665\artifacts\ood\val_square_frozen_n5,pushobj_norm_envapi_v1,"[""s3_executed_mpc8"", ""s3_executed_mpc9"", ""s3_executed_mpc10"", ""s3_executed_mpc11"", ""s3_executed_mpc12""]",FROZEN,0,0,0,0,s3_history_mpc13,ood_square_frozen_n5,3,301,square,13,full_horizon,10,g99_before,g0_after,g99_after,0.001625891774892807,0.0016258899122476578,2.7939677238464355e-09,0.008745769038796425,1e-06,2,0.0016258899122476578,0.001625891774892807,2.7939677238464355e-09,0.007119877263903618,0.007119881920516491,0.004605446010828018,0.003398267552256584,0.001207178458571434
ood,val_square,D:\EV-TTT\adajepa_official_51d8665\artifacts\ood\val_square_frozen_n5,pushobj_norm_envapi_v1,"[""s3_executed_mpc9"", ""s3_executed_mpc10"", ""s3_executed_mpc11"", ""s3_executed_mpc12"", ""s3_executed_mpc13""]",FROZEN,0,0,0,0,s3_history_mpc14,ood_square_frozen_n5,3,301,square,14,full_horizon,10,g99_before,g0_after,g99_after,0.0015295464545488358,0.001529540866613388,9.313225746154785e-10,0.008755018003284931,1e-06,2,0.001529540866613388,0.0015295464545488358,9.313225746154785e-10,0.007225471548736095,0.007225478067994118,0.005051904357969761,0.0032940004020929337,0.0017579039558768272
ood,val_square,D:\EV-TTT\adajepa_official_51d8665\artifacts\ood\val_square_frozen_n5,pushobj_norm_envapi_v1,"[""s3_executed_mpc10"", ""s3_executed_mpc11"", ""s3_executed_mpc12"", ""s3_executed_mpc13"", ""s3_executed_mpc14""]",FROZEN,0,0,0,0,s3_history_mpc15,ood_square_frozen_n5,3,301,square,15,full_horizon,10,g99_after,g24_after,g99_after,0.0002782624214887619,0.0002782624214887619,0.0,0.003749535419046879,1e-06,2,0.0002782624214887619,0.0002782624214887619,1.862645149230957e-09,0.003471272997558117,0.003471272997558117,0.00444023497402668,0.0029824115335941315,0.0014578234404325485
ood,val_square,D:\EV-TTT\adajepa_official_51d8665\artifacts\ood\val_square_frozen_n5,pushobj_norm_envapi_v1,"[""s3_executed_mpc11"", ""s3_executed_mpc12"", ""s3_executed_mpc13"", ""s3_executed_mpc14"", ""s3_executed_mpc15""]",FROZEN,0,0,0,0,s3_history_mpc16,ood_square_frozen_n5,3,301,square,16,full_horizon,10,g99_before,g0_after,g99_after,0.0018873009830713272,0.0018873028457164764,9.313225746154785e-10,0.009520948864519596,1e-06,2,0.0018873009830713272,0.0018873028457164764,9.313225746154785e-10,0.007633647881448269,0.007633646950125694,0.004651114344596863,0.0026944950222969055,0.0019566193222999573
ood,val_square,D:\EV-TTT\adajepa_official_51d8665\artifacts\ood\val_square_frozen_n5,pushobj_norm_envapi_v1,"[""s3_executed_mpc12"", ""s3_executed_mpc13"", ""s3_executed_mpc14"", ""s3_executed_mpc15"", ""s3_executed_mpc16""]",FROZEN,0,0,0,0,s3_history_mpc17,ood_square_frozen_n5,3,301,square,17,full_horizon,10,g99_after,g24_after,g99_after,0.0012788381427526474,0.0012788381427526474,0.0,0.0018255999311804771,1e-06,2,0.0012788381427526474,0.0012788418680429459,1.862645149230957e-09,0.0005467617884278297,0.0005467617884278297,0.004395552910864353,0.003064800053834915,0.001330752857029438
ood,val_square,D:\EV-TTT\adajepa_official_51d8665\artifacts\ood\val_square_frozen_n5,pushobj_norm_envapi_v1,"[""s3_executed_mpc13"", ""s3_executed_mpc14"", ""s3_executed_mpc15"", ""s3_executed_mpc16"", ""s3_executed_mpc17""]",FROZEN,0,0,0,0,s3_history_mpc18,ood_square_frozen_n5,3,301,square,18,full_horizon,10,g99_after,g24_after,g99_after,0.0007288400083780289,0.0007288400083780289,0.0,0.001652248203754425,1e-06,2,0.0007288400083780289,0.0007288437336683273,2.7939677238464355e-09,0.0009234081953763962,0.0009234081953763962,0.004489357583224773,0.0028664935380220413,0.001622864045202732
ood,val_square,D:\EV-TTT\adajepa_official_51d8665\artifacts\ood\val_square_frozen_n5,pushobj_norm_envapi_v1,"[""s3_executed_mpc14"", ""s3_executed_mpc15"", ""s3_executed_mpc16"", ""s3_executed_mpc17"", ""s3_executed_mpc18""]",FROZEN,0,0,0,0,s3_history_mpc19,ood_square_frozen_n5,3,301,square,19,full_horizon,10,g99_before,g24_after,g99_after,0.0007273703813552856,0.0007273703813552856,1.862645149230957e-09,0.004839870147407055,1e-06,2,0.0007273703813552856,0.0007273703813552856,1.862645149230957e-09,0.004112499766051769,0.0041125016286969185,0.004450047388672829,0.0028482265770435333,0.0016018208116292953
ood,val_square,D:\EV-TTT\adajepa_official_51d8665\artifacts\ood\val_square_frozen_n5,pushobj_norm_envapi_v1,"[""s3_executed_mpc0"", ""s3_executed_mpc1""]",FROZEN,0,0,0,0,s3_history_mpc2,ood_square_frozen_n5,3,301,square,2,terminal,10,g99_after,g74_after,g99_after,0.0030274931341409683,0.0030274931341409683,0.0,1.9537518788129091,1e-06,2,0.0030274931341409683,0.003027515485882759,9.872019290924072e-08,1.9507243856787682,1.9507243856787682,2.0792588982731104,3.546763077378273,-1.4675041791051626
ood,val_square,D:\EV-TTT\adajepa_official_51d8665\artifacts\ood\val_square_frozen_n5,pushobj_norm_envapi_v1,"[""s3_executed_mpc0"", ""s3_executed_mpc1"", ""s3_executed_mpc2""]",FROZEN,0,0,0,0,s3_history_mpc3,ood_square_frozen_n5,3,301,square,3,terminal,10,g99_after,g0_before,g99_after,0.8810038864612579,0.8810038864612579,0.0,0.97177320625633,1e-06,2,0.8810038864612579,0.8810038864612579,1.3969838619232178e-08,0.09076931979507208,0.09076931979507208,0.08719261456280947,-0.8810038864612579,0.9681965010240674
ood,val_square,D:\EV-TTT\adajepa_official_51d8665\artifacts\ood\val_square_frozen_n5,pushobj_norm_envapi_v1,"[""s3_executed_mpc0"", ""s3_executed_mpc1"", ""s3_executed_mpc2"", ""s3_executed_mpc3""]",FROZEN,0,0,0,0,s3_history_mpc4,ood_square_frozen_n5,3,301,square,4,terminal,10,g99_after,g99_after,g99_after,0.0,0.0,0.0,0.0947180762887001,1e-06,2,0.0,5.960464477539063e-08,7.450580596923828e-08,0.0947180762887001,0.0947180762887001,0.5208799615502357,0.6155980229377747,-0.09471806138753891
ood,val_square,D:\EV-TTT\adajepa_official_51d8665\artifacts\ood\val_square_frozen_n5,pushobj_norm_envapi_v1,"[""s3_executed_mpc0"", ""s3_executed_mpc1"", ""s3_executed_mpc2"", ""s3_executed_mpc3"", ""s3_executed_mpc4""]",FROZEN,0,0,0,0,s3_history_mpc5,ood_square_frozen_n5,3,301,square,5,full_horizon,10,g99_after,g99_before,g99_after,0.0,0.0,0.0,0.030876677483320236,1e-06,2,0.0,0.0,6.332993507385254e-08,0.030876677483320236,0.030876677483320236,0.03722984716296196,0.018287688493728638,0.018942158669233322
ood,val_square,D:\EV-TTT\adajepa_official_51d8665\artifacts\ood\val_square_frozen_n5,pushobj_norm_envapi_v1,"[""s3_executed_mpc1"", ""s3_executed_mpc2"", ""s3_executed_mpc3"", ""s3_executed_mpc4"", ""s3_executed_mpc5""]",FROZEN,0,0,0,0,s3_history_mpc6,ood_square_frozen_n5,3,301,square,6,full_horizon,10,g99_after,g74_after,g99_after,0.000356113538146019,0.000356113538146019,0.0,0.016235139220952988,1e-06,2,0.000356113538146019,0.00035612471401691437,1.1175870895385742e-08,0.01587902568280697,0.01587902568280697,0.020309902727603912,0.027425318956375122,-0.00711541622877121
ood,val_square,D:\EV-TTT\adajepa_official_51d8665\artifacts\ood\val_square_frozen_n5,pushobj_norm_envapi_v1,"[""s3_executed_mpc2"", ""s3_executed_mpc3"", ""s3_executed_mpc4"", ""s3_executed_mpc5"", ""s3_executed_mpc6""]",FROZEN,0,0,0,0,s3_history_mpc7,ood_square_frozen_n5,3,301,square,7,full_horizon,10,g99_after,g24_before,g99_after,0.0012780595570802689,0.0012780595570802689,0.0,0.00904855877161026,1e-06,2,0.0012780595570802689,0.0012780651450157166,5.587935447692871e-09,0.007770499214529991,0.007770499214529991,0.005339687690138817,0.0038293693214654922,0.0015103183686733246
ood,val_square,D:\EV-TTT\adajepa_official_51d8665\artifacts\ood\val_square_frozen_n5,pushobj_norm_envapi_v1,"[""s3_executed_mpc3"", ""s3_executed_mpc4"", ""s3_executed_mpc5"", ""s3_executed_mpc6"", ""s3_executed_mpc7""]",FROZEN,0,0,0,0,s3_history_mpc8,ood_square_frozen_n5,3,301,square,8,full_horizon,10,g99_after,g0_before,g99_after,0.024917200207710266,0.024917200207710266,0.0,0.034412340726703405,1e-06,2,0.024917200207710266,0.024917200207710266,2.3283064365386963e-09,0.00949514051899314,0.00949514051899314,0.00949514051899314,-0.024917200207710266,0.034412340726703405
ood,val_square,D:\EV-TTT\adajepa_official_51d8665\artifacts\ood\val_square_frozen_n5,pushobj_norm_envapi_v1,"[""s3_executed_mpc4"", ""s3_executed_mpc5"", ""s3_executed_mpc6"", ""s3_executed_mpc7"", ""s3_executed_mpc8""]",FROZEN,0,0,0,0,s3_history_mpc9,ood_square_frozen_n5,3,301,square,9,full_horizon,10,g99_after,g24_after,g99_after,0.0030171629041433334,0.0030171629041433334,0.0,0.006818266585469246,1e-06,2,0.003017161041498184,0.0030171629041433334,8.381903171539307e-09,0.0038011036813259125,0.0038011036813259125,0.023020785301923752,0.02372545376420021,-0.0007046684622764587
ood,val_square,D:\EV-TTT\adajepa_official_51d8665\artifacts\ood\val_square_frozen_n5,pushobj_norm_envapi_v1,[],FROZEN,0,0,0,0,s4_history_mpc0,ood_square_frozen_n5,4,401,square,0,terminal,10,g99_after,g74_after,g99_after,0.0026018619537353516,0.0026018619537353516,0.0,0.6825080513954163,1e-06,2,0.0026018619537353516,0.0026019811630249023,6.109476089477539e-07,0.6799061894416809,0.6799061894416809,3.343252032995224,2.8209797739982605,0.5222722589969635
ood,val_square,D:\EV-TTT\adajepa_official_51d8665\artifacts\ood\val_square_frozen_n5,pushobj_norm_envapi_v1,"[""s4_executed_mpc0""]",FROZEN,0,0,0,0,s4_history_mpc1,ood_square_frozen_n5,4,401,square,1,terminal,10,g99_after,g99_before,g99_after,1.4901161193847656e-08,1.4901161193847656e-08,0.0,0.17164711840450764,1e-06,2,0.0,1.4901161193847656e-08,2.0489096641540527e-08,0.17164710350334644,0.17164710350334644,0.1302562989294529,0.2586410939693451,-0.1283847950398922
ood,val_square,D:\EV-TTT\adajepa_official_51d8665\artifacts\ood\val_square_frozen_n5,pushobj_norm_envapi_v1,"[""s4_executed_mpc5"", ""s4_executed_mpc6"", ""s4_executed_mpc7"", ""s4_executed_mpc8"", ""s4_executed_mpc9""]",FROZEN,0,0,0,0,s4_history_mpc10,ood_square_frozen_n5,4,401,square,10,full_horizon,10,g99_after,g0_before,g99_after,0.002958327531814575,0.002958327531814575,0.0,0.020952492952346802,1e-06,2,0.0029582977294921875,0.002958327531814575,4.470348358154297e-08,0.017994165420532227,0.017994165420532227,0.017994165420532227,-0.002958327531814575,0.020952492952346802
ood,val_square,D:\EV-TTT\adajepa_official_51d8665\artifacts\ood\val_square_frozen_n5,pushobj_norm_envapi_v1,"[""s4_executed_mpc6"", ""s4_executed_mpc7"", ""s4_executed_mpc8"", ""s4_executed_mpc9"", ""s4_executed_mpc10""]",FROZEN,0,0,0,0,s4_history_mpc11,ood_square_frozen_n5,4,401,square,11,full_horizon,10,g99_after,g0_before,g99_after,0.004415750503540039,0.004415750503540039,0.0,0.023472897708415985,1e-06,2,0.004415720701217651,0.004415750503540039,2.9802322387695312e-08,0.019057147204875946,0.019057147204875946,0.019057147204875946,-0.004415750503540039,0.023472897708415985
ood,val_square,D:\EV-TTT\adajepa_official_51d8665\artifacts\ood\val_square_frozen_n5,pushobj_norm_envapi_v1,"[""s4_executed_mpc7"", ""s4_executed_mpc8"", ""s4_executed_mpc9"", ""s4_executed_mpc10"", ""s4_executed_mpc11""]",FROZEN,0,0,0,0,s4_history_mpc12,ood_square_frozen_n5,4,401,square,12,full_horizon,10,g99_after,g0_before,g99_after,0.002138584852218628,0.002138584852218628,0.0,0.02016039937734604,1e-06,2,0.0021385550498962402,0.002138584852218628,1.4901161193847656e-08,0.01802181452512741,0.01802181452512741,0.01802181452512741,-0.002138584852218628,0.02016039937734604
ood,val_square,D:\EV-TTT\adajepa_official_51d8665\artifacts\ood\val_square_frozen_n5,pushobj_norm_envapi_v1,"[""s4_executed_mpc8"", ""s4_executed_mpc9"", ""s4_executed_mpc10"", ""s4_executed_mpc11"", ""s4_executed_mpc12""]",FROZEN,0,0,0,0,s4_history_mpc13,ood_square_frozen_n5,4,401,square,13,full_horizon,10,g99_after,g0_before,g99_after,0.002374202013015747,0.002374202013015747,0.0,0.020642299205064774,1e-06,2,0.002374202013015747,0.002374202013015747,2.2351741790771484e-08,0.018268097192049026,0.018268097192049026,0.018268097192049026,-0.002374202013015747,0.020642299205064774
ood,val_square,D:\EV-TTT\adajepa_official_51d8665\artifacts\ood\val_square_frozen_n5,pushobj_norm_envapi_v1,"[""s4_executed_mpc9"", ""s4_executed_mpc10"", ""s4_executed_mpc11"", ""s4_executed_mpc12"", ""s4_executed_mpc13""]",FROZEN,0,0,0,0,s4_history_mpc14,ood_square_frozen_n5,4,401,square,14,full_horizon,10,g99_after,g0_before,g99_after,0.0013872385025024414,0.0013872385025024414,0.0,0.01912766695022583,1e-06,2,0.0013872385025024414,0.0013872385025024414,3.725290298461914e-08,0.01774042844772339,0.01774042844772339,0.01774042844772339,-0.0013872385025024414,0.01912766695022583
ood,val_square,D:\EV-TTT\adajepa_official_51d8665\artifacts\ood\val_square_frozen_n5,pushobj_norm_envapi_v1,"[""s4_executed_mpc10"", ""s4_executed_mpc11"", ""s4_executed_mpc12"", ""s4_executed_mpc13"", ""s4_executed_mpc14""]",FROZEN,0,0,0,0,s4_history_mpc15,ood_square_frozen_n5,4,401,square,15,full_horizon,10,g99_after,g0_before,g99_after,0.0014243721961975098,0.0014243721961975098,0.0,0.01932760700583458,1e-06,2,0.0014243721961975098,0.0014243721961975098,2.9802322387695312e-08,0.01790323480963707,0.01790323480963707,0.01790323480963707,-0.0014243721961975098,0.01932760700583458
ood,val_square,D:\EV-TTT\adajepa_official_51d8665\artifacts\ood\val_square_frozen_n5,pushobj_norm_envapi_v1,"[""s4_executed_mpc11"", ""s4_executed_mpc12"", ""s4_executed_mpc13"", ""s4_executed_mpc14"", ""s4_executed_mpc15""]",FROZEN,0,0,0,0,s4_history_mpc16,ood_square_frozen_n5,4,401,square,16,full_horizon,10,g99_after,g0_before,g99_after,0.000983208417892456,0.000983208417892456,0.0,0.018680386245250702,1e-06,2,0.000983208417892456,0.000983208417892456,2.9802322387695312e-08,0.017697177827358246,0.017697177827358246,0.017697177827358246,-0.000983208417892456,0.018680386245250702
ood,val_square,D:\EV-TTT\adajepa_official_51d8665\artifacts\ood\val_square_frozen_n5,pushobj_norm_envapi_v1,"[""s4_executed_mpc12"", ""s4_executed_mpc13"", ""s4_executed_mpc14"", ""s4_executed_mpc15"", ""s4_executed_mpc16""]",FROZEN,0,0,0,0,s4_history_mpc17,ood_square_frozen_n5,4,401,square,17,full_horizon,10,g99_after,g0_before,g99_after,0.0007063448429107666,0.0007063448429107666,0.0,0.018205225467681885,1e-06,2,0.0007063448429107666,0.0007063448429107666,2.2351741790771484e-08,0.017498880624771118,0.017498880624771118,0.017498880624771118,-0.0007063448429107666,0.018205225467681885
ood,val_square,D:\EV-TTT\adajepa_official_51d8665\artifacts\ood\val_square_frozen_n5,pushobj_norm_envapi_v1,"[""s4_executed_mpc13"", ""s4_executed_mpc14"", ""s4_executed_mpc15"", ""s4_executed_mpc16"", ""s4_executed_mpc17""]",FROZEN,0,0,0,0,s4_history_mpc18,ood_square_frozen_n5,4,401,square,18,full_horizon,10,g99_after,g0_before,g99_after,0.0005873739719390869,0.0005873739719390869,0.0,0.017843570560216904,1e-06,2,0.0005873441696166992,0.0005873739719390869,3.3527612686157227e-08,0.017256196588277817,0.017256196588277817,0.017256196588277817,-0.0005873739719390869,0.017843570560216904
ood,val_square,D:\EV-TTT\adajepa_official_51d8665\artifacts\ood\val_square_frozen_n5,pushobj_norm_envapi_v1,"[""s4_executed_mpc14"", ""s4_executed_mpc15"", ""s4_executed_mpc16"", ""s4_executed_mpc17"", ""s4_executed_mpc18""]",FROZEN,0,0,0,0,s4_history_mpc19,ood_square_frozen_n5,4,401,square,19,full_horizon,10,g99_after,g0_before,g99_after,0.00033923983573913574,0.00033923983573913574,0.0,0.017596609890460968,1e-06,2,0.00033923983573913574,0.00033923983573913574,1.862645149230957e-08,0.017257370054721832,0.017257370054721832,0.017257370054721832,-0.00033923983573913574,0.017596609890460968
ood,val_square,D:\EV-TTT\adajepa_official_51d8665\artifacts\ood\val_square_frozen_n5,pushobj_norm_envapi_v1,"[""s4_executed_mpc0"", ""s4_executed_mpc1""]",FROZEN,0,0,0,0,s4_history_mpc2,ood_square_frozen_n5,4,401,square,2,terminal,10,g99_after,g49_before,g99_after,0.005474165081977844,0.005474165081977844,0.0,0.14518194273114204,1e-06,2,0.005474060773849487,0.005474165081977844,2.905726432800293e-07,0.1397077776491642,0.1397077776491642,0.25458042696118355,0.1093984842300415,0.14518194273114204
ood,val_square,D:\EV-TTT\adajepa_official_51d8665\artifacts\ood\val_square_frozen_n5,pushobj_norm_envapi_v1,"[""s4_executed_mpc0"", ""s4_executed_mpc1"", ""s4_executed_mpc2""]",FROZEN,0,0,0,0,s4_history_mpc3,ood_square_frozen_n5,4,401,square,3,terminal,10,g99_after,g0_after,g99_after,0.8500951528549194,0.8500951528549194,0.0,1.0620750933885574,1e-06,2,0.8500943183898926,0.8500951528549194,4.172325134277344e-07,0.211979940533638,0.211979940533638,0.23127944767475128,-0.8307956457138062,1.0620750933885574
ood,val_square,D:\EV-TTT\adajepa_official_51d8665\artifacts\ood\val_square_frozen_n5,pushobj_norm_envapi_v1,"[""s4_executed_mpc0"", ""s4_executed_mpc1"", ""s4_executed_mpc2"", ""s4_executed_mpc3""]",FROZEN,0,0,0,0,s4_history_mpc4,ood_square_frozen_n5,4,401,square,4,terminal,10,g99_after,g0_after,g99_after,0.14874625205993652,0.14874625205993652,0.0,0.3244364894926548,1e-06,2,0.14874589443206787,0.14874625205993652,1.6391277313232422e-07,0.17569023743271828,0.17569023743271828,0.17774802818894386,-0.14668846130371094,0.3244364894926548
ood,val_square,D:\EV-TTT\adajepa_official_51d8665\artifacts\ood\val_square_frozen_n5,pushobj_norm_envapi_v1,"[""s4_executed_mpc0"", ""s4_executed_mpc1"", ""s4_executed_mpc2"", ""s4_executed_mpc3"", ""s4_executed_mpc4""]",FROZEN,0,0,0,0,s4_history_mpc5,ood_square_frozen_n5,4,401,square,5,full_horizon,10,g99_after,g24_before,g99_after,0.0007965713739395142,0.0007965713739395142,0.0,0.011973943561315536,1e-06,2,0.0007965564727783203,0.0007965713739395142,9.313225746154785e-09,0.011177372187376022,0.011177372187376022,0.015030782669782639,0.003056839108467102,0.011973943561315536
ood,val_square,D:\EV-TTT\adajepa_official_51d8665\artifacts\ood\val_square_frozen_n5,pushobj_norm_envapi_v1,"[""s4_executed_mpc1"", ""s4_executed_mpc2"", ""s4_executed_mpc3"", ""s4_executed_mpc4"", ""s4_executed_mpc5""]",FROZEN,0,0,0,0,s4_history_mpc6,ood_square_frozen_n5,4,401,square,6,full_horizon,10,g99_after,g0_before,g99_after,0.015429377555847168,0.015429377555847168,0.0,0.036466412246227264,1e-06,2,0.015429377555847168,0.015429377555847168,1.862645149230957e-08,0.021037034690380096,0.021037034690380096,0.021037034690380096,-0.015429377555847168,0.036466412246227264
ood,val_square,D:\EV-TTT\adajepa_official_51d8665\artifacts\ood\val_square_frozen_n5,pushobj_norm_envapi_v1,"[""s4_executed_mpc2"", ""s4_executed_mpc3"", ""s4_executed_mpc4"", ""s4_executed_mpc5"", ""s4_executed_mpc6""]",FROZEN,0,0,0,0,s4_history_mpc7,ood_square_frozen_n5,4,401,square,7,full_horizon,10,g99_after,g0_before,g99_after,0.010863661766052246,0.010863661766052246,0.0,0.030452344566583633,1e-06,2,0.010863661766052246,0.010863691568374634,2.2351741790771484e-08,0.019588682800531387,0.019588682800531387,0.01958867534995079,-0.010863661766052246,0.030452337116003036
ood,val_square,D:\EV-TTT\adajepa_official_51d8665\artifacts\ood\val_square_frozen_n5,pushobj_norm_envapi_v1,"[""s4_executed_mpc3"", ""s4_executed_mpc4"", ""s4_executed_mpc5"", ""s4_executed_mpc6"", ""s4_executed_mpc7""]",FROZEN,0,0,0,0,s4_history_mpc8,ood_square_frozen_n5,4,401,square,8,full_horizon,10,g99_after,g0_before,g99_after,0.005452245473861694,0.005452245473861694,0.0,0.023760579526424408,1e-06,2,0.005452245473861694,0.005452245473861694,2.2351741790771484e-08,0.018308334052562714,0.018308334052562714,0.018308334052562714,-0.005452245473861694,0.023760579526424408
ood,val_square,D:\EV-TTT\adajepa_official_51d8665\artifacts\ood\val_square_frozen_n5,pushobj_norm_envapi_v1,"[""s4_executed_mpc4"", ""s4_executed_mpc5"", ""s4_executed_mpc6"", ""s4_executed_mpc7"", ""s4_executed_mpc8""]",FROZEN,0,0,0,0,s4_history_mpc9,ood_square_frozen_n5,4,401,square,9,full_horizon,10,g99_after,g0_before,g99_after,0.007130175828933716,0.007130175828933716,0.0,0.02671710029244423,1e-06,2,0.007130146026611328,0.007130175828933716,2.60770320892334e-08,0.019586924463510513,0.019586924463510513,0.019586924463510513,-0.007130175828933716,0.02671710029244423
ood,val_square,D:\EV-TTT\adajepa_official_51d8665\artifacts\ood\val_square_official_n5,pushobj_norm_envapi_v1,[],OFFICIAL_ADAJEPA,0,0,0,0,s0_history_mpc0,ood_square_official_n5,0,1,square,0,terminal,10,g99_after,g99_before,g99_after,0.0,0.0,0.0,0.30335691571235657,1e-06,2,0.0,0.0,6.221234798431396e-07,0.30335691571235657,0.30335691571235657,0.7447404973208904,0.47191205620765686,0.27282844111323357
ood,val_square,D:\EV-TTT\adajepa_official_51d8665\artifacts\ood\val_square_official_n5,pushobj_norm_envapi_v1,"[""s0_executed_mpc0""]",OFFICIAL_ADAJEPA,1,1,0,1,s0_history_mpc1,ood_square_official_n5,0,1,square,1,terminal,10,g99_after,g49_after,g99_after,0.07222673296928406,0.07222673296928406,0.0,0.08188316226005554,1e-06,2,0.07222673296928406,0.07222673296928406,2.8870999813079834e-08,0.009656429290771484,0.009656429290771484,0.09439106099307537,0.08774805068969727,0.006643010303378105
ood,val_square,D:\EV-TTT\adajepa_official_51d8665\artifacts\ood\val_square_official_n5,pushobj_norm_envapi_v1,"[""s0_executed_mpc5"", ""s0_executed_mpc6"", ""s0_executed_mpc7"", ""s0_executed_mpc8"", ""s0_executed_mpc9""]",OFFICIAL_ADAJEPA,10,10,0,10,s0_history_mpc10,ood_square_official_n5,0,1,square,10,full_horizon,10,g99_after,g74_before,g99_after,1.2058764696121216e-05,1.2058764696121216e-05,0.0,0.0045900605618953705,1e-06,2,1.204758882522583e-05,1.2058764696121216e-05,1.862645149230957e-09,0.004578001797199249,0.004578001797199249,0.004231533035635948,0.0030958354473114014,0.0011356975883245468
ood,val_square,D:\EV-TTT\adajepa_official_51d8665\artifacts\ood\val_square_official_n5,pushobj_norm_envapi_v1,"[""s0_executed_mpc6"", ""s0_executed_mpc7"", ""s0_executed_mpc8"", ""s0_executed_mpc9"", ""s0_executed_mpc10""]",OFFICIAL_ADAJEPA,11,11,0,11,s0_history_mpc11,ood_square_official_n5,0,1,square,11,full_horizon,10,g99_before,g74_after,g99_after,1.6160309314727783e-05,1.615658402442932e-05,5.587935447692871e-09,0.0031963586807250977,1e-06,2,1.615658402442932e-05,1.6160309314727783e-05,5.587935447692871e-09,0.00318019837141037,0.003180207684636116,0.004511518403887749,0.0048819370567798615,-0.00037041865289211273
ood,val_square,D:\EV-TTT\adajepa_official_51d8665\artifacts\ood\val_square_official_n5,pushobj_norm_envapi_v1,"[""s0_executed_mpc7"", ""s0_executed_mpc8"", ""s0_executed_mpc9"", ""s0_executed_mpc10"", ""s0_executed_mpc11""]",OFFICIAL_ADAJEPA,12,12,0,12,s0_history_mpc12,ood_square_official_n5,0,1,square,12,full_horizon,10,g99_before,g99_before,g99_after,0.0,3.725290298461914e-09,7.450580596923828e-09,0.0036771316081285477,1e-06,2,0.0,3.725290298461914e-09,7.450580596923828e-09,0.0036771316081285477,0.003677135333418846,0.004538033157587051,0.004358295351266861,0.00017973780632019043
ood,val_square,D:\EV-TTT\adajepa_official_51d8665\artifacts\ood\val_square_official_n5,pushobj_norm_envapi_v1,"[""s0_executed_mpc8"", ""s0_executed_mpc9"", ""s0_executed_mpc10"", ""s0_executed_mpc11"", ""s0_executed_mpc12""]",OFFICIAL_ADAJEPA,13,13,0,13,s0_history_mpc13,ood_square_official_n5,0,1,square,13,full_horizon,10,g99_before,g24_before,g99_after,0.00027476251125335693,0.00027475506067276,0.0,0.004629459232091904,1e-06,2,0.00027475506067276,0.00027476251125335693,0.0,0.004354696720838547,0.004354704171419144,0.0037694238126277924,0.001773640513420105,0.0019957832992076874
ood,val_square,D:\EV-TTT\adajepa_official_51d8665\artifacts\ood\val_square_official_n5,pushobj_norm_envapi_v1,"[""s0_executed_mpc9"", ""s0_executed_mpc10"", ""s0_executed_mpc11"", ""s0_executed_mpc12"", ""s0_executed_mpc13""]",OFFICIAL_ADAJEPA,14,14,0,14,s0_history_mpc14,ood_square_official_n5,0,1,square,14,full_horizon,10,g99_before,g49_before,g99_after,0.0002083219587802887,0.0002083107829093933,0.0,0.004321850836277008,1e-06,2,0.0002083107829093933,0.0002083219587802887,0.0,0.004113528877496719,0.004113540053367615,0.0037382394075393677,0.004812832921743393,-0.0010745935142040253
ood,val_square,D:\EV-TTT\adajepa_official_51d8665\artifacts\ood\val_square_official_n5,pushobj_norm_envapi_v1,"[""s0_executed_mpc10"", ""s0_executed_mpc11"", ""s0_executed_mpc12"", ""s0_executed_mpc13"", ""s0_executed_mpc14""]",OFFICIAL_ADAJEPA,15,15,0,15,s0_history_mpc15,ood_square_official_n5,0,1,square,15,full_horizon,10,g99_before,g24_after,g99_after,0.00020115450024604797,0.00020115822553634644,3.725290298461914e-09,0.0033581554889678955,1e-06,2,0.00020115450024604797,0.00020115822553634644,3.725290298461914e-09,0.0031570009887218475,0.0031570009887218475,0.0041850171983242035,0.000826861709356308,0.0033581554889678955
ood,val_square,D:\EV-TTT\adajepa_official_51d8665\artifacts\ood\val_square_official_n5,pushobj_norm_envapi_v1,"[""s0_executed_mpc11"", ""s0_executed_mpc12"", ""s0_executed_mpc13"", ""s0_executed_mpc14"", ""s0_executed_mpc15""]",OFFICIAL_ADAJEPA,16,16,0,16,s0_history_mpc16,ood_square_official_n5,0,1,square,16,full_horizon,10,g99_after,g24_after,g99_after,0.001838918775320053,0.001838918775320053,0.0,0.0023341700434684753,1e-06,2,0.001838918775320053,0.001838918775320053,3.725290298461914e-09,0.0004952512681484222,0.0004952512681484222,0.004034288227558136,0.0017001181840896606,0.0023341700434684753
ood,val_square,D:\EV-TTT\adajepa_official_51d8665\artifacts\ood\val_square_official_n5,pushobj_norm_envapi_v1,"[""s0_executed_mpc12"", ""s0_executed_mpc13"", ""s0_executed_mpc14"", ""s0_executed_mpc15"", ""s0_executed_mpc16""]",OFFICIAL_ADAJEPA,17,17,0,17,s0_history_mpc17,ood_square_official_n5,0,1,square,17,full_horizon,10,g99_before,g0_before,g99_after,0.009031757712364197,0.009031761437654495,0.0,0.013345420360565186,1e-06,2,0.009031757712364197,0.009031761437654495,0.0,0.004313662648200989,0.00431365892291069,0.00431365892291069,-0.009031761437654495,0.013345420360565186
ood,val_square,D:\EV-TTT\adajepa_official_51d8665\artifacts\ood\val_square_official_n5,pushobj_norm_envapi_v1,"[""s0_executed_mpc13"", ""s0_executed_mpc14"", ""s0_executed_mpc15"", ""s0_executed_mpc16"", ""s0_executed_mpc17""]",OFFICIAL_ADAJEPA,18,18,0,18,s0_history_mpc18,ood_square_official_n5,0,1,square,18,full_horizon,10,g99_before,g0_after,g99_after,0.0014430694282054901,0.001443076878786087,0.0,0.011654414236545563,1e-06,2,0.0014430694282054901,0.001443076878786087,0.0,0.010211344808340073,0.010211337357759476,0.0047191716730594635,0.010996595025062561,-0.0062774233520030975
ood,val_square,D:\EV-TTT\adajepa_official_51d8665\artifacts\ood\val_square_official_n5,pushobj_norm_envapi_v1,"[""s0_executed_mpc14"", ""s0_executed_mpc15"", ""s0_executed_mpc16"", ""s0_executed_mpc17"", ""s0_executed_mpc18""]",OFFICIAL_ADAJEPA,19,19,0,19,s0_history_mpc19,ood_square_official_n5,0,1,square,19,full_horizon,10,g99_after,g24_after,g99_after,0.0023645758628845215,0.0023645758628845215,0.0,0.006851550191640854,1e-06,2,0.0023645758628845215,0.0023645833134651184,3.725290298461914e-09,0.004486974328756332,0.004486974328756332,0.00531449168920517,0.007444098591804504,-0.0021296069025993347
ood,val_square,D:\EV-TTT\adajepa_official_51d8665\artifacts\ood\val_square_official_n5,pushobj_norm_envapi_v1,"[""s0_executed_mpc0"", ""s0_executed_mpc1""]",OFFICIAL_ADAJEPA,2,2,0,2,s0_history_mpc2,ood_square_official_n5,0,1,square,2,terminal,10,g99_after,g99_after,g99_after,0.0,0.0,0.0,0.07443918380886316,1e-06,2,0.0,2.9802322387695312e-08,1.862645149230957e-09,0.07443918380886316,0.07443918380886316,0.10665167775005102,0.18109086155891418,-0.07443918380886316
ood,val_square,D:\EV-TTT\adajepa_official_51d8665\artifacts\ood\val_square_official_n5,pushobj_norm_envapi_v1,"[""s0_executed_mpc0"", ""s0_executed_mpc1"", ""s0_executed_mpc2""]",OFFICIAL_ADAJEPA,3,3,0,3,s0_history_mpc3,ood_square_official_n5,0,1,square,3,terminal,10,g99_after,g74_after,g99_after,0.0009571611881256104,0.0009571611881256104,0.0,0.08622298389673233,1e-06,2,0.0009571611881256104,0.0009573549032211304,6.444752216339111e-07,0.08526582270860672,0.08526582270860672,0.14478469640016556,0.05856171250343323,0.08622298389673233
ood,val_square,D:\EV-TTT\adajepa_official_51d8665\artifacts\ood\val_square_official_n5,pushobj_norm_envapi_v1,"[""s0_executed_mpc0"", ""s0_executed_mpc1"", ""s0_executed_mpc2"", ""s0_executed_mpc3""]",OFFICIAL_ADAJEPA,4,4,0,4,s0_history_mpc4,ood_square_official_n5,0,1,square,4,terminal,10,g99_after,g24_after,g99_after,0.045200422406196594,0.045200422406196594,0.0,0.1307018082588911,1e-06,2,0.04520039260387421,0.045200422406196594,5.587935447692871e-09,0.08550138585269451,0.08550138585269451,0.0902694147080183,-0.0404323935508728,0.1307018082588911
ood,val_square,D:\EV-TTT\adajepa_official_51d8665\artifacts\ood\val_square_official_n5,pushobj_norm_envapi_v1,"[""s0_executed_mpc0"", ""s0_executed_mpc1"", ""s0_executed_mpc2"", ""s0_executed_mpc3"", ""s0_executed_mpc4""]",OFFICIAL_ADAJEPA,5,5,0,5,s0_history_mpc5,ood_square_official_n5,0,1,square,5,full_horizon,10,g99_after,g74_before,g99_after,8.143484592437744e-06,8.143484592437744e-06,0.0,0.0021576471626758575,1e-06,2,8.143484592437744e-06,8.143484592437744e-06,1.862645149230957e-09,0.00214950367808342,0.00214950367808342,0.017557475715875626,0.01869482919573784,-0.0011373534798622131
ood,val_square,D:\EV-TTT\adajepa_official_51d8665\artifacts\ood\val_square_official_n5,pushobj_norm_envapi_v1,"[""s0_executed_mpc1"", ""s0_executed_mpc2"", ""s0_executed_mpc3"", ""s0_executed_mpc4"", ""s0_executed_mpc5""]",OFFICIAL_ADAJEPA,6,6,0,6,s0_history_mpc6,ood_square_official_n5,0,1,square,6,full_horizon,10,g99_after,g24_before,g99_after,0.00010022148489952087,0.00010022148489952087,0.0,0.005866669118404388,1e-06,2,0.00010021775960922241,0.00010022148489952087,3.725290298461914e-09,0.0057664476335048676,0.0057664476335048676,0.006349189206957817,0.0006891898810863495,0.005659999325871468
ood,val_square,D:\EV-TTT\adajepa_official_51d8665\artifacts\ood\val_square_official_n5,pushobj_norm_envapi_v1,"[""s0_executed_mpc2"", ""s0_executed_mpc3"", ""s0_executed_mpc4"", ""s0_executed_mpc5"", ""s0_executed_mpc6""]",OFFICIAL_ADAJEPA,7,7,0,7,s0_history_mpc7,ood_square_official_n5,0,1,square,7,full_horizon,10,g99_before,g49_before,g99_after,0.00021601468324661255,0.000216018408536911,3.725290298461914e-09,0.003346923738718033,1e-06,2,0.00021601468324661255,0.000216018408536911,3.725290298461914e-09,0.0031309090554714203,0.0031309090554714203,0.003770090639591217,0.0026031136512756348,0.0011669769883155823
ood,val_square,D:\EV-TTT\adajepa_official_51d8665\artifacts\ood\val_square_official_n5,pushobj_norm_envapi_v1,"[""s0_executed_mpc3"", ""s0_executed_mpc4"", ""s0_executed_mpc5"", ""s0_executed_mpc6"", ""s0_executed_mpc7""]",OFFICIAL_ADAJEPA,8,8,0,8,s0_history_mpc8,ood_square_official_n5,0,1,square,8,full_horizon,10,g99_before,g24_before,g99_after,0.00017509609460830688,0.00017509236931800842,0.0,0.0031184833496809006,1e-06,2,0.00017509236931800842,0.00017509609460830688,0.0,0.0029433872550725937,0.002943390980362892,0.0036344770342111588,0.0022900737822055817,0.001344403252005577
ood,val_square,D:\EV-TTT\adajepa_official_51d8665\artifacts\ood\val_square_official_n5,pushobj_norm_envapi_v1,"[""s0_executed_mpc4"", ""s0_executed_mpc5"", ""s0_executed_mpc6"", ""s0_executed_mpc7"", ""s0_executed_mpc8""]",OFFICIAL_ADAJEPA,9,9,0,9,s0_history_mpc9,ood_square_official_n5,0,1,square,9,full_horizon,10,g99_before,g49_after,g99_after,4.778429865837097e-05,4.7788023948669434e-05,1.862645149230957e-09,0.005025409162044525,1e-06,2,4.778429865837097e-05,4.7788023948669434e-05,1.862645149230957e-09,0.004977624863386154,0.004977623000741005,0.003549830988049507,0.0016459561884403229,0.0019038747996091843
ood,val_square,D:\EV-TTT\adajepa_official_51d8665\artifacts\ood\val_square_official_n5,pushobj_norm_envapi_v1,[],OFFICIAL_ADAJEPA,0,0,0,0,s1_history_mpc0,ood_square_official_n5,1,101,square,0,terminal,10,g99_after,g74_before,g99_after,0.044841110706329346,0.044841110706329346,0.0,0.8846207857131958,1e-06,1,0.044841110706329346,0.044841110706329346,7.957220077514648e-06,0.8397796750068665,0.8397796750068665,2.991603970527649,2.491471529006958,0.5001324415206909
ood,val_square,D:\EV-TTT\adajepa_official_51d8665\artifacts\ood\val_square_official_n5,pushobj_norm_envapi_v1,"[""s1_executed_mpc0""]",OFFICIAL_ADAJEPA,1,1,0,1,s1_history_mpc1,ood_square_official_n5,1,101,square,1,terminal,10,g99_after,g0_before,g99_after,0.13779425621032715,0.13779425621032715,0.0,0.7173763662576675,1e-06,2,0.13779425621032715,0.13779425621032715,5.587935447692871e-09,0.5795821100473404,0.5795821100473404,0.2050909362733364,-0.13779425621032715,0.34288519248366356
ood,val_square,D:\EV-TTT\adajepa_official_51d8665\artifacts\ood\val_square_official_n5,pushobj_norm_envapi_v1,"[""s1_executed_mpc0"", ""s1_executed_mpc1""]",OFFICIAL_ADAJEPA,2,2,0,2,s1_history_mpc2,ood_square_official_n5,1,101,square,2,terminal,10,g99_after,g0_after,g99_after,0.08735799789428711,0.08735799789428711,0.0,0.3874409981071949,1e-06,2,0.08735799789428711,0.08735799789428711,4.6566128730773926e-09,0.3000830002129078,0.3000830002129078,0.0148981474339962,0.2886415719985962,-0.2737434245646
ood,val_square,D:\EV-TTT\adajepa_official_51d8665\artifacts\ood\val_square_official_n5,pushobj_norm_envapi_v1,"[""s1_executed_mpc0"", ""s1_executed_mpc1"", ""s1_executed_mpc2""]",OFFICIAL_ADAJEPA,3,3,0,3,s1_history_mpc3,ood_square_official_n5,1,101,square,3,terminal,10,g99_after,g99_before,g99_after,2.2351741790771484e-08,2.2351741790771484e-08,0.0,0.4237888269126415,1e-06,2,0.0,2.2351741790771484e-08,1.862645149230957e-09,0.42378880456089973,0.42378880456089973,0.030045590363442898,0.4011748693883419,-0.371129279024899
ood,val_square,D:\EV-TTT\adajepa_official_51d8665\artifacts\ood\val_square_official_n5,pushobj_norm_envapi_v1,"[""s1_executed_mpc0"", ""s1_executed_mpc1"", ""s1_executed_mpc2"", ""s1_executed_mpc3""]",OFFICIAL_ADAJEPA,4,4,0,4,s1_history_mpc4,ood_square_official_n5,1,101,square,4,terminal,10,g99_after,g49_before,g99_after,0.006596526131033897,0.006596526131033897,0.0,0.1383512280881405,1e-06,2,0.006596526131033897,0.006596546620130539,4.6566128730773926e-09,0.1317547019571066,0.1317547019571066,0.022327576763927937,0.019322218373417854,0.0030053583905100822
ood,val_square,D:\EV-TTT\adajepa_official_51d8665\artifacts\ood\val_square_official_n5,pushobj_norm_envapi_v1,"[""s1_executed_mpc0"", ""s1_executed_mpc1"", ""s1_executed_mpc2"", ""s1_executed_mpc3"", ""s1_executed_mpc4""]",OFFICIAL_ADAJEPA,5,5,0,5,s1_history_mpc5,ood_square_official_n5,1,101,square,5,full_horizon,10,g99_after,g49_before,g99_after,3.482820466160774e-05,3.482820466160774e-05,0.0,0.014226840808987617,1e-06,2,3.482820466160774e-05,3.482867032289505e-05,4.656612873077393e-10,0.01419201260432601,0.01419201260432601,0.0034023537300527096,0.0013407981023192406,0.002061555627733469
ood,val_square,D:\EV-TTT\adajepa_official_51d8665\artifacts\ood\val_square_official_n5,pushobj_norm_envapi_v1,[],OFFICIAL_ADAJEPA,0,0,0,0,s2_history_mpc0,ood_square_official_n5,2,201,square,0,terminal,10,g99_after,g0_after,g99_after,2.096156418323517,2.096156418323517,0.0,2.5210440615192056,1e-06,2,2.096156418323517,2.096156418323517,1.1175870895385742e-08,0.4248876431956887,0.4248876431956887,0.5759153226390481,-1.8295398354530334,2.4054551580920815
ood,val_square,D:\EV-TTT\adajepa_official_51d8665\artifacts\ood\val_square_official_n5,pushobj_norm_envapi_v1,"[""s2_executed_mpc0""]",OFFICIAL_ADAJEPA,1,1,0,1,s2_history_mpc1,ood_square_official_n5,2,201,square,1,terminal,10,g99_after,g99_after,g99_after,0.0,0.0,0.0,0.9544113390147686,1e-06,2,0.0,2.421438694000244e-08,6.05359673500061e-08,0.9544113390147686,0.9544113390147686,1.7363630831241608,2.6797930225729942,-0.9434299394488335
ood,val_square,D:\EV-TTT\adajepa_official_51d8665\artifacts\ood\val_square_official_n5,pushobj_norm_envapi_v1,"[""s2_executed_mpc0"", ""s2_executed_mpc1""]",OFFICIAL_ADAJEPA,2,2,0,2,s2_history_mpc2,ood_square_official_n5,2,201,square,2,terminal,10,g99_after,g0_before,g99_after,0.11826142109930515,0.11826142109930515,0.0,0.13671002257615328,1e-06,2,0.11826140619814396,0.11826142109930515,1.862645149230957e-09,0.018448601476848125,0.018448601476848125,0.012001076713204384,-0.11826142109930515,0.13026249781250954
ood,val_square,D:\EV-TTT\adajepa_official_51d8665\artifacts\ood\val_square_official_n5,pushobj_norm_envapi_v1,"[""s2_executed_mpc0"", ""s2_executed_mpc1"", ""s2_executed_mpc2""]",OFFICIAL_ADAJEPA,3,3,0,3,s2_history_mpc3,ood_square_official_n5,2,201,square,3,terminal,10,g99_after,g99_before,g99_after,5.587935447692871e-09,5.587935447692871e-09,0.0,0.10082422336563468,1e-06,2,0.0,5.587935447692871e-09,6.984919309616089e-09,0.10082421777769923,0.10082421777769923,0.017710156738758087,0.11853436753153801,-0.10082421079277992
ood,val_square,D:\EV-TTT\adajepa_official_51d8665\artifacts\ood\val_square_official_n5,pushobj_norm_envapi_v1,"[""s2_executed_mpc0"", ""s2_executed_mpc1"", ""s2_executed_mpc2"", ""s2_executed_mpc3""]",OFFICIAL_ADAJEPA,4,4,0,4,s2_history_mpc4,ood_square_official_n5,2,201,square,4,terminal,10,g99_after,g24_after,g99_after,0.006591241806745529,0.006591241806745529,0.0,0.00880761630833149,1e-06,2,0.006591241806745529,0.006591249257326126,4.656612873077393e-10,0.0022163745015859604,0.0022163745015859604,0.010201320517808199,0.004534134641289711,0.005667185876518488
ood,val_square,D:\EV-TTT\adajepa_official_51d8665\artifacts\ood\val_square_official_n5,pushobj_norm_envapi_v1,[],OFFICIAL_ADAJEPA,0,0,0,0,s3_history_mpc0,ood_square_official_n5,3,301,square,0,terminal,10,g99_after,g0_after,g99_after,1.4570560455322266,1.4570560455322266,0.0,3.3053537160158157,1e-06,2,1.4570560455322266,1.4570562839508057,3.3527612686157227e-07,1.8482976704835892,1.8482976704835892,1.9977846890687943,-1.2695269584655762,3.2673116475343704
ood,val_square,D:\EV-TTT\adajepa_official_51d8665\artifacts\ood\val_square_official_n5,pushobj_norm_envapi_v1,"[""s3_executed_mpc0""]",OFFICIAL_ADAJEPA,1,1,0,1,s3_history_mpc1,ood_square_official_n5,3,301,square,1,terminal,10,g99_after,g24_before,g99_after,0.13280463218688965,0.13280463218688965,0.0,1.8890160899609327,1e-06,2,0.13280463218688965,0.13280463218688965,1.6763806343078613e-08,1.756211457774043,1.756211457774043,2.0480562448501587,0.1684253215789795,1.8796309232711792
ood,val_square,D:\EV-TTT\adajepa_official_51d8665\artifacts\ood\val_square_official_n5,pushobj_norm_envapi_v1,"[""s3_executed_mpc5"", ""s3_executed_mpc6"", ""s3_executed_mpc7"", ""s3_executed_mpc8"", ""s3_executed_mpc9""]",OFFICIAL_ADAJEPA,10,10,0,10,s3_history_mpc10,ood_square_official_n5,3,301,square,10,full_horizon,10,g99_after,g49_after,g99_after,0.0002867043949663639,0.0002867043949663639,0.0,0.01253253873437643,1e-06,2,0.0002867043949663639,0.00028670579195022583,1.862645149230957e-09,0.012245834339410067,0.012245834339410067,0.006166529376059771,0.012143624480813742,-0.005977095104753971
ood,val_square,D:\EV-TTT\adajepa_official_51d8665\artifacts\ood\val_square_official_n5,pushobj_norm_envapi_v1,"[""s3_executed_mpc6"", ""s3_executed_mpc7"", ""s3_executed_mpc8"", ""s3_executed_mpc9"", ""s3_executed_mpc10""]",OFFICIAL_ADAJEPA,11,11,0,11,s3_history_mpc11,ood_square_official_n5,3,301,square,11,full_horizon,10,g99_after,g99_before,g99_after,8.381903171539307e-09,8.381903171539307e-09,0.0,0.010627379640936852,1e-06,2,0.0,8.381903171539307e-09,2.7939677238464355e-09,0.01062737125903368,0.01062737125903368,0.005328652914613485,0.00022124312818050385,0.0051074097864329815
ood,val_square,D:\EV-TTT\adajepa_official_51d8665\artifacts\ood\val_square_official_n5,pushobj_norm_envapi_v1,"[""s3_executed_mpc7"", ""s3_executed_mpc8"", ""s3_executed_mpc9"", ""s3_executed_mpc10"", ""s3_executed_mpc11""]",OFFICIAL_ADAJEPA,12,12,0,12,s3_history_mpc12,ood_square_official_n5,3,301,square,12,full_horizon,10,g99_after,g49_before,g99_after,0.0009599160403013229,0.0009599160403013229,0.0,0.009436423890292645,1e-06,2,0.0009599132463335991,0.0009599160403013229,2.7939677238464355e-09,0.008476507849991322,0.008476507849991322,0.006460415665060282,0.005665852688252926,0.0007945629768073559
ood,val_square,D:\EV-TTT\adajepa_official_51d8665\artifacts\ood\val_square_official_n5,pushobj_norm_envapi_v1,"[""s3_executed_mpc8"", ""s3_executed_mpc9"", ""s3_executed_mpc10"", ""s3_executed_mpc11"", ""s3_executed_mpc12""]",OFFICIAL_ADAJEPA,13,13,0,13,s3_history_mpc13,ood_square_official_n5,3,301,square,13,full_horizon,10,g99_after,g49_after,g99_after,3.0566006898880005e-05,3.0566006898880005e-05,0.0,0.0012807720340788364,1e-06,2,3.0564144253730774e-05,3.0566006898880005e-05,4.656612873077393e-10,0.0012502060271799564,0.0012502060271799564,0.00875384220853448,0.008830165024846792,-7.632281631231308e-05
ood,val_square,D:\EV-TTT\adajepa_official_51d8665\artifacts\ood\val_square_official_n5,pushobj_norm_envapi_v1,"[""s3_executed_mpc9"", ""s3_executed_mpc10"", ""s3_executed_mpc11"", ""s3_executed_mpc12"", ""s3_executed_mpc13""]",OFFICIAL_ADAJEPA,14,14,0,14,s3_history_mpc14,ood_square_official_n5,3,301,square,14,full_horizon,10,g99_after,g24_after,g99_after,0.0008772602304816246,0.0008772602304816246,0.0,0.0053166490979492664,1e-06,2,0.0008772574365139008,0.0008772602304816246,2.3283064365386963e-09,0.004439388867467642,0.004439388867467642,0.005071140360087156,0.003641897812485695,0.0014292425476014614
ood,val_square,D:\EV-TTT\adajepa_official_51d8665\artifacts\ood\val_square_official_n5,pushobj_norm_envapi_v1,"[""s3_executed_mpc10"", ""s3_executed_mpc11"", ""s3_executed_mpc12"", ""s3_executed_mpc13"", ""s3_executed_mpc14""]",OFFICIAL_ADAJEPA,15,15,0,15,s3_history_mpc15,ood_square_official_n5,3,301,square,15,full_horizon,10,g99_after,g49_after,g99_after,0.00010287854820489883,0.00010287854820489883,0.0,0.00533662922680378,1e-06,2,0.00010287854820489883,0.00010287854820489883,9.313225746154785e-10,0.005233750678598881,0.005233750678598881,0.010289141908288002,0.007470199838280678,0.0028189420700073242
ood,val_square,D:\EV-TTT\adajepa_official_51d8665\artifacts\ood\val_square_official_n5,pushobj_norm_envapi_v1,"[""s3_executed_mpc11"", ""s3_executed_mpc12"", ""s3_executed_mpc13"", ""s3_executed_mpc14"", ""s3_executed_mpc15""]",OFFICIAL_ADAJEPA,16,16,0,16,s3_history_mpc16,ood_square_official_n5,3,301,square,16,full_horizon,10,g99_after,g24_after,g99_after,0.0005416432395577431,0.0005416432395577431,0.0,0.002715406008064747,1e-06,2,0.0005416409112513065,0.0005416432395577431,2.3283064365386963e-09,0.002173762768507004,0.002173762768507004,0.00557398097589612,0.004831894766539335,0.0007420862093567848
ood,val_square,D:\EV-TTT\adajepa_official_51d8665\artifacts\ood\val_square_official_n5,pushobj_norm_envapi_v1,"[""s3_executed_mpc12"", ""s3_executed_mpc13"", ""s3_executed_mpc14"", ""s3_executed_mpc15"", ""s3_executed_mpc16""]",OFFICIAL_ADAJEPA,17,17,0,17,s3_history_mpc17,ood_square_official_n5,3,301,square,17,full_horizon,10,g99_after,g49_after,g99_after,0.00018046516925096512,0.00018046516925096512,0.0,0.004859413951635361,1e-06,2,0.00018046237528324127,0.00018046516925096512,2.7939677238464355e-09,0.004678948782384396,0.004678948782384396,0.006390353664755821,0.0063913073390722275,-9.5367431640625e-07
ood,val_square,D:\EV-TTT\adajepa_official_51d8665\artifacts\ood\val_square_official_n5,pushobj_norm_envapi_v1,"[""s3_executed_mpc13"", ""s3_executed_mpc14"", ""s3_executed_mpc15"", ""s3_executed_mpc16"", ""s3_executed_mpc17""]",OFFICIAL_ADAJEPA,18,18,0,18,s3_history_mpc18,ood_square_official_n5,3,301,square,18,full_horizon,10,g99_after,g24_after,g99_after,0.00013883784413337708,0.00013883784413337708,0.0,0.0021858345717191696,1e-06,2,0.0001388341188430786,0.00013883784413337708,2.7939677238464355e-09,0.0020469967275857925,0.0020469967275857925,0.006743522360920906,0.005756213329732418,0.000987309031188488
ood,val_square,D:\EV-TTT\adajepa_official_51d8665\artifacts\ood\val_square_official_n5,pushobj_norm_envapi_v1,"[""s3_executed_mpc14"", ""s3_executed_mpc15"", ""s3_executed_mpc16"", ""s3_executed_mpc17"", ""s3_executed_mpc18""]",OFFICIAL_ADAJEPA,19,19,0,19,s3_history_mpc19,ood_square_official_n5,3,301,square,19,full_horizon,10,g99_after,g24_before,g99_after,0.0001729605719447136,0.0001729605719447136,0.0,0.0028091715648770332,1e-06,2,0.0001729605719447136,0.0001729605719447136,2.3283064365386963e-09,0.0026362109929323196,0.0026362109929323196,0.006153042893856764,0.00464716088026762,0.0015058820135891438
ood,val_square,D:\EV-TTT\adajepa_official_51d8665\artifacts\ood\val_square_official_n5,pushobj_norm_envapi_v1,"[""s3_executed_mpc0"", ""s3_executed_mpc1""]",OFFICIAL_ADAJEPA,2,2,0,2,s3_history_mpc2,ood_square_official_n5,3,301,square,2,terminal,10,g99_after,g74_before,g99_after,0.006064290180802345,0.006064290180802345,0.0,2.105670692399144,1e-06,2,0.006064290180802345,0.006064293906092644,6.51925802230835e-08,2.099606402218342,2.099606402218342,1.9034922625869513,3.51968907751143,-1.6161968149244785
ood,val_square,D:\EV-TTT\adajepa_official_51d8665\artifacts\ood\val_square_official_n5,pushobj_norm_envapi_v1,"[""s3_executed_mpc0"", ""s3_executed_mpc1"", ""s3_executed_mpc2""]",OFFICIAL_ADAJEPA,3,3,0,3,s3_history_mpc3,ood_square_official_n5,3,301,square,3,terminal,10,g99_after,g0_before,g99_after,0.22722291201353073,0.22722291201353073,0.0,0.37457436323165894,1e-06,2,0.22722291201353073,0.22722291201353073,9.313225746154785e-09,0.1473514512181282,0.1473514512181282,0.06744212564080954,-0.22722291201353073,0.29466503765434027
ood,val_square,D:\EV-TTT\adajepa_official_51d8665\artifacts\ood\val_square_official_n5,pushobj_norm_envapi_v1,"[""s3_executed_mpc0"", ""s3_executed_mpc1"", ""s3_executed_mpc2"", ""s3_executed_mpc3""]",OFFICIAL_ADAJEPA,4,4,0,4,s3_history_mpc4,ood_square_official_n5,3,301,square,4,terminal,10,g99_after,g74_after,g99_after,0.003647223114967346,0.003647223114967346,0.0,0.060515765100717545,1e-06,2,0.003647223114967346,0.0036472976207733154,3.725290298461914e-08,0.0568685419857502,0.0568685419857502,0.13723108544945717,0.19231641292572021,-0.055085327476263046
ood,val_square,D:\EV-TTT\adajepa_official_51d8665\artifacts\ood\val_square_official_n5,pushobj_norm_envapi_v1,"[""s3_executed_mpc0"", ""s3_executed_mpc1"", ""s3_executed_mpc2"", ""s3_executed_mpc3"", ""s3_executed_mpc4""]",OFFICIAL_ADAJEPA,5,5,0,5,s3_history_mpc5,ood_square_official_n5,3,301,square,5,full_horizon,10,g99_after,g99_after,g99_after,0.0,0.0,0.0,0.022853607311844826,1e-06,2,0.0,1.862645149230957e-09,1.5832483768463135e-08,0.022853607311844826,0.022853607311844826,0.021404999308288097,0.008654642850160599,0.012750356458127499
ood,val_square,D:\EV-TTT\adajepa_official_51d8665\artifacts\ood\val_square_official_n5,pushobj_norm_envapi_v1,"[""s3_executed_mpc1"", ""s3_executed_mpc2"", ""s3_executed_mpc3"", ""s3_executed_mpc4"", ""s3_executed_mpc5""]",OFFICIAL_ADAJEPA,6,6,0,6,s3_history_mpc6,ood_square_official_n5,3,301,square,6,full_horizon,10,g99_after,g49_before,g99_after,0.0004119444638490677,0.0004119444638490677,0.0,0.006009850651025772,1e-06,2,0.0004119407385587692,0.0004119444638490677,9.313225746154785e-10,0.005597906187176704,0.005597906187176704,0.00646737776696682,0.006444437429308891,2.2940337657928467e-05
ood,val_square,D:\EV-TTT\adajepa_official_51d8665\artifacts\ood\val_square_official_n5,pushobj_norm_envapi_v1,"[""s3_executed_mpc2"", ""s3_executed_mpc3"", ""s3_executed_mpc4"", ""s3_executed_mpc5"", ""s3_executed_mpc6""]",OFFICIAL_ADAJEPA,7,7,0,7,s3_history_mpc7,ood_square_official_n5,3,301,square,7,full_horizon,10,g99_after,g24_after,g99_after,2.057291567325592e-05,2.057291567325592e-05,0.0,0.003826381638646126,1e-06,2,2.057291567325592e-05,2.057477831840515e-05,9.313225746154785e-10,0.00380580872297287,0.00380580872297287,0.00542796403169632,0.007737867534160614,-0.0023099035024642944
ood,val_square,D:\EV-TTT\adajepa_official_51d8665\artifacts\ood\val_square_official_n5,pushobj_norm_envapi_v1,"[""s3_executed_mpc3"", ""s3_executed_mpc4"", ""s3_executed_mpc5"", ""s3_executed_mpc6"", ""s3_executed_mpc7""]",OFFICIAL_ADAJEPA,8,8,0,8,s3_history_mpc8,ood_square_official_n5,3,301,square,8,full_horizon,10,g99_after,g24_after,g99_after,0.0036159325391054153,0.0036159325391054153,0.0,0.01017561461776495,1e-06,2,0.0036159325391054153,0.0036159399896860123,1.210719347000122e-08,0.0065596820786595345,0.0065596820786595345,0.00675144512206316,0.0019017383456230164,0.004849706776440144
ood,val_square,D:\EV-TTT\adajepa_official_51d8665\artifacts\ood\val_square_official_n5,pushobj_norm_envapi_v1,"[""s3_executed_mpc4"", ""s3_executed_mpc5"", ""s3_executed_mpc6"", ""s3_executed_mpc7"", ""s3_executed_mpc8""]",OFFICIAL_ADAJEPA,9,9,0,9,s3_history_mpc9,ood_square_official_n5,3,301,square,9,full_horizon,10,g99_after,g0_after,g99_after,0.0017912248149514198,0.0017912248149514198,0.0,0.011008309666067362,1e-06,2,0.0017912238836288452,0.0017912248149514198,4.656612873077393e-10,0.009217084851115942,0.009217084851115942,0.01904161646962166,0.011515188962221146,0.007526427507400513
ood,val_square,D:\EV-TTT\adajepa_official_51d8665\artifacts\ood\val_square_official_n5,pushobj_norm_envapi_v1,[],OFFICIAL_ADAJEPA,0,0,0,0,s4_history_mpc0,ood_square_official_n5,4,401,square,0,terminal,10,g99_after,g74_after,g99_after,0.0026018619537353516,0.0026018619537353516,0.0,0.6825080513954163,1e-06,2,0.0026018619537353516,0.0026019811630249023,6.109476089477539e-07,0.6799061894416809,0.6799061894416809,3.343252032995224,2.8209797739982605,0.5222722589969635
ood,val_square,D:\EV-TTT\adajepa_official_51d8665\artifacts\ood\val_square_official_n5,pushobj_norm_envapi_v1,"[""s4_executed_mpc0""]",OFFICIAL_ADAJEPA,1,1,0,1,s4_history_mpc1,ood_square_official_n5,4,401,square,1,terminal,10,g99_after,g99_before,g99_after,1.4901161193847656e-08,1.4901161193847656e-08,0.0,0.12526623345911503,1e-06,2,0.0,1.4901161193847656e-08,3.166496753692627e-08,0.12526621855795383,0.12526621855795383,0.14159231632947922,0.21842719614505768,-0.07683487981557846
ood,val_square,D:\EV-TTT\adajepa_official_51d8665\artifacts\ood\val_square_official_n5,pushobj_norm_envapi_v1,"[""s4_executed_mpc5"", ""s4_executed_mpc6"", ""s4_executed_mpc7"", ""s4_executed_mpc8"", ""s4_executed_mpc9""]",OFFICIAL_ADAJEPA,10,10,0,10,s4_history_mpc10,ood_square_official_n5,4,401,square,10,full_horizon,10,g99_after,g24_before,g99_after,0.0009830296039581299,0.0009830296039581299,0.0,0.03895767778158188,1e-06,2,0.0009829998016357422,0.0009830296039581299,7.450580596923828e-09,0.03797464817762375,0.03797464817762375,0.05665387958288193,0.01769620180130005,0.03895767778158188
ood,val_square,D:\EV-TTT\adajepa_official_51d8665\artifacts\ood\val_square_official_n5,pushobj_norm_envapi_v1,"[""s4_executed_mpc6"", ""s4_executed_mpc7"", ""s4_executed_mpc8"", ""s4_executed_mpc9"", ""s4_executed_mpc10""]",OFFICIAL_ADAJEPA,11,11,0,11,s4_history_mpc11,ood_square_official_n5,4,401,square,11,full_horizon,10,g99_before,g24_before,g99_after,0.00040987133979797363,0.0004098862409591675,0.0,0.048218242824077606,1e-06,2,0.00040987133979797363,0.0004098862409591675,0.0,0.04780837148427963,0.04780835658311844,0.06987310200929642,0.02165485918521881,0.048218242824077606
ood,val_square,D:\EV-TTT\adajepa_official_51d8665\artifacts\ood\val_square_official_n5,pushobj_norm_envapi_v1,"[""s4_executed_mpc7"", ""s4_executed_mpc8"", ""s4_executed_mpc9"", ""s4_executed_mpc10"", ""s4_executed_mpc11""]",OFFICIAL_ADAJEPA,12,12,0,12,s4_history_mpc12,ood_square_official_n5,4,401,square,12,full_horizon,10,g99_before,g49_after,g99_after,0.0006484836339950562,0.0006484687328338623,0.0,0.06455586850643158,1e-06,2,0.0006484687328338623,0.0006484836339950562,0.0,0.06390738487243652,0.06390739977359772,0.0900806337594986,0.02552478015422821,0.06455585360527039
ood,val_square,D:\EV-TTT\adajepa_official_51d8665\artifacts\ood\val_square_official_n5,pushobj_norm_envapi_v1,"[""s4_executed_mpc8"", ""s4_executed_mpc9"", ""s4_executed_mpc10"", ""s4_executed_mpc11"", ""s4_executed_mpc12""]",OFFICIAL_ADAJEPA,13,13,0,13,s4_history_mpc13,ood_square_official_n5,4,401,square,13,full_horizon,10,g99_after,g99_before,g99_after,0.0,0.0,0.0,0.03612232208251953,1e-06,2,0.0,0.0,2.9802322387695312e-08,0.03612232208251953,0.03612232208251953,0.10406544804573059,0.12296058237552643,-0.018895134329795837
ood,val_square,D:\EV-TTT\adajepa_official_51d8665\artifacts\ood\val_square_official_n5,pushobj_norm_envapi_v1,"[""s4_executed_mpc9"", ""s4_executed_mpc10"", ""s4_executed_mpc11"", ""s4_executed_mpc12"", ""s4_executed_mpc13""]",OFFICIAL_ADAJEPA,14,14,0,14,s4_history_mpc14,ood_square_official_n5,4,401,square,14,full_horizon,10,g99_after,g0_after,g99_after,0.030748941004276276,0.030748941004276276,0.0,0.12271789461374283,1e-06,2,0.030748941004276276,0.03074900060892105,7.450580596923828e-09,0.09196895360946655,0.09196895360946655,0.09188715368509293,-0.03031708300113678,0.1222042366862297
ood,val_square,D:\EV-TTT\adajepa_official_51d8665\artifacts\ood\val_square_official_n5,pushobj_norm_envapi_v1,"[""s4_executed_mpc10"", ""s4_executed_mpc11"", ""s4_executed_mpc12"", ""s4_executed_mpc13"", ""s4_executed_mpc14""]",OFFICIAL_ADAJEPA,15,15,0,15,s4_history_mpc15,ood_square_official_n5,4,401,square,15,full_horizon,10,g99_after,g0_before,g99_after,0.09700319170951843,0.09700319170951843,0.0,0.2181222289800644,1e-06,2,0.09700319170951843,0.0970032811164856,2.2351741790771484e-08,0.12111903727054596,0.12111903727054596,0.08958174288272858,-0.09700319170951843,0.186584934592247
ood,val_square,D:\EV-TTT\adajepa_official_51d8665\artifacts\ood\val_square_official_n5,pushobj_norm_envapi_v1,"[""s4_executed_mpc11"", ""s4_executed_mpc12"", ""s4_executed_mpc13"", ""s4_executed_mpc14"", ""s4_executed_mpc15""]",OFFICIAL_ADAJEPA,16,16,0,16,s4_history_mpc16,ood_square_official_n5,4,401,square,16,full_horizon,10,g99_after,g99_before,g99_after,4.470348358154297e-08,4.470348358154297e-08,0.0,0.03005092591047287,1e-06,2,0.0,4.470348358154297e-08,1.4901161193847656e-08,0.03005088120698929,0.03005088120698929,0.05766461044549942,0.08771547675132751,-0.030050866305828094
ood,val_square,D:\EV-TTT\adajepa_official_51d8665\artifacts\ood\val_square_official_n5,pushobj_norm_envapi_v1,"[""s4_executed_mpc12"", ""s4_executed_mpc13"", ""s4_executed_mpc14"", ""s4_executed_mpc15"", ""s4_executed_mpc16""]",OFFICIAL_ADAJEPA,17,17,0,17,s4_history_mpc17,ood_square_official_n5,4,401,square,17,full_horizon,10,g99_after,g24_before,g99_after,0.02824479341506958,0.02824479341506958,0.0,0.042935311794281006,1e-06,2,0.028244785964488983,0.02824479341506958,7.450580596923828e-09,0.014690518379211426,0.014690518379211426,0.09639120101928711,0.10630961507558823,-0.009918414056301117
ood,val_square,D:\EV-TTT\adajepa_official_51d8665\artifacts\ood\val_square_official_n5,pushobj_norm_envapi_v1,"[""s4_executed_mpc13"", ""s4_executed_mpc14"", ""s4_executed_mpc15"", ""s4_executed_mpc16"", ""s4_executed_mpc17""]",OFFICIAL_ADAJEPA,18,18,0,18,s4_history_mpc18,ood_square_official_n5,4,401,square,18,full_horizon,10,g99_before,g24_before,g99_after,0.009224489331245422,0.009224489331245422,7.450580596923828e-09,0.017908737063407898,1e-06,2,0.009224489331245422,0.009224489331245422,7.450580596923828e-09,0.008684247732162476,0.008684255182743073,0.02640163153409958,0.02659277617931366,-0.0001911446452140808
ood,val_square,D:\EV-TTT\adajepa_official_51d8665\artifacts\ood\val_square_official_n5,pushobj_norm_envapi_v1,"[""s4_executed_mpc14"", ""s4_executed_mpc15"", ""s4_executed_mpc16"", ""s4_executed_mpc17"", ""s4_executed_mpc18""]",OFFICIAL_ADAJEPA,19,19,0,19,s4_history_mpc19,ood_square_official_n5,4,401,square,19,full_horizon,10,g99_after,g49_before,g99_after,0.0017403140664100647,0.0017403140664100647,0.0,0.01625068485736847,1e-06,2,0.0017403140664100647,0.0017403289675712585,7.450580596923828e-09,0.014510370790958405,0.014510370790958405,0.027036815881729126,0.03655688464641571,-0.009520068764686584
ood,val_square,D:\EV-TTT\adajepa_official_51d8665\artifacts\ood\val_square_official_n5,pushobj_norm_envapi_v1,"[""s4_executed_mpc0"", ""s4_executed_mpc1""]",OFFICIAL_ADAJEPA,2,2,0,2,s4_history_mpc2,ood_square_official_n5,4,401,square,2,terminal,10,g99_after,g99_before,g99_after,0.0,0.0,0.0,0.29013941064476967,1e-06,2,0.0,0.0,3.91155481338501e-07,0.29013941064476967,0.29013941064476967,0.32127875462174416,0.03283214569091797,0.2884466089308262
ood,val_square,D:\EV-TTT\adajepa_official_51d8665\artifacts\ood\val_square_official_n5,pushobj_norm_envapi_v1,"[""s4_executed_mpc0"", ""s4_executed_mpc1"", ""s4_executed_mpc2""]",OFFICIAL_ADAJEPA,3,3,0,3,s4_history_mpc3,ood_square_official_n5,4,401,square,3,terminal,10,g99_after,g0_before,g99_after,0.931566059589386,0.931566059589386,0.0,1.1120130121707916,1e-06,2,0.9315648674964905,0.931566059589386,3.129243850708008e-07,0.18044695258140564,0.18044695258140564,0.18044695258140564,-0.931566059589386,1.1120130121707916
ood,val_square,D:\EV-TTT\adajepa_official_51d8665\artifacts\ood\val_square_official_n5,pushobj_norm_envapi_v1,"[""s4_executed_mpc0"", ""s4_executed_mpc1"", ""s4_executed_mpc2"", ""s4_executed_mpc3""]",OFFICIAL_ADAJEPA,4,4,0,4,s4_history_mpc4,ood_square_official_n5,4,401,square,4,terminal,10,g99_after,g0_after,g99_after,0.17615675926208496,0.17615675926208496,0.0,0.3993625193834305,1e-06,2,0.17615628242492676,0.17615675926208496,2.5331974029541016e-07,0.22320576012134552,0.22320576012134552,0.2245771437883377,-0.17478537559509277,0.3993625193834305
ood,val_square,D:\EV-TTT\adajepa_official_51d8665\artifacts\ood\val_square_official_n5,pushobj_norm_envapi_v1,"[""s4_executed_mpc0"", ""s4_executed_mpc1"", ""s4_executed_mpc2"", ""s4_executed_mpc3"", ""s4_executed_mpc4""]",OFFICIAL_ADAJEPA,5,5,0,5,s4_history_mpc5,ood_square_official_n5,4,401,square,5,full_horizon,10,g99_after,g24_before,g99_after,0.003919243812561035,0.003919243812561035,0.0,0.015152756124734879,1e-06,2,0.0039192140102386475,0.003919243812561035,3.725290298461914e-09,0.011233512312173843,0.011233512312173843,0.011560503393411636,-0.003592252731323242,0.015152756124734879
ood,val_square,D:\EV-TTT\adajepa_official_51d8665\artifacts\ood\val_square_official_n5,pushobj_norm_envapi_v1,"[""s4_executed_mpc1"", ""s4_executed_mpc2"", ""s4_executed_mpc3"", ""s4_executed_mpc4"", ""s4_executed_mpc5""]",OFFICIAL_ADAJEPA,6,6,0,6,s4_history_mpc6,ood_square_official_n5,4,401,square,6,full_horizon,10,g99_after,g0_before,g99_after,0.007643252611160278,0.007643252611160278,0.0,0.020547442138195038,1e-06,2,0.007643252611160278,0.007643252611160278,1.4901161193847656e-08,0.01290418952703476,0.01290418952703476,0.01290418952703476,-0.007643252611160278,0.020547442138195038
ood,val_square,D:\EV-TTT\adajepa_official_51d8665\artifacts\ood\val_square_official_n5,pushobj_norm_envapi_v1,"[""s4_executed_mpc2"", ""s4_executed_mpc3"", ""s4_executed_mpc4"", ""s4_executed_mpc5"", ""s4_executed_mpc6""]",OFFICIAL_ADAJEPA,7,7,0,7,s4_history_mpc7,ood_square_official_n5,4,401,square,7,full_horizon,10,g99_after,g0_before,g99_after,0.005716294050216675,0.005716294050216675,0.0,0.01908096671104431,1e-06,2,0.005716294050216675,0.005716294050216675,7.450580596923828e-09,0.013364672660827637,0.013364672660827637,0.013364672660827637,-0.005716294050216675,0.01908096671104431
ood,val_square,D:\EV-TTT\adajepa_official_51d8665\artifacts\ood\val_square_official_n5,pushobj_norm_envapi_v1,"[""s4_executed_mpc3"", ""s4_executed_mpc4"", ""s4_executed_mpc5"", ""s4_executed_mpc6"", ""s4_executed_mpc7""]",OFFICIAL_ADAJEPA,8,8,0,8,s4_history_mpc8,ood_square_official_n5,4,401,square,8,full_horizon,10,g99_before,g49_before,g99_after,0.0004489123821258545,0.0004489421844482422,7.450580596923828e-09,0.010273531079292297,1e-06,2,0.0004489123821258545,0.0004489421844482422,7.450580596923828e-09,0.009824618697166443,0.009824596345424652,0.014284506440162659,0.004010975360870361,0.010273531079292297
ood,val_square,D:\EV-TTT\adajepa_official_51d8665\artifacts\ood\val_square_official_n5,pushobj_norm_envapi_v1,"[""s4_executed_mpc4"", ""s4_executed_mpc5"", ""s4_executed_mpc6"", ""s4_executed_mpc7"", ""s4_executed_mpc8""]",OFFICIAL_ADAJEPA,9,9,0,9,s4_history_mpc9,ood_square_official_n5,4,401,square,9,full_horizon,10,g99_after,g24_before,g99_after,0.0003749430179595947,0.0003749430179595947,0.0,0.031576573848724365,1e-06,2,0.0003749430179595947,0.0003749430179595947,1.4901161193847656e-08,0.03120163083076477,0.03120163083076477,0.04668658971786499,0.015110015869140625,0.031576573848724365
ood,val_square,D:\EV-TTT\adajepa_official_51d8665\artifacts\ood\val_square_predictor_only_n5,pushobj_norm_envapi_v1,[],PREDICTOR_ONLY,0,0,0,0,s0_history_mpc0,ood_square_predictor_only_n5,0,1,square,0,terminal,10,g99_after,g99_before,g99_after,0.0,0.0,0.0,0.30335691571235657,1e-06,2,0.0,0.0,6.221234798431396e-07,0.30335691571235657,0.30335691571235657,0.7447404973208904,0.47191205620765686,0.27282844111323357
ood,val_square,D:\EV-TTT\adajepa_official_51d8665\artifacts\ood\val_square_predictor_only_n5,pushobj_norm_envapi_v1,"[""s0_executed_mpc0""]",PREDICTOR_ONLY,0,1,0,1,s0_history_mpc1,ood_square_predictor_only_n5,0,1,square,1,terminal,10,g99_after,g99_after,g99_after,0.0,0.0,0.0,0.08359224162995815,1e-06,2,0.0,1.4901161193847656e-07,7.748603820800781e-07,0.08359224162995815,0.08359224162995815,0.07391288317739964,0.15750449895858765,-0.08359161578118801
ood,val_square,D:\EV-TTT\adajepa_official_51d8665\artifacts\ood\val_square_predictor_only_n5,pushobj_norm_envapi_v1,"[""s0_executed_mpc5"", ""s0_executed_mpc6"", ""s0_executed_mpc7"", ""s0_executed_mpc8"", ""s0_executed_mpc9""]",PREDICTOR_ONLY,0,10,0,10,s0_history_mpc10,ood_square_predictor_only_n5,0,1,square,10,full_horizon,10,g99_after,g99_before,g99_after,0.0,0.0,0.0,0.0033850036561489105,1e-06,2,0.0,0.0,3.725290298461914e-09,0.0033850036561489105,0.0033850036561489105,0.003649819642305374,0.0024328678846359253,0.0012169517576694489
ood,val_square,D:\EV-TTT\adajepa_official_51d8665\artifacts\ood\val_square_predictor_only_n5,pushobj_norm_envapi_v1,"[""s0_executed_mpc6"", ""s0_executed_mpc7"", ""s0_executed_mpc8"", ""s0_executed_mpc9"", ""s0_executed_mpc10""]",PREDICTOR_ONLY,0,11,0,11,s0_history_mpc11,ood_square_predictor_only_n5,0,1,square,11,full_horizon,10,g99_after,g49_before,g99_after,8.856505155563354e-05,8.856505155563354e-05,0.0,0.004034530371427536,1e-06,2,8.856132626533508e-05,8.856505155563354e-05,3.725290298461914e-09,0.0039459653198719025,0.0039459653198719025,0.004255484789609909,0.006227981299161911,-0.001972496509552002
ood,val_square,D:\EV-TTT\adajepa_official_51d8665\artifacts\ood\val_square_predictor_only_n5,pushobj_norm_envapi_v1,"[""s0_executed_mpc7"", ""s0_executed_mpc8"", ""s0_executed_mpc9"", ""s0_executed_mpc10"", ""s0_executed_mpc11""]",PREDICTOR_ONLY,0,12,0,12,s0_history_mpc12,ood_square_predictor_only_n5,0,1,square,12,full_horizon,10,g99_before,g49_before,g99_after,2.8431415557861328e-05,2.8438866138458252e-05,3.725290298461914e-09,0.0025607794523239136,1e-06,2,2.8431415557861328e-05,2.8438866138458252e-05,3.725290298461914e-09,0.0025323480367660522,0.002532344311475754,0.004028718918561935,0.003996800631284714,3.191828727722168e-05
ood,val_square,D:\EV-TTT\adajepa_official_51d8665\artifacts\ood\val_square_predictor_only_n5,pushobj_norm_envapi_v1,"[""s0_executed_mpc8"", ""s0_executed_mpc9"", ""s0_executed_mpc10"", ""s0_executed_mpc11"", ""s0_executed_mpc12""]",PREDICTOR_ONLY,0,13,0,13,s0_history_mpc13,ood_square_predictor_only_n5,0,1,square,13,full_horizon,10,g99_before,g24_after,g99_after,0.000682193785905838,0.0006822012364864349,3.725290298461914e-09,0.008615914732217789,1e-06,2,0.000682193785905838,0.0006822012364864349,3.725290298461914e-09,0.00793372094631195,0.007933717221021652,0.003505788743495941,0.001274261623620987,0.0022315271198749542
ood,val_square,D:\EV-TTT\adajepa_official_51d8665\artifacts\ood\val_square_predictor_only_n5,pushobj_norm_envapi_v1,"[""s0_executed_mpc9"", ""s0_executed_mpc10"", ""s0_executed_mpc11"", ""s0_executed_mpc12"", ""s0_executed_mpc13""]",PREDICTOR_ONLY,0,14,0,14,s0_history_mpc14,ood_square_predictor_only_n5,0,1,square,14,full_horizon,10,g99_after,g24_after,g99_after,8.742883801460266e-05,8.742883801460266e-05,0.0,0.0019105523824691772,1e-06,2,8.74251127243042e-05,8.742883801460266e-05,3.725290298461914e-09,0.0018231235444545746,0.0018231235444545746,0.0044406019151210785,0.00441528856754303,2.5313347578048706e-05
ood,val_square,D:\EV-TTT\adajepa_official_51d8665\artifacts\ood\val_square_predictor_only_n5,pushobj_norm_envapi_v1,"[""s0_executed_mpc10"", ""s0_executed_mpc11"", ""s0_executed_mpc12"", ""s0_executed_mpc13"", ""s0_executed_mpc14""]",PREDICTOR_ONLY,0,15,0,15,s0_history_mpc15,ood_square_predictor_only_n5,0,1,square,15,full_horizon,10,g99_after,g49_before,g99_after,0.0001680217683315277,0.0001680217683315277,0.0,0.0031196996569633484,1e-06,2,0.00016801804304122925,0.0001680217683315277,3.725290298461914e-09,0.0029516778886318207,0.0029516778886318207,0.00429169088602066,0.0012820735573768616,0.003009617328643799
ood,val_square,D:\EV-TTT\adajepa_official_51d8665\artifacts\ood\val_square_predictor_only_n5,pushobj_norm_envapi_v1,"[""s0_executed_mpc11"", ""s0_executed_mpc12"", ""s0_executed_mpc13"", ""s0_executed_mpc14"", ""s0_executed_mpc15""]",PREDICTOR_ONLY,0,16,0,16,s0_history_mpc16,ood_square_predictor_only_n5,0,1,square,16,full_horizon,10,g99_before,g24_before,g99_after,0.000803433358669281,0.000803433358669281,7.450580596923828e-09,0.002570115029811859,1e-06,2,0.000803433358669281,0.000803433358669281,7.450580596923828e-09,0.0017666816711425781,0.001766689121723175,0.004499126225709915,0.0019332803785800934,0.0025658458471298218
ood,val_square,D:\EV-TTT\adajepa_official_51d8665\artifacts\ood\val_square_predictor_only_n5,pushobj_norm_envapi_v1,"[""s0_executed_mpc12"", ""s0_executed_mpc13"", ""s0_executed_mpc14"", ""s0_executed_mpc15"", ""s0_executed_mpc16""]",PREDICTOR_ONLY,0,17,0,17,s0_history_mpc17,ood_square_predictor_only_n5,0,1,square,17,full_horizon,10,g99_before,g24_before,g99_after,0.002440575510263443,0.0024405792355537415,3.725290298461914e-09,0.00985831767320633,1e-06,2,0.002440575510263443,0.0024405792355537415,3.725290298461914e-09,0.007417742162942886,0.007417742162942886,0.004449460655450821,-0.0015784576535224915,0.006027918308973312
ood,val_square,D:\EV-TTT\adajepa_official_51d8665\artifacts\ood\val_square_predictor_only_n5,pushobj_norm_envapi_v1,"[""s0_executed_mpc13"", ""s0_executed_mpc14"", ""s0_executed_mpc15"", ""s0_executed_mpc16"", ""s0_executed_mpc17""]",PREDICTOR_ONLY,0,18,0,18,s0_history_mpc18,ood_square_predictor_only_n5,0,1,square,18,full_horizon,10,g99_after,g49_after,g99_after,0.0004941411316394806,0.0004941411316394806,0.0,0.004487421363592148,1e-06,2,0.0004941299557685852,0.0004941411316394806,1.1175870895385742e-08,0.003993280231952667,0.003993280231952667,0.0051717981696128845,0.006758738309144974,-0.0015869401395320892
ood,val_square,D:\EV-TTT\adajepa_official_51d8665\artifacts\ood\val_square_predictor_only_n5,pushobj_norm_envapi_v1,"[""s0_executed_mpc14"", ""s0_executed_mpc15"", ""s0_executed_mpc16"", ""s0_executed_mpc17"", ""s0_executed_mpc18""]",PREDICTOR_ONLY,0,19,0,19,s0_history_mpc19,ood_square_predictor_only_n5,0,1,square,19,full_horizon,10,g99_before,g24_before,g99_after,0.0020685121417045593,0.002068515866994858,0.0,0.003971502184867859,1e-06,2,0.0020685121417045593,0.002068515866994858,0.0,0.0019029900431632996,0.001902986317873001,0.004480626434087753,0.0009450502693653107,0.0035355761647224426
ood,val_square,D:\EV-TTT\adajepa_official_51d8665\artifacts\ood\val_square_predictor_only_n5,pushobj_norm_envapi_v1,"[""s0_executed_mpc0"", ""s0_executed_mpc1""]",PREDICTOR_ONLY,0,2,0,2,s0_history_mpc2,ood_square_predictor_only_n5,0,1,square,2,terminal,10,g99_after,g24_after,g99_after,0.020421385765075684,0.020421385765075684,0.0,0.028817751444876194,1e-06,2,0.020421385765075684,0.02042144536972046,1.471489667892456e-07,0.00839636567980051,0.00839636567980051,0.041284422390162945,0.03919929265975952,0.0020851297304034233
ood,val_square,D:\EV-TTT\adajepa_official_51d8665\artifacts\ood\val_square_predictor_only_n5,pushobj_norm_envapi_v1,"[""s0_executed_mpc0"", ""s0_executed_mpc1"", ""s0_executed_mpc2""]",PREDICTOR_ONLY,0,3,0,3,s0_history_mpc3,ood_square_predictor_only_n5,0,1,square,3,terminal,10,g99_after,g24_before,g99_after,0.03211100399494171,0.03211100399494171,0.0,0.17898681946098804,1e-06,2,0.03211091458797455,0.03211100399494171,1.043081283569336e-07,0.14687581546604633,0.14687581546604633,0.2081699389964342,0.029183119535446167,0.17898681946098804
ood,val_square,D:\EV-TTT\adajepa_official_51d8665\artifacts\ood\val_square_predictor_only_n5,pushobj_norm_envapi_v1,"[""s0_executed_mpc0"", ""s0_executed_mpc1"", ""s0_executed_mpc2"", ""s0_executed_mpc3""]",PREDICTOR_ONLY,0,4,0,4,s0_history_mpc4,ood_square_predictor_only_n5,0,1,square,4,terminal,10,g99_after,g24_before,g99_after,0.03139221668243408,0.03139221668243408,0.0,0.10250090807676315,1e-06,2,0.03139221668243408,0.03139224648475647,3.5390257835388184e-08,0.07110869139432907,0.07110869139432907,0.12437748163938522,0.02187657356262207,0.10250090807676315
ood,val_square,D:\EV-TTT\adajepa_official_51d8665\artifacts\ood\val_square_predictor_only_n5,pushobj_norm_envapi_v1,"[""s0_executed_mpc0"", ""s0_executed_mpc1"", ""s0_executed_mpc2"", ""s0_executed_mpc3"", ""s0_executed_mpc4""]",PREDICTOR_ONLY,0,5,0,5,s0_history_mpc5,ood_square_predictor_only_n5,0,1,square,5,full_horizon,10,g99_after,g24_before,g99_after,0.00017295405268669128,0.00017295405268669128,0.0,0.0037735700607299805,1e-06,2,0.00017295405268669128,0.00017295405268669128,1.1175870895385742e-08,0.003600616008043289,0.003600616008043289,0.012024104595184326,0.015135005116462708,-0.0031109005212783813
ood,val_square,D:\EV-TTT\adajepa_official_51d8665\artifacts\ood\val_square_predictor_only_n5,pushobj_norm_envapi_v1,"[""s0_executed_mpc1"", ""s0_executed_mpc2"", ""s0_executed_mpc3"", ""s0_executed_mpc4"", ""s0_executed_mpc5""]",PREDICTOR_ONLY,0,6,0,6,s0_history_mpc6,ood_square_predictor_only_n5,0,1,square,6,full_horizon,10,g99_before,g24_before,g99_after,0.0004727393388748169,0.00047274306416511536,0.0,0.006534771993756294,1e-06,2,0.0004727393388748169,0.00047274306416511536,0.0,0.006062032654881477,0.006062028929591179,0.006883122026920319,0.0005176551640033722,0.006365466862916946
ood,val_square,D:\EV-TTT\adajepa_official_51d8665\artifacts\ood\val_square_predictor_only_n5,pushobj_norm_envapi_v1,"[""s0_executed_mpc2"", ""s0_executed_mpc3"", ""s0_executed_mpc4"", ""s0_executed_mpc5"", ""s0_executed_mpc6""]",PREDICTOR_ONLY,0,7,0,7,s0_history_mpc7,ood_square_predictor_only_n5,0,1,square,7,full_horizon,10,g99_before,g49_after,g99_after,2.1655112504959106e-05,2.1647661924362183e-05,0.0,0.001999933272600174,1e-06,2,2.1647661924362183e-05,2.1655112504959106e-05,0.0,0.001978278160095215,0.0019782856106758118,0.004018109291791916,0.00312814861536026,0.0008899606764316559
ood,val_square,D:\EV-TTT\adajepa_official_51d8665\artifacts\ood\val_square_predictor_only_n5,pushobj_norm_envapi_v1,"[""s0_executed_mpc3"", ""s0_executed_mpc4"", ""s0_executed_mpc5"", ""s0_executed_mpc6"", ""s0_executed_mpc7""]",PREDICTOR_ONLY,0,8,0,8,s0_history_mpc8,ood_square_predictor_only_n5,0,1,square,8,full_horizon,10,g99_after,g49_after,g99_after,2.4184584617614746e-05,2.4184584617614746e-05,0.0,0.0015730410814285278,1e-06,2,2.4180859327316284e-05,2.4184584617614746e-05,3.725290298461914e-09,0.001548856496810913,0.001548856496810913,0.0036332346498966217,0.0024816319346427917,0.00115160271525383
ood,val_square,D:\EV-TTT\adajepa_official_51d8665\artifacts\ood\val_square_predictor_only_n5,pushobj_norm_envapi_v1,"[""s0_executed_mpc4"", ""s0_executed_mpc5"", ""s0_executed_mpc6"", ""s0_executed_mpc7"", ""s0_executed_mpc8""]",PREDICTOR_ONLY,0,9,0,9,s0_history_mpc9,ood_square_predictor_only_n5,0,1,square,9,full_horizon,10,g99_after,g49_before,g99_after,3.030151128768921e-05,3.030151128768921e-05,0.0,0.0007493346929550171,1e-06,2,3.030151128768921e-05,3.030151128768921e-05,3.725290298461914e-09,0.0007190331816673279,0.0007190331816673279,0.003596276044845581,0.002876508980989456,0.0007197670638561249
ood,val_square,D:\EV-TTT\adajepa_official_51d8665\artifacts\ood\val_square_predictor_only_n5,pushobj_norm_envapi_v1,[],PREDICTOR_ONLY,0,0,0,0,s1_history_mpc0,ood_square_predictor_only_n5,1,101,square,0,terminal,10,g99_after,g74_before,g99_after,0.044841110706329346,0.044841110706329346,0.0,0.8846207857131958,1e-06,1,0.044841110706329346,0.044841110706329346,7.957220077514648e-06,0.8397796750068665,0.8397796750068665,2.991603970527649,2.491471529006958,0.5001324415206909
ood,val_square,D:\EV-TTT\adajepa_official_51d8665\artifacts\ood\val_square_predictor_only_n5,pushobj_norm_envapi_v1,"[""s1_executed_mpc0""]",PREDICTOR_ONLY,0,1,0,1,s1_history_mpc1,ood_square_predictor_only_n5,1,101,square,1,terminal,10,g99_after,g0_before,g99_after,0.1371709704399109,0.1371709704399109,0.0,0.7139711827039719,1e-06,2,0.1371709704399109,0.1371709704399109,6.51925802230835e-09,0.576800212264061,0.576800212264061,0.2105639325454831,-0.1371709704399109,0.347734902985394
ood,val_square,D:\EV-TTT\adajepa_official_51d8665\artifacts\ood\val_square_predictor_only_n5,pushobj_norm_envapi_v1,"[""s1_executed_mpc5"", ""s1_executed_mpc6"", ""s1_executed_mpc7"", ""s1_executed_mpc8"", ""s1_executed_mpc9""]",PREDICTOR_ONLY,0,10,0,10,s1_history_mpc10,ood_square_predictor_only_n5,1,101,square,10,full_horizon,10,g99_before,g24_before,g99_after,0.00011773407459259033,0.00011773360893130302,1.1641532182693481e-10,0.001203575055114925,1e-06,2,0.00011773360893130302,0.00011773407459259033,1.1641532182693481e-10,0.0010858409805223346,0.0010858415625989437,0.0009392019128426909,0.0009236342739313841,1.5567638911306858e-05
ood,val_square,D:\EV-TTT\adajepa_official_51d8665\artifacts\ood\val_square_predictor_only_n5,pushobj_norm_envapi_v1,"[""s1_executed_mpc6"", ""s1_executed_mpc7"", ""s1_executed_mpc8"", ""s1_executed_mpc9"", ""s1_executed_mpc10""]",PREDICTOR_ONLY,0,11,0,11,s1_history_mpc11,ood_square_predictor_only_n5,1,101,square,11,full_horizon,10,g99_after,g24_before,g99_after,4.9727968871593475e-06,4.9727968871593475e-06,0.0,0.004064881708472967,1e-06,2,4.9727968871593475e-06,4.973961040377617e-06,9.313225746154785e-10,0.004059908911585808,0.004059908911585808,0.0011960312258452177,0.00041168881580233574,0.000784342410042882
ood,val_square,D:\EV-TTT\adajepa_official_51d8665\artifacts\ood\val_square_predictor_only_n5,pushobj_norm_envapi_v1,"[""s1_executed_mpc7"", ""s1_executed_mpc8"", ""s1_executed_mpc9"", ""s1_executed_mpc10"", ""s1_executed_mpc11""]",PREDICTOR_ONLY,0,12,0,12,s1_history_mpc12,ood_square_predictor_only_n5,1,101,square,12,full_horizon,10,g99_after,g49_before,g99_after,4.860060289502144e-05,4.860060289502144e-05,0.0,0.00043768296018242836,1e-06,2,4.859897308051586e-05,4.860060289502144e-05,1.6298145055770874e-09,0.0003890823572874069,0.0003890823572874069,0.0010143902618438005,0.0010543328244239092,-3.994256258010864e-05
ood,val_square,D:\EV-TTT\adajepa_official_51d8665\artifacts\ood\val_square_predictor_only_n5,pushobj_norm_envapi_v1,"[""s1_executed_mpc8"", ""s1_executed_mpc9"", ""s1_executed_mpc10"", ""s1_executed_mpc11"", ""s1_executed_mpc12""]",PREDICTOR_ONLY,0,13,0,13,s1_history_mpc13,ood_square_predictor_only_n5,1,101,square,13,full_horizon,10,g99_after,g24_before,g99_after,0.00022776611149311066,0.00022776611149311066,0.0,0.007329100742936134,1e-06,2,0.00022776611149311066,0.00022777030244469643,4.190951585769653e-09,0.007101334631443024,0.007101334631443024,0.001739131985232234,0.0002501725684851408,0.0014889594167470932
ood,val_square,D:\EV-TTT\adajepa_official_51d8665\artifacts\ood\val_square_predictor_only_n5,pushobj_norm_envapi_v1,"[""s1_executed_mpc9"", ""s1_executed_mpc10"", ""s1_executed_mpc11"", ""s1_executed_mpc12"", ""s1_executed_mpc13""]",PREDICTOR_ONLY,0,14,0,14,s1_history_mpc14,ood_square_predictor_only_n5,1,101,square,14,full_horizon,10,g99_after,g74_after,g99_after,0.00011316523887217045,0.00011316523887217045,0.0,0.0007682058494538069,1e-06,4,0.0,0.00011316710151731968,4.656612873077393e-10,0.0006550406105816364,0.0006550406105816364,0.0012659910134971142,0.001086317002773285,0.00017967401072382927
ood,val_square,D:\EV-TTT\adajepa_official_51d8665\artifacts\ood\val_square_predictor_only_n5,pushobj_norm_envapi_v1,"[""s1_executed_mpc10"", ""s1_executed_mpc11"", ""s1_executed_mpc12"", ""s1_executed_mpc13"", ""s1_executed_mpc14""]",PREDICTOR_ONLY,0,15,0,15,s1_history_mpc15,ood_square_predictor_only_n5,1,101,square,15,full_horizon,10,g99_before,g24_after,g99_after,0.00025069969706237316,0.00025070086121559143,0.0,0.000719442730769515,1e-06,2,0.00025069969706237316,0.00025070086121559143,0.0,0.0004687430337071419,0.0004687418695539236,0.0008429244626313448,0.000690513988956809,0.00015241047367453575
ood,val_square,D:\EV-TTT\adajepa_official_51d8665\artifacts\ood\val_square_predictor_only_n5,pushobj_norm_envapi_v1,"[""s1_executed_mpc11"", ""s1_executed_mpc12"", ""s1_executed_mpc13"", ""s1_executed_mpc14"", ""s1_executed_mpc15""]",PREDICTOR_ONLY,0,16,0,16,s1_history_mpc16,ood_square_predictor_only_n5,1,101,square,16,full_horizon,10,g99_after,g49_before,g99_after,3.3793970942497253e-05,3.3793970942497253e-05,0.0,0.0037830891087651253,1e-06,2,3.3789779990911484e-05,3.3793970942497253e-05,2.7939677238464355e-09,0.003749295137822628,0.003749295137822628,0.0010448717512190342,0.0005314061418175697,0.0005134656094014645
ood,val_square,D:\EV-TTT\adajepa_official_51d8665\artifacts\ood\val_square_predictor_only_n5,pushobj_norm_envapi_v1,"[""s1_executed_mpc12"", ""s1_executed_mpc13"", ""s1_executed_mpc14"", ""s1_executed_mpc15"", ""s1_executed_mpc16""]",PREDICTOR_ONLY,0,17,0,17,s1_history_mpc17,ood_square_predictor_only_n5,1,101,square,17,full_horizon,10,g99_after,g24_before,g99_after,0.0003652898594737053,0.0003652898594737053,0.0,0.006200892850756645,1e-06,2,0.0003652898594737053,0.0003652907907962799,3.259629011154175e-09,0.00583560299128294,0.00583560299128294,0.0011655234266072512,-0.00013849884271621704,0.0013040222693234682
ood,val_square,D:\EV-TTT\adajepa_official_51d8665\artifacts\ood\val_square_predictor_only_n5,pushobj_norm_envapi_v1,"[""s1_executed_mpc13"", ""s1_executed_mpc14"", ""s1_executed_mpc15"", ""s1_executed_mpc16"", ""s1_executed_mpc17""]",PREDICTOR_ONLY,0,18,0,18,s1_history_mpc18,ood_square_predictor_only_n5,1,101,square,18,full_horizon,10,g99_after,g24_before,g99_after,0.0002819760702550411,0.0002819760702550411,0.0,0.0011390773579478264,1e-06,2,0.0002819742076098919,0.0002819760702550411,1.1641532182693481e-09,0.0008571012876927853,0.0008571012876927853,0.0009584776125848293,0.0008118408732116222,0.0001466367393732071
ood,val_square,D:\EV-TTT\adajepa_official_51d8665\artifacts\ood\val_square_predictor_only_n5,pushobj_norm_envapi_v1,"[""s1_executed_mpc14"", ""s1_executed_mpc15"", ""s1_executed_mpc16"", ""s1_executed_mpc17"", ""s1_executed_mpc18""]",PREDICTOR_ONLY,0,19,0,19,s1_history_mpc19,ood_square_predictor_only_n5,1,101,square,19,full_horizon,10,g99_after,g49_before,g99_after,0.00027835043147206306,0.00027835043147206306,0.0,0.002558249980211258,1e-06,2,0.00027835043147206306,0.0002783532254397869,2.7939677238464355e-09,0.002279899548739195,0.002279899548739195,0.0013046441599726677,0.0003854301758110523,0.0009192139841616154
ood,val_square,D:\EV-TTT\adajepa_official_51d8665\artifacts\ood\val_square_predictor_only_n5,pushobj_norm_envapi_v1,"[""s1_executed_mpc0"", ""s1_executed_mpc1""]",PREDICTOR_ONLY,0,2,0,2,s1_history_mpc2,ood_square_predictor_only_n5,1,101,square,2,terminal,10,g99_before,g0_after,g99_after,0.2817313224077225,0.2817313224077225,9.313225746154785e-10,0.7111074589192867,1e-06,2,0.2817313224077225,0.2817313224077225,9.313225746154785e-10,0.42937613651156425,0.42937613744288683,0.018852383829653263,0.35053935647010803,-0.33168697264045477
ood,val_square,D:\EV-TTT\adajepa_official_51d8665\artifacts\ood\val_square_predictor_only_n5,pushobj_norm_envapi_v1,"[""s1_executed_mpc0"", ""s1_executed_mpc1"", ""s1_executed_mpc2""]",PREDICTOR_ONLY,0,3,0,3,s1_history_mpc3,ood_square_predictor_only_n5,1,101,square,3,terminal,10,g99_after,g99_before,g99_after,1.955777406692505e-08,1.955777406692505e-08,0.0,0.361492857336998,1e-06,2,0.0,1.955777406692505e-08,7.450580596923828e-09,0.3614928377792239,0.3614928377792239,0.02958008274435997,0.37620791234076023,-0.34662782959640026
ood,val_square,D:\EV-TTT\adajepa_official_51d8665\artifacts\ood\val_square_predictor_only_n5,pushobj_norm_envapi_v1,"[""s1_executed_mpc0"", ""s1_executed_mpc1"", ""s1_executed_mpc2"", ""s1_executed_mpc3""]",PREDICTOR_ONLY,0,4,0,4,s1_history_mpc4,ood_square_predictor_only_n5,1,101,square,4,terminal,10,g99_after,g24_before,g99_after,0.033541230484843254,0.033541230484843254,0.0,0.05601544678211212,1e-06,2,0.033541230484843254,0.03354124538600445,7.450580596923828e-09,0.022474216297268867,0.022474216297268867,0.018998248502612114,-0.021773310378193855,0.04077155888080597
ood,val_square,D:\EV-TTT\adajepa_official_51d8665\artifacts\ood\val_square_predictor_only_n5,pushobj_norm_envapi_v1,"[""s1_executed_mpc0"", ""s1_executed_mpc1"", ""s1_executed_mpc2"", ""s1_executed_mpc3"", ""s1_executed_mpc4""]",PREDICTOR_ONLY,0,5,0,5,s1_history_mpc5,ood_square_predictor_only_n5,1,101,square,5,full_horizon,10,g99_after,g99_before,g99_after,2.7939677238464355e-09,2.7939677238464355e-09,0.0,0.0037429495714604855,1e-06,2,0.0,2.7939677238464355e-09,6.984919309616089e-10,0.0037429467774927616,0.0037429467774927616,0.0017965056467801332,0.0044356537982821465,-0.002639148151502013
ood,val_square,D:\EV-TTT\adajepa_official_51d8665\artifacts\ood\val_square_predictor_only_n5,pushobj_norm_envapi_v1,"[""s1_executed_mpc1"", ""s1_executed_mpc2"", ""s1_executed_mpc3"", ""s1_executed_mpc4"", ""s1_executed_mpc5""]",PREDICTOR_ONLY,0,6,0,6,s1_history_mpc6,ood_square_predictor_only_n5,1,101,square,6,full_horizon,10,g99_after,g49_before,g99_after,8.633732795715332e-05,8.633732795715332e-05,0.0,0.001350045669823885,1e-06,2,8.633430115878582e-05,8.633732795715332e-05,2.3283064365386963e-10,0.0012637083418667316,0.0012637083418667316,0.001385045936331153,0.0018308153375983238,-0.0004457694012671709
ood,val_square,D:\EV-TTT\adajepa_official_51d8665\artifacts\ood\val_square_predictor_only_n5,pushobj_norm_envapi_v1,"[""s1_executed_mpc2"", ""s1_executed_mpc3"", ""s1_executed_mpc4"", ""s1_executed_mpc5"", ""s1_executed_mpc6""]",PREDICTOR_ONLY,0,7,0,7,s1_history_mpc7,ood_square_predictor_only_n5,1,101,square,7,full_horizon,10,g99_before,g49_after,g99_after,8.519133552908897e-05,8.519086986780167e-05,0.0,0.0008142087608575821,1e-06,4,8.519086986780167e-05,0.0001181566622108221,0.0,0.0007290174253284931,0.0007290178909897804,0.000943540595471859,0.0007601152174174786,0.00018342537805438042
ood,val_square,D:\EV-TTT\adajepa_official_51d8665\artifacts\ood\val_square_predictor_only_n5,pushobj_norm_envapi_v1,"[""s1_executed_mpc3"", ""s1_executed_mpc4"", ""s1_executed_mpc5"", ""s1_executed_mpc6"", ""s1_executed_mpc7""]",PREDICTOR_ONLY,0,8,0,8,s1_history_mpc8,ood_square_predictor_only_n5,1,101,square,8,full_horizon,10,g99_after,g74_after,g99_after,5.966052412986755e-06,5.966052412986755e-06,0.0,0.004661270184442401,1e-06,2,5.96093013882637e-06,5.966052412986755e-06,2.3283064365386963e-10,0.004655304132029414,0.004655304132029414,0.0012717887293547392,0.0006858902052044868,0.0005858985241502523
ood,val_square,D:\EV-TTT\adajepa_official_51d8665\artifacts\ood\val_square_predictor_only_n5,pushobj_norm_envapi_v1,"[""s1_executed_mpc4"", ""s1_executed_mpc5"", ""s1_executed_mpc6"", ""s1_executed_mpc7"", ""s1_executed_mpc8""]",PREDICTOR_ONLY,0,9,0,9,s1_history_mpc9,ood_square_predictor_only_n5,1,101,square,9,full_horizon,10,g99_before,g74_before,g99_after,3.466615453362465e-06,3.4654513001441956e-06,0.0,0.0017005172558128834,1e-06,4,0.0,4.176050424575806e-06,0.0,0.001697050640359521,0.0016970518045127392,0.0010454023722559214,0.0009451461955904961,0.0001002561766654253
ood,val_square,D:\EV-TTT\adajepa_official_51d8665\artifacts\ood\val_square_predictor_only_n5,pushobj_norm_envapi_v1,[],PREDICTOR_ONLY,0,0,0,0,s2_history_mpc0,ood_square_predictor_only_n5,2,201,square,0,terminal,10,g99_after,g0_after,g99_after,2.096156418323517,2.096156418323517,0.0,2.5210440615192056,1e-06,2,2.096156418323517,2.096156418323517,1.1175870895385742e-08,0.4248876431956887,0.4248876431956887,0.5759153226390481,-1.8295398354530334,2.4054551580920815
ood,val_square,D:\EV-TTT\adajepa_official_51d8665\artifacts\ood\val_square_predictor_only_n5,pushobj_norm_envapi_v1,"[""s2_executed_mpc0""]",PREDICTOR_ONLY,0,1,0,1,s2_history_mpc1,ood_square_predictor_only_n5,2,201,square,1,terminal,10,g99_after,g74_before,g99_after,5.165114998817444e-06,5.165114998817444e-06,0.0,1.0178874172270298,1e-06,2,5.165114998817444e-06,5.17629086971283e-06,5.21540641784668e-08,1.017882252112031,1.017882252112031,1.7234554924070835,2.6858758851885796,-0.962420392781496
ood,val_square,D:\EV-TTT\adajepa_official_51d8665\artifacts\ood\val_square_predictor_only_n5,pushobj_norm_envapi_v1,"[""s2_executed_mpc5"", ""s2_executed_mpc6"", ""s2_executed_mpc7"", ""s2_executed_mpc8"", ""s2_executed_mpc9""]",PREDICTOR_ONLY,0,10,0,10,s2_history_mpc10,ood_square_predictor_only_n5,2,201,square,10,full_horizon,10,g99_after,g0_before,g99_after,0.00038772495463490486,0.00038772495463490486,0.0,0.002328848000615835,1e-06,2,0.0003877226263284683,0.00038772495463490486,2.0954757928848267e-09,0.0019411230459809303,0.0019411230459809303,0.0018696316983550787,-0.00038772495463490486,0.0022573566529899836
ood,val_square,D:\EV-TTT\adajepa_official_51d8665\artifacts\ood\val_square_predictor_only_n5,pushobj_norm_envapi_v1,"[""s2_executed_mpc6"", ""s2_executed_mpc7"", ""s2_executed_mpc8"", ""s2_executed_mpc9"", ""s2_executed_mpc10""]",PREDICTOR_ONLY,0,11,0,11,s2_history_mpc11,ood_square_predictor_only_n5,2,201,square,11,full_horizon,10,g99_before,g0_before,g99_after,0.00135728158056736,0.001357280183583498,1.1641532182693481e-09,0.006378805730491877,1e-06,2,0.001357280183583498,0.00135728158056736,1.1641532182693481e-09,0.005021524149924517,0.005021526711061597,0.001387362601235509,-0.001357280183583498,0.002744642784819007
ood,val_square,D:\EV-TTT\adajepa_official_51d8665\artifacts\ood\val_square_predictor_only_n5,pushobj_norm_envapi_v1,"[""s2_executed_mpc7"", ""s2_executed_mpc8"", ""s2_executed_mpc9"", ""s2_executed_mpc10"", ""s2_executed_mpc11""]",PREDICTOR_ONLY,0,12,0,12,s2_history_mpc12,ood_square_predictor_only_n5,2,201,square,12,full_horizon,10,g99_after,g24_after,g99_after,0.00015945592895150185,0.00015945592895150185,0.0,0.002437673509120941,1e-06,2,0.00015945592895150185,0.00015945639461278915,9.313225746154785e-10,0.0022782175801694393,0.0022782175801694393,0.0011004339903593063,0.0004204097203910351,0.0006800242699682713
ood,val_square,D:\EV-TTT\adajepa_official_51d8665\artifacts\ood\val_square_predictor_only_n5,pushobj_norm_envapi_v1,"[""s2_executed_mpc8"", ""s2_executed_mpc9"", ""s2_executed_mpc10"", ""s2_executed_mpc11"", ""s2_executed_mpc12""]",PREDICTOR_ONLY,0,13,0,13,s2_history_mpc13,ood_square_predictor_only_n5,2,201,square,13,full_horizon,10,g99_after,g0_before,g99_after,0.001276305876672268,0.001276305876672268,0.0,0.004664185456931591,1e-06,2,0.001276305876672268,0.0012763068079948425,9.313225746154785e-10,0.003387879580259323,0.003387879580259323,0.0014269095845520496,-0.001276305876672268,0.0027032154612243176
ood,val_square,D:\EV-TTT\adajepa_official_51d8665\artifacts\ood\val_square_predictor_only_n5,pushobj_norm_envapi_v1,"[""s2_executed_mpc9"", ""s2_executed_mpc10"", ""s2_executed_mpc11"", ""s2_executed_mpc12"", ""s2_executed_mpc13""]",PREDICTOR_ONLY,0,14,0,14,s2_history_mpc14,ood_square_predictor_only_n5,2,201,square,14,full_horizon,10,g99_after,g0_before,g99_after,0.0002577919512987137,0.0002577919512987137,0.0,0.004497295245528221,1e-06,2,0.0002577919512987137,0.00025779474526643753,1.3969838619232178e-09,0.0042395032942295074,0.0042395032942295074,0.0007629427127540112,-0.0002577919512987137,0.0010207346640527248
ood,val_square,D:\EV-TTT\adajepa_official_51d8665\artifacts\ood\val_square_predictor_only_n5,pushobj_norm_envapi_v1,"[""s2_executed_mpc10"", ""s2_executed_mpc11"", ""s2_executed_mpc12"", ""s2_executed_mpc13"", ""s2_executed_mpc14""]",PREDICTOR_ONLY,0,15,0,15,s2_history_mpc15,ood_square_predictor_only_n5,2,201,square,15,full_horizon,10,g99_before,g49_before,g99_after,5.929730832576752e-05,5.929823964834213e-05,0.0,0.005161012522876263,1e-06,2,5.929730832576752e-05,5.929823964834213e-05,0.0,0.005101715214550495,0.0051017142832279205,0.0010153325274586678,0.0004885494709014893,0.0005267830565571785
ood,val_square,D:\EV-TTT\adajepa_official_51d8665\artifacts\ood\val_square_predictor_only_n5,pushobj_norm_envapi_v1,"[""s2_executed_mpc11"", ""s2_executed_mpc12"", ""s2_executed_mpc13"", ""s2_executed_mpc14"", ""s2_executed_mpc15""]",PREDICTOR_ONLY,0,16,0,16,s2_history_mpc16,ood_square_predictor_only_n5,2,201,square,16,full_horizon,10,g99_before,g0_after,g99_after,0.0003884807229042053,0.000388480257242918,0.0,0.0025862581096589565,1e-06,2,0.000388480257242918,0.0003884807229042053,0.0,0.002197777386754751,0.0021977778524160385,0.0006513609550893307,0.0015360009856522083,-0.0008846400305628777
ood,val_square,D:\EV-TTT\adajepa_official_51d8665\artifacts\ood\val_square_predictor_only_n5,pushobj_norm_envapi_v1,"[""s2_executed_mpc12"", ""s2_executed_mpc13"", ""s2_executed_mpc14"", ""s2_executed_mpc15"", ""s2_executed_mpc16""]",PREDICTOR_ONLY,0,17,0,17,s2_history_mpc17,ood_square_predictor_only_n5,2,201,square,17,full_horizon,10,g99_before,g99_after,g99_after,1.3969838619232178e-09,0.0,4.656612873077393e-10,0.0008825077675282955,1e-06,2,0.0,1.3969838619232178e-09,4.656612873077393e-10,0.0008825063705444336,0.0008825082331895828,0.0009353444911539555,0.0003862781450152397,0.0005490663461387157
ood,val_square,D:\EV-TTT\adajepa_official_51d8665\artifacts\ood\val_square_predictor_only_n5,pushobj_norm_envapi_v1,"[""s2_executed_mpc13"", ""s2_executed_mpc14"", ""s2_executed_mpc15"", ""s2_executed_mpc16"", ""s2_executed_mpc17""]",PREDICTOR_ONLY,0,18,0,18,s2_history_mpc18,ood_square_predictor_only_n5,2,201,square,18,full_horizon,10,g99_before,g99_before,g99_after,0.0,4.656612873077393e-10,3.259629011154175e-09,0.004231078550219536,1e-06,2,0.0,4.656612873077393e-10,3.259629011154175e-09,0.004231078550219536,0.00423108134418726,0.0006173765286803246,0.00043159211054444313,0.00018578441813588142
ood,val_square,D:\EV-TTT\adajepa_official_51d8665\artifacts\ood\val_square_predictor_only_n5,pushobj_norm_envapi_v1,"[""s2_executed_mpc14"", ""s2_executed_mpc15"", ""s2_executed_mpc16"", ""s2_executed_mpc17"", ""s2_executed_mpc18""]",PREDICTOR_ONLY,0,19,0,19,s2_history_mpc19,ood_square_predictor_only_n5,2,201,square,19,full_horizon,10,g99_before,g0_before,g99_after,0.00026830751448869705,0.00026830844581127167,1.3969838619232178e-09,0.002269820310175419,1e-06,2,0.00026830751448869705,0.00026830844581127167,1.3969838619232178e-09,0.002001512795686722,0.002001513261348009,0.0012968042865395546,-0.00026830844581127167,0.0015651127323508263
ood,val_square,D:\EV-TTT\adajepa_official_51d8665\artifacts\ood\val_square_predictor_only_n5,pushobj_norm_envapi_v1,"[""s2_executed_mpc0"", ""s2_executed_mpc1""]",PREDICTOR_ONLY,0,2,0,2,s2_history_mpc2,ood_square_predictor_only_n5,2,201,square,2,terminal,10,g99_after,g0_before,g99_after,0.06077650934457779,0.06077650934457779,0.0,0.07084817439317703,1e-06,2,0.060776494443416595,0.06077650934457779,7.450580596923828e-09,0.010071665048599243,0.010071665048599243,0.010071665048599243,-0.06077650934457779,0.07084817439317703
ood,val_square,D:\EV-TTT\adajepa_official_51d8665\artifacts\ood\val_square_predictor_only_n5,pushobj_norm_envapi_v1,"[""s2_executed_mpc0"", ""s2_executed_mpc1"", ""s2_executed_mpc2""]",PREDICTOR_ONLY,0,3,0,3,s2_history_mpc3,ood_square_predictor_only_n5,2,201,square,3,terminal,10,g99_after,g99_after,g99_after,0.0,0.0,0.0,0.04644657112658024,1e-06,2,0.0,2.9802322387695312e-08,6.51925802230835e-09,0.04644657112658024,0.04644657112658024,0.014474641531705856,0.05826868116855621,-0.04379403963685036
ood,val_square,D:\EV-TTT\adajepa_official_51d8665\artifacts\ood\val_square_predictor_only_n5,pushobj_norm_envapi_v1,"[""s2_executed_mpc0"", ""s2_executed_mpc1"", ""s2_executed_mpc2"", ""s2_executed_mpc3""]",PREDICTOR_ONLY,0,4,0,4,s2_history_mpc4,ood_square_predictor_only_n5,2,201,square,4,terminal,10,g99_after,g24_before,g99_after,0.01239887997508049,0.01239887997508049,0.0,0.013193313963711262,1e-06,2,0.01239887997508049,0.012398891150951385,4.190951585769653e-09,0.0007944339886307716,0.0007944339886307716,0.008036565501242876,-0.0003187805414199829,0.008355346042662859
ood,val_square,D:\EV-TTT\adajepa_official_51d8665\artifacts\ood\val_square_predictor_only_n5,pushobj_norm_envapi_v1,"[""s2_executed_mpc0"", ""s2_executed_mpc1"", ""s2_executed_mpc2"", ""s2_executed_mpc3"", ""s2_executed_mpc4""]",PREDICTOR_ONLY,0,5,0,5,s2_history_mpc5,ood_square_predictor_only_n5,2,201,square,5,full_horizon,10,g99_after,g99_after,g99_after,0.0,0.0,0.0,0.0026567562017589808,1e-06,2,0.0,3.725290298461914e-09,2.561137080192566e-09,0.0026567562017589808,0.0026567562017589808,0.0028152281884104013,0.003972914069890976,-0.0011576858814805746
ood,val_square,D:\EV-TTT\adajepa_official_51d8665\artifacts\ood\val_square_predictor_only_n5,pushobj_norm_envapi_v1,"[""s2_executed_mpc1"", ""s2_executed_mpc2"", ""s2_executed_mpc3"", ""s2_executed_mpc4"", ""s2_executed_mpc5""]",PREDICTOR_ONLY,0,6,0,6,s2_history_mpc6,ood_square_predictor_only_n5,2,201,square,6,full_horizon,10,g99_after,g49_before,g99_after,9.309593588113785e-05,9.309593588113785e-05,0.0,0.0017668299842625856,1e-06,2,9.309593588113785e-05,9.309779852628708e-05,2.561137080192566e-09,0.0016737340483814478,0.0016737340483814478,0.0010344232432544231,0.0014508063904941082,-0.00041638314723968506
ood,val_square,D:\EV-TTT\adajepa_official_51d8665\artifacts\ood\val_square_predictor_only_n5,pushobj_norm_envapi_v1,"[""s2_executed_mpc2"", ""s2_executed_mpc3"", ""s2_executed_mpc4"", ""s2_executed_mpc5"", ""s2_executed_mpc6""]",PREDICTOR_ONLY,0,7,0,7,s2_history_mpc7,ood_square_predictor_only_n5,2,201,square,7,full_horizon,10,g99_before,g0_before,g99_after,0.0007176348008215427,0.0007176408544182777,0.0,0.007952295010909438,1e-06,2,0.0007176348008215427,0.0007176408544182777,0.0,0.007234660210087895,0.00723465415649116,0.0007384594064205885,-0.0007176408544182777,0.0014561002608388662
ood,val_square,D:\EV-TTT\adajepa_official_51d8665\artifacts\ood\val_square_predictor_only_n5,pushobj_norm_envapi_v1,"[""s2_executed_mpc3"", ""s2_executed_mpc4"", ""s2_executed_mpc5"", ""s2_executed_mpc6"", ""s2_executed_mpc7""]",PREDICTOR_ONLY,0,8,0,8,s2_history_mpc8,ood_square_predictor_only_n5,2,201,square,8,full_horizon,10,g99_after,g49_after,g99_after,0.00011461740359663963,0.00011461740359663963,0.0,0.00234418548643589,1e-06,2,0.00011461600661277771,0.00011461740359663963,9.313225746154785e-10,0.0022295680828392506,0.0022295680828392506,0.0008124751038849354,0.0004654303193092346,0.00034704478457570076
ood,val_square,D:\EV-TTT\adajepa_official_51d8665\artifacts\ood\val_square_predictor_only_n5,pushobj_norm_envapi_v1,"[""s2_executed_mpc4"", ""s2_executed_mpc5"", ""s2_executed_mpc6"", ""s2_executed_mpc7"", ""s2_executed_mpc8""]",PREDICTOR_ONLY,0,9,0,9,s2_history_mpc9,ood_square_predictor_only_n5,2,201,square,9,full_horizon,10,g99_after,g99_after,g99_after,0.0,0.0,0.0,0.006427660584449768,1e-06,2,0.0,9.313225746154785e-10,5.122274160385132e-09,0.006427660584449768,0.006427660584449768,0.0008394084870815277,0.0013357345014810562,-0.0004963260143995285
ood,val_square,D:\EV-TTT\adajepa_official_51d8665\artifacts\ood\val_square_predictor_only_n5,pushobj_norm_envapi_v1,[],PREDICTOR_ONLY,0,0,0,0,s3_history_mpc0,ood_square_predictor_only_n5,3,301,square,0,terminal,10,g99_after,g0_after,g99_after,1.4570560455322266,1.4570560455322266,0.0,3.3053537160158157,1e-06,2,1.4570560455322266,1.4570562839508057,3.3527612686157227e-07,1.8482976704835892,1.8482976704835892,1.9977846890687943,-1.2695269584655762,3.2673116475343704
ood,val_square,D:\EV-TTT\adajepa_official_51d8665\artifacts\ood\val_square_predictor_only_n5,pushobj_norm_envapi_v1,"[""s3_executed_mpc0""]",PREDICTOR_ONLY,0,1,0,1,s3_history_mpc1,ood_square_predictor_only_n5,3,301,square,1,terminal,10,g99_after,g24_before,g99_after,0.09822893142700195,0.09822893142700195,0.0,1.6852879263460636,1e-06,2,0.09822893142700195,0.09822893142700195,1.6763806343078613e-08,1.5870589949190617,1.5870589949190617,1.8150365725159645,0.1413874626159668,1.6736491098999977
ood,val_square,D:\EV-TTT\adajepa_official_51d8665\artifacts\ood\val_square_predictor_only_n5,pushobj_norm_envapi_v1,"[""s3_executed_mpc5"", ""s3_executed_mpc6"", ""s3_executed_mpc7"", ""s3_executed_mpc8"", ""s3_executed_mpc9""]",PREDICTOR_ONLY,0,10,0,10,s3_history_mpc10,ood_square_predictor_only_n5,3,301,square,10,full_horizon,10,g99_after,g49_before,g99_after,0.0003113793209195137,0.0003113793209195137,0.0,0.002325993962585926,1e-06,2,0.0003113783895969391,0.0003113793209195137,2.7939677238464355e-09,0.0020146146416664124,0.0020146146416664124,0.004768461920320988,0.004081591032445431,0.000686870887875557
ood,val_square,D:\EV-TTT\adajepa_official_51d8665\artifacts\ood\val_square_predictor_only_n5,pushobj_norm_envapi_v1,"[""s3_executed_mpc6"", ""s3_executed_mpc7"", ""s3_executed_mpc8"", ""s3_executed_mpc9"", ""s3_executed_mpc10""]",PREDICTOR_ONLY,0,11,0,11,s3_history_mpc11,ood_square_predictor_only_n5,3,301,square,11,full_horizon,10,g99_after,g74_before,g99_after,0.0004278793931007385,0.0004278793931007385,0.0,0.0006677703931927681,1e-06,2,0.0004278784617781639,0.0004278793931007385,9.313225746154785e-10,0.00023989100009202957,0.00023989100009202957,0.004408262670040131,0.003977738320827484,0.0004305243492126465
ood,val_square,D:\EV-TTT\adajepa_official_51d8665\artifacts\ood\val_square_predictor_only_n5,pushobj_norm_envapi_v1,"[""s3_executed_mpc7"", ""s3_executed_mpc8"", ""s3_executed_mpc9"", ""s3_executed_mpc10"", ""s3_executed_mpc11""]",PREDICTOR_ONLY,0,12,0,12,s3_history_mpc12,ood_square_predictor_only_n5,3,301,square,12,full_horizon,10,g99_before,g99_before,g99_after,0.0,9.313225746154785e-10,0.0,0.0006861435249447823,1e-06,2,0.0,9.313225746154785e-10,0.0,0.0006861435249447823,0.0006861425936222076,0.0045473817735910416,0.004546342417597771,1.039355993270874e-06
ood,val_square,D:\EV-TTT\adajepa_official_51d8665\artifacts\ood\val_square_predictor_only_n5,pushobj_norm_envapi_v1,"[""s3_executed_mpc8"", ""s3_executed_mpc9"", ""s3_executed_mpc10"", ""s3_executed_mpc11"", ""s3_executed_mpc12""]",PREDICTOR_ONLY,0,13,0,13,s3_history_mpc13,ood_square_predictor_only_n5,3,301,square,13,full_horizon,10,g99_after,g24_after,g99_after,0.0005153948441147804,0.0005153948441147804,0.0,0.0010049063712358475,1e-06,2,0.0005153929814696312,0.0005153948441147804,1.862645149230957e-09,0.000489511527121067,0.000489511527121067,0.004580659791827202,0.0038731638342142105,0.0007074959576129913
ood,val_square,D:\EV-TTT\adajepa_official_51d8665\artifacts\ood\val_square_predictor_only_n5,pushobj_norm_envapi_v1,"[""s3_executed_mpc9"", ""s3_executed_mpc10"", ""s3_executed_mpc11"", ""s3_executed_mpc12"", ""s3_executed_mpc13""]",PREDICTOR_ONLY,0,14,0,14,s3_history_mpc14,ood_square_predictor_only_n5,3,301,square,14,full_horizon,10,g99_after,g49_before,g99_after,0.00015714578330516815,0.00015714578330516815,0.0,0.0017011817544698715,1e-06,2,0.00015714578330516815,0.00015714578330516815,2.7939677238464355e-09,0.0015440359711647034,0.0015440359711647034,0.004881162196397781,0.003513287752866745,0.0013678744435310364
ood,val_square,D:\EV-TTT\adajepa_official_51d8665\artifacts\ood\val_square_predictor_only_n5,pushobj_norm_envapi_v1,"[""s3_executed_mpc10"", ""s3_executed_mpc11"", ""s3_executed_mpc12"", ""s3_executed_mpc13"", ""s3_executed_mpc14""]",PREDICTOR_ONLY,0,15,0,15,s3_history_mpc15,ood_square_predictor_only_n5,3,301,square,15,full_horizon,10,g99_after,g49_before,g99_after,0.0003257645294070244,0.0003257645294070244,0.0,0.00206852238625288,1e-06,2,0.0003257645294070244,0.0003257645294070244,9.313225746154785e-10,0.0017427578568458557,0.0017427578568458557,0.004701107740402222,0.004793364554643631,-9.22568142414093e-05
ood,val_square,D:\EV-TTT\adajepa_official_51d8665\artifacts\ood\val_square_predictor_only_n5,pushobj_norm_envapi_v1,"[""s3_executed_mpc11"", ""s3_executed_mpc12"", ""s3_executed_mpc13"", ""s3_executed_mpc14"", ""s3_executed_mpc15""]",PREDICTOR_ONLY,0,16,0,16,s3_history_mpc16,ood_square_predictor_only_n5,3,301,square,16,full_horizon,10,g99_after,g74_before,g99_after,1.0106712579727173e-05,1.0106712579727173e-05,0.0,0.0008162744343280792,1e-06,2,1.0104849934577942e-05,1.0106712579727173e-05,1.862645149230957e-09,0.000806167721748352,0.000806167721748352,0.005177147686481476,0.004803188145160675,0.0003739595413208008
ood,val_square,D:\EV-TTT\adajepa_official_51d8665\artifacts\ood\val_square_predictor_only_n5,pushobj_norm_envapi_v1,"[""s3_executed_mpc12"", ""s3_executed_mpc13"", ""s3_executed_mpc14"", ""s3_executed_mpc15"", ""s3_executed_mpc16""]",PREDICTOR_ONLY,0,17,0,17,s3_history_mpc17,ood_square_predictor_only_n5,3,301,square,17,full_horizon,10,g99_before,g74_after,g99_after,6.704777479171753e-05,6.704777479171753e-05,0.0,0.0013765757903456688,1e-06,2,6.704777479171753e-05,6.704777479171753e-05,0.0,0.0013095280155539513,0.0013095280155539513,0.00440886989235878,0.003965197131037712,0.0004436727613210678
ood,val_square,D:\EV-TTT\adajepa_official_51d8665\artifacts\ood\val_square_predictor_only_n5,pushobj_norm_envapi_v1,"[""s3_executed_mpc13"", ""s3_executed_mpc14"", ""s3_executed_mpc15"", ""s3_executed_mpc16"", ""s3_executed_mpc17""]",PREDICTOR_ONLY,0,18,0,18,s3_history_mpc18,ood_square_predictor_only_n5,3,301,square,18,full_horizon,10,g99_after,g74_after,g99_after,3.7867575883865356e-05,3.7867575883865356e-05,0.0,0.0017526261508464813,1e-06,2,3.7867575883865356e-05,3.786850720643997e-05,1.862645149230957e-09,0.001714758574962616,0.001714758574962616,0.005380885675549507,0.004828415811061859,0.000552469864487648
ood,val_square,D:\EV-TTT\adajepa_official_51d8665\artifacts\ood\val_square_predictor_only_n5,pushobj_norm_envapi_v1,"[""s3_executed_mpc14"", ""s3_executed_mpc15"", ""s3_executed_mpc16"", ""s3_executed_mpc17"", ""s3_executed_mpc18""]",PREDICTOR_ONLY,0,19,0,19,s3_history_mpc19,ood_square_predictor_only_n5,3,301,square,19,full_horizon,10,g99_before,g99_before,g99_after,0.0,9.313225746154785e-10,1.862645149230957e-09,0.001119229942560196,1e-06,2,0.0,9.313225746154785e-10,1.862645149230957e-09,0.001119229942560196,0.0011192308738827705,0.0049249958246946335,0.00424072053283453,0.0006842752918601036
ood,val_square,D:\EV-TTT\adajepa_official_51d8665\artifacts\ood\val_square_predictor_only_n5,pushobj_norm_envapi_v1,"[""s3_executed_mpc0"", ""s3_executed_mpc1""]",PREDICTOR_ONLY,0,2,0,2,s3_history_mpc2,ood_square_predictor_only_n5,3,301,square,2,terminal,10,g99_after,g74_after,g99_after,0.0019193338230252266,0.0019193338230252266,0.0,1.9694732623174787,1e-06,2,0.0019193338230252266,0.0019193412736058235,9.685754776000977e-08,1.9675539284944534,1.9675539284944534,2.0569729451090097,3.546487269923091,-1.4895143248140812
ood,val_square,D:\EV-TTT\adajepa_official_51d8665\artifacts\ood\val_square_predictor_only_n5,pushobj_norm_envapi_v1,"[""s3_executed_mpc0"", ""s3_executed_mpc1"", ""s3_executed_mpc2""]",PREDICTOR_ONLY,0,3,0,3,s3_history_mpc3,ood_square_predictor_only_n5,3,301,square,3,terminal,10,g99_after,g0_before,g99_after,0.8867017403244972,0.8867017403244972,0.0,1.0231542745605111,1e-06,2,0.8867016807198524,0.8867017403244972,8.381903171539307e-09,0.1364525342360139,0.1364525342360139,0.08792056981474161,-0.8867017403244972,0.9746223101392388
ood,val_square,D:\EV-TTT\adajepa_official_51d8665\artifacts\ood\val_square_predictor_only_n5,pushobj_norm_envapi_v1,"[""s3_executed_mpc0"", ""s3_executed_mpc1"", ""s3_executed_mpc2"", ""s3_executed_mpc3""]",PREDICTOR_ONLY,0,4,0,4,s3_history_mpc4,ood_square_predictor_only_n5,3,301,square,4,terminal,10,g99_after,g49_before,g99_after,0.0030065178871154785,0.0030065178871154785,0.0,0.07791743054986,1e-06,2,0.0030065178871154785,0.0030065178871154785,1.2293457984924316e-07,0.07491091266274452,0.07491091266274452,0.5269279219210148,0.5980280935764313,-0.07110017165541649
ood,val_square,D:\EV-TTT\adajepa_official_51d8665\artifacts\ood\val_square_predictor_only_n5,pushobj_norm_envapi_v1,"[""s3_executed_mpc0"", ""s3_executed_mpc1"", ""s3_executed_mpc2"", ""s3_executed_mpc3"", ""s3_executed_mpc4""]",PREDICTOR_ONLY,0,5,0,5,s3_history_mpc5,ood_square_predictor_only_n5,3,301,square,5,full_horizon,10,g99_after,g99_after,g99_after,0.0,0.0,0.0,0.046824779361486435,1e-06,2,0.0,3.725290298461914e-08,8.195638656616211e-08,0.046824779361486435,0.046824779361486435,0.04247278720140457,0.0180521160364151,0.02442067116498947
ood,val_square,D:\EV-TTT\adajepa_official_51d8665\artifacts\ood\val_square_predictor_only_n5,pushobj_norm_envapi_v1,"[""s3_executed_mpc1"", ""s3_executed_mpc2"", ""s3_executed_mpc3"", ""s3_executed_mpc4"", ""s3_executed_mpc5""]",PREDICTOR_ONLY,0,6,0,6,s3_history_mpc6,ood_square_predictor_only_n5,3,301,square,6,full_horizon,10,g99_after,g99_after,g99_after,0.0,0.0,0.0,0.022214818745851517,1e-06,2,0.0,1.1175870895385742e-08,1.6763806343078613e-08,0.022214818745851517,0.022214818745851517,0.020489081740379333,0.020847536623477936,-0.0003584548830986023
ood,val_square,D:\EV-TTT\adajepa_official_51d8665\artifacts\ood\val_square_predictor_only_n5,pushobj_norm_envapi_v1,"[""s3_executed_mpc2"", ""s3_executed_mpc3"", ""s3_executed_mpc4"", ""s3_executed_mpc5"", ""s3_executed_mpc6""]",PREDICTOR_ONLY,0,7,0,7,s3_history_mpc7,ood_square_predictor_only_n5,3,301,square,7,full_horizon,10,g99_after,g99_after,g99_after,0.0,0.0,0.0,0.015701400116086006,1e-06,2,0.0,3.725290298461914e-09,5.587935447692871e-09,0.015701400116086006,0.015701400116086006,0.011151116341352463,0.007690446451306343,0.0034606698900461197
ood,val_square,D:\EV-TTT\adajepa_official_51d8665\artifacts\ood\val_square_predictor_only_n5,pushobj_norm_envapi_v1,"[""s3_executed_mpc3"", ""s3_executed_mpc4"", ""s3_executed_mpc5"", ""s3_executed_mpc6"", ""s3_executed_mpc7""]",PREDICTOR_ONLY,0,8,0,8,s3_history_mpc8,ood_square_predictor_only_n5,3,301,square,8,full_horizon,10,g99_after,g0_after,g99_after,0.0026720762252807617,0.0026720762252807617,0.0,0.020652856677770615,1e-06,2,0.0026720762252807617,0.0026720762252807617,1.862645149230957e-09,0.017980780452489853,0.017980780452489853,0.017729667015373707,-0.00012345053255558014,0.017853117547929287
ood,val_square,D:\EV-TTT\adajepa_official_51d8665\artifacts\ood\val_square_predictor_only_n5,pushobj_norm_envapi_v1,"[""s3_executed_mpc4"", ""s3_executed_mpc5"", ""s3_executed_mpc6"", ""s3_executed_mpc7"", ""s3_executed_mpc8""]",PREDICTOR_ONLY,0,9,0,9,s3_history_mpc9,ood_square_predictor_only_n5,3,301,square,9,full_horizon,10,g99_after,g49_after,g99_after,0.0003109024837613106,0.0003109024837613106,0.0,0.007815100252628326,1e-06,2,0.0003109024837613106,0.0003109052777290344,9.313225746154785e-10,0.007504197768867016,0.007504197768867016,0.018345019780099392,0.011517067439854145,0.006827952340245247
ood,val_square,D:\EV-TTT\adajepa_official_51d8665\artifacts\ood\val_square_predictor_only_n5,pushobj_norm_envapi_v1,[],PREDICTOR_ONLY,0,0,0,0,s4_history_mpc0,ood_square_predictor_only_n5,4,401,square,0,terminal,10,g99_after,g74_after,g99_after,0.0026018619537353516,0.0026018619537353516,0.0,0.6825080513954163,1e-06,2,0.0026018619537353516,0.0026019811630249023,6.109476089477539e-07,0.6799061894416809,0.6799061894416809,3.343252032995224,2.8209797739982605,0.5222722589969635
ood,val_square,D:\EV-TTT\adajepa_official_51d8665\artifacts\ood\val_square_predictor_only_n5,pushobj_norm_envapi_v1,"[""s4_executed_mpc0""]",PREDICTOR_ONLY,0,1,0,1,s4_history_mpc1,ood_square_predictor_only_n5,4,401,square,1,terminal,10,g99_after,g99_before,g99_after,1.4901161193847656e-08,1.4901161193847656e-08,0.0,0.14659706689417362,1e-06,2,0.0,1.4901161193847656e-08,2.421438694000244e-08,0.14659705199301243,0.14659705199301243,0.13382017612457275,0.24084749817848206,-0.1070273220539093
ood,val_square,D:\EV-TTT\adajepa_official_51d8665\artifacts\ood\val_square_predictor_only_n5,pushobj_norm_envapi_v1,"[""s4_executed_mpc5"", ""s4_executed_mpc6"", ""s4_executed_mpc7"", ""s4_executed_mpc8"", ""s4_executed_mpc9""]",PREDICTOR_ONLY,0,10,0,10,s4_history_mpc10,ood_square_predictor_only_n5,4,401,square,10,full_horizon,10,g99_after,g24_before,g99_after,0.00040274858474731445,0.00040274858474731445,0.0,0.040531501173973083,1e-06,2,0.00040274858474731445,0.00040274858474731445,2.2351741790771484e-08,0.04012875258922577,0.04012875258922577,0.053051456809043884,0.0125199556350708,0.040531501173973083
ood,val_square,D:\EV-TTT\adajepa_official_51d8665\artifacts\ood\val_square_predictor_only_n5,pushobj_norm_envapi_v1,"[""s4_executed_mpc6"", ""s4_executed_mpc7"", ""s4_executed_mpc8"", ""s4_executed_mpc9"", ""s4_executed_mpc10""]",PREDICTOR_ONLY,0,11,0,11,s4_history_mpc11,ood_square_predictor_only_n5,4,401,square,11,full_horizon,10,g99_before,g24_before,g99_after,0.0005728304386138916,0.0005728304386138916,0.0,0.0452481210231781,1e-06,2,0.0005728304386138916,0.0005728304386138916,0.0,0.04467529058456421,0.04467529058456421,0.059316158294677734,0.014068037271499634,0.0452481210231781
ood,val_square,D:\EV-TTT\adajepa_official_51d8665\artifacts\ood\val_square_predictor_only_n5,pushobj_norm_envapi_v1,"[""s4_executed_mpc7"", ""s4_executed_mpc8"", ""s4_executed_mpc9"", ""s4_executed_mpc10"", ""s4_executed_mpc11""]",PREDICTOR_ONLY,0,12,0,12,s4_history_mpc12,ood_square_predictor_only_n5,4,401,square,12,full_horizon,10,g99_before,g24_before,g99_after,0.0003183335065841675,0.0003183335065841675,7.450580596923828e-09,0.06219062954187393,1e-06,2,0.0003183335065841675,0.0003183335065841675,7.450580596923828e-09,0.061872296035289764,0.06187230348587036,0.0801752507686615,0.017984628677368164,0.062190622091293335
ood,val_square,D:\EV-TTT\adajepa_official_51d8665\artifacts\ood\val_square_predictor_only_n5,pushobj_norm_envapi_v1,"[""s4_executed_mpc8"", ""s4_executed_mpc9"", ""s4_executed_mpc10"", ""s4_executed_mpc11"", ""s4_executed_mpc12""]",PREDICTOR_ONLY,0,13,0,13,s4_history_mpc13,ood_square_predictor_only_n5,4,401,square,13,full_horizon,10,g99_before,g49_after,g99_after,0.0005097091197967529,0.0005097091197967529,7.450580596923828e-09,0.08587922155857086,1e-06,2,0.0005097091197967529,0.0005097091197967529,7.450580596923828e-09,0.08536951243877411,0.0853695198893547,0.10949569195508957,0.023616477847099304,0.08587921410799026
ood,val_square,D:\EV-TTT\adajepa_official_51d8665\artifacts\ood\val_square_predictor_only_n5,pushobj_norm_envapi_v1,"[""s4_executed_mpc9"", ""s4_executed_mpc10"", ""s4_executed_mpc11"", ""s4_executed_mpc12"", ""s4_executed_mpc13""]",PREDICTOR_ONLY,0,14,0,14,s4_history_mpc14,ood_square_predictor_only_n5,4,401,square,14,full_horizon,10,g99_after,g49_before,g99_after,0.0005913525819778442,0.0005913525819778442,0.0,0.10596716403961182,1e-06,2,0.0005913525819778442,0.0005913525819778442,1.4901161193847656e-08,0.10537581145763397,0.10537581145763397,0.13174831122159958,0.025894835591316223,0.10585347563028336
ood,val_square,D:\EV-TTT\adajepa_official_51d8665\artifacts\ood\val_square_predictor_only_n5,pushobj_norm_envapi_v1,"[""s4_executed_mpc10"", ""s4_executed_mpc11"", ""s4_executed_mpc12"", ""s4_executed_mpc13"", ""s4_executed_mpc14""]",PREDICTOR_ONLY,0,15,0,15,s4_history_mpc15,ood_square_predictor_only_n5,4,401,square,15,full_horizon,10,g99_after,g99_before,g99_after,2.2351741790771484e-08,2.2351741790771484e-08,0.0,0.048017360270023346,1e-06,2,0.0,2.2351741790771484e-08,7.450580596923828e-09,0.048017337918281555,0.048017337918281555,0.14269033074378967,0.09911447763442993,0.04357585310935974
ood,val_square,D:\EV-TTT\adajepa_official_51d8665\artifacts\ood\val_square_predictor_only_n5,pushobj_norm_envapi_v1,"[""s4_executed_mpc11"", ""s4_executed_mpc12"", ""s4_executed_mpc13"", ""s4_executed_mpc14"", ""s4_executed_mpc15""]",PREDICTOR_ONLY,0,16,0,16,s4_history_mpc16,ood_square_predictor_only_n5,4,401,square,16,full_horizon,10,g99_after,g0_after,g99_after,0.026280812919139862,0.026280812919139862,0.0,0.09111665934324265,1e-06,2,0.026280805468559265,0.026280812919139862,7.450580596923828e-09,0.06483584642410278,0.06483584642410278,0.07130488008260727,-0.016787856817245483,0.08809273689985275
ood,val_square,D:\EV-TTT\adajepa_official_51d8665\artifacts\ood\val_square_predictor_only_n5,pushobj_norm_envapi_v1,"[""s4_executed_mpc12"", ""s4_executed_mpc13"", ""s4_executed_mpc14"", ""s4_executed_mpc15"", ""s4_executed_mpc16""]",PREDICTOR_ONLY,0,17,0,17,s4_history_mpc17,ood_square_predictor_only_n5,4,401,square,17,full_horizon,10,g99_after,g0_before,g99_after,0.11650532484054565,0.11650532484054565,0.0,0.32424163818359375,1e-06,2,0.11650523543357849,0.11650532484054565,1.4901161193847656e-08,0.2077363133430481,0.2077363133430481,0.1631237268447876,-0.11650532484054565,0.27962905168533325
ood,val_square,D:\EV-TTT\adajepa_official_51d8665\artifacts\ood\val_square_predictor_only_n5,pushobj_norm_envapi_v1,"[""s4_executed_mpc13"", ""s4_executed_mpc14"", ""s4_executed_mpc15"", ""s4_executed_mpc16"", ""s4_executed_mpc17""]",PREDICTOR_ONLY,0,18,0,18,s4_history_mpc18,ood_square_predictor_only_n5,4,401,square,18,full_horizon,10,g99_after,g49_before,g99_after,0.0015985965728759766,0.0015985965728759766,0.0,0.09448690712451935,1e-06,2,0.0015985965728759766,0.0015986114740371704,1.4901161193847656e-08,0.09288831055164337,0.09288831055164337,0.08102830499410629,0.17352372407913208,-0.09249541908502579
ood,val_square,D:\EV-TTT\adajepa_official_51d8665\artifacts\ood\val_square_predictor_only_n5,pushobj_norm_envapi_v1,"[""s4_executed_mpc14"", ""s4_executed_mpc15"", ""s4_executed_mpc16"", ""s4_executed_mpc17"", ""s4_executed_mpc18""]",PREDICTOR_ONLY,0,19,0,19,s4_history_mpc19,ood_square_predictor_only_n5,4,401,square,19,full_horizon,10,g99_before,g49_after,g99_after,0.0020874813199043274,0.0020874664187431335,0.0,0.01624216139316559,1e-06,2,0.0020874664187431335,0.0020874813199043274,0.0,0.014154680073261261,0.014154694974422455,0.037058573216199875,0.04303637892007828,-0.005977805703878403
ood,val_square,D:\EV-TTT\adajepa_official_51d8665\artifacts\ood\val_square_predictor_only_n5,pushobj_norm_envapi_v1,"[""s4_executed_mpc0"", ""s4_executed_mpc1""]",PREDICTOR_ONLY,0,2,0,2,s4_history_mpc2,ood_square_predictor_only_n5,4,401,square,2,terminal,10,g99_after,g24_after,g99_after,0.0018578767776489258,0.0018578767776489258,0.0,0.2988005317747593,1e-06,2,0.0018578767776489258,0.0018580257892608643,3.0919909477233887e-07,0.29694265499711037,0.29694265499711037,0.30940409377217293,0.0143643319606781,0.2950397618114948
ood,val_square,D:\EV-TTT\adajepa_official_51d8665\artifacts\ood\val_square_predictor_only_n5,pushobj_norm_envapi_v1,"[""s4_executed_mpc0"", ""s4_executed_mpc1"", ""s4_executed_mpc2""]",PREDICTOR_ONLY,0,3,0,3,s4_history_mpc3,ood_square_predictor_only_n5,4,401,square,3,terminal,10,g99_after,g0_before,g99_after,0.8523588180541992,0.8523588180541992,0.0,1.0242566764354706,1e-06,2,0.8523576259613037,0.8523588180541992,3.8743019104003906e-07,0.17189785838127136,0.17189785838127136,0.17189785838127136,-0.8523588180541992,1.0242566764354706
ood,val_square,D:\EV-TTT\adajepa_official_51d8665\artifacts\ood\val_square_predictor_only_n5,pushobj_norm_envapi_v1,"[""s4_executed_mpc0"", ""s4_executed_mpc1"", ""s4_executed_mpc2"", ""s4_executed_mpc3""]",PREDICTOR_ONLY,0,4,0,4,s4_history_mpc4,ood_square_predictor_only_n5,4,401,square,4,terminal,10,g99_after,g0_after,g99_after,0.1623532772064209,0.1623532772064209,0.0,0.38076815754175186,1e-06,2,0.1623528003692627,0.1623532772064209,2.1606683731079102e-07,0.21841488033533096,0.21841488033533096,0.21882066875696182,-0.16194748878479004,0.38076815754175186
ood,val_square,D:\EV-TTT\adajepa_official_51d8665\artifacts\ood\val_square_predictor_only_n5,pushobj_norm_envapi_v1,"[""s4_executed_mpc0"", ""s4_executed_mpc1"", ""s4_executed_mpc2"", ""s4_executed_mpc3"", ""s4_executed_mpc4""]",PREDICTOR_ONLY,0,5,0,5,s4_history_mpc5,ood_square_predictor_only_n5,4,401,square,5,full_horizon,10,g99_after,g24_before,g99_after,0.0034471452236175537,0.0034471452236175537,0.0,0.013105414807796478,1e-06,2,0.003447115421295166,0.0034471452236175537,2.2351741790771484e-08,0.009658269584178925,0.009658269584178925,0.011898748576641083,-0.0012066662311553955,0.013105414807796478
ood,val_square,D:\EV-TTT\adajepa_official_51d8665\artifacts\ood\val_square_predictor_only_n5,pushobj_norm_envapi_v1,"[""s4_executed_mpc1"", ""s4_executed_mpc2"", ""s4_executed_mpc3"", ""s4_executed_mpc4"", ""s4_executed_mpc5""]",PREDICTOR_ONLY,0,6,0,6,s4_history_mpc6,ood_square_predictor_only_n5,4,401,square,6,full_horizon,10,g99_after,g0_before,g99_after,0.008157521486282349,0.008157521486282349,0.0,0.022309623658657074,1e-06,2,0.008157521486282349,0.008157521486282349,7.450580596923828e-09,0.014152102172374725,0.014152102172374725,0.014152102172374725,-0.008157521486282349,0.022309623658657074
ood,val_square,D:\EV-TTT\adajepa_official_51d8665\artifacts\ood\val_square_predictor_only_n5,pushobj_norm_envapi_v1,"[""s4_executed_mpc2"", ""s4_executed_mpc3"", ""s4_executed_mpc4"", ""s4_executed_mpc5"", ""s4_executed_mpc6""]",PREDICTOR_ONLY,0,7,0,7,s4_history_mpc7,ood_square_predictor_only_n5,4,401,square,7,full_horizon,10,g99_after,g0_before,g99_after,0.012287437915802002,0.012287437915802002,0.0,0.026525750756263733,1e-06,2,0.012287437915802002,0.012287437915802002,2.2351741790771484e-08,0.014238312840461731,0.014238312840461731,0.014238312840461731,-0.012287437915802002,0.026525750756263733
ood,val_square,D:\EV-TTT\adajepa_official_51d8665\artifacts\ood\val_square_predictor_only_n5,pushobj_norm_envapi_v1,"[""s4_executed_mpc3"", ""s4_executed_mpc4"", ""s4_executed_mpc5"", ""s4_executed_mpc6"", ""s4_executed_mpc7""]",PREDICTOR_ONLY,0,8,0,8,s4_history_mpc8,ood_square_predictor_only_n5,4,401,square,8,full_horizon,10,g99_after,g24_before,g99_after,0.0013447403907775879,0.0013447403907775879,0.0,0.012871742248535156,1e-06,2,0.0013447403907775879,0.0013447403907775879,7.450580596923828e-09,0.011527001857757568,0.011527001857757568,0.012701332569122314,-0.0001704096794128418,0.012871742248535156
ood,val_square,D:\EV-TTT\adajepa_official_51d8665\artifacts\ood\val_square_predictor_only_n5,pushobj_norm_envapi_v1,"[""s4_executed_mpc4"", ""s4_executed_mpc5"", ""s4_executed_mpc6"", ""s4_executed_mpc7"", ""s4_executed_mpc8""]",PREDICTOR_ONLY,0,9,0,9,s4_history_mpc9,ood_square_predictor_only_n5,4,401,square,9,full_horizon,10,g99_before,g0_before,g99_after,0.000664830207824707,0.000664830207824707,0.0,0.012977242469787598,1e-06,2,0.000664830207824707,0.000664830207824707,0.0,0.01231241226196289,0.01231241226196289,0.012290999293327332,-0.000664830207824707,0.012955829501152039
ood,val_I,D:\EV-TTT\adajepa_official_51d8665\artifacts\ood\val_I_frozen_n5_attempt2,pushobj_norm_envapi_v1,[],FROZEN,0,0,0,0,s0_history_mpc0,ood_valI_frozen_n5_attempt2,0,1,I,0,terminal,10,g99_after,g99_after,g99_after,0.0,0.0,0.0,0.2895818445831537,1e-06,2,0.0,1.1175870895385742e-08,2.9802322387695312e-08,0.2895818445831537,0.2895818445831537,0.8658464178442955,1.039780393242836,-0.1739339753985405
ood,val_I,D:\EV-TTT\adajepa_official_51d8665\artifacts\ood\val_I_frozen_n5_attempt2,pushobj_norm_envapi_v1,"[""s0_executed_mpc0""]",FROZEN,0,0,0,0,s0_history_mpc1,ood_valI_frozen_n5_attempt2,0,1,I,1,terminal,10,g99_after,g0_before,g99_after,0.2678952254354954,0.2678952254354954,0.0,0.32051483541727066,1e-06,2,0.2678952254354954,0.2678952254354954,2.9802322387695312e-08,0.052619609981775284,0.052619609981775284,0.052619609981775284,-0.2678952254354954,0.32051483541727066
ood,val_I,D:\EV-TTT\adajepa_official_51d8665\artifacts\ood\val_I_frozen_n5_attempt2,pushobj_norm_envapi_v1,"[""s0_executed_mpc5"", ""s0_executed_mpc6"", ""s0_executed_mpc7"", ""s0_executed_mpc8"", ""s0_executed_mpc9""]",FROZEN,0,0,0,0,s0_history_mpc10,ood_valI_frozen_n5_attempt2,0,1,I,10,full_horizon,10,g99_before,g24_after,g99_after,0.0004500872455537319,0.0004500914365053177,9.313225746154785e-10,0.007914060726761818,1e-06,2,0.0004500872455537319,0.0004500914365053177,9.313225746154785e-10,0.007463973481208086,0.007463970221579075,0.002479120157659054,0.002791429404169321,-0.00031230924651026726
ood,val_I,D:\EV-TTT\adajepa_official_51d8665\artifacts\ood\val_I_frozen_n5_attempt2,pushobj_norm_envapi_v1,"[""s0_executed_mpc6"", ""s0_executed_mpc7"", ""s0_executed_mpc8"", ""s0_executed_mpc9"", ""s0_executed_mpc10""]",FROZEN,0,0,0,0,s0_history_mpc11,ood_valI_frozen_n5_attempt2,0,1,I,11,full_horizon,10,g99_before,g24_after,g99_after,0.00028040679171681404,0.00028041284531354904,0.0,0.008766493760049343,1e-06,2,0.00028040679171681404,0.00028041284531354904,0.0,0.008486086968332529,0.008486080914735794,0.002508021891117096,0.002683018334209919,-0.00017499644309282303
ood,val_I,D:\EV-TTT\adajepa_official_51d8665\artifacts\ood\val_I_frozen_n5_attempt2,pushobj_norm_envapi_v1,"[""s0_executed_mpc7"", ""s0_executed_mpc8"", ""s0_executed_mpc9"", ""s0_executed_mpc10"", ""s0_executed_mpc11""]",FROZEN,0,0,0,0,s0_history_mpc12,ood_valI_frozen_n5_attempt2,0,1,I,12,full_horizon,10,g99_after,g24_after,g99_after,0.0005001840181648731,0.0005001840181648731,0.0,0.001920072827488184,1e-06,2,0.0005001840181648731,0.0005001863464713097,1.862645149230957e-09,0.0014198888093233109,0.0014198888093233109,0.002446657046675682,0.002352858893573284,9.379815310239792e-05
ood,val_I,D:\EV-TTT\adajepa_official_51d8665\artifacts\ood\val_I_frozen_n5_attempt2,pushobj_norm_envapi_v1,"[""s0_executed_mpc8"", ""s0_executed_mpc9"", ""s0_executed_mpc10"", ""s0_executed_mpc11"", ""s0_executed_mpc12""]",FROZEN,0,0,0,0,s0_history_mpc13,ood_valI_frozen_n5_attempt2,0,1,I,13,full_horizon,10,g99_after,g24_before,g99_after,0.00036890991032123566,0.00036890991032123566,0.0,0.0057290103286504745,1e-06,2,0.00036890991032123566,0.0003689127042889595,9.313225746154785e-10,0.005360100418329239,0.005360100418329239,0.0026703495532274246,0.002577957697212696,9.239185601472855e-05
ood,val_I,D:\EV-TTT\adajepa_official_51d8665\artifacts\ood\val_I_frozen_n5_attempt2,pushobj_norm_envapi_v1,"[""s0_executed_mpc9"", ""s0_executed_mpc10"", ""s0_executed_mpc11"", ""s0_executed_mpc12"", ""s0_executed_mpc13""]",FROZEN,0,0,0,0,s0_history_mpc14,ood_valI_frozen_n5_attempt2,0,1,I,14,full_horizon,10,g99_after,g24_after,g99_after,0.00032682809978723526,0.00032682809978723526,0.0,0.004227081313729286,1e-06,2,0.00032682809978723526,0.00032683229073882103,1.862645149230957e-09,0.003900253213942051,0.003900253213942051,0.0024263784289360046,0.002458405215293169,-3.202678635716438e-05
ood,val_I,D:\EV-TTT\adajepa_official_51d8665\artifacts\ood\val_I_frozen_n5_attempt2,pushobj_norm_envapi_v1,"[""s0_executed_mpc10"", ""s0_executed_mpc11"", ""s0_executed_mpc12"", ""s0_executed_mpc13"", ""s0_executed_mpc14""]",FROZEN,0,0,0,0,s0_history_mpc15,ood_valI_frozen_n5_attempt2,0,1,I,15,full_horizon,10,g99_before,g24_after,g99_after,0.00036383047699928284,0.0003638267517089844,0.0,0.0054048048332333565,1e-06,2,0.0003638267517089844,0.00036383047699928284,0.0,0.005040974356234074,0.005040978081524372,0.0025995587930083275,0.002430540509521961,0.00016901828348636627
ood,val_I,D:\EV-TTT\adajepa_official_51d8665\artifacts\ood\val_I_frozen_n5_attempt2,pushobj_norm_envapi_v1,"[""s0_executed_mpc11"", ""s0_executed_mpc12"", ""s0_executed_mpc13"", ""s0_executed_mpc14"", ""s0_executed_mpc15""]",FROZEN,0,0,0,0,s0_history_mpc16,ood_valI_frozen_n5_attempt2,0,1,I,16,full_horizon,10,g99_before,g24_after,g99_after,0.0004548090510070324,0.00045481324195861816,0.0,0.00827039498835802,1e-06,2,0.0004548090510070324,0.00045481324195861816,0.0,0.007815585937350988,0.007815581746399403,0.0024956045672297478,0.0027916645631194115,-0.0002960599958896637
ood,val_I,D:\EV-TTT\adajepa_official_51d8665\artifacts\ood\val_I_frozen_n5_attempt2,pushobj_norm_envapi_v1,"[""s0_executed_mpc12"", ""s0_executed_mpc13"", ""s0_executed_mpc14"", ""s0_executed_mpc15"", ""s0_executed_mpc16""]",FROZEN,0,0,0,0,s0_history_mpc17,ood_valI_frozen_n5_attempt2,0,1,I,17,full_horizon,10,g99_before,g24_after,g99_after,0.0003714291378855705,0.0003714263439178467,9.313225746154785e-10,0.004609107039868832,1e-06,2,0.0003714263439178467,0.0003714291378855705,9.313225746154785e-10,0.004237677901983261,0.00423768162727356,0.0025091711431741714,0.002359324134886265,0.00014984700828790665
ood,val_I,D:\EV-TTT\adajepa_official_51d8665\artifacts\ood\val_I_frozen_n5_attempt2,pushobj_norm_envapi_v1,"[""s0_executed_mpc13"", ""s0_executed_mpc14"", ""s0_executed_mpc15"", ""s0_executed_mpc16"", ""s0_executed_mpc17""]",FROZEN,0,0,0,0,s0_history_mpc18,ood_valI_frozen_n5_attempt2,0,1,I,18,full_horizon,10,g99_after,g24_before,g99_after,0.0004599541425704956,0.0004599541425704956,0.0,0.006600692868232727,1e-06,2,0.0004599541425704956,0.0004599550738930702,9.313225746154785e-10,0.0061407387256622314,0.0061407387256622314,0.0025583943352103233,0.002672913484275341,-0.0001145191490650177
ood,val_I,D:\EV-TTT\adajepa_official_51d8665\artifacts\ood\val_I_frozen_n5_attempt2,pushobj_norm_envapi_v1,"[""s0_executed_mpc14"", ""s0_executed_mpc15"", ""s0_executed_mpc16"", ""s0_executed_mpc17"", ""s0_executed_mpc18""]",FROZEN,0,0,0,0,s0_history_mpc19,ood_valI_frozen_n5_attempt2,0,1,I,19,full_horizon,10,g99_after,g24_after,g99_after,0.00037741102278232574,0.00037741102278232574,0.0,0.0022964170202612877,1e-06,2,0.00037741102278232574,0.0003774147480726242,1.862645149230957e-09,0.001919005997478962,0.001919005997478962,0.0024402327835559845,0.002389904111623764,5.032867193222046e-05
ood,val_I,D:\EV-TTT\adajepa_official_51d8665\artifacts\ood\val_I_frozen_n5_attempt2,pushobj_norm_envapi_v1,"[""s0_executed_mpc0"", ""s0_executed_mpc1""]",FROZEN,0,0,0,0,s0_history_mpc2,ood_valI_frozen_n5_attempt2,0,1,I,2,terminal,10,g99_after,g49_after,g99_after,0.01924668252468109,0.01924668252468109,0.0,0.11909893155097961,1e-06,2,0.01924668252468109,0.01924668252468109,7.450580596923828e-09,0.09985224902629852,0.09985224902629852,0.14516624063253403,0.20304083824157715,-0.05787459760904312
ood,val_I,D:\EV-TTT\adajepa_official_51d8665\artifacts\ood\val_I_frozen_n5_attempt2,pushobj_norm_envapi_v1,"[""s0_executed_mpc0"", ""s0_executed_mpc1"", ""s0_executed_mpc2""]",FROZEN,0,0,0,0,s0_history_mpc3,ood_valI_frozen_n5_attempt2,0,1,I,3,terminal,10,g99_after,g49_after,g99_after,0.0043192058801651,0.0043192058801651,0.0,0.05661455914378166,1e-06,2,0.0043192058801651,0.0043192580342292786,3.725290298461914e-08,0.05229535326361656,0.05229535326361656,0.19239619001746178,0.1357816457748413,0.05661454424262047
ood,val_I,D:\EV-TTT\adajepa_official_51d8665\artifacts\ood\val_I_frozen_n5_attempt2,pushobj_norm_envapi_v1,"[""s0_executed_mpc0"", ""s0_executed_mpc1"", ""s0_executed_mpc2"", ""s0_executed_mpc3""]",FROZEN,0,0,0,0,s0_history_mpc4,ood_valI_frozen_n5_attempt2,0,1,I,4,terminal,10,g99_after,g74_after,g99_after,0.0011318065226078033,0.0011318065226078033,0.0,0.06040038913488388,1e-06,2,0.0011318065226078033,0.0011318102478981018,7.078051567077637e-08,0.05926858261227608,0.05926858261227608,0.14479970559477806,0.09451408311724663,0.05028562247753143
ood,val_I,D:\EV-TTT\adajepa_official_51d8665\artifacts\ood\val_I_frozen_n5_attempt2,pushobj_norm_envapi_v1,"[""s0_executed_mpc0"", ""s0_executed_mpc1"", ""s0_executed_mpc2"", ""s0_executed_mpc3"", ""s0_executed_mpc4""]",FROZEN,0,0,0,0,s0_history_mpc5,ood_valI_frozen_n5_attempt2,0,1,I,5,full_horizon,10,g99_after,g49_before,g99_after,0.0008390285074710846,0.0008390285074710846,0.0,0.0056760916486382484,1e-06,2,0.0008390285074710846,0.0008390303701162338,4.6566128730773926e-09,0.004837063141167164,0.004837063141167164,0.0036961454898118973,0.0021821903064846992,0.001513955183327198
ood,val_I,D:\EV-TTT\adajepa_official_51d8665\artifacts\ood\val_I_frozen_n5_attempt2,pushobj_norm_envapi_v1,"[""s0_executed_mpc1"", ""s0_executed_mpc2"", ""s0_executed_mpc3"", ""s0_executed_mpc4"", ""s0_executed_mpc5""]",FROZEN,0,0,0,0,s0_history_mpc6,ood_valI_frozen_n5_attempt2,0,1,I,6,full_horizon,10,g99_after,g99_before,g99_after,9.313225746154785e-10,9.313225746154785e-10,0.0,0.01297222264111042,1e-06,2,0.0,9.313225746154785e-10,2.7939677238464355e-09,0.012972221709787846,0.012972221709787846,0.014697364531457424,0.003411247394979,0.011286117136478424
ood,val_I,D:\EV-TTT\adajepa_official_51d8665\artifacts\ood\val_I_frozen_n5_attempt2,pushobj_norm_envapi_v1,"[""s0_executed_mpc2"", ""s0_executed_mpc3"", ""s0_executed_mpc4"", ""s0_executed_mpc5"", ""s0_executed_mpc6""]",FROZEN,0,0,0,0,s0_history_mpc7,ood_valI_frozen_n5_attempt2,0,1,I,7,full_horizon,10,g99_after,g24_before,g99_after,0.0006128689274191856,0.0006128689274191856,0.0,0.001728585921227932,1e-06,2,0.0006128670647740364,0.0006128689274191856,2.7939677238464355e-09,0.0011157169938087463,0.0011157169938087463,0.00465837586671114,0.004200330004096031,0.0004580458626151085
ood,val_I,D:\EV-TTT\adajepa_official_51d8665\artifacts\ood\val_I_frozen_n5_attempt2,pushobj_norm_envapi_v1,"[""s0_executed_mpc3"", ""s0_executed_mpc4"", ""s0_executed_mpc5"", ""s0_executed_mpc6"", ""s0_executed_mpc7""]",FROZEN,0,0,0,0,s0_history_mpc8,ood_valI_frozen_n5_attempt2,0,1,I,8,full_horizon,10,g99_after,g49_after,g99_after,3.8660597056150436e-05,3.8660597056150436e-05,0.0,0.01802840083837509,1e-06,2,3.8660597056150436e-05,3.8660597056150436e-05,9.313225746154785e-10,0.01798974024131894,0.01798974024131894,0.0025445176288485527,0.0029553258791565895,-0.0004108082503080368
ood,val_I,D:\EV-TTT\adajepa_official_51d8665\artifacts\ood\val_I_frozen_n5_attempt2,pushobj_norm_envapi_v1,"[""s0_executed_mpc4"", ""s0_executed_mpc5"", ""s0_executed_mpc6"", ""s0_executed_mpc7"", ""s0_executed_mpc8""]",FROZEN,0,0,0,0,s0_history_mpc9,ood_valI_frozen_n5_attempt2,0,1,I,9,full_horizon,10,g99_before,g24_after,g99_after,0.00014536455273628235,0.00014536455273628235,0.0,0.0012608319520950317,1e-06,2,0.00014536455273628235,0.00014536455273628235,0.0,0.0011154673993587494,0.0011154673993587494,0.002670804038643837,0.002169303596019745,0.0005015004426240921
ood,val_I,D:\EV-TTT\adajepa_official_51d8665\artifacts\ood\val_I_frozen_n5_attempt2,pushobj_norm_envapi_v1,[],FROZEN,0,0,0,0,s1_history_mpc0,ood_valI_frozen_n5_attempt2,1,101,I,0,terminal,10,g99_after,g24_before,g99_after,0.13754573464393616,0.13754573464393616,0.0,0.21203215420246124,1e-06,2,0.13754573464393616,0.13754582405090332,3.427267074584961e-07,0.07448641955852509,0.07448641955852509,1.973231017589569,1.8523849099874496,0.12084610760211945
ood,val_I,D:\EV-TTT\adajepa_official_51d8665\artifacts\ood\val_I_frozen_n5_attempt2,pushobj_norm_envapi_v1,"[""s1_executed_mpc0""]",FROZEN,0,0,0,0,s1_history_mpc1,ood_valI_frozen_n5_attempt2,1,101,I,1,terminal,10,g99_after,g0_after,g99_after,0.023126035928726196,0.023126035928726196,0.0,0.12574835494160652,1e-06,2,0.0231260284781456,0.023126035928726196,3.725290298461914e-08,0.10262231901288033,0.10262231901288033,0.07191699743270874,0.08984736353158951,-0.017930366098880768
ood,val_I,D:\EV-TTT\adajepa_official_51d8665\artifacts\ood\val_I_frozen_n5_attempt2,pushobj_norm_envapi_v1,"[""s1_executed_mpc5"", ""s1_executed_mpc6"", ""s1_executed_mpc7"", ""s1_executed_mpc8"", ""s1_executed_mpc9""]",FROZEN,0,0,0,0,s1_history_mpc10,ood_valI_frozen_n5_attempt2,1,101,I,10,full_horizon,10,g99_before,g74_before,g99_after,8.015893399715424e-06,8.017290383577347e-06,0.0,0.009338244795799255,1e-06,2,8.015893399715424e-06,8.017290383577347e-06,0.0,0.00933022890239954,0.009330227505415678,0.0011226935312151909,0.00032780878245830536,0.0007948847487568855
ood,val_I,D:\EV-TTT\adajepa_official_51d8665\artifacts\ood\val_I_frozen_n5_attempt2,pushobj_norm_envapi_v1,"[""s1_executed_mpc6"", ""s1_executed_mpc7"", ""s1_executed_mpc8"", ""s1_executed_mpc9"", ""s1_executed_mpc10""]",FROZEN,0,0,0,0,s1_history_mpc11,ood_valI_frozen_n5_attempt2,1,101,I,11,full_horizon,10,g99_after,g49_after,g99_after,1.347903162240982e-05,1.347903162240982e-05,0.0,0.008810445666313171,1e-06,2,1.3476237654685974e-05,1.347903162240982e-05,9.313225746154785e-10,0.008796966634690762,0.008796966634690762,0.0011218897998332977,0.0004481906071305275,0.0006736991927027702
ood,val_I,D:\EV-TTT\adajepa_official_51d8665\artifacts\ood\val_I_frozen_n5_attempt2,pushobj_norm_envapi_v1,"[""s1_executed_mpc7"", ""s1_executed_mpc8"", ""s1_executed_mpc9"", ""s1_executed_mpc10"", ""s1_executed_mpc11""]",FROZEN,0,0,0,0,s1_history_mpc12,ood_valI_frozen_n5_attempt2,1,101,I,12,full_horizon,10,g99_after,g24_after,g99_after,0.0010419930331408978,0.0010419930331408978,0.0,0.003749893046915531,1e-06,2,0.0010419907048344612,0.0010419930331408978,9.313225746154785e-10,0.0027079000137746334,0.0027079000137746334,0.0010509369894862175,-0.00027871038764715195,0.0013296473771333694
ood,val_I,D:\EV-TTT\adajepa_official_51d8665\artifacts\ood\val_I_frozen_n5_attempt2,pushobj_norm_envapi_v1,"[""s1_executed_mpc8"", ""s1_executed_mpc9"", ""s1_executed_mpc10"", ""s1_executed_mpc11"", ""s1_executed_mpc12""]",FROZEN,0,0,0,0,s1_history_mpc13,ood_valI_frozen_n5_attempt2,1,101,I,13,full_horizon,10,g99_before,g74_before,g99_after,0.00024229474365711212,0.00024229846894741058,0.0,0.009706822223961353,1e-06,2,0.00024229474365711212,0.00024229846894741058,0.0,0.009464527480304241,0.009464523755013943,0.0011630048975348473,0.00022033462300896645,0.0009426702745258808
ood,val_I,D:\EV-TTT\adajepa_official_51d8665\artifacts\ood\val_I_frozen_n5_attempt2,pushobj_norm_envapi_v1,"[""s1_executed_mpc9"", ""s1_executed_mpc10"", ""s1_executed_mpc11"", ""s1_executed_mpc12"", ""s1_executed_mpc13""]",FROZEN,0,0,0,0,s1_history_mpc14,ood_valI_frozen_n5_attempt2,1,101,I,14,full_horizon,10,g99_after,g99_before,g99_after,3.725290298461914e-09,3.725290298461914e-09,0.0,0.011120476759970188,1e-06,2,0.0,3.725290298461914e-09,9.313225746154785e-10,0.01112047303467989,0.01112047303467989,0.0012850696220993996,0.0006484459154307842,0.0006366237066686153
ood,val_I,D:\EV-TTT\adajepa_official_51d8665\artifacts\ood\val_I_frozen_n5_attempt2,pushobj_norm_envapi_v1,"[""s1_executed_mpc10"", ""s1_executed_mpc11"", ""s1_executed_mpc12"", ""s1_executed_mpc13"", ""s1_executed_mpc14""]",FROZEN,0,0,0,0,s1_history_mpc15,ood_valI_frozen_n5_attempt2,1,101,I,15,full_horizon,10,g99_after,g49_after,g99_after,0.0003593931905925274,0.0003593931905925274,0.0,0.007306423969566822,1e-06,2,0.0003593931905925274,0.0003593936562538147,9.313225746154785e-10,0.006947030778974295,0.006947030778974295,0.0010414663702249527,8.768355473876e-05,0.0009537828154861927
ood,val_I,D:\EV-TTT\adajepa_official_51d8665\artifacts\ood\val_I_frozen_n5_attempt2,pushobj_norm_envapi_v1,"[""s1_executed_mpc11"", ""s1_executed_mpc12"", ""s1_executed_mpc13"", ""s1_executed_mpc14"", ""s1_executed_mpc15""]",FROZEN,0,0,0,0,s1_history_mpc16,ood_valI_frozen_n5_attempt2,1,101,I,16,full_horizon,10,g99_after,g49_after,g99_after,0.0001984853297472,0.0001984853297472,0.0,0.009236824698746204,1e-06,2,0.00019848253577947617,0.0001984853297472,9.313225746154785e-10,0.009038339368999004,0.009038339368999004,0.0010973196476697922,0.0003361441195011139,0.0007611755281686783
ood,val_I,D:\EV-TTT\adajepa_official_51d8665\artifacts\ood\val_I_frozen_n5_attempt2,pushobj_norm_envapi_v1,"[""s1_executed_mpc12"", ""s1_executed_mpc13"", ""s1_executed_mpc14"", ""s1_executed_mpc15"", ""s1_executed_mpc16""]",FROZEN,0,0,0,0,s1_history_mpc17,ood_valI_frozen_n5_attempt2,1,101,I,17,full_horizon,10,g99_after,g49_before,g99_after,0.00045158620923757553,0.00045158620923757553,0.0,0.005061740055680275,1e-06,2,0.00045158620923757553,0.0004515890032052994,9.313225746154785e-10,0.004610153846442699,0.004610153846442699,0.001036464236676693,-0.00017965584993362427,0.0012161200866103172
ood,val_I,D:\EV-TTT\adajepa_official_51d8665\artifacts\ood\val_I_frozen_n5_attempt2,pushobj_norm_envapi_v1,"[""s1_executed_mpc13"", ""s1_executed_mpc14"", ""s1_executed_mpc15"", ""s1_executed_mpc16"", ""s1_executed_mpc17""]",FROZEN,0,0,0,0,s1_history_mpc18,ood_valI_frozen_n5_attempt2,1,101,I,18,full_horizon,10,g99_before,g99_before,g99_after,0.0,2.7939677238464355e-09,0.0,0.010659784078598022,1e-06,2,0.0,2.7939677238464355e-09,0.0,0.010659784078598022,0.010659781284630299,0.0013578692451119423,0.0007146792486310005,0.0006431899964809418
ood,val_I,D:\EV-TTT\adajepa_official_51d8665\artifacts\ood\val_I_frozen_n5_attempt2,pushobj_norm_envapi_v1,"[""s1_executed_mpc14"", ""s1_executed_mpc15"", ""s1_executed_mpc16"", ""s1_executed_mpc17"", ""s1_executed_mpc18""]",FROZEN,0,0,0,0,s1_history_mpc19,ood_valI_frozen_n5_attempt2,1,101,I,19,full_horizon,10,g99_after,g49_after,g99_after,0.0003595612943172455,0.0003595612943172455,0.0,0.007206006906926632,1e-06,2,0.0003595608286559582,0.0003595612943172455,9.313225746154785e-10,0.0068464456126093864,0.0068464456126093864,0.0010457299649715424,0.00015157461166381836,0.000894155353307724
ood,val_I,D:\EV-TTT\adajepa_official_51d8665\artifacts\ood\val_I_frozen_n5_attempt2,pushobj_norm_envapi_v1,"[""s1_executed_mpc0"", ""s1_executed_mpc1""]",FROZEN,0,0,0,0,s1_history_mpc2,ood_valI_frozen_n5_attempt2,1,101,I,2,terminal,10,g99_after,g49_after,g99_after,0.004743024706840515,0.004743024706840515,0.0,0.1401679813861847,1e-06,2,0.004742972552776337,0.004743024706840515,1.4901161193847656e-08,0.13542495667934418,0.13542495667934418,0.1468041129410267,0.03173573315143585,0.11506837978959084
ood,val_I,D:\EV-TTT\adajepa_official_51d8665\artifacts\ood\val_I_frozen_n5_attempt2,pushobj_norm_envapi_v1,"[""s1_executed_mpc0"", ""s1_executed_mpc1"", ""s1_executed_mpc2""]",FROZEN,0,0,0,0,s1_history_mpc3,ood_valI_frozen_n5_attempt2,1,101,I,3,terminal,10,g99_after,g24_before,g99_after,0.01174822449684143,0.01174822449684143,0.0,0.08150646463036537,1e-06,2,0.011748217046260834,0.01174822449684143,7.450580596923828e-09,0.06975824013352394,0.06975824013352394,0.019054174423217773,-0.006711520254611969,0.025765694677829742
ood,val_I,D:\EV-TTT\adajepa_official_51d8665\artifacts\ood\val_I_frozen_n5_attempt2,pushobj_norm_envapi_v1,"[""s1_executed_mpc0"", ""s1_executed_mpc1"", ""s1_executed_mpc2"", ""s1_executed_mpc3""]",FROZEN,0,0,0,0,s1_history_mpc4,ood_valI_frozen_n5_attempt2,1,101,I,4,terminal,10,g99_after,g24_before,g99_after,0.02202247828245163,0.02202247828245163,0.0,0.23328346014022827,1e-06,2,0.02202242612838745,0.02202247828245163,2.2351741790771484e-08,0.21126098185777664,0.21126098185777664,0.017542049288749695,0.005948223173618317,0.011593826115131378
ood,val_I,D:\EV-TTT\adajepa_official_51d8665\artifacts\ood\val_I_frozen_n5_attempt2,pushobj_norm_envapi_v1,"[""s1_executed_mpc0"", ""s1_executed_mpc1"", ""s1_executed_mpc2"", ""s1_executed_mpc3"", ""s1_executed_mpc4""]",FROZEN,0,0,0,0,s1_history_mpc5,ood_valI_frozen_n5_attempt2,1,101,I,5,full_horizon,10,g99_after,g24_before,g99_after,0.0005483897402882576,0.0005483897402882576,0.0,0.011885042302310467,1e-06,2,0.0005483897402882576,0.0005483943969011307,2.7939677238464355e-09,0.01133665256202221,0.01133665256202221,0.002185121178627014,0.007052651606500149,-0.004867530427873135
ood,val_I,D:\EV-TTT\adajepa_official_51d8665\artifacts\ood\val_I_frozen_n5_attempt2,pushobj_norm_envapi_v1,"[""s1_executed_mpc1"", ""s1_executed_mpc2"", ""s1_executed_mpc3"", ""s1_executed_mpc4"", ""s1_executed_mpc5""]",FROZEN,0,0,0,0,s1_history_mpc6,ood_valI_frozen_n5_attempt2,1,101,I,6,full_horizon,10,g99_after,g24_before,g99_after,0.0001507587730884552,0.0001507587730884552,0.0,0.010221993550658226,1e-06,2,0.00015075691044330597,0.0001507587730884552,9.313225746154785e-10,0.01007123477756977,0.01007123477756977,0.0016586855053901672,0.0024451958015561104,-0.0007865102961659431
ood,val_I,D:\EV-TTT\adajepa_official_51d8665\artifacts\ood\val_I_frozen_n5_attempt2,pushobj_norm_envapi_v1,"[""s1_executed_mpc2"", ""s1_executed_mpc3"", ""s1_executed_mpc4"", ""s1_executed_mpc5"", ""s1_executed_mpc6""]",FROZEN,0,0,0,0,s1_history_mpc7,ood_valI_frozen_n5_attempt2,1,101,I,7,full_horizon,10,g99_after,g74_before,g99_after,1.7457641661167145e-06,1.7457641661167145e-06,0.0,0.010777829214930534,1e-06,2,1.7420388758182526e-06,1.7457641661167145e-06,4.656612873077393e-10,0.010776083450764418,0.010776083450764418,0.0014404184184968472,0.0011455481871962547,0.0002948702313005924
ood,val_I,D:\EV-TTT\adajepa_official_51d8665\artifacts\ood\val_I_frozen_n5_attempt2,pushobj_norm_envapi_v1,"[""s1_executed_mpc3"", ""s1_executed_mpc4"", ""s1_executed_mpc5"", ""s1_executed_mpc6"", ""s1_executed_mpc7""]",FROZEN,0,0,0,0,s1_history_mpc8,ood_valI_frozen_n5_attempt2,1,101,I,8,full_horizon,10,g99_before,g49_after,g99_after,2.5999732315540314e-05,2.600252628326416e-05,0.0,0.008975880220532417,1e-06,2,2.5999732315540314e-05,2.600252628326416e-05,0.0,0.008949880488216877,0.008949877694249153,0.001437556929886341,0.0005677314475178719,0.0008698254823684692
ood,val_I,D:\EV-TTT\adajepa_official_51d8665\artifacts\ood\val_I_frozen_n5_attempt2,pushobj_norm_envapi_v1,"[""s1_executed_mpc4"", ""s1_executed_mpc5"", ""s1_executed_mpc6"", ""s1_executed_mpc7"", ""s1_executed_mpc8""]",FROZEN,0,0,0,0,s1_history_mpc9,ood_valI_frozen_n5_attempt2,1,101,I,9,full_horizon,10,g99_after,g49_before,g99_after,0.0002642967738211155,0.0002642967738211155,0.0,0.004765982739627361,1e-06,2,0.0002642967738211155,0.0002642986364662647,1.862645149230957e-09,0.004501685965806246,0.004501685965806246,0.0009858328849077225,6.55660405755043e-05,0.0009202668443322182
ood,val_I,D:\EV-TTT\adajepa_official_51d8665\artifacts\ood\val_I_frozen_n5_attempt2,pushobj_norm_envapi_v1,[],FROZEN,0,0,0,0,s2_history_mpc0,ood_valI_frozen_n5_attempt2,2,201,I,0,terminal,10,g99_after,g99_before,g99_after,0.0,0.0,0.0,1.0989131107926369,1e-06,2,0.0,0.0,3.2782554626464844e-07,1.0989131107926369,1.0989131107926369,2.9433381110429764,1.9250963926315308,1.0182417184114456
ood,val_I,D:\EV-TTT\adajepa_official_51d8665\artifacts\ood\val_I_frozen_n5_attempt2,pushobj_norm_envapi_v1,"[""s2_executed_mpc0""]",FROZEN,0,0,0,0,s2_history_mpc1,ood_valI_frozen_n5_attempt2,2,201,I,1,terminal,10,g99_after,g0_after,g99_after,0.3590804934501648,0.3590804934501648,0.0,0.512371364980936,1e-06,2,0.3590804934501648,0.3590804934501648,4.842877388000488e-08,0.15329087153077126,0.15329087153077126,0.03442319482564926,0.055594444274902344,-0.021171249449253082
ood,val_I,D:\EV-TTT\adajepa_official_51d8665\artifacts\ood\val_I_frozen_n5_attempt2,pushobj_norm_envapi_v1,"[""s2_executed_mpc5"", ""s2_executed_mpc6"", ""s2_executed_mpc7"", ""s2_executed_mpc8"", ""s2_executed_mpc9""]",FROZEN,0,0,0,0,s2_history_mpc10,ood_valI_frozen_n5_attempt2,2,201,I,10,full_horizon,10,g99_after,g0_before,g99_after,0.0044732242822647095,0.0044732242822647095,0.0,0.010382238775491714,1e-06,2,0.004473220556974411,0.0044732242822647095,1.1175870895385742e-08,0.005909014493227005,0.005909014493227005,0.0045652128756046295,-0.0044732242822647095,0.009038437157869339
ood,val_I,D:\EV-TTT\adajepa_official_51d8665\artifacts\ood\val_I_frozen_n5_attempt2,pushobj_norm_envapi_v1,"[""s2_executed_mpc6"", ""s2_executed_mpc7"", ""s2_executed_mpc8"", ""s2_executed_mpc9"", ""s2_executed_mpc10""]",FROZEN,0,0,0,0,s2_history_mpc11,ood_valI_frozen_n5_attempt2,2,201,I,11,full_horizon,10,g99_before,g0_after,g99_after,0.007411014288663864,0.007411018013954163,0.0,0.014178868383169174,1e-06,2,0.007411014288663864,0.007411018013954163,0.0,0.00676785409450531,0.006767850369215012,0.0027913283556699753,-0.0008496716618537903,0.0036410000175237656
ood,val_I,D:\EV-TTT\adajepa_official_51d8665\artifacts\ood\val_I_frozen_n5_attempt2,pushobj_norm_envapi_v1,"[""s2_executed_mpc7"", ""s2_executed_mpc8"", ""s2_executed_mpc9"", ""s2_executed_mpc10"", ""s2_executed_mpc11""]",FROZEN,0,0,0,0,s2_history_mpc12,ood_valI_frozen_n5_attempt2,2,201,I,12,full_horizon,10,g99_after,g49_after,g99_after,0.0011968538165092468,0.0011968538165092468,0.0,0.005683019757270813,1e-06,2,0.0011968538165092468,0.0011968538165092468,1.862645149230957e-09,0.004486165940761566,0.004486165940761566,0.004270605742931366,0.006603468209505081,-0.002332862466573715
ood,val_I,D:\EV-TTT\adajepa_official_51d8665\artifacts\ood\val_I_frozen_n5_attempt2,pushobj_norm_envapi_v1,"[""s2_executed_mpc8"", ""s2_executed_mpc9"", ""s2_executed_mpc10"", ""s2_executed_mpc11"", ""s2_executed_mpc12""]",FROZEN,0,0,0,0,s2_history_mpc13,ood_valI_frozen_n5_attempt2,2,201,I,13,full_horizon,10,g99_after,g0_after,g99_after,0.003718852996826172,0.003718852996826172,0.0,0.010149665176868439,1e-06,2,0.0037188492715358734,0.003718852996826172,9.313225746154785e-09,0.006430812180042267,0.006430812180042267,0.003804519772529602,-0.0006798990070819855,0.0044844187796115875
ood,val_I,D:\EV-TTT\adajepa_official_51d8665\artifacts\ood\val_I_frozen_n5_attempt2,pushobj_norm_envapi_v1,"[""s2_executed_mpc9"", ""s2_executed_mpc10"", ""s2_executed_mpc11"", ""s2_executed_mpc12"", ""s2_executed_mpc13""]",FROZEN,0,0,0,0,s2_history_mpc14,ood_valI_frozen_n5_attempt2,2,201,I,14,full_horizon,10,g99_after,g0_before,g99_after,0.0037959106266498566,0.0037959106266498566,0.0,0.008795499801635742,1e-06,2,0.0037959031760692596,0.0037959106266498566,2.0489096641540527e-08,0.004999589174985886,0.004999589174985886,0.004624791443347931,-0.0037959106266498566,0.008420702069997787
ood,val_I,D:\EV-TTT\adajepa_official_51d8665\artifacts\ood\val_I_frozen_n5_attempt2,pushobj_norm_envapi_v1,"[""s2_executed_mpc10"", ""s2_executed_mpc11"", ""s2_executed_mpc12"", ""s2_executed_mpc13"", ""s2_executed_mpc14""]",FROZEN,0,0,0,0,s2_history_mpc15,ood_valI_frozen_n5_attempt2,2,201,I,15,full_horizon,10,g99_before,g0_after,g99_after,0.005121238529682159,0.005121234804391861,1.862645149230957e-09,0.009151358157396317,1e-06,2,0.005121234804391861,0.005121238529682159,1.862645149230957e-09,0.004030119627714157,0.004030125215649605,0.0026007406413555145,0.0017727389931678772,0.0008280016481876373
ood,val_I,D:\EV-TTT\adajepa_official_51d8665\artifacts\ood\val_I_frozen_n5_attempt2,pushobj_norm_envapi_v1,"[""s2_executed_mpc11"", ""s2_executed_mpc12"", ""s2_executed_mpc13"", ""s2_executed_mpc14"", ""s2_executed_mpc15""]",FROZEN,0,0,0,0,s2_history_mpc16,ood_valI_frozen_n5_attempt2,2,201,I,16,full_horizon,10,g99_after,g0_after,g99_after,0.0007574595510959625,0.0007574595510959625,0.0,0.004135008901357651,1e-06,2,0.0007574521005153656,0.0007574595510959625,5.587935447692871e-09,0.0033775493502616882,0.0033775493502616882,0.005579590797424316,0.005798500031232834,-0.00021890923380851746
ood,val_I,D:\EV-TTT\adajepa_official_51d8665\artifacts\ood\val_I_frozen_n5_attempt2,pushobj_norm_envapi_v1,"[""s2_executed_mpc12"", ""s2_executed_mpc13"", ""s2_executed_mpc14"", ""s2_executed_mpc15"", ""s2_executed_mpc16""]",FROZEN,0,0,0,0,s2_history_mpc17,ood_valI_frozen_n5_attempt2,2,201,I,17,full_horizon,10,g99_after,g0_after,g99_after,0.0031920187175273895,0.0031920187175273895,0.0,0.009793819859623909,1e-06,2,0.0031920187175273895,0.0031920187175273895,7.450580596923828e-09,0.0066018011420965195,0.0066018011420965195,0.0032811183482408524,0.0006244778633117676,0.0026566404849290848
ood,val_I,D:\EV-TTT\adajepa_official_51d8665\artifacts\ood\val_I_frozen_n5_attempt2,pushobj_norm_envapi_v1,"[""s2_executed_mpc13"", ""s2_executed_mpc14"", ""s2_executed_mpc15"", ""s2_executed_mpc16"", ""s2_executed_mpc17""]",FROZEN,0,0,0,0,s2_history_mpc18,ood_valI_frozen_n5_attempt2,2,201,I,18,full_horizon,10,g99_after,g0_before,g99_after,0.005044829100370407,0.005044829100370407,0.0,0.009909486398100853,1e-06,2,0.00504482164978981,0.005044829100370407,7.450580596923828e-09,0.004864657297730446,0.004864657297730446,0.004864657297730446,-0.005044829100370407,0.009909486398100853
ood,val_I,D:\EV-TTT\adajepa_official_51d8665\artifacts\ood\val_I_frozen_n5_attempt2,pushobj_norm_envapi_v1,"[""s2_executed_mpc14"", ""s2_executed_mpc15"", ""s2_executed_mpc16"", ""s2_executed_mpc17"", ""s2_executed_mpc18""]",FROZEN,0,0,0,0,s2_history_mpc19,ood_valI_frozen_n5_attempt2,2,201,I,19,full_horizon,10,g99_after,g0_after,g99_after,0.005954395979642868,0.005954395979642868,0.0,0.013567155227065086,1e-06,2,0.005954395979642868,0.005954395979642868,1.862645149230957e-09,0.007612759247422218,0.007612759247422218,0.002674318850040436,0.0010059699416160583,0.0016683489084243774
ood,val_I,D:\EV-TTT\adajepa_official_51d8665\artifacts\ood\val_I_frozen_n5_attempt2,pushobj_norm_envapi_v1,"[""s2_executed_mpc0"", ""s2_executed_mpc1""]",FROZEN,0,0,0,0,s2_history_mpc2,ood_valI_frozen_n5_attempt2,2,201,I,2,terminal,10,g99_after,g24_after,g99_after,0.10136395692825317,0.10136395692825317,0.0,0.5930262841284275,1e-06,2,0.1013638973236084,0.10136395692825317,4.470348358154297e-08,0.49166232720017433,0.49166232720017433,0.3092326708137989,0.7943954169750214,-0.48516274616122246
ood,val_I,D:\EV-TTT\adajepa_official_51d8665\artifacts\ood\val_I_frozen_n5_attempt2,pushobj_norm_envapi_v1,"[""s2_executed_mpc0"", ""s2_executed_mpc1"", ""s2_executed_mpc2""]",FROZEN,0,0,0,0,s2_history_mpc3,ood_valI_frozen_n5_attempt2,2,201,I,3,terminal,10,g99_after,g24_before,g99_after,0.05803161859512329,0.05803161859512329,0.0,0.06033659353852272,1e-06,2,0.05803161859512329,0.05803161859512329,7.450580596923828e-09,0.0023049749433994293,0.0023049749433994293,0.07031499966979027,0.0605941116809845,0.009720887988805771
ood,val_I,D:\EV-TTT\adajepa_official_51d8665\artifacts\ood\val_I_frozen_n5_attempt2,pushobj_norm_envapi_v1,"[""s2_executed_mpc0"", ""s2_executed_mpc1"", ""s2_executed_mpc2"", ""s2_executed_mpc3""]",FROZEN,0,0,0,0,s2_history_mpc4,ood_valI_frozen_n5_attempt2,2,201,I,4,terminal,10,g99_after,g74_after,g99_after,0.0042428672313690186,0.0042428672313690186,0.0,0.023170173168182373,1e-06,2,0.0042428672313690186,0.004242897033691406,1.1175870895385742e-07,0.018927305936813354,0.018927305936813354,0.1797473505139351,0.16636213660240173,0.013385213911533356
ood,val_I,D:\EV-TTT\adajepa_official_51d8665\artifacts\ood\val_I_frozen_n5_attempt2,pushobj_norm_envapi_v1,"[""s2_executed_mpc0"", ""s2_executed_mpc1"", ""s2_executed_mpc2"", ""s2_executed_mpc3"", ""s2_executed_mpc4""]",FROZEN,0,0,0,0,s2_history_mpc5,ood_valI_frozen_n5_attempt2,2,201,I,5,full_horizon,10,g99_after,g0_after,g99_after,0.015046589076519012,0.015046589076519012,0.0,0.023397257551550865,1e-06,2,0.015046577900648117,0.015046589076519012,3.725290298461914e-09,0.008350668475031853,0.008350668475031853,0.006676601245999336,-0.0050103552639484406,0.011686956509947777
ood,val_I,D:\EV-TTT\adajepa_official_51d8665\artifacts\ood\val_I_frozen_n5_attempt2,pushobj_norm_envapi_v1,"[""s2_executed_mpc1"", ""s2_executed_mpc2"", ""s2_executed_mpc3"", ""s2_executed_mpc4"", ""s2_executed_mpc5""]",FROZEN,0,0,0,0,s2_history_mpc6,ood_valI_frozen_n5_attempt2,2,201,I,6,full_horizon,10,g99_after,g0_after,g99_after,0.010946258902549744,0.010946258902549744,0.0,0.014993363991379738,1e-06,2,0.010946258902549744,0.010946262627840042,3.725290298461914e-09,0.004047105088829994,0.004047105088829994,0.0025520268827676773,-0.001025870442390442,0.003577897325158119
ood,val_I,D:\EV-TTT\adajepa_official_51d8665\artifacts\ood\val_I_frozen_n5_attempt2,pushobj_norm_envapi_v1,"[""s2_executed_mpc2"", ""s2_executed_mpc3"", ""s2_executed_mpc4"", ""s2_executed_mpc5"", ""s2_executed_mpc6""]",FROZEN,0,0,0,0,s2_history_mpc7,ood_valI_frozen_n5_attempt2,2,201,I,7,full_horizon,10,g99_before,g24_before,g99_after,0.0015491284430027008,0.0015491321682929993,0.0,0.009886719286441803,1e-06,2,0.0015491284430027008,0.0015491321682929993,0.0,0.008337590843439102,0.008337587118148804,0.007736019790172577,0.015501271933317184,-0.0077652521431446075
ood,val_I,D:\EV-TTT\adajepa_official_51d8665\artifacts\ood\val_I_frozen_n5_attempt2,pushobj_norm_envapi_v1,"[""s2_executed_mpc3"", ""s2_executed_mpc4"", ""s2_executed_mpc5"", ""s2_executed_mpc6"", ""s2_executed_mpc7""]",FROZEN,0,0,0,0,s2_history_mpc8,ood_valI_frozen_n5_attempt2,2,201,I,8,full_horizon,10,g99_after,g0_after,g99_after,0.0033631660044193268,0.0033631660044193268,0.0,0.008464137092232704,1e-06,2,0.0033631660044193268,0.0033631697297096252,5.587935447692871e-09,0.005100971087813377,0.005100971087813377,0.00238783098757267,0.0019989274442195892,0.00038890354335308075
ood,val_I,D:\EV-TTT\adajepa_official_51d8665\artifacts\ood\val_I_frozen_n5_attempt2,pushobj_norm_envapi_v1,"[""s2_executed_mpc4"", ""s2_executed_mpc5"", ""s2_executed_mpc6"", ""s2_executed_mpc7"", ""s2_executed_mpc8""]",FROZEN,0,0,0,0,s2_history_mpc9,ood_valI_frozen_n5_attempt2,2,201,I,9,full_horizon,10,g99_after,g0_after,g99_after,0.0016929171979427338,0.0016929171979427338,0.0,0.007257409393787384,1e-06,2,0.0016929097473621368,0.0016929171979427338,5.587935447692871e-09,0.00556449219584465,0.00556449219584465,0.005533427000045776,0.003189966082572937,0.0023434609174728394
ood,val_I,D:\EV-TTT\adajepa_official_51d8665\artifacts\ood\val_I_frozen_n5_attempt2,pushobj_norm_envapi_v1,[],FROZEN,0,0,0,0,s3_history_mpc0,ood_valI_frozen_n5_attempt2,3,301,I,0,terminal,10,g99_after,g0_after,g99_after,0.3629429340362549,0.3629429340362549,0.0,1.891272872686386,1e-06,2,0.36294281482696533,0.3629429340362549,2.0116567611694336e-07,1.5283299386501312,1.5283299386501312,1.4802604615688324,-0.2800835371017456,1.760343998670578
ood,val_I,D:\EV-TTT\adajepa_official_51d8665\artifacts\ood\val_I_frozen_n5_attempt2,pushobj_norm_envapi_v1,"[""s3_executed_mpc0""]",FROZEN,0,0,0,0,s3_history_mpc1,ood_valI_frozen_n5_attempt2,3,301,I,1,terminal,10,g99_after,g24_before,g99_after,0.0224267840385437,0.0224267840385437,0.0,0.7387678921222687,1e-06,2,0.0224267840385437,0.0224267840385437,3.725290298461914e-09,0.716341108083725,0.716341108083725,0.6554355807602406,1.3621983528137207,-0.7067627720534801
ood,val_I,D:\EV-TTT\adajepa_official_51d8665\artifacts\ood\val_I_frozen_n5_attempt2,pushobj_norm_envapi_v1,"[""s3_executed_mpc5"", ""s3_executed_mpc6"", ""s3_executed_mpc7"", ""s3_executed_mpc8"", ""s3_executed_mpc9""]",FROZEN,0,0,0,0,s3_history_mpc10,ood_valI_frozen_n5_attempt2,3,301,I,10,full_horizon,10,g99_before,g24_after,g99_after,0.00037670088931918144,0.00037670042365789413,4.656612873077393e-10,0.004454788751900196,1e-06,2,0.00037670042365789413,0.00037670088931918144,4.656612873077393e-10,0.004078087862581015,0.004078088793903589,0.0039268978871405125,0.0035231439396739006,0.00040375394746661186
ood,val_I,D:\EV-TTT\adajepa_official_51d8665\artifacts\ood\val_I_frozen_n5_attempt2,pushobj_norm_envapi_v1,"[""s3_executed_mpc6"", ""s3_executed_mpc7"", ""s3_executed_mpc8"", ""s3_executed_mpc9"", ""s3_executed_mpc10""]",FROZEN,0,0,0,0,s3_history_mpc11,ood_valI_frozen_n5_attempt2,3,301,I,11,full_horizon,10,g99_after,g24_after,g99_after,0.0003205309621989727,0.0003205309621989727,0.0,0.004489158745855093,1e-06,2,0.0003205309621989727,0.0003205323591828346,4.656612873077393e-10,0.00416862778365612,0.00416862778365612,0.0035839127376675606,0.0031068027019500732,0.00047711003571748734
ood,val_I,D:\EV-TTT\adajepa_official_51d8665\artifacts\ood\val_I_frozen_n5_attempt2,pushobj_norm_envapi_v1,"[""s3_executed_mpc7"", ""s3_executed_mpc8"", ""s3_executed_mpc9"", ""s3_executed_mpc10"", ""s3_executed_mpc11""]",FROZEN,0,0,0,0,s3_history_mpc12,ood_valI_frozen_n5_attempt2,3,301,I,12,full_horizon,10,g99_after,g49_after,g99_after,0.00024869339540600777,0.00024869339540600777,0.0,0.005016172770410776,1e-06,2,0.00024869339540600777,0.0002486938610672951,9.313225746154785e-10,0.004767479375004768,0.004767479375004768,0.003418812993913889,0.003415963612496853,2.8493814170360565e-06
ood,val_I,D:\EV-TTT\adajepa_official_51d8665\artifacts\ood\val_I_frozen_n5_attempt2,pushobj_norm_envapi_v1,"[""s3_executed_mpc8"", ""s3_executed_mpc9"", ""s3_executed_mpc10"", ""s3_executed_mpc11"", ""s3_executed_mpc12""]",FROZEN,0,0,0,0,s3_history_mpc13,ood_valI_frozen_n5_attempt2,3,301,I,13,full_horizon,10,g99_after,g49_before,g99_after,0.00034321798011660576,0.00034321798011660576,0.0,0.004721284378319979,1e-06,2,0.00034321798011660576,0.00034321844577789307,1.862645149230957e-09,0.004378066398203373,0.004378066398203373,0.0034968797117471695,0.0030537876300513744,0.00044309208169579506
ood,val_I,D:\EV-TTT\adajepa_official_51d8665\artifacts\ood\val_I_frozen_n5_attempt2,pushobj_norm_envapi_v1,"[""s3_executed_mpc9"", ""s3_executed_mpc10"", ""s3_executed_mpc11"", ""s3_executed_mpc12"", ""s3_executed_mpc13""]",FROZEN,0,0,0,0,s3_history_mpc14,ood_valI_frozen_n5_attempt2,3,301,I,14,full_horizon,10,g99_after,g49_before,g99_after,0.00020078523084521294,0.00020078523084521294,0.0,0.004489632323384285,1e-06,2,0.00020078523084521294,0.00020078616216778755,4.656612873077393e-10,0.004288847092539072,0.004288847092539072,0.0035290573723614216,0.0034662187099456787,6.283866241574287e-05
ood,val_I,D:\EV-TTT\adajepa_official_51d8665\artifacts\ood\val_I_frozen_n5_attempt2,pushobj_norm_envapi_v1,"[""s3_executed_mpc10"", ""s3_executed_mpc11"", ""s3_executed_mpc12"", ""s3_executed_mpc13"", ""s3_executed_mpc14""]",FROZEN,0,0,0,0,s3_history_mpc15,ood_valI_frozen_n5_attempt2,3,301,I,15,full_horizon,10,g99_after,g49_after,g99_after,0.00018307939171791077,0.00018307939171791077,0.0,0.004818330984562635,1e-06,2,0.00018307939171791077,0.00018307985737919807,4.656612873077393e-10,0.004635251592844725,0.004635251592844725,0.003447240684181452,0.003166628535836935,0.00028061214834451675
ood,val_I,D:\EV-TTT\adajepa_official_51d8665\artifacts\ood\val_I_frozen_n5_attempt2,pushobj_norm_envapi_v1,"[""s3_executed_mpc11"", ""s3_executed_mpc12"", ""s3_executed_mpc13"", ""s3_executed_mpc14"", ""s3_executed_mpc15""]",FROZEN,0,0,0,0,s3_history_mpc16,ood_valI_frozen_n5_attempt2,3,301,I,16,full_horizon,10,g99_after,g49_before,g99_after,0.0002058795653283596,0.0002058795653283596,0.0,0.004784671124070883,1e-06,2,0.0002058795653283596,0.00020588096231222153,1.3969838619232178e-09,0.004578791558742523,0.004578791558742523,0.003502349369227886,0.003192930482327938,0.0003094188868999481
ood,val_I,D:\EV-TTT\adajepa_official_51d8665\artifacts\ood\val_I_frozen_n5_attempt2,pushobj_norm_envapi_v1,"[""s3_executed_mpc12"", ""s3_executed_mpc13"", ""s3_executed_mpc14"", ""s3_executed_mpc15"", ""s3_executed_mpc16""]",FROZEN,0,0,0,0,s3_history_mpc17,ood_valI_frozen_n5_attempt2,3,301,I,17,full_horizon,10,g99_after,g49_before,g99_after,0.0001404164358973503,0.0001404164358973503,0.0,0.004925256595015526,1e-06,2,0.0001404164358973503,0.0001404164358973503,4.656612873077393e-10,0.0047848401591181755,0.0047848401591181755,0.0034695062786340714,0.0032445909455418587,0.00022491533309221268
ood,val_I,D:\EV-TTT\adajepa_official_51d8665\artifacts\ood\val_I_frozen_n5_attempt2,pushobj_norm_envapi_v1,"[""s3_executed_mpc13"", ""s3_executed_mpc14"", ""s3_executed_mpc15"", ""s3_executed_mpc16"", ""s3_executed_mpc17""]",FROZEN,0,0,0,0,s3_history_mpc18,ood_valI_frozen_n5_attempt2,3,301,I,18,full_horizon,10,g99_after,g49_before,g99_after,0.0001911856234073639,0.0001911856234073639,0.0,0.0045629385858774185,1e-06,2,0.0001911856234073639,0.0001911860890686512,1.3969838619232178e-09,0.004371752962470055,0.004371752962470055,0.0035459594801068306,0.0034549133852124214,9.104609489440918e-05
ood,val_I,D:\EV-TTT\adajepa_official_51d8665\artifacts\ood\val_I_frozen_n5_attempt2,pushobj_norm_envapi_v1,"[""s3_executed_mpc14"", ""s3_executed_mpc15"", ""s3_executed_mpc16"", ""s3_executed_mpc17"", ""s3_executed_mpc18""]",FROZEN,0,0,0,0,s3_history_mpc19,ood_valI_frozen_n5_attempt2,3,301,I,19,full_horizon,10,g99_after,g49_after,g99_after,0.0002023410052061081,0.0002023410052061081,0.0,0.004687361419200897,1e-06,2,0.0002023410052061081,0.0002023414708673954,4.656612873077393e-10,0.004485020413994789,0.004485020413994789,0.0034781810827553272,0.003451747354120016,2.6433728635311127e-05
ood,val_I,D:\EV-TTT\adajepa_official_51d8665\artifacts\ood\val_I_frozen_n5_attempt2,pushobj_norm_envapi_v1,"[""s3_executed_mpc0"", ""s3_executed_mpc1""]",FROZEN,0,0,0,0,s3_history_mpc2,ood_valI_frozen_n5_attempt2,3,301,I,2,terminal,10,g99_after,g49_after,g99_after,0.01612117514014244,0.01612117514014244,0.0,0.14350372552871704,1e-06,2,0.016121167689561844,0.01612117514014244,4.6566128730773926e-08,0.1273825503885746,0.1273825503885746,0.07744436338543892,0.20285213738679886,-0.12540777400135994
ood,val_I,D:\EV-TTT\adajepa_official_51d8665\artifacts\ood\val_I_frozen_n5_attempt2,pushobj_norm_envapi_v1,"[""s3_executed_mpc0"", ""s3_executed_mpc1"", ""s3_executed_mpc2""]",FROZEN,0,0,0,0,s3_history_mpc3,ood_valI_frozen_n5_attempt2,3,301,I,3,terminal,10,g99_after,g0_before,g99_after,0.12217653542757034,0.12217653542757034,0.0,0.17587712965905666,1e-06,2,0.12217652052640915,0.12217653542757034,9.313225746154785e-09,0.05370059423148632,0.05370059423148632,0.05370059423148632,-0.12217653542757034,0.17587712965905666
ood,val_I,D:\EV-TTT\adajepa_official_51d8665\artifacts\ood\val_I_frozen_n5_attempt2,pushobj_norm_envapi_v1,"[""s3_executed_mpc0"", ""s3_executed_mpc1"", ""s3_executed_mpc2"", ""s3_executed_mpc3""]",FROZEN,0,0,0,0,s3_history_mpc4,ood_valI_frozen_n5_attempt2,3,301,I,4,terminal,10,g99_after,g99_before,g99_after,0.0,0.0,0.0,0.10053624026477337,1e-06,2,0.0,0.0,4.0978193283081055e-08,0.10053624026477337,0.10053624026477337,0.12735369242727757,0.22788989171385765,-0.10053619928658009
ood,val_I,D:\EV-TTT\adajepa_official_51d8665\artifacts\ood\val_I_frozen_n5_attempt2,pushobj_norm_envapi_v1,"[""s3_executed_mpc0"", ""s3_executed_mpc1"", ""s3_executed_mpc2"", ""s3_executed_mpc3"", ""s3_executed_mpc4""]",FROZEN,0,0,0,0,s3_history_mpc5,ood_valI_frozen_n5_attempt2,3,301,I,5,full_horizon,10,g99_after,g99_after,g99_after,0.0,0.0,0.0,0.0026052072644233704,1e-06,2,0.0,2.7939677238464355e-09,8.381903171539307e-09,0.0026052072644233704,0.0026052072644233704,0.006697067990899086,0.004789822734892368,0.0019072452560067177
ood,val_I,D:\EV-TTT\adajepa_official_51d8665\artifacts\ood\val_I_frozen_n5_attempt2,pushobj_norm_envapi_v1,"[""s3_executed_mpc1"", ""s3_executed_mpc2"", ""s3_executed_mpc3"", ""s3_executed_mpc4"", ""s3_executed_mpc5""]",FROZEN,0,0,0,0,s3_history_mpc6,ood_valI_frozen_n5_attempt2,3,301,I,6,full_horizon,10,g99_after,g49_after,g99_after,0.0004163668490946293,0.0004163668490946293,0.0,0.0033777887001633644,1e-06,2,0.00041636545211076736,0.0004163668490946293,9.313225746154785e-10,0.002961421851068735,0.002961421851068735,0.0035643880255520344,0.00412816321477294,-0.0005637751892209053
ood,val_I,D:\EV-TTT\adajepa_official_51d8665\artifacts\ood\val_I_frozen_n5_attempt2,pushobj_norm_envapi_v1,"[""s3_executed_mpc2"", ""s3_executed_mpc3"", ""s3_executed_mpc4"", ""s3_executed_mpc5"", ""s3_executed_mpc6""]",FROZEN,0,0,0,0,s3_history_mpc7,ood_valI_frozen_n5_attempt2,3,301,I,7,full_horizon,10,g99_after,g24_after,g99_after,0.0005098897963762283,0.0005098897963762283,0.0,0.0018112370744347572,1e-06,2,0.0005098897963762283,0.0005098897963762283,1.862645149230957e-09,0.001301347278058529,0.001301347278058529,0.004289313219487667,0.004681329242885113,-0.0003920160233974457
ood,val_I,D:\EV-TTT\adajepa_official_51d8665\artifacts\ood\val_I_frozen_n5_attempt2,pushobj_norm_envapi_v1,"[""s3_executed_mpc3"", ""s3_executed_mpc4"", ""s3_executed_mpc5"", ""s3_executed_mpc6"", ""s3_executed_mpc7""]",FROZEN,0,0,0,0,s3_history_mpc8,ood_valI_frozen_n5_attempt2,3,301,I,8,full_horizon,10,g99_after,g24_before,g99_after,0.0005389177240431309,0.0005389177240431309,0.0,0.005478343460708857,1e-06,2,0.0005389177240431309,0.0005389186553657055,4.656612873077393e-10,0.004939425736665726,0.004939425736665726,0.0036037154495716095,0.0029227384366095066,0.0006809770129621029
ood,val_I,D:\EV-TTT\adajepa_official_51d8665\artifacts\ood\val_I_frozen_n5_attempt2,pushobj_norm_envapi_v1,"[""s3_executed_mpc4"", ""s3_executed_mpc5"", ""s3_executed_mpc6"", ""s3_executed_mpc7"", ""s3_executed_mpc8""]",FROZEN,0,0,0,0,s3_history_mpc9,ood_valI_frozen_n5_attempt2,3,301,I,9,full_horizon,10,g99_before,g49_before,g99_after,0.0001797955483198166,0.00017979461699724197,0.0,0.005130429286509752,1e-06,2,0.00017979461699724197,0.0001797955483198166,0.0,0.004950633738189936,0.00495063466951251,0.0035313894040882587,0.0027514821849763393,0.0007799072191119194
ood,val_I,D:\EV-TTT\adajepa_official_51d8665\artifacts\ood\val_I_frozen_n5_attempt2,pushobj_norm_envapi_v1,[],FROZEN,0,0,0,0,s4_history_mpc0,ood_valI_frozen_n5_attempt2,4,401,I,0,terminal,10,g99_after,g49_after,g99_after,0.02562493085861206,0.02562493085861206,0.0,0.31965116411447525,1e-06,2,0.025624878704547882,0.02562493085861206,1.043081283569336e-07,0.2940262332558632,0.2940262332558632,2.494113102555275,2.6932780146598816,-0.19916491210460663
ood,val_I,D:\EV-TTT\adajepa_official_51d8665\artifacts\ood\val_I_frozen_n5_attempt2,pushobj_norm_envapi_v1,"[""s4_executed_mpc0""]",FROZEN,0,0,0,0,s4_history_mpc1,ood_valI_frozen_n5_attempt2,4,401,I,1,terminal,10,g99_after,g99_before,g99_after,4.470348358154297e-08,4.470348358154297e-08,0.0,0.29902802407741547,1e-06,2,0.0,4.470348358154297e-08,7.450580596923828e-08,0.2990279793739319,0.2990279793739319,0.059140682220458984,0.04918913543224335,0.009951546788215637
ood,val_I,D:\EV-TTT\adajepa_official_51d8665\artifacts\ood\val_I_frozen_n5_attempt2,pushobj_norm_envapi_v1,"[""s4_executed_mpc5"", ""s4_executed_mpc6"", ""s4_executed_mpc7"", ""s4_executed_mpc8"", ""s4_executed_mpc9""]",FROZEN,0,0,0,0,s4_history_mpc10,ood_valI_frozen_n5_attempt2,4,401,I,10,full_horizon,10,g99_after,g24_before,g99_after,0.0021679112687706947,0.0021679112687706947,0.0,0.0040880125015974045,1e-06,2,0.0021679112687706947,0.0021679187193512917,9.313225746154785e-10,0.0019201012328267097,0.0019201012328267097,0.002207157202064991,0.0015780460089445114,0.0006291111931204796
ood,val_I,D:\EV-TTT\adajepa_official_51d8665\artifacts\ood\val_I_frozen_n5_attempt2,pushobj_norm_envapi_v1,"[""s4_executed_mpc6"", ""s4_executed_mpc7"", ""s4_executed_mpc8"", ""s4_executed_mpc9"", ""s4_executed_mpc10""]",FROZEN,0,0,0,0,s4_history_mpc11,ood_valI_frozen_n5_attempt2,4,401,I,11,full_horizon,10,g99_before,g24_after,g99_after,0.00013957638293504715,0.00013957731425762177,0.0,0.0031931856647133827,1e-06,2,0.00013957638293504715,0.00013957731425762177,0.0,0.0030536092817783356,0.003053608350455761,0.002222040668129921,0.0014917943626642227,0.0007302463054656982
ood,val_I,D:\EV-TTT\adajepa_official_51d8665\artifacts\ood\val_I_frozen_n5_attempt2,pushobj_norm_envapi_v1,"[""s4_executed_mpc7"", ""s4_executed_mpc8"", ""s4_executed_mpc9"", ""s4_executed_mpc10"", ""s4_executed_mpc11""]",FROZEN,0,0,0,0,s4_history_mpc12,ood_valI_frozen_n5_attempt2,4,401,I,12,full_horizon,10,g99_after,g24_before,g99_after,0.0019893785938620567,0.0019893785938620567,0.0,0.0038935327902436256,1e-06,2,0.0019893785938620567,0.001989382319152355,2.7939677238464355e-09,0.001904154196381569,0.001904154196381569,0.0022432031109929085,0.001263471320271492,0.0009797317907214165
ood,val_I,D:\EV-TTT\adajepa_official_51d8665\artifacts\ood\val_I_frozen_n5_attempt2,pushobj_norm_envapi_v1,"[""s4_executed_mpc8"", ""s4_executed_mpc9"", ""s4_executed_mpc10"", ""s4_executed_mpc11"", ""s4_executed_mpc12""]",FROZEN,0,0,0,0,s4_history_mpc13,ood_valI_frozen_n5_attempt2,4,401,I,13,full_horizon,10,g99_after,g24_before,g99_after,0.0020956555381417274,0.0020956555381417274,0.0,0.0036453474313020706,1e-06,2,0.0020956555381417274,0.0020956583321094513,9.313225746154785e-10,0.0015496918931603432,0.0015496918931603432,0.0022423695772886276,0.0012963348999619484,0.0009460346773266792
ood,val_I,D:\EV-TTT\adajepa_official_51d8665\artifacts\ood\val_I_frozen_n5_attempt2,pushobj_norm_envapi_v1,"[""s4_executed_mpc9"", ""s4_executed_mpc10"", ""s4_executed_mpc11"", ""s4_executed_mpc12"", ""s4_executed_mpc13""]",FROZEN,0,0,0,0,s4_history_mpc14,ood_valI_frozen_n5_attempt2,4,401,I,14,full_horizon,10,g99_before,g24_before,g99_after,0.0021987510845065117,0.002198745496571064,0.0,0.003907742910087109,1e-06,2,0.002198745496571064,0.0021987510845065117,0.0,0.001708991825580597,0.0017089974135160446,0.0022152094170451164,0.0013967659324407578,0.0008184434846043587
ood,val_I,D:\EV-TTT\adajepa_official_51d8665\artifacts\ood\val_I_frozen_n5_attempt2,pushobj_norm_envapi_v1,"[""s4_executed_mpc10"", ""s4_executed_mpc11"", ""s4_executed_mpc12"", ""s4_executed_mpc13"", ""s4_executed_mpc14""]",FROZEN,0,0,0,0,s4_history_mpc15,ood_valI_frozen_n5_attempt2,4,401,I,15,full_horizon,10,g99_after,g24_before,g99_after,0.0012652245350182056,0.0012652245350182056,0.0,0.0028027924709022045,1e-06,2,0.0012652226723730564,0.0012652245350182056,1.862645149230957e-09,0.0015375679358839989,0.0015375679358839989,0.002237311564385891,0.001604575663805008,0.000632735900580883
ood,val_I,D:\EV-TTT\adajepa_official_51d8665\artifacts\ood\val_I_frozen_n5_attempt2,pushobj_norm_envapi_v1,"[""s4_executed_mpc11"", ""s4_executed_mpc12"", ""s4_executed_mpc13"", ""s4_executed_mpc14"", ""s4_executed_mpc15""]",FROZEN,0,0,0,0,s4_history_mpc16,ood_valI_frozen_n5_attempt2,4,401,I,16,full_horizon,10,g99_after,g24_before,g99_after,0.0019506579264998436,0.0019506579264998436,0.0,0.003637208603322506,1e-06,2,0.0019506579264998436,0.001950661651790142,9.313225746154785e-10,0.0016865506768226624,0.0016865506768226624,0.002267722971737385,0.0010015349835157394,0.0012661879882216454
ood,val_I,D:\EV-TTT\adajepa_official_51d8665\artifacts\ood\val_I_frozen_n5_attempt2,pushobj_norm_envapi_v1,"[""s4_executed_mpc12"", ""s4_executed_mpc13"", ""s4_executed_mpc14"", ""s4_executed_mpc15"", ""s4_executed_mpc16""]",FROZEN,0,0,0,0,s4_history_mpc17,ood_valI_frozen_n5_attempt2,4,401,I,17,full_horizon,10,g99_after,g74_before,g99_after,5.674269050359726e-05,5.674269050359726e-05,0.0,0.005734032951295376,1e-06,2,5.674269050359726e-05,5.674455314874649e-05,9.313225746154785e-10,0.0056772902607917786,0.0056772902607917786,0.0022281771525740623,0.0015306007117033005,0.0006975764408707619
ood,val_I,D:\EV-TTT\adajepa_official_51d8665\artifacts\ood\val_I_frozen_n5_attempt2,pushobj_norm_envapi_v1,"[""s4_executed_mpc13"", ""s4_executed_mpc14"", ""s4_executed_mpc15"", ""s4_executed_mpc16"", ""s4_executed_mpc17""]",FROZEN,0,0,0,0,s4_history_mpc18,ood_valI_frozen_n5_attempt2,4,401,I,18,full_horizon,10,g99_before,g24_before,g99_after,0.0020092823542654514,0.002009275835007429,0.0,0.00370314484462142,1e-06,2,0.002009275835007429,0.0020092823542654514,0.0,0.0016938624903559685,0.0016938690096139908,0.0022213775664567947,0.0015467340126633644,0.0006746435537934303
ood,val_I,D:\EV-TTT\adajepa_official_51d8665\artifacts\ood\val_I_frozen_n5_attempt2,pushobj_norm_envapi_v1,"[""s4_executed_mpc14"", ""s4_executed_mpc15"", ""s4_executed_mpc16"", ""s4_executed_mpc17"", ""s4_executed_mpc18""]",FROZEN,0,0,0,0,s4_history_mpc19,ood_valI_frozen_n5_attempt2,4,401,I,19,full_horizon,10,g99_before,g24_before,g99_after,0.001980319619178772,0.0019803186878561974,0.0,0.003634442575275898,1e-06,2,0.0019803186878561974,0.001980319619178772,0.0,0.001654122956097126,0.0016541238874197006,0.0022643087431788445,0.0011183200404047966,0.0011459887027740479
ood,val_I,D:\EV-TTT\adajepa_official_51d8665\artifacts\ood\val_I_frozen_n5_attempt2,pushobj_norm_envapi_v1,"[""s4_executed_mpc0"", ""s4_executed_mpc1""]",FROZEN,0,0,0,0,s4_history_mpc2,ood_valI_frozen_n5_attempt2,4,401,I,2,terminal,10,g99_after,g49_after,g99_after,0.005527280271053314,0.005527280271053314,0.0,0.08597112074494362,1e-06,2,0.005527280271053314,0.005527280271053314,1.1175870895385742e-07,0.0804438404738903,0.0804438404738903,0.05224168300628662,0.03576669469475746,0.01647498831152916
ood,val_I,D:\EV-TTT\adajepa_official_51d8665\artifacts\ood\val_I_frozen_n5_attempt2,pushobj_norm_envapi_v1,"[""s4_executed_mpc0"", ""s4_executed_mpc1"", ""s4_executed_mpc2""]",FROZEN,0,0,0,0,s4_history_mpc3,ood_valI_frozen_n5_attempt2,4,401,I,3,terminal,10,g99_before,g24_after,g99_after,0.0007619746029376984,0.0007619373500347137,0.0,0.04834365099668503,1e-06,2,0.0007619373500347137,0.0007619746029376984,0.0,0.04758167639374733,0.047581713646650314,0.05106355994939804,0.04428800567984581,0.006775554269552231
ood,val_I,D:\EV-TTT\adajepa_official_51d8665\artifacts\ood\val_I_frozen_n5_attempt2,pushobj_norm_envapi_v1,"[""s4_executed_mpc0"", ""s4_executed_mpc1"", ""s4_executed_mpc2"", ""s4_executed_mpc3""]",FROZEN,0,0,0,0,s4_history_mpc4,ood_valI_frozen_n5_attempt2,4,401,I,4,terminal,10,g99_after,g74_before,g99_after,1.1045485734939575e-05,1.1045485734939575e-05,0.0,0.06018182635307312,1e-06,2,1.1045485734939575e-05,1.1101365089416504e-05,2.2351741790771484e-08,0.06017078086733818,0.06017078086733818,0.03842325136065483,0.0070457011461257935,0.03137755021452904
ood,val_I,D:\EV-TTT\adajepa_official_51d8665\artifacts\ood\val_I_frozen_n5_attempt2,pushobj_norm_envapi_v1,"[""s4_executed_mpc0"", ""s4_executed_mpc1"", ""s4_executed_mpc2"", ""s4_executed_mpc3"", ""s4_executed_mpc4""]",FROZEN,0,0,0,0,s4_history_mpc5,ood_valI_frozen_n5_attempt2,4,401,I,5,full_horizon,10,g99_after,g24_before,g99_after,0.0016718478873372078,0.0016718478873372078,0.0,0.002554507926106453,1e-06,2,0.0016718478873372078,0.0016718478873372078,1.862645149230957e-09,0.0008826600387692451,0.0008826600387692451,0.0036042993888258934,0.003087088465690613,0.0005172109231352806
ood,val_I,D:\EV-TTT\adajepa_official_51d8665\artifacts\ood\val_I_frozen_n5_attempt2,pushobj_norm_envapi_v1,"[""s4_executed_mpc1"", ""s4_executed_mpc2"", ""s4_executed_mpc3"", ""s4_executed_mpc4"", ""s4_executed_mpc5""]",FROZEN,0,0,0,0,s4_history_mpc6,ood_valI_frozen_n5_attempt2,4,401,I,6,full_horizon,10,g99_after,g99_after,g99_after,0.0,0.0,0.0,0.005368181504309177,1e-06,2,0.0,1.862645149230957e-09,1.862645149230957e-09,0.005368181504309177,0.005368181504309177,0.0021858401596546173,0.0020996984094381332,8.614175021648407e-05
ood,val_I,D:\EV-TTT\adajepa_official_51d8665\artifacts\ood\val_I_frozen_n5_attempt2,pushobj_norm_envapi_v1,"[""s4_executed_mpc2"", ""s4_executed_mpc3"", ""s4_executed_mpc4"", ""s4_executed_mpc5"", ""s4_executed_mpc6""]",FROZEN,0,0,0,0,s4_history_mpc7,ood_valI_frozen_n5_attempt2,4,401,I,7,full_horizon,10,g99_before,g24_before,g99_after,0.0020684017799794674,0.0020683943293988705,1.862645149230957e-09,0.004022486973553896,1e-06,2,0.0020683943293988705,0.0020684017799794674,1.862645149230957e-09,0.0019540851935744286,0.0019540945068001747,0.002213258296251297,0.0013705454766750336,0.0008427128195762634
ood,val_I,D:\EV-TTT\adajepa_official_51d8665\artifacts\ood\val_I_frozen_n5_attempt2,pushobj_norm_envapi_v1,"[""s4_executed_mpc3"", ""s4_executed_mpc4"", ""s4_executed_mpc5"", ""s4_executed_mpc6"", ""s4_executed_mpc7""]",FROZEN,0,0,0,0,s4_history_mpc8,ood_valI_frozen_n5_attempt2,4,401,I,8,full_horizon,10,g99_after,g24_before,g99_after,0.0023289290256798267,0.0023289290256798267,0.0,0.004246661905199289,1e-06,2,0.0023289290256798267,0.002328940201550722,9.313225746154785e-10,0.0019177328795194626,0.0019177328795194626,0.002216455526649952,0.001239977777004242,0.00097647774964571
ood,val_I,D:\EV-TTT\adajepa_official_51d8665\artifacts\ood\val_I_frozen_n5_attempt2,pushobj_norm_envapi_v1,"[""s4_executed_mpc4"", ""s4_executed_mpc5"", ""s4_executed_mpc6"", ""s4_executed_mpc7"", ""s4_executed_mpc8""]",FROZEN,0,0,0,0,s4_history_mpc9,ood_valI_frozen_n5_attempt2,4,401,I,9,full_horizon,10,g99_after,g74_before,g99_after,5.722511559724808e-05,5.722511559724808e-05,0.0,0.005966566503047943,1e-06,2,5.722511559724808e-05,5.7227909564971924e-05,1.862645149230957e-09,0.005909341387450695,0.005909341387450695,0.0021876096725463867,0.001820974051952362,0.00036663562059402466
ood,val_I,D:\EV-TTT\adajepa_official_51d8665\artifacts\ood\val_I_official_n5,pushobj_norm_envapi_v1,[],OFFICIAL_ADAJEPA,0,0,0,0,s0_history_mpc0,ood_valI_official_n5,0,1,I,0,terminal,10,g99_after,g99_after,g99_after,0.0,0.0,0.0,0.2895818445831537,1e-06,2,0.0,1.1175870895385742e-08,2.9802322387695312e-08,0.2895818445831537,0.2895818445831537,0.8658464178442955,1.039780393242836,-0.1739339753985405
ood,val_I,D:\EV-TTT\adajepa_official_51d8665\artifacts\ood\val_I_official_n5,pushobj_norm_envapi_v1,"[""s0_executed_mpc0""]",OFFICIAL_ADAJEPA,1,1,0,1,s0_history_mpc1,ood_valI_official_n5,0,1,I,1,terminal,10,g99_after,g24_after,g99_after,0.24208668246865273,0.24208668246865273,0.0,0.26114077493548393,1e-06,2,0.24208662286400795,0.24208668246865273,8.195638656616211e-08,0.019054092466831207,0.019054092466831207,0.0471205897629261,-0.2103811614215374,0.2575017511844635
ood,val_I,D:\EV-TTT\adajepa_official_51d8665\artifacts\ood\val_I_official_n5,pushobj_norm_envapi_v1,"[""s0_executed_mpc5"", ""s0_executed_mpc6"", ""s0_executed_mpc7"", ""s0_executed_mpc8"", ""s0_executed_mpc9""]",OFFICIAL_ADAJEPA,10,10,0,10,s0_history_mpc10,ood_valI_official_n5,0,1,I,10,full_horizon,10,g99_after,g24_before,g99_after,0.001468207687139511,0.001468207687139511,0.0,0.009549123235046864,1e-06,2,0.001468207687139511,0.0014682086184620857,9.313225746154785e-10,0.008080915547907352,0.008080915547907352,0.003930364735424519,0.0010035629384219646,0.002926801797002554
ood,val_I,D:\EV-TTT\adajepa_official_51d8665\artifacts\ood\val_I_official_n5,pushobj_norm_envapi_v1,"[""s0_executed_mpc6"", ""s0_executed_mpc7"", ""s0_executed_mpc8"", ""s0_executed_mpc9"", ""s0_executed_mpc10""]",OFFICIAL_ADAJEPA,11,11,0,11,s0_history_mpc11,ood_valI_official_n5,0,1,I,11,full_horizon,10,g99_after,g49_after,g99_after,0.0002943645231425762,0.0002943645231425762,0.0,0.005000940524041653,1e-06,2,0.0002943640574812889,0.0002943645231425762,1.862645149230957e-09,0.0047065760008990765,0.0047065760008990765,0.009481660556048155,0.004480720032006502,0.005000940524041653
ood,val_I,D:\EV-TTT\adajepa_official_51d8665\artifacts\ood\val_I_official_n5,pushobj_norm_envapi_v1,"[""s0_executed_mpc7"", ""s0_executed_mpc8"", ""s0_executed_mpc9"", ""s0_executed_mpc10"", ""s0_executed_mpc11""]",OFFICIAL_ADAJEPA,12,12,0,12,s0_history_mpc12,ood_valI_official_n5,0,1,I,12,full_horizon,10,g99_after,g24_after,g99_after,0.00013260403648018837,0.00013260403648018837,0.0,0.008372089359909296,1e-06,2,0.00013260077685117722,0.00013260403648018837,1.3969838619232178e-09,0.008239485323429108,0.008239485323429108,0.003652497660368681,0.00240688631311059,0.001245611347258091
ood,val_I,D:\EV-TTT\adajepa_official_51d8665\artifacts\ood\val_I_official_n5,pushobj_norm_envapi_v1,"[""s0_executed_mpc8"", ""s0_executed_mpc9"", ""s0_executed_mpc10"", ""s0_executed_mpc11"", ""s0_executed_mpc12""]",OFFICIAL_ADAJEPA,13,13,0,13,s0_history_mpc13,ood_valI_official_n5,0,1,I,13,full_horizon,10,g99_after,g99_before,g99_after,0.0,0.0,0.0,0.0075600119307637215,1e-06,2,0.0,0.0,3.259629011154175e-09,0.0075600119307637215,0.0075600119307637215,0.0057367789559066296,0.001956588588654995,0.0037801903672516346
ood,val_I,D:\EV-TTT\adajepa_official_51d8665\artifacts\ood\val_I_official_n5,pushobj_norm_envapi_v1,"[""s0_executed_mpc9"", ""s0_executed_mpc10"", ""s0_executed_mpc11"", ""s0_executed_mpc12"", ""s0_executed_mpc13""]",OFFICIAL_ADAJEPA,14,14,0,14,s0_history_mpc14,ood_valI_official_n5,0,1,I,14,full_horizon,10,g99_after,g49_before,g99_after,2.3989472538232803e-05,2.3989472538232803e-05,0.0,0.018762541469186544,1e-06,2,2.3988541215658188e-05,2.3989472538232803e-05,9.313225746154785e-10,0.01873855199664831,0.01873855199664831,0.0020118062384426594,0.0027422336861491203,-0.000730427447706461
ood,val_I,D:\EV-TTT\adajepa_official_51d8665\artifacts\ood\val_I_official_n5,pushobj_norm_envapi_v1,"[""s0_executed_mpc10"", ""s0_executed_mpc11"", ""s0_executed_mpc12"", ""s0_executed_mpc13"", ""s0_executed_mpc14""]",OFFICIAL_ADAJEPA,15,15,0,15,s0_history_mpc15,ood_valI_official_n5,0,1,I,15,full_horizon,10,g99_before,g24_after,g99_after,0.000243461225181818,0.00024345889687538147,2.3283064365386963e-10,0.001357667613774538,1e-06,2,0.00024345889687538147,0.000243461225181818,2.3283064365386963e-10,0.00111420638859272,0.0011142089497298002,0.002441102871671319,0.001742666121572256,0.0006984367500990629
ood,val_I,D:\EV-TTT\adajepa_official_51d8665\artifacts\ood\val_I_official_n5,pushobj_norm_envapi_v1,"[""s0_executed_mpc11"", ""s0_executed_mpc12"", ""s0_executed_mpc13"", ""s0_executed_mpc14"", ""s0_executed_mpc15""]",OFFICIAL_ADAJEPA,16,16,0,16,s0_history_mpc16,ood_valI_official_n5,0,1,I,16,full_horizon,10,g99_after,g49_after,g99_after,2.8225593268871307e-05,2.8225593268871307e-05,0.0,0.006428141612559557,1e-06,2,2.8225593268871307e-05,2.8227921575307846e-05,4.656612873077393e-10,0.006399916019290686,0.006399916019290686,0.004578874446451664,0.003273783251643181,0.0013050911948084831
ood,val_I,D:\EV-TTT\adajepa_official_51d8665\artifacts\ood\val_I_official_n5,pushobj_norm_envapi_v1,"[""s0_executed_mpc12"", ""s0_executed_mpc13"", ""s0_executed_mpc14"", ""s0_executed_mpc15"", ""s0_executed_mpc16""]",OFFICIAL_ADAJEPA,17,17,0,17,s0_history_mpc17,ood_valI_official_n5,0,1,I,17,full_horizon,10,g99_after,g99_before,g99_after,1.3969838619232178e-09,1.3969838619232178e-09,0.0,0.003763614222407341,1e-06,2,0.0,1.3969838619232178e-09,1.1641532182693481e-09,0.003763612825423479,0.003763612825423479,0.0038635823875665665,0.002763905096799135,0.0010996772907674313
ood,val_I,D:\EV-TTT\adajepa_official_51d8665\artifacts\ood\val_I_official_n5,pushobj_norm_envapi_v1,"[""s0_executed_mpc13"", ""s0_executed_mpc14"", ""s0_executed_mpc15"", ""s0_executed_mpc16"", ""s0_executed_mpc17""]",OFFICIAL_ADAJEPA,18,18,0,18,s0_history_mpc18,ood_valI_official_n5,0,1,I,18,full_horizon,10,g99_after,g99_after,g99_after,0.0,0.0,0.0,0.009496464626863599,1e-06,2,0.0,3.259629011154175e-09,4.656612873077393e-10,0.009496464626863599,0.009496464626863599,0.003230456728488207,0.002300847787410021,0.000929608941078186
ood,val_I,D:\EV-TTT\adajepa_official_51d8665\artifacts\ood\val_I_official_n5,pushobj_norm_envapi_v1,"[""s0_executed_mpc14"", ""s0_executed_mpc15"", ""s0_executed_mpc16"", ""s0_executed_mpc17"", ""s0_executed_mpc18""]",OFFICIAL_ADAJEPA,19,19,0,19,s0_history_mpc19,ood_valI_official_n5,0,1,I,19,full_horizon,10,g99_after,g74_after,g99_after,2.9918737709522247e-06,2.9918737709522247e-06,0.0,0.006086279638111591,1e-06,2,2.9918737709522247e-06,2.995133399963379e-06,4.656612873077393e-10,0.006083287764340639,0.006083287764340639,0.002643743995577097,0.0030517070554196835,-0.0004079630598425865
ood,val_I,D:\EV-TTT\adajepa_official_51d8665\artifacts\ood\val_I_official_n5,pushobj_norm_envapi_v1,"[""s0_executed_mpc0"", ""s0_executed_mpc1""]",OFFICIAL_ADAJEPA,2,2,0,2,s0_history_mpc2,ood_valI_official_n5,0,1,I,2,terminal,10,g99_after,g0_after,g99_after,0.21016563475131989,0.21016563475131989,0.0,0.27752745896577835,1e-06,2,0.21016563475131989,0.21016563475131989,3.725290298461914e-09,0.06736182421445847,0.06736182421445847,0.06833159178495407,-0.021862566471099854,0.09019415825605392
ood,val_I,D:\EV-TTT\adajepa_official_51d8665\artifacts\ood\val_I_official_n5,pushobj_norm_envapi_v1,"[""s0_executed_mpc0"", ""s0_executed_mpc1"", ""s0_executed_mpc2""]",OFFICIAL_ADAJEPA,3,3,0,3,s0_history_mpc3,ood_valI_official_n5,0,1,I,3,terminal,10,g99_after,g24_before,g99_after,0.05846087634563446,0.05846087634563446,0.0,0.08501952141523361,1e-06,2,0.05846087634563446,0.058460891246795654,2.9802322387695312e-08,0.02655864506959915,0.02655864506959915,0.20526611804962158,0.21883870661258698,-0.013572588562965393
ood,val_I,D:\EV-TTT\adajepa_official_51d8665\artifacts\ood\val_I_official_n5,pushobj_norm_envapi_v1,"[""s0_executed_mpc0"", ""s0_executed_mpc1"", ""s0_executed_mpc2"", ""s0_executed_mpc3""]",OFFICIAL_ADAJEPA,4,4,0,4,s0_history_mpc4,ood_valI_official_n5,0,1,I,4,terminal,10,g99_after,g49_before,g99_after,0.0016472935676574707,0.0016472935676574707,0.0,0.03881771117448807,1e-06,2,0.0016472935676574707,0.001647304743528366,7.078051567077637e-08,0.0371704176068306,0.0371704176068306,0.17483069747686386,0.1397811621427536,0.03504953533411026
ood,val_I,D:\EV-TTT\adajepa_official_51d8665\artifacts\ood\val_I_official_n5,pushobj_norm_envapi_v1,"[""s0_executed_mpc0"", ""s0_executed_mpc1"", ""s0_executed_mpc2"", ""s0_executed_mpc3"", ""s0_executed_mpc4""]",OFFICIAL_ADAJEPA,5,5,0,5,s0_history_mpc5,ood_valI_official_n5,0,1,I,5,full_horizon,10,g99_after,g74_before,g99_after,9.195180609822273e-05,9.195180609822273e-05,0.0,0.010863121598958969,1e-06,2,9.19499434530735e-05,9.195180609822273e-05,4.6566128730773926e-09,0.010771169792860746,0.010771169792860746,0.0064944010227918625,0.005725547671318054,0.0007688533514738083
ood,val_I,D:\EV-TTT\adajepa_official_51d8665\artifacts\ood\val_I_official_n5,pushobj_norm_envapi_v1,"[""s0_executed_mpc1"", ""s0_executed_mpc2"", ""s0_executed_mpc3"", ""s0_executed_mpc4"", ""s0_executed_mpc5""]",OFFICIAL_ADAJEPA,6,6,0,6,s0_history_mpc6,ood_valI_official_n5,0,1,I,6,full_horizon,10,g99_after,g74_after,g99_after,5.212659016251564e-05,5.212659016251564e-05,0.0,0.002620830200612545,1e-06,2,5.212519317865372e-05,5.212659016251564e-05,9.313225746154785e-10,0.0025687036104500294,0.0025687036104500294,0.004225844517350197,0.001610377337783575,0.0026154671795666218
ood,val_I,D:\EV-TTT\adajepa_official_51d8665\artifacts\ood\val_I_official_n5,pushobj_norm_envapi_v1,"[""s0_executed_mpc2"", ""s0_executed_mpc3"", ""s0_executed_mpc4"", ""s0_executed_mpc5"", ""s0_executed_mpc6""]",OFFICIAL_ADAJEPA,7,7,0,7,s0_history_mpc7,ood_valI_official_n5,0,1,I,7,full_horizon,10,g99_after,g99_before,g99_after,0.0,0.0,0.0,0.011480999644845724,1e-06,2,0.0,0.0,4.656612873077393e-10,0.011480999644845724,0.011480999644845724,0.0035500023514032364,0.0018223235383629799,0.0017276788130402565
ood,val_I,D:\EV-TTT\adajepa_official_51d8665\artifacts\ood\val_I_official_n5,pushobj_norm_envapi_v1,"[""s0_executed_mpc3"", ""s0_executed_mpc4"", ""s0_executed_mpc5"", ""s0_executed_mpc6"", ""s0_executed_mpc7""]",OFFICIAL_ADAJEPA,8,8,0,8,s0_history_mpc8,ood_valI_official_n5,0,1,I,8,full_horizon,10,g99_after,g74_before,g99_after,7.021147757768631e-05,7.021147757768631e-05,0.0,0.012590984813869,1e-06,2,7.021147757768631e-05,7.021427154541016e-05,2.3283064365386963e-09,0.012520773336291313,0.012520773336291313,0.002795664593577385,0.001803902443498373,0.000991762150079012
ood,val_I,D:\EV-TTT\adajepa_official_51d8665\artifacts\ood\val_I_official_n5,pushobj_norm_envapi_v1,"[""s0_executed_mpc4"", ""s0_executed_mpc5"", ""s0_executed_mpc6"", ""s0_executed_mpc7"", ""s0_executed_mpc8""]",OFFICIAL_ADAJEPA,9,9,0,9,s0_history_mpc9,ood_valI_official_n5,0,1,I,9,full_horizon,10,g99_after,g49_after,g99_after,0.00013612210750579834,0.00013612210750579834,0.0,0.008172642439603806,1e-06,2,0.00013611884787678719,0.00013612210750579834,3.259629011154175e-09,0.008036520332098007,0.008036520332098007,0.006323940120637417,0.002317042089998722,0.004006898030638695
ood,val_I,D:\EV-TTT\adajepa_official_51d8665\artifacts\ood\val_I_official_n5,pushobj_norm_envapi_v1,[],OFFICIAL_ADAJEPA,0,0,0,0,s1_history_mpc0,ood_valI_official_n5,1,101,I,0,terminal,10,g99_after,g24_before,g99_after,0.13754573464393616,0.13754573464393616,0.0,0.21203215420246124,1e-06,2,0.13754573464393616,0.13754582405090332,3.427267074584961e-07,0.07448641955852509,0.07448641955852509,1.973231017589569,1.8523849099874496,0.12084610760211945
ood,val_I,D:\EV-TTT\adajepa_official_51d8665\artifacts\ood\val_I_official_n5,pushobj_norm_envapi_v1,"[""s1_executed_mpc0""]",OFFICIAL_ADAJEPA,1,1,0,1,s1_history_mpc1,ood_valI_official_n5,1,101,I,1,terminal,10,g99_after,g0_after,g99_after,0.07500498741865158,0.07500498741865158,0.0,0.2058761976659298,1e-06,2,0.07500498741865158,0.07500500231981277,7.450580596923828e-08,0.1308712102472782,0.1308712102472782,0.06842543184757233,0.07159142196178436,-0.003165990114212036
ood,val_I,D:\EV-TTT\adajepa_official_51d8665\artifacts\ood\val_I_official_n5,pushobj_norm_envapi_v1,"[""s1_executed_mpc0"", ""s1_executed_mpc1""]",OFFICIAL_ADAJEPA,2,2,0,2,s1_history_mpc2,ood_valI_official_n5,1,101,I,2,terminal,10,g99_after,g99_before,g99_after,1.1175870895385742e-08,1.1175870895385742e-08,0.0,0.08892300352454185,1e-06,2,0.0,1.1175870895385742e-08,4.0978193283081055e-08,0.08892299234867096,0.08892299234867096,0.15153486654162407,0.0649445429444313,0.08659032359719276
ood,val_I,D:\EV-TTT\adajepa_official_51d8665\artifacts\ood\val_I_official_n5,pushobj_norm_envapi_v1,"[""s1_executed_mpc0"", ""s1_executed_mpc1"", ""s1_executed_mpc2""]",OFFICIAL_ADAJEPA,3,3,0,3,s1_history_mpc3,ood_valI_official_n5,1,101,I,3,terminal,10,g99_after,g24_before,g99_after,0.04106942191720009,0.04106942191720009,0.0,0.05810948833823204,1e-06,2,0.0410693921148777,0.04106942191720009,1.862645149230957e-08,0.017040066421031952,0.017040066421031952,0.027452245354652405,-0.017350003123283386,0.04480224847793579
ood,val_I,D:\EV-TTT\adajepa_official_51d8665\artifacts\ood\val_I_official_n5,pushobj_norm_envapi_v1,"[""s1_executed_mpc0"", ""s1_executed_mpc1"", ""s1_executed_mpc2"", ""s1_executed_mpc3""]",OFFICIAL_ADAJEPA,4,4,0,4,s1_history_mpc4,ood_valI_official_n5,1,101,I,4,terminal,10,g99_after,g0_after,g99_after,0.03413410484790802,0.03413410484790802,0.0,0.24119045585393906,1e-06,2,0.034134067595005035,0.03413410484790802,1.1175870895385742e-08,0.20705635100603104,0.20705635100603104,0.02573922649025917,0.036454036831855774,-0.010714810341596603
ood,val_I,D:\EV-TTT\adajepa_official_51d8665\artifacts\ood\val_I_official_n5,pushobj_norm_envapi_v1,"[""s1_executed_mpc0"", ""s1_executed_mpc1"", ""s1_executed_mpc2"", ""s1_executed_mpc3"", ""s1_executed_mpc4""]",OFFICIAL_ADAJEPA,5,5,0,5,s1_history_mpc5,ood_valI_official_n5,1,101,I,5,full_horizon,10,g99_after,g74_before,g99_after,0.00015151593834161758,0.00015151593834161758,0.0,0.023045342415571213,1e-06,2,0.00015151593834161758,0.00015151780098676682,1.862645149230957e-09,0.022893826477229595,0.022893826477229595,0.00367555720731616,0.008918527513742447,-0.005242970306426287
ood,val_I,D:\EV-TTT\adajepa_official_51d8665\artifacts\ood\val_I_official_n5,pushobj_norm_envapi_v1,"[""s1_executed_mpc1"", ""s1_executed_mpc2"", ""s1_executed_mpc3"", ""s1_executed_mpc4"", ""s1_executed_mpc5""]",OFFICIAL_ADAJEPA,6,6,0,6,s1_history_mpc6,ood_valI_official_n5,1,101,I,6,full_horizon,10,g99_after,g24_after,g99_after,0.001103652874007821,0.001103652874007821,0.0,0.008459194796159863,1e-06,2,0.0011036503128707409,0.001103652874007821,9.313225746154785e-10,0.007355541922152042,0.007355541922152042,0.0020675798878073692,0.0011289597023278475,0.0009386201854795218
ood,val_I,D:\EV-TTT\adajepa_official_51d8665\artifacts\ood\val_I_official_n5,pushobj_norm_envapi_v1,[],OFFICIAL_ADAJEPA,0,0,0,0,s2_history_mpc0,ood_valI_official_n5,2,201,I,0,terminal,10,g99_after,g99_before,g99_after,0.0,0.0,0.0,1.0989131107926369,1e-06,2,0.0,0.0,3.2782554626464844e-07,1.0989131107926369,1.0989131107926369,2.9433381110429764,1.9250963926315308,1.0182417184114456
ood,val_I,D:\EV-TTT\adajepa_official_51d8665\artifacts\ood\val_I_official_n5,pushobj_norm_envapi_v1,"[""s2_executed_mpc0""]",OFFICIAL_ADAJEPA,1,1,0,1,s2_history_mpc1,ood_valI_official_n5,2,201,I,1,terminal,10,g99_after,g0_before,g99_after,0.49190664291381836,0.49190664291381836,0.0,0.5265839248895645,1e-06,2,0.49190664291381836,0.49190664291381836,1.1175870895385742e-08,0.034677281975746155,0.034677281975746155,0.034677281975746155,-0.49190664291381836,0.5265839248895645
ood,val_I,D:\EV-TTT\adajepa_official_51d8665\artifacts\ood\val_I_official_n5,pushobj_norm_envapi_v1,"[""s2_executed_mpc5"", ""s2_executed_mpc6"", ""s2_executed_mpc7"", ""s2_executed_mpc8"", ""s2_executed_mpc9""]",OFFICIAL_ADAJEPA,10,10,0,10,s2_history_mpc10,ood_valI_official_n5,2,201,I,10,full_horizon,10,g99_before,g24_after,g99_after,0.0005168095231056213,0.0005168020725250244,0.0,0.005123410373926163,1e-06,2,0.0005168020725250244,0.0005168095231056213,0.0,0.004606600850820541,0.004606608301401138,0.007494449615478516,0.0025075264275074005,0.004986923187971115
ood,val_I,D:\EV-TTT\adajepa_official_51d8665\artifacts\ood\val_I_official_n5,pushobj_norm_envapi_v1,"[""s2_executed_mpc6"", ""s2_executed_mpc7"", ""s2_executed_mpc8"", ""s2_executed_mpc9"", ""s2_executed_mpc10""]",OFFICIAL_ADAJEPA,11,11,0,11,s2_history_mpc11,ood_valI_official_n5,2,201,I,11,full_horizon,10,g99_after,g0_after,g99_after,0.0027810484170913696,0.0027810484170913696,0.0,0.008395187556743622,1e-06,2,0.0027810409665107727,0.0027810484170913696,3.725290298461914e-09,0.005614139139652252,0.005614139139652252,0.011045228689908981,0.0033351145684719086,0.007710114121437073
ood,val_I,D:\EV-TTT\adajepa_official_51d8665\artifacts\ood\val_I_official_n5,pushobj_norm_envapi_v1,"[""s2_executed_mpc7"", ""s2_executed_mpc8"", ""s2_executed_mpc9"", ""s2_executed_mpc10"", ""s2_executed_mpc11""]",OFFICIAL_ADAJEPA,12,12,0,12,s2_history_mpc12,ood_valI_official_n5,2,201,I,12,full_horizon,10,g99_after,g0_after,g99_after,0.00518711656332016,0.00518711656332016,0.0,0.012433134019374847,1e-06,2,0.0051871128380298615,0.00518711656332016,7.450580596923828e-09,0.0072460174560546875,0.0072460174560546875,0.0068198442459106445,-0.0005213692784309387,0.007341213524341583
ood,val_I,D:\EV-TTT\adajepa_official_51d8665\artifacts\ood\val_I_official_n5,pushobj_norm_envapi_v1,"[""s2_executed_mpc8"", ""s2_executed_mpc9"", ""s2_executed_mpc10"", ""s2_executed_mpc11"", ""s2_executed_mpc12""]",OFFICIAL_ADAJEPA,13,13,0,13,s2_history_mpc13,ood_valI_official_n5,2,201,I,13,full_horizon,10,g99_before,g24_after,g99_after,0.0004868842661380768,0.0004869028925895691,0.0,0.006286598742008209,1e-06,2,0.0004868842661380768,0.0004869028925895691,0.0,0.0057997144758701324,0.00579969584941864,0.015167709439992905,0.008881110697984695,0.006286598742008209
ood,val_I,D:\EV-TTT\adajepa_official_51d8665\artifacts\ood\val_I_official_n5,pushobj_norm_envapi_v1,"[""s2_executed_mpc9"", ""s2_executed_mpc10"", ""s2_executed_mpc11"", ""s2_executed_mpc12"", ""s2_executed_mpc13""]",OFFICIAL_ADAJEPA,14,14,0,14,s2_history_mpc14,ood_valI_official_n5,2,201,I,14,full_horizon,10,g99_after,g24_before,g99_after,0.000282973051071167,0.000282973051071167,0.0,0.006086703389883041,1e-06,2,0.00028296560049057007,0.000282973051071167,3.725290298461914e-09,0.005803730338811874,0.005803730338811874,0.007368441671133041,0.0014161542057991028,0.005952287465333939
ood,val_I,D:\EV-TTT\adajepa_official_51d8665\artifacts\ood\val_I_official_n5,pushobj_norm_envapi_v1,"[""s2_executed_mpc10"", ""s2_executed_mpc11"", ""s2_executed_mpc12"", ""s2_executed_mpc13"", ""s2_executed_mpc14""]",OFFICIAL_ADAJEPA,15,15,0,15,s2_history_mpc15,ood_valI_official_n5,2,201,I,15,full_horizon,10,g99_before,g24_before,g99_after,0.0005070008337497711,0.0005070120096206665,7.450580596923828e-09,0.004605226218700409,1e-06,2,0.0005070008337497711,0.0005070120096206665,7.450580596923828e-09,0.004098225384950638,0.004098221659660339,0.005079258233308792,0.002083670347929001,0.0029955878853797913
ood,val_I,D:\EV-TTT\adajepa_official_51d8665\artifacts\ood\val_I_official_n5,pushobj_norm_envapi_v1,"[""s2_executed_mpc11"", ""s2_executed_mpc12"", ""s2_executed_mpc13"", ""s2_executed_mpc14"", ""s2_executed_mpc15""]",OFFICIAL_ADAJEPA,16,16,0,16,s2_history_mpc16,ood_valI_official_n5,2,201,I,16,full_horizon,10,g99_after,g49_before,g99_after,0.0009748749434947968,0.0009748749434947968,0.0,0.005045659840106964,1e-06,2,0.0009748712182044983,0.0009748749434947968,3.725290298461914e-09,0.004070784896612167,0.004070784896612167,0.005310777574777603,0.00026511773467063904,0.005045659840106964
ood,val_I,D:\EV-TTT\adajepa_official_51d8665\artifacts\ood\val_I_official_n5,pushobj_norm_envapi_v1,"[""s2_executed_mpc12"", ""s2_executed_mpc13"", ""s2_executed_mpc14"", ""s2_executed_mpc15"", ""s2_executed_mpc16""]",OFFICIAL_ADAJEPA,17,17,0,17,s2_history_mpc17,ood_valI_official_n5,2,201,I,17,full_horizon,10,g99_before,g24_before,g99_after,0.0020811371505260468,0.0020811446011066437,0.0,0.00433233380317688,1e-06,2,0.0020811371505260468,0.0020811446011066437,0.0,0.002251196652650833,0.002251189202070236,0.004104185849428177,-0.000228147953748703,0.00433233380317688
ood,val_I,D:\EV-TTT\adajepa_official_51d8665\artifacts\ood\val_I_official_n5,pushobj_norm_envapi_v1,"[""s2_executed_mpc13"", ""s2_executed_mpc14"", ""s2_executed_mpc15"", ""s2_executed_mpc16"", ""s2_executed_mpc17""]",OFFICIAL_ADAJEPA,18,18,0,18,s2_history_mpc18,ood_valI_official_n5,2,201,I,18,full_horizon,10,g99_before,g24_before,g99_after,0.00031357258558273315,0.000313587486743927,0.0,0.00246550515294075,1e-06,2,0.00031357258558273315,0.000313587486743927,0.0,0.002151932567358017,0.002151917666196823,0.005569186061620712,0.003240428864955902,0.00232875719666481
ood,val_I,D:\EV-TTT\adajepa_official_51d8665\artifacts\ood\val_I_official_n5,pushobj_norm_envapi_v1,"[""s2_executed_mpc14"", ""s2_executed_mpc15"", ""s2_executed_mpc16"", ""s2_executed_mpc17"", ""s2_executed_mpc18""]",OFFICIAL_ADAJEPA,19,19,0,19,s2_history_mpc19,ood_valI_official_n5,2,201,I,19,full_horizon,10,g99_before,g24_before,g99_after,0.0011113360524177551,0.0011113472282886505,0.0,0.0039465539157390594,1e-06,2,0.0011113360524177551,0.0011113472282886505,0.0,0.0028352178633213043,0.002835206687450409,0.003795444965362549,-0.00012874603271484375,0.003924190998077393
ood,val_I,D:\EV-TTT\adajepa_official_51d8665\artifacts\ood\val_I_official_n5,pushobj_norm_envapi_v1,"[""s2_executed_mpc0"", ""s2_executed_mpc1""]",OFFICIAL_ADAJEPA,2,2,0,2,s2_history_mpc2,ood_valI_official_n5,2,201,I,2,terminal,10,g99_after,g49_after,g99_after,0.04520297050476074,0.04520297050476074,0.0,0.7706515155732632,1e-06,2,0.04520291090011597,0.04520297050476074,4.0978193283081055e-08,0.7254485450685024,0.7254485450685024,0.5764751993119717,1.3002853989601135,-0.7238101996481419
ood,val_I,D:\EV-TTT\adajepa_official_51d8665\artifacts\ood\val_I_official_n5,pushobj_norm_envapi_v1,"[""s2_executed_mpc0"", ""s2_executed_mpc1"", ""s2_executed_mpc2""]",OFFICIAL_ADAJEPA,3,3,0,3,s2_history_mpc3,ood_valI_official_n5,2,201,I,3,terminal,10,g99_after,g24_before,g99_after,0.02802291512489319,0.02802291512489319,0.0,0.05494390428066254,1e-06,2,0.02802291512489319,0.02802291512489319,7.450580596923828e-09,0.026920989155769348,0.026920989155769348,0.07191520184278488,0.09006443619728088,-0.018149234354496002
ood,val_I,D:\EV-TTT\adajepa_official_51d8665\artifacts\ood\val_I_official_n5,pushobj_norm_envapi_v1,"[""s2_executed_mpc0"", ""s2_executed_mpc1"", ""s2_executed_mpc2"", ""s2_executed_mpc3""]",OFFICIAL_ADAJEPA,4,4,0,4,s2_history_mpc4,ood_valI_official_n5,2,201,I,4,terminal,10,g99_after,g24_before,g99_after,0.017954528331756592,0.017954528331756592,0.0,0.0567234605550766,1e-06,2,0.017954528331756592,0.017954587936401367,1.2665987014770508e-07,0.03876893222332001,0.03876893222332001,0.2097402811050415,0.1589723527431488,0.0507679283618927
ood,val_I,D:\EV-TTT\adajepa_official_51d8665\artifacts\ood\val_I_official_n5,pushobj_norm_envapi_v1,"[""s2_executed_mpc0"", ""s2_executed_mpc1"", ""s2_executed_mpc2"", ""s2_executed_mpc3"", ""s2_executed_mpc4""]",OFFICIAL_ADAJEPA,5,5,0,5,s2_history_mpc5,ood_valI_official_n5,2,201,I,5,full_horizon,10,g99_after,g0_after,g99_after,0.014600705355405807,0.014600705355405807,0.0,0.023153426125645638,1e-06,2,0.014600701630115509,0.014600705355405807,3.725290298461914e-09,0.00855272077023983,0.00855272077023983,0.008579071611166,-0.0037571974098682404,0.01233626902103424
ood,val_I,D:\EV-TTT\adajepa_official_51d8665\artifacts\ood\val_I_official_n5,pushobj_norm_envapi_v1,"[""s2_executed_mpc1"", ""s2_executed_mpc2"", ""s2_executed_mpc3"", ""s2_executed_mpc4"", ""s2_executed_mpc5""]",OFFICIAL_ADAJEPA,6,6,0,6,s2_history_mpc6,ood_valI_official_n5,2,201,I,6,full_horizon,10,g99_after,g0_after,g99_after,0.0068238601088523865,0.0068238601088523865,0.0,0.010280905291438103,1e-06,2,0.006823856383562088,0.0068238601088523865,5.587935447692871e-09,0.0034570451825857162,0.0034570451825857162,0.004301043227314949,0.0022367388010025024,0.0020643044263124466
ood,val_I,D:\EV-TTT\adajepa_official_51d8665\artifacts\ood\val_I_official_n5,pushobj_norm_envapi_v1,"[""s2_executed_mpc2"", ""s2_executed_mpc3"", ""s2_executed_mpc4"", ""s2_executed_mpc5"", ""s2_executed_mpc6""]",OFFICIAL_ADAJEPA,7,7,0,7,s2_history_mpc7,ood_valI_official_n5,2,201,I,7,full_horizon,10,g99_after,g49_after,g99_after,0.00021820887923240662,0.00021820887923240662,0.0,0.008341420441865921,1e-06,2,0.00021820887923240662,0.00021821260452270508,7.450580596923828e-09,0.008123211562633514,0.008123211562633514,0.007586941123008728,0.012522067874670029,-0.004935126751661301
ood,val_I,D:\EV-TTT\adajepa_official_51d8665\artifacts\ood\val_I_official_n5,pushobj_norm_envapi_v1,"[""s2_executed_mpc3"", ""s2_executed_mpc4"", ""s2_executed_mpc5"", ""s2_executed_mpc6"", ""s2_executed_mpc7""]",OFFICIAL_ADAJEPA,8,8,0,8,s2_history_mpc8,ood_valI_official_n5,2,201,I,8,full_horizon,10,g99_after,g0_after,g99_after,0.0043428316712379456,0.0043428316712379456,0.0,0.007928486913442612,1e-06,2,0.00434282049536705,0.0043428316712379456,9.313225746154785e-09,0.003585655242204666,0.003585655242204666,0.004136035218834877,-0.0037100426852703094,0.007846077904105186
ood,val_I,D:\EV-TTT\adajepa_official_51d8665\artifacts\ood\val_I_official_n5,pushobj_norm_envapi_v1,"[""s2_executed_mpc4"", ""s2_executed_mpc5"", ""s2_executed_mpc6"", ""s2_executed_mpc7"", ""s2_executed_mpc8""]",OFFICIAL_ADAJEPA,9,9,0,9,s2_history_mpc9,ood_valI_official_n5,2,201,I,9,full_horizon,10,g99_after,g0_after,g99_after,0.005534283816814423,0.005534283816814423,0.0,0.015610236674547195,1e-06,2,0.005534283816814423,0.0055342912673950195,1.4901161193847656e-08,0.010075952857732773,0.010075952857732773,0.014179285615682602,-0.0014309510588645935,0.015610236674547195
ood,val_I,D:\EV-TTT\adajepa_official_51d8665\artifacts\ood\val_I_official_n5,pushobj_norm_envapi_v1,[],OFFICIAL_ADAJEPA,0,0,0,0,s3_history_mpc0,ood_valI_official_n5,3,301,I,0,terminal,10,g99_after,g0_after,g99_after,0.3629429340362549,0.3629429340362549,0.0,1.891272872686386,1e-06,2,0.36294281482696533,0.3629429340362549,2.0116567611694336e-07,1.5283299386501312,1.5283299386501312,1.4802604615688324,-0.2800835371017456,1.760343998670578
ood,val_I,D:\EV-TTT\adajepa_official_51d8665\artifacts\ood\val_I_official_n5,pushobj_norm_envapi_v1,"[""s3_executed_mpc0""]",OFFICIAL_ADAJEPA,1,1,0,1,s3_history_mpc1,ood_valI_official_n5,3,301,I,1,terminal,10,g99_after,g24_after,g99_after,0.009276509284973145,0.009276509284973145,0.0,0.7164652571082115,1e-06,2,0.009276509284973145,0.009276531636714935,5.587935447692871e-08,0.7071887478232384,0.7071887478232384,0.7996807470917702,1.4886057749390602,-0.68892502784729
ood,val_I,D:\EV-TTT\adajepa_official_51d8665\artifacts\ood\val_I_official_n5,pushobj_norm_envapi_v1,"[""s3_executed_mpc5"", ""s3_executed_mpc6"", ""s3_executed_mpc7"", ""s3_executed_mpc8"", ""s3_executed_mpc9""]",OFFICIAL_ADAJEPA,10,10,0,10,s3_history_mpc10,ood_valI_official_n5,3,301,I,10,full_horizon,10,g99_after,g0_after,g99_after,0.0032669901847839355,0.0032669901847839355,0.0,0.007555474527180195,1e-06,2,0.0032669901847839355,0.00326699111610651,4.6566128730773926e-09,0.004288484342396259,0.004288484342396259,0.00513839814811945,0.0055339764803647995,-0.0003955783322453499
ood,val_I,D:\EV-TTT\adajepa_official_51d8665\artifacts\ood\val_I_official_n5,pushobj_norm_envapi_v1,"[""s3_executed_mpc6"", ""s3_executed_mpc7"", ""s3_executed_mpc8"", ""s3_executed_mpc9"", ""s3_executed_mpc10""]",OFFICIAL_ADAJEPA,11,11,0,11,s3_history_mpc11,ood_valI_official_n5,3,301,I,11,full_horizon,10,g99_after,g24_before,g99_after,0.0011281170882284641,0.0011281170882284641,0.0,0.003185226581990719,1e-06,2,0.0011281068436801434,0.0011281170882284641,6.05359673500061e-09,0.0020571094937622547,0.0020571094937622547,0.00915911328047514,0.005973886698484421,0.003185226581990719
ood,val_I,D:\EV-TTT\adajepa_official_51d8665\artifacts\ood\val_I_official_n5,pushobj_norm_envapi_v1,"[""s3_executed_mpc7"", ""s3_executed_mpc8"", ""s3_executed_mpc9"", ""s3_executed_mpc10"", ""s3_executed_mpc11""]",OFFICIAL_ADAJEPA,12,12,0,12,s3_history_mpc12,ood_valI_official_n5,3,301,I,12,full_horizon,10,g99_after,g24_before,g99_after,0.00057964026927948,0.00057964026927948,0.0,0.004773059394210577,1e-06,2,0.0005796346813440323,0.00057964026927948,3.259629011154175e-09,0.004193419124931097,0.004193419124931097,0.006495049223303795,0.002178813796490431,0.004316235426813364
ood,val_I,D:\EV-TTT\adajepa_official_51d8665\artifacts\ood\val_I_official_n5,pushobj_norm_envapi_v1,"[""s3_executed_mpc8"", ""s3_executed_mpc9"", ""s3_executed_mpc10"", ""s3_executed_mpc11"", ""s3_executed_mpc12""]",OFFICIAL_ADAJEPA,13,13,0,13,s3_history_mpc13,ood_valI_official_n5,3,301,I,13,full_horizon,10,g99_after,g99_before,g99_after,5.587935447692871e-09,5.587935447692871e-09,0.0,0.008275161497294903,1e-06,2,0.0,5.587935447692871e-09,4.190951585769653e-09,0.008275155909359455,0.008275155909359455,0.007677916903048754,0.0010276180692017078,0.006650298833847046
ood,val_I,D:\EV-TTT\adajepa_official_51d8665\artifacts\ood\val_I_official_n5,pushobj_norm_envapi_v1,"[""s3_executed_mpc9"", ""s3_executed_mpc10"", ""s3_executed_mpc11"", ""s3_executed_mpc12"", ""s3_executed_mpc13""]",OFFICIAL_ADAJEPA,14,14,0,14,s3_history_mpc14,ood_valI_official_n5,3,301,I,14,full_horizon,10,g99_after,g24_after,g99_after,0.0014987499453127384,0.0014987499453127384,0.0,0.004588154144585133,1e-06,2,0.0014987466856837273,0.0014987499453127384,2.7939677238464355e-09,0.003089404199272394,0.003089404199272394,0.004915413446724415,0.0007350407540798187,0.004180372692644596
ood,val_I,D:\EV-TTT\adajepa_official_51d8665\artifacts\ood\val_I_official_n5,pushobj_norm_envapi_v1,"[""s3_executed_mpc10"", ""s3_executed_mpc11"", ""s3_executed_mpc12"", ""s3_executed_mpc13"", ""s3_executed_mpc14""]",OFFICIAL_ADAJEPA,15,15,0,15,s3_history_mpc15,ood_valI_official_n5,3,301,I,15,full_horizon,10,g99_after,g0_before,g99_after,0.0031412621028721333,0.0031412621028721333,0.0,0.01350416848435998,1e-06,2,0.0031412621028721333,0.0031412667594850063,3.725290298461914e-09,0.010362906381487846,0.010362906381487846,0.009803952649235725,-0.0031412621028721333,0.012945214752107859
ood,val_I,D:\EV-TTT\adajepa_official_51d8665\artifacts\ood\val_I_official_n5,pushobj_norm_envapi_v1,"[""s3_executed_mpc11"", ""s3_executed_mpc12"", ""s3_executed_mpc13"", ""s3_executed_mpc14"", ""s3_executed_mpc15""]",OFFICIAL_ADAJEPA,16,16,0,16,s3_history_mpc16,ood_valI_official_n5,3,301,I,16,full_horizon,10,g99_after,g0_before,g99_after,0.0007760794833302498,0.0007760794833302498,0.0,0.009803149849176407,1e-06,2,0.0007760794833302498,0.000776093453168869,1.210719347000122e-08,0.009027070365846157,0.009027070365846157,0.003599015064537525,-0.0007760794833302498,0.004375094547867775
ood,val_I,D:\EV-TTT\adajepa_official_51d8665\artifacts\ood\val_I_official_n5,pushobj_norm_envapi_v1,"[""s3_executed_mpc12"", ""s3_executed_mpc13"", ""s3_executed_mpc14"", ""s3_executed_mpc15"", ""s3_executed_mpc16""]",OFFICIAL_ADAJEPA,17,17,0,17,s3_history_mpc17,ood_valI_official_n5,3,301,I,17,full_horizon,10,g99_after,g99_after,g99_after,0.0,0.0,0.0,0.009453331120312214,1e-06,2,0.0,2.8870999813079834e-08,6.51925802230835e-09,0.009453331120312214,0.009453331120312214,0.00296991690993309,0.0031650811433792114,-0.00019516423344612122
ood,val_I,D:\EV-TTT\adajepa_official_51d8665\artifacts\ood\val_I_official_n5,pushobj_norm_envapi_v1,"[""s3_executed_mpc13"", ""s3_executed_mpc14"", ""s3_executed_mpc15"", ""s3_executed_mpc16"", ""s3_executed_mpc17""]",OFFICIAL_ADAJEPA,18,18,0,18,s3_history_mpc18,ood_valI_official_n5,3,301,I,18,full_horizon,10,g99_after,g99_after,g99_after,0.0,0.0,0.0,0.0118677974678576,1e-06,2,0.0,2.514570951461792e-08,2.3283064365386963e-09,0.0118677974678576,0.0118677974678576,0.0022113495506346226,0.005390786565840244,-0.0031794370152056217
ood,val_I,D:\EV-TTT\adajepa_official_51d8665\artifacts\ood\val_I_official_n5,pushobj_norm_envapi_v1,"[""s3_executed_mpc14"", ""s3_executed_mpc15"", ""s3_executed_mpc16"", ""s3_executed_mpc17"", ""s3_executed_mpc18""]",OFFICIAL_ADAJEPA,19,19,0,19,s3_history_mpc19,ood_valI_official_n5,3,301,I,19,full_horizon,10,g99_after,g99_after,g99_after,0.0,0.0,0.0,0.008794543333351612,1e-06,2,0.0,2.7939677238464355e-08,6.51925802230835e-09,0.008794543333351612,0.008794543333351612,0.0028660092502832413,1.2537464499473572e-05,0.0028534717857837677
ood,val_I,D:\EV-TTT\adajepa_official_51d8665\artifacts\ood\val_I_official_n5,pushobj_norm_envapi_v1,"[""s3_executed_mpc0"", ""s3_executed_mpc1""]",OFFICIAL_ADAJEPA,2,2,0,2,s3_history_mpc2,ood_valI_official_n5,3,301,I,2,terminal,10,g99_after,g24_before,g99_after,0.09393377229571342,0.09393377229571342,0.0,0.12166532874107361,1e-06,2,0.09393377229571342,0.09393377229571342,2.60770320892334e-08,0.027731556445360184,0.027731556445360184,0.07501674443483353,0.00021626055240631104,0.07480048388242722
ood,val_I,D:\EV-TTT\adajepa_official_51d8665\artifacts\ood\val_I_official_n5,pushobj_norm_envapi_v1,"[""s3_executed_mpc0"", ""s3_executed_mpc1"", ""s3_executed_mpc2""]",OFFICIAL_ADAJEPA,3,3,0,3,s3_history_mpc3,ood_valI_official_n5,3,301,I,3,terminal,10,g99_after,g24_before,g99_after,0.01236693188548088,0.01236693188548088,0.0,0.08308849856257439,1e-06,2,0.01236693188548088,0.012366946786642075,1.862645149230957e-09,0.0707215666770935,0.0707215666770935,0.04599105380475521,0.11472202092409134,-0.06873096711933613
ood,val_I,D:\EV-TTT\adajepa_official_51d8665\artifacts\ood\val_I_official_n5,pushobj_norm_envapi_v1,"[""s3_executed_mpc0"", ""s3_executed_mpc1"", ""s3_executed_mpc2"", ""s3_executed_mpc3""]",OFFICIAL_ADAJEPA,4,4,0,4,s3_history_mpc4,ood_valI_official_n5,3,301,I,4,terminal,10,g99_after,g24_before,g99_after,0.002813030034303665,0.002813030034303665,0.0,0.040229009464383125,1e-06,2,0.002813030034303665,0.002813030034303665,8.381903171539307e-08,0.03741597943007946,0.03741597943007946,0.07971668057143688,0.04808896407485008,0.0316277164965868
ood,val_I,D:\EV-TTT\adajepa_official_51d8665\artifacts\ood\val_I_official_n5,pushobj_norm_envapi_v1,"[""s3_executed_mpc0"", ""s3_executed_mpc1"", ""s3_executed_mpc2"", ""s3_executed_mpc3"", ""s3_executed_mpc4""]",OFFICIAL_ADAJEPA,5,5,0,5,s3_history_mpc5,ood_valI_official_n5,3,301,I,5,full_horizon,10,g99_after,g0_after,g99_after,0.00160285085439682,0.00160285085439682,0.0,0.009178436361253262,1e-06,2,0.00160285085439682,0.00160285085439682,3.725290298461914e-09,0.0075755855068564415,0.0075755855068564415,0.006199579685926437,0.0014826226979494095,0.004716956987977028
ood,val_I,D:\EV-TTT\adajepa_official_51d8665\artifacts\ood\val_I_official_n5,pushobj_norm_envapi_v1,"[""s3_executed_mpc1"", ""s3_executed_mpc2"", ""s3_executed_mpc3"", ""s3_executed_mpc4"", ""s3_executed_mpc5""]",OFFICIAL_ADAJEPA,6,6,0,6,s3_history_mpc6,ood_valI_official_n5,3,301,I,6,full_horizon,10,g99_after,g24_before,g99_after,0.0007641431875526905,0.0007641431875526905,0.0,0.004877306520938873,1e-06,2,0.0007641431875526905,0.0007641441188752651,1.3969838619232178e-09,0.004113163333386183,0.004113163333386183,0.005883235018700361,0.008726952597498894,-0.0028437175787985325
ood,val_I,D:\EV-TTT\adajepa_official_51d8665\artifacts\ood\val_I_official_n5,pushobj_norm_envapi_v1,"[""s3_executed_mpc2"", ""s3_executed_mpc3"", ""s3_executed_mpc4"", ""s3_executed_mpc5"", ""s3_executed_mpc6""]",OFFICIAL_ADAJEPA,7,7,0,7,s3_history_mpc7,ood_valI_official_n5,3,301,I,7,full_horizon,10,g99_after,g99_after,g99_after,0.0,0.0,0.0,0.002530984580516815,1e-06,2,0.0,1.6298145055770874e-09,2.7939677238464355e-09,0.002530984580516815,0.002530984580516815,0.004315626807510853,0.00684661022387445,-0.002530983416363597
ood,val_I,D:\EV-TTT\adajepa_official_51d8665\artifacts\ood\val_I_official_n5,pushobj_norm_envapi_v1,"[""s3_executed_mpc3"", ""s3_executed_mpc4"", ""s3_executed_mpc5"", ""s3_executed_mpc6"", ""s3_executed_mpc7""]",OFFICIAL_ADAJEPA,8,8,0,8,s3_history_mpc8,ood_valI_official_n5,3,301,I,8,full_horizon,10,g99_after,g24_before,g99_after,0.00138904619961977,0.00138904619961977,0.0,0.004151433706283569,1e-06,2,0.0013890410773456097,0.00138904619961977,4.656612873077393e-10,0.0027623875066637993,0.0027623875066637993,0.004952362738549709,0.00080092903226614,0.004151433706283569
ood,val_I,D:\EV-TTT\adajepa_official_51d8665\artifacts\ood\val_I_official_n5,pushobj_norm_envapi_v1,"[""s3_executed_mpc4"", ""s3_executed_mpc5"", ""s3_executed_mpc6"", ""s3_executed_mpc7"", ""s3_executed_mpc8""]",OFFICIAL_ADAJEPA,9,9,0,9,s3_history_mpc9,ood_valI_official_n5,3,301,I,9,full_horizon,10,g99_after,g0_after,g99_after,0.006698412820696831,0.006698412820696831,0.0,0.01222502556629479,1e-06,2,0.006698412820696831,0.00669841468334198,3.958120942115784e-09,0.0055266127455979586,0.0055266127455979586,0.006221342831850052,-0.005942340940237045,0.012163683772087097
ood,val_I,D:\EV-TTT\adajepa_official_51d8665\artifacts\ood\val_I_official_n5,pushobj_norm_envapi_v1,[],OFFICIAL_ADAJEPA,0,0,0,0,s4_history_mpc0,ood_valI_official_n5,4,401,I,0,terminal,10,g99_after,g49_after,g99_after,0.02562493085861206,0.02562493085861206,0.0,0.31965116411447525,1e-06,2,0.025624878704547882,0.02562493085861206,1.043081283569336e-07,0.2940262332558632,0.2940262332558632,2.494113102555275,2.6932780146598816,-0.19916491210460663
ood,val_I,D:\EV-TTT\adajepa_official_51d8665\artifacts\ood\val_I_official_n5,pushobj_norm_envapi_v1,"[""s4_executed_mpc0""]",OFFICIAL_ADAJEPA,1,1,0,1,s4_history_mpc1,ood_valI_official_n5,4,401,I,1,terminal,10,g99_after,g74_after,g99_after,4.3064355850219727e-05,4.3064355850219727e-05,0.0,0.10612866282463074,1e-06,2,4.3064355850219727e-05,4.312396049499512e-05,1.043081283569336e-07,0.10608559846878052,0.10608559846878052,0.05688829720020294,0.042336784303188324,0.014551512897014618
ood,val_I,D:\EV-TTT\adajepa_official_51d8665\artifacts\ood\val_I_official_n5,pushobj_norm_envapi_v1,"[""s4_executed_mpc5"", ""s4_executed_mpc6"", ""s4_executed_mpc7"", ""s4_executed_mpc8"", ""s4_executed_mpc9""]",OFFICIAL_ADAJEPA,10,10,0,10,s4_history_mpc10,ood_valI_official_n5,4,401,I,10,full_horizon,10,g99_after,g49_after,g99_after,2.3647211492061615e-05,2.3647211492061615e-05,0.0,0.002883562818169594,1e-06,2,2.3647211492061615e-05,2.365000545978546e-05,9.313225746154785e-10,0.002859915606677532,0.002859915606677532,0.004321804270148277,0.0014382433146238327,0.0028835609555244446
ood,val_I,D:\EV-TTT\adajepa_official_51d8665\artifacts\ood\val_I_official_n5,pushobj_norm_envapi_v1,"[""s4_executed_mpc6"", ""s4_executed_mpc7"", ""s4_executed_mpc8"", ""s4_executed_mpc9"", ""s4_executed_mpc10""]",OFFICIAL_ADAJEPA,11,11,0,11,s4_history_mpc11,ood_valI_official_n5,4,401,I,11,full_horizon,10,g99_after,g74_before,g99_after,8.185207843780518e-05,8.185207843780518e-05,0.0,0.003006531158462167,1e-06,2,8.185207843780518e-05,8.18539410829544e-05,6.984919309616089e-10,0.0029246790800243616,0.0029246790800243616,0.003689282340928912,0.0008615078404545784,0.0028277745004743338
ood,val_I,D:\EV-TTT\adajepa_official_51d8665\artifacts\ood\val_I_official_n5,pushobj_norm_envapi_v1,"[""s4_executed_mpc7"", ""s4_executed_mpc8"", ""s4_executed_mpc9"", ""s4_executed_mpc10"", ""s4_executed_mpc11""]",OFFICIAL_ADAJEPA,12,12,0,12,s4_history_mpc12,ood_valI_official_n5,4,401,I,12,full_horizon,10,g99_after,g99_before,g99_after,2.7939677238464355e-09,2.7939677238464355e-09,0.0,0.004989163018763065,1e-06,2,0.0,2.7939677238464355e-09,2.3283064365386963e-09,0.0049891602247953415,0.0049891602247953415,0.002623441629111767,0.002140936441719532,0.0004825051873922348
ood,val_I,D:\EV-TTT\adajepa_official_51d8665\artifacts\ood\val_I_official_n5,pushobj_norm_envapi_v1,"[""s4_executed_mpc8"", ""s4_executed_mpc9"", ""s4_executed_mpc10"", ""s4_executed_mpc11"", ""s4_executed_mpc12""]",OFFICIAL_ADAJEPA,13,13,0,13,s4_history_mpc13,ood_valI_official_n5,4,401,I,13,full_horizon,10,g99_after,g24_before,g99_after,0.00034942012280225754,0.00034942012280225754,0.0,0.0020461329258978367,1e-06,2,0.0003494126722216606,0.00034942012280225754,2.3283064365386963e-09,0.0016967128030955791,0.0016967128030955791,0.003115834202617407,0.0013049952685832977,0.0018108389340341091
ood,val_I,D:\EV-TTT\adajepa_official_51d8665\artifacts\ood\val_I_official_n5,pushobj_norm_envapi_v1,"[""s4_executed_mpc9"", ""s4_executed_mpc10"", ""s4_executed_mpc11"", ""s4_executed_mpc12"", ""s4_executed_mpc13""]",OFFICIAL_ADAJEPA,14,14,0,14,s4_history_mpc14,ood_valI_official_n5,4,401,I,14,full_horizon,10,g99_after,g99_before,g99_after,3.259629011154175e-09,3.259629011154175e-09,0.0,0.001912243664264679,1e-06,2,0.0,3.259629011154175e-09,2.3283064365386963e-09,0.0019122404046356678,0.0019122404046356678,0.002908557653427124,0.0017248494550585747,0.0011837081983685493
ood,val_I,D:\EV-TTT\adajepa_official_51d8665\artifacts\ood\val_I_official_n5,pushobj_norm_envapi_v1,"[""s4_executed_mpc10"", ""s4_executed_mpc11"", ""s4_executed_mpc12"", ""s4_executed_mpc13"", ""s4_executed_mpc14""]",OFFICIAL_ADAJEPA,15,15,0,15,s4_history_mpc15,ood_valI_official_n5,4,401,I,15,full_horizon,10,g99_after,g24_before,g99_after,0.0003216085024178028,0.0003216085024178028,0.0,0.0020625307224690914,1e-06,2,0.00032160570845007896,0.0003216085024178028,2.3283064365386963e-09,0.0017409222200512886,0.0017409222200512886,0.0038025151006877422,0.001770278438925743,0.002032236661761999
ood,val_I,D:\EV-TTT\adajepa_official_51d8665\artifacts\ood\val_I_official_n5,pushobj_norm_envapi_v1,"[""s4_executed_mpc11"", ""s4_executed_mpc12"", ""s4_executed_mpc13"", ""s4_executed_mpc14"", ""s4_executed_mpc15""]",OFFICIAL_ADAJEPA,16,16,0,16,s4_history_mpc16,ood_valI_official_n5,4,401,I,16,full_horizon,10,g99_after,g99_after,g99_after,0.0,0.0,0.0,0.004778878763318062,1e-06,2,0.0,1.3969838619232178e-09,2.3283064365386963e-09,0.004778878763318062,0.004778878763318062,0.0032351980917155743,0.002234103623777628,0.0010010944679379463
ood,val_I,D:\EV-TTT\adajepa_official_51d8665\artifacts\ood\val_I_official_n5,pushobj_norm_envapi_v1,"[""s4_executed_mpc12"", ""s4_executed_mpc13"", ""s4_executed_mpc14"", ""s4_executed_mpc15"", ""s4_executed_mpc16""]",OFFICIAL_ADAJEPA,17,17,0,17,s4_history_mpc17,ood_valI_official_n5,4,401,I,17,full_horizon,10,g99_before,g24_before,g99_after,2.3538712412118912e-05,2.353917807340622e-05,9.313225746154785e-10,0.002316905651241541,1e-06,2,2.3538712412118912e-05,2.353917807340622e-05,9.313225746154785e-10,0.002293366938829422,0.0022933674044907093,0.0031670676544308662,0.0014062556438148022,0.001760812010616064
ood,val_I,D:\EV-TTT\adajepa_official_51d8665\artifacts\ood\val_I_official_n5,pushobj_norm_envapi_v1,"[""s4_executed_mpc13"", ""s4_executed_mpc14"", ""s4_executed_mpc15"", ""s4_executed_mpc16"", ""s4_executed_mpc17""]",OFFICIAL_ADAJEPA,18,18,0,18,s4_history_mpc18,ood_valI_official_n5,4,401,I,18,full_horizon,10,g99_after,g24_before,g99_after,0.0004160548560321331,0.0004160548560321331,0.0,0.0028048823587596416,1e-06,2,0.00041605206206440926,0.0004160548560321331,1.862645149230957e-09,0.0023888275027275085,0.0023888275027275085,0.0035826368257403374,0.0014097495004534721,0.0021728873252868652
ood,val_I,D:\EV-TTT\adajepa_official_51d8665\artifacts\ood\val_I_official_n5,pushobj_norm_envapi_v1,"[""s4_executed_mpc14"", ""s4_executed_mpc15"", ""s4_executed_mpc16"", ""s4_executed_mpc17"", ""s4_executed_mpc18""]",OFFICIAL_ADAJEPA,19,19,0,19,s4_history_mpc19,ood_valI_official_n5,4,401,I,19,full_horizon,10,g99_after,g24_after,g99_after,0.00014705630019307137,0.00014705630019307137,0.0,0.0014114007353782654,1e-06,2,0.00014705071225762367,0.00014705630019307137,1.862645149230957e-09,0.001264344435185194,0.001264344435185194,0.0031097345054149628,0.0017088670283555984,0.0014008674770593643
ood,val_I,D:\EV-TTT\adajepa_official_51d8665\artifacts\ood\val_I_official_n5,pushobj_norm_envapi_v1,"[""s4_executed_mpc0"", ""s4_executed_mpc1""]",OFFICIAL_ADAJEPA,2,2,0,2,s4_history_mpc2,ood_valI_official_n5,4,401,I,2,terminal,10,g99_after,g24_after,g99_after,0.009747005999088287,0.009747005999088287,0.0,0.04856760799884796,1e-06,2,0.009746983647346497,0.009747005999088287,1.341104507446289e-07,0.038820601999759674,0.038820601999759674,0.07503419369459152,0.03116796538233757,0.04386622831225395
ood,val_I,D:\EV-TTT\adajepa_official_51d8665\artifacts\ood\val_I_official_n5,pushobj_norm_envapi_v1,"[""s4_executed_mpc0"", ""s4_executed_mpc1"", ""s4_executed_mpc2""]",OFFICIAL_ADAJEPA,3,3,0,3,s4_history_mpc3,ood_valI_official_n5,4,401,I,3,terminal,10,g99_after,g24_before,g99_after,0.0022279396653175354,0.0022279396653175354,0.0,0.04493166133761406,1e-06,2,0.002227913588285446,0.0022279396653175354,1.4901161193847656e-08,0.042703721672296524,0.042703721672296524,0.07354561984539032,0.057743050158023834,0.015802569687366486
ood,val_I,D:\EV-TTT\adajepa_official_51d8665\artifacts\ood\val_I_official_n5,pushobj_norm_envapi_v1,"[""s4_executed_mpc0"", ""s4_executed_mpc1"", ""s4_executed_mpc2"", ""s4_executed_mpc3""]",OFFICIAL_ADAJEPA,4,4,0,4,s4_history_mpc4,ood_valI_official_n5,4,401,I,4,terminal,10,g99_after,g99_after,g99_after,0.0,0.0,0.0,0.03040125221014023,1e-06,2,0.0,2.2351741790771484e-08,2.60770320892334e-08,0.03040125221014023,0.03040125221014023,0.034297212958335876,0.024388588964939117,0.009908623993396759
ood,val_I,D:\EV-TTT\adajepa_official_51d8665\artifacts\ood\val_I_official_n5,pushobj_norm_envapi_v1,"[""s4_executed_mpc0"", ""s4_executed_mpc1"", ""s4_executed_mpc2"", ""s4_executed_mpc3"", ""s4_executed_mpc4""]",OFFICIAL_ADAJEPA,5,5,0,5,s4_history_mpc5,ood_valI_official_n5,4,401,I,5,full_horizon,10,g99_after,g24_before,g99_after,0.0002556759864091873,0.0002556759864091873,0.0,0.0014977455139160156,1e-06,2,0.0002556745894253254,0.0002556759864091873,3.725290298461914e-09,0.0012420695275068283,0.0012420695275068283,0.0036551356315612793,0.004523102659732103,-0.000867967028170824
ood,val_I,D:\EV-TTT\adajepa_official_51d8665\artifacts\ood\val_I_official_n5,pushobj_norm_envapi_v1,"[""s4_executed_mpc1"", ""s4_executed_mpc2"", ""s4_executed_mpc3"", ""s4_executed_mpc4"", ""s4_executed_mpc5""]",OFFICIAL_ADAJEPA,6,6,0,6,s4_history_mpc6,ood_valI_official_n5,4,401,I,6,full_horizon,10,g99_after,g74_after,g99_after,3.2295938581228256e-05,3.2295938581228256e-05,0.0,0.0004901420325040817,1e-06,2,3.2292213290929794e-05,3.2295938581228256e-05,1.862645149230957e-09,0.00045784609392285347,0.00045784609392285347,0.002659580670297146,0.0021933582611382008,0.0004662224091589451
ood,val_I,D:\EV-TTT\adajepa_official_51d8665\artifacts\ood\val_I_official_n5,pushobj_norm_envapi_v1,"[""s4_executed_mpc2"", ""s4_executed_mpc3"", ""s4_executed_mpc4"", ""s4_executed_mpc5"", ""s4_executed_mpc6""]",OFFICIAL_ADAJEPA,7,7,0,7,s4_history_mpc7,ood_valI_official_n5,4,401,I,7,full_horizon,10,g99_after,g74_after,g99_after,1.7620623111724854e-05,1.7620623111724854e-05,0.0,0.0007132710888981819,1e-06,2,1.7620623111724854e-05,1.76234170794487e-05,2.3283064365386963e-09,0.0006956504657864571,0.0006956504657864571,0.0025064763613045216,0.0018733772449195385,0.0006330991163849831
ood,val_I,D:\EV-TTT\adajepa_official_51d8665\artifacts\ood\val_I_official_n5,pushobj_norm_envapi_v1,"[""s4_executed_mpc3"", ""s4_executed_mpc4"", ""s4_executed_mpc5"", ""s4_executed_mpc6"", ""s4_executed_mpc7""]",OFFICIAL_ADAJEPA,8,8,0,8,s4_history_mpc8,ood_valI_official_n5,4,401,I,8,full_horizon,10,g99_before,g24_before,g99_after,0.0005603977479040623,0.0005603991448879242,9.313225746154785e-10,0.002458740957081318,1e-06,2,0.0005603977479040623,0.0005603991448879242,9.313225746154785e-10,0.0018983432091772556,0.0018983427435159683,0.004074133932590485,0.0020892322063446045,0.00198490172624588
ood,val_I,D:\EV-TTT\adajepa_official_51d8665\artifacts\ood\val_I_official_n5,pushobj_norm_envapi_v1,"[""s4_executed_mpc4"", ""s4_executed_mpc5"", ""s4_executed_mpc6"", ""s4_executed_mpc7"", ""s4_executed_mpc8""]",OFFICIAL_ADAJEPA,9,9,0,9,s4_history_mpc9,ood_valI_official_n5,4,401,I,9,full_horizon,10,g99_after,g74_before,g99_after,5.2005983889102936e-05,5.2005983889102936e-05,0.0,0.0027361828833818436,1e-06,2,5.200551822781563e-05,5.2005983889102936e-05,1.3969838619232178e-09,0.0026841768994927406,0.0026841768994927406,0.004898251965641975,0.0026476639322936535,0.002250588033348322
ood,val_I,D:\EV-TTT\adajepa_official_51d8665\artifacts\ood\val_I_predictor_only_n5,pushobj_norm_envapi_v1,[],PREDICTOR_ONLY,0,0,0,0,s0_history_mpc0,ood_valI_predictor_only_n5,0,1,I,0,terminal,10,g99_after,g99_after,g99_after,0.0,0.0,0.0,0.2895818445831537,1e-06,2,0.0,1.1175870895385742e-08,2.9802322387695312e-08,0.2895818445831537,0.2895818445831537,0.8658464178442955,1.039780393242836,-0.1739339753985405
ood,val_I,D:\EV-TTT\adajepa_official_51d8665\artifacts\ood\val_I_predictor_only_n5,pushobj_norm_envapi_v1,"[""s0_executed_mpc0""]",PREDICTOR_ONLY,0,1,0,1,s0_history_mpc1,ood_valI_predictor_only_n5,0,1,I,1,terminal,10,g99_after,g24_before,g99_after,0.3077907897531986,0.3077907897531986,0.0,0.32779574021697044,1e-06,2,0.30779073014855385,0.3077907897531986,4.842877388000488e-08,0.02000495046377182,0.02000495046377182,0.04814581200480461,-0.2752525843679905,0.3233983963727951
ood,val_I,D:\EV-TTT\adajepa_official_51d8665\artifacts\ood\val_I_predictor_only_n5,pushobj_norm_envapi_v1,"[""s0_executed_mpc5"", ""s0_executed_mpc6"", ""s0_executed_mpc7"", ""s0_executed_mpc8"", ""s0_executed_mpc9""]",PREDICTOR_ONLY,0,10,0,10,s0_history_mpc10,ood_valI_predictor_only_n5,0,1,I,10,full_horizon,10,g99_after,g24_after,g99_after,0.0005194395780563354,0.0005194395780563354,0.0,0.009197140578180552,1e-06,2,0.0005194395780563354,0.0005194433033466339,2.3283064365386963e-09,0.008677701000124216,0.008677701000124216,0.003436453640460968,0.0007327282801270485,0.0027037253603339195
ood,val_I,D:\EV-TTT\adajepa_official_51d8665\artifacts\ood\val_I_predictor_only_n5,pushobj_norm_envapi_v1,"[""s0_executed_mpc6"", ""s0_executed_mpc7"", ""s0_executed_mpc8"", ""s0_executed_mpc9"", ""s0_executed_mpc10""]",PREDICTOR_ONLY,0,11,0,11,s0_history_mpc11,ood_valI_predictor_only_n5,0,1,I,11,full_horizon,10,g99_after,g74_before,g99_after,6.712973117828369e-06,6.712973117828369e-06,0.0,0.009309452027082443,1e-06,2,6.712973117828369e-06,6.7157670855522156e-06,1.862645149230957e-09,0.009302739053964615,0.009302739053964615,0.0037441751919686794,0.0032328832894563675,0.0005112919025123119
ood,val_I,D:\EV-TTT\adajepa_official_51d8665\artifacts\ood\val_I_predictor_only_n5,pushobj_norm_envapi_v1,"[""s0_executed_mpc7"", ""s0_executed_mpc8"", ""s0_executed_mpc9"", ""s0_executed_mpc10"", ""s0_executed_mpc11""]",PREDICTOR_ONLY,0,12,0,12,s0_history_mpc12,ood_valI_predictor_only_n5,0,1,I,12,full_horizon,10,g99_after,g74_before,g99_after,4.875008016824722e-06,4.875008016824722e-06,0.0,0.014186793006956577,1e-06,2,4.869420081377029e-06,4.875008016824722e-06,3.259629011154175e-09,0.014181917998939753,0.014181917998939753,0.0036713466979563236,0.0032146372832357883,0.0004567094147205353
ood,val_I,D:\EV-TTT\adajepa_official_51d8665\artifacts\ood\val_I_predictor_only_n5,pushobj_norm_envapi_v1,"[""s0_executed_mpc8"", ""s0_executed_mpc9"", ""s0_executed_mpc10"", ""s0_executed_mpc11"", ""s0_executed_mpc12""]",PREDICTOR_ONLY,0,13,0,13,s0_history_mpc13,ood_valI_predictor_only_n5,0,1,I,13,full_horizon,10,g99_after,g49_after,g99_after,8.52588564157486e-05,8.52588564157486e-05,0.0,0.008092396426945925,1e-06,2,8.525652810931206e-05,8.52588564157486e-05,1.3969838619232178e-09,0.008007137570530176,0.008007137570530176,0.004431088920682669,0.0017823115922510624,0.0026487773284316063
ood,val_I,D:\EV-TTT\adajepa_official_51d8665\artifacts\ood\val_I_predictor_only_n5,pushobj_norm_envapi_v1,"[""s0_executed_mpc9"", ""s0_executed_mpc10"", ""s0_executed_mpc11"", ""s0_executed_mpc12"", ""s0_executed_mpc13""]",PREDICTOR_ONLY,0,14,0,14,s0_history_mpc14,ood_valI_predictor_only_n5,0,1,I,14,full_horizon,10,g99_after,g99_before,g99_after,1.862645149230957e-09,1.862645149230957e-09,0.0,0.013529446674510837,1e-06,2,0.0,1.862645149230957e-09,2.561137080192566e-09,0.013529444811865687,0.013529444811865687,0.004308199044317007,0.0030863769352436066,0.0012218221090734005
ood,val_I,D:\EV-TTT\adajepa_official_51d8665\artifacts\ood\val_I_predictor_only_n5,pushobj_norm_envapi_v1,"[""s0_executed_mpc10"", ""s0_executed_mpc11"", ""s0_executed_mpc12"", ""s0_executed_mpc13"", ""s0_executed_mpc14""]",PREDICTOR_ONLY,0,15,0,15,s0_history_mpc15,ood_valI_predictor_only_n5,0,1,I,15,full_horizon,10,g99_after,g49_after,g99_after,4.245247691869736e-05,4.245247691869736e-05,0.0,0.007503384258598089,1e-06,2,4.24492172896862e-05,4.245247691869736e-05,1.6298145055770874e-09,0.007460931781679392,0.007460931781679392,0.003682968206703663,0.0014333375729620457,0.002249630633741617
ood,val_I,D:\EV-TTT\adajepa_official_51d8665\artifacts\ood\val_I_predictor_only_n5,pushobj_norm_envapi_v1,"[""s0_executed_mpc11"", ""s0_executed_mpc12"", ""s0_executed_mpc13"", ""s0_executed_mpc14"", ""s0_executed_mpc15""]",PREDICTOR_ONLY,0,16,0,16,s0_history_mpc16,ood_valI_predictor_only_n5,0,1,I,16,full_horizon,10,g99_after,g49_before,g99_after,6.413878872990608e-05,6.413878872990608e-05,0.0,0.0050150686874985695,1e-06,2,6.413832306861877e-05,6.413878872990608e-05,1.862645149230957e-09,0.004950929898768663,0.004950929898768663,0.008777274284511805,0.003762205597013235,0.0050150686874985695
ood,val_I,D:\EV-TTT\adajepa_official_51d8665\artifacts\ood\val_I_predictor_only_n5,pushobj_norm_envapi_v1,"[""s0_executed_mpc12"", ""s0_executed_mpc13"", ""s0_executed_mpc14"", ""s0_executed_mpc15"", ""s0_executed_mpc16""]",PREDICTOR_ONLY,0,17,0,17,s0_history_mpc17,ood_valI_predictor_only_n5,0,1,I,17,full_horizon,10,g99_after,g99_before,g99_after,1.3969838619232178e-09,1.3969838619232178e-09,0.0,0.0051949850749224424,1e-06,2,0.0,1.3969838619232178e-09,1.3969838619232178e-09,0.0051949836779385805,0.0051949836779385805,0.003389254678040743,0.0035485606640577316,-0.00015930598601698875
ood,val_I,D:\EV-TTT\adajepa_official_51d8665\artifacts\ood\val_I_predictor_only_n5,pushobj_norm_envapi_v1,"[""s0_executed_mpc13"", ""s0_executed_mpc14"", ""s0_executed_mpc15"", ""s0_executed_mpc16"", ""s0_executed_mpc17""]",PREDICTOR_ONLY,0,18,0,18,s0_history_mpc18,ood_valI_predictor_only_n5,0,1,I,18,full_horizon,10,g99_after,g74_before,g99_after,1.036468893289566e-05,1.036468893289566e-05,0.0,0.004512958228588104,1e-06,2,1.036468893289566e-05,1.0367482900619507e-05,9.313225746154785e-10,0.004502593539655209,0.004502593539655209,0.00668319221585989,0.002170235849916935,0.004512956365942955
ood,val_I,D:\EV-TTT\adajepa_official_51d8665\artifacts\ood\val_I_predictor_only_n5,pushobj_norm_envapi_v1,"[""s0_executed_mpc14"", ""s0_executed_mpc15"", ""s0_executed_mpc16"", ""s0_executed_mpc17"", ""s0_executed_mpc18""]",PREDICTOR_ONLY,0,19,0,19,s0_history_mpc19,ood_valI_predictor_only_n5,0,1,I,19,full_horizon,10,g99_after,g99_after,g99_after,0.0,0.0,0.0,0.007102610543370247,1e-06,2,0.0,5.587935447692871e-09,1.862645149230957e-09,0.007102610543370247,0.007102610543370247,0.002703034784644842,0.002867742907255888,-0.00016470812261104584
ood,val_I,D:\EV-TTT\adajepa_official_51d8665\artifacts\ood\val_I_predictor_only_n5,pushobj_norm_envapi_v1,"[""s0_executed_mpc0"", ""s0_executed_mpc1""]",PREDICTOR_ONLY,0,2,0,2,s0_history_mpc2,ood_valI_predictor_only_n5,0,1,I,2,terminal,10,g99_after,g0_after,g99_after,0.21507035195827484,0.21507035195827484,0.0,0.2845291830599308,1e-06,2,0.21507032215595245,0.21507035195827484,7.450580596923828e-09,0.06945883110165596,0.06945883110165596,0.07113701477646828,0.0009597241878509521,0.07017729058861732
ood,val_I,D:\EV-TTT\adajepa_official_51d8665\artifacts\ood\val_I_predictor_only_n5,pushobj_norm_envapi_v1,"[""s0_executed_mpc0"", ""s0_executed_mpc1"", ""s0_executed_mpc2""]",PREDICTOR_ONLY,0,3,0,3,s0_history_mpc3,ood_valI_predictor_only_n5,0,1,I,3,terminal,10,g99_after,g24_before,g99_after,0.08739645779132843,0.08739645779132843,0.0,0.11556351184844971,1e-06,2,0.08739645779132843,0.08739647269248962,4.0978193283081055e-08,0.028167054057121277,0.028167054057121277,0.2208985984325409,0.22342440485954285,-0.002525806427001953
ood,val_I,D:\EV-TTT\adajepa_official_51d8665\artifacts\ood\val_I_predictor_only_n5,pushobj_norm_envapi_v1,"[""s0_executed_mpc0"", ""s0_executed_mpc1"", ""s0_executed_mpc2"", ""s0_executed_mpc3""]",PREDICTOR_ONLY,0,4,0,4,s0_history_mpc4,ood_valI_predictor_only_n5,0,1,I,4,terminal,10,g99_after,g49_after,g99_after,0.005963645875453949,0.005963645875453949,0.0,0.029221564531326294,1e-06,2,0.005963634699583054,0.005963645875453949,5.960464477539063e-08,0.023257918655872345,0.023257918655872345,0.20874161645770073,0.18728920072317123,0.021452415734529495
ood,val_I,D:\EV-TTT\adajepa_official_51d8665\artifacts\ood\val_I_predictor_only_n5,pushobj_norm_envapi_v1,"[""s0_executed_mpc0"", ""s0_executed_mpc1"", ""s0_executed_mpc2"", ""s0_executed_mpc3"", ""s0_executed_mpc4""]",PREDICTOR_ONLY,0,5,0,5,s0_history_mpc5,ood_valI_predictor_only_n5,0,1,I,5,full_horizon,10,g99_after,g74_before,g99_after,8.721509948372841e-05,8.721509948372841e-05,0.0,0.012426435481756926,1e-06,2,8.72146338224411e-05,8.721509948372841e-05,3.725290298461914e-09,0.012339220382273197,0.012339220382273197,0.007342927157878876,0.004999917466193438,0.002343009691685438
ood,val_I,D:\EV-TTT\adajepa_official_51d8665\artifacts\ood\val_I_predictor_only_n5,pushobj_norm_envapi_v1,"[""s0_executed_mpc1"", ""s0_executed_mpc2"", ""s0_executed_mpc3"", ""s0_executed_mpc4"", ""s0_executed_mpc5""]",PREDICTOR_ONLY,0,6,0,6,s0_history_mpc6,ood_valI_predictor_only_n5,0,1,I,6,full_horizon,10,g99_after,g24_before,g99_after,0.0002261977642774582,0.0002261977642774582,0.0,0.016086255200207233,1e-06,2,0.0002261977642774582,0.00022620195522904396,5.587935447692871e-09,0.015860057435929775,0.015860057435929775,0.005478220991790295,0.0012611914426088333,0.004217029549181461
ood,val_I,D:\EV-TTT\adajepa_official_51d8665\artifacts\ood\val_I_predictor_only_n5,pushobj_norm_envapi_v1,"[""s0_executed_mpc2"", ""s0_executed_mpc3"", ""s0_executed_mpc4"", ""s0_executed_mpc5"", ""s0_executed_mpc6""]",PREDICTOR_ONLY,0,7,0,7,s0_history_mpc7,ood_valI_predictor_only_n5,0,1,I,7,full_horizon,10,g99_before,g74_before,g99_after,8.12159851193428e-06,8.122995495796204e-06,0.0,0.011629250831902027,1e-06,2,8.12159851193428e-06,8.122995495796204e-06,0.0,0.011621129233390093,0.011621127836406231,0.0033721141517162323,0.001613141968846321,0.0017589721828699112
ood,val_I,D:\EV-TTT\adajepa_official_51d8665\artifacts\ood\val_I_predictor_only_n5,pushobj_norm_envapi_v1,"[""s0_executed_mpc3"", ""s0_executed_mpc4"", ""s0_executed_mpc5"", ""s0_executed_mpc6"", ""s0_executed_mpc7""]",PREDICTOR_ONLY,0,8,0,8,s0_history_mpc8,ood_valI_predictor_only_n5,0,1,I,8,full_horizon,10,g99_after,g49_before,g99_after,0.00011889217421412468,0.00011889217421412468,0.0,0.001451653428375721,1e-06,2,0.00011889217421412468,0.0001188931055366993,2.3283064365386963e-09,0.0013327612541615963,0.0013327612541615963,0.0030149701051414013,0.002024446614086628,0.0009905234910547733
ood,val_I,D:\EV-TTT\adajepa_official_51d8665\artifacts\ood\val_I_predictor_only_n5,pushobj_norm_envapi_v1,"[""s0_executed_mpc4"", ""s0_executed_mpc5"", ""s0_executed_mpc6"", ""s0_executed_mpc7"", ""s0_executed_mpc8""]",PREDICTOR_ONLY,0,9,0,9,s0_history_mpc9,ood_valI_predictor_only_n5,0,1,I,9,full_horizon,10,g99_after,g99_before,g99_after,4.656612873077393e-10,4.656612873077393e-10,0.0,0.007704478222876787,1e-06,2,0.0,4.656612873077393e-10,9.313225746154785e-10,0.0077044777572155,0.0077044777572155,0.007152489852160215,0.003044357057660818,0.004108132794499397
ood,val_I,D:\EV-TTT\adajepa_official_51d8665\artifacts\ood\val_I_predictor_only_n5,pushobj_norm_envapi_v1,[],PREDICTOR_ONLY,0,0,0,0,s1_history_mpc0,ood_valI_predictor_only_n5,1,101,I,0,terminal,10,g99_after,g24_before,g99_after,0.13754573464393616,0.13754573464393616,0.0,0.21203215420246124,1e-06,2,0.13754573464393616,0.13754582405090332,3.427267074584961e-07,0.07448641955852509,0.07448641955852509,1.973231017589569,1.8523849099874496,0.12084610760211945
ood,val_I,D:\EV-TTT\adajepa_official_51d8665\artifacts\ood\val_I_predictor_only_n5,pushobj_norm_envapi_v1,"[""s1_executed_mpc0""]",PREDICTOR_ONLY,0,1,0,1,s1_history_mpc1,ood_valI_predictor_only_n5,1,101,I,1,terminal,10,g99_after,g0_after,g99_after,0.052529893815517426,0.052529893815517426,0.0,0.18781884387135506,1e-06,2,0.052529893815517426,0.052529893815517426,7.450580596923828e-08,0.13528895005583763,0.13528895005583763,0.07098785042762756,0.0851011872291565,-0.01411333680152893
ood,val_I,D:\EV-TTT\adajepa_official_51d8665\artifacts\ood\val_I_predictor_only_n5,pushobj_norm_envapi_v1,"[""s1_executed_mpc0"", ""s1_executed_mpc1""]",PREDICTOR_ONLY,0,2,0,2,s1_history_mpc2,ood_valI_predictor_only_n5,1,101,I,2,terminal,10,g99_after,g49_before,g99_after,0.0013284943997859955,0.0013284943997859955,0.0,0.08928124979138374,1e-06,2,0.0013284794986248016,0.0013284943997859955,2.2351741790771484e-08,0.08795275539159775,0.08795275539159775,0.1369984820485115,0.0495583638548851,0.0874401181936264
ood,val_I,D:\EV-TTT\adajepa_official_51d8665\artifacts\ood\val_I_predictor_only_n5,pushobj_norm_envapi_v1,"[""s1_executed_mpc0"", ""s1_executed_mpc1"", ""s1_executed_mpc2""]",PREDICTOR_ONLY,0,3,0,3,s1_history_mpc3,ood_valI_predictor_only_n5,1,101,I,3,terminal,10,g99_after,g0_before,g99_after,0.03227117657661438,0.03227117657661438,0.0,0.06713759526610374,1e-06,2,0.03227117657661438,0.03227118402719498,3.725290298461914e-09,0.034866418689489365,0.034866418689489365,0.025588013231754303,-0.03227117657661438,0.05785918980836868
ood,val_I,D:\EV-TTT\adajepa_official_51d8665\artifacts\ood\val_I_predictor_only_n5,pushobj_norm_envapi_v1,"[""s1_executed_mpc0"", ""s1_executed_mpc1"", ""s1_executed_mpc2"", ""s1_executed_mpc3""]",PREDICTOR_ONLY,0,4,0,4,s1_history_mpc4,ood_valI_predictor_only_n5,1,101,I,4,terminal,10,g99_after,g0_after,g99_after,0.03418321907520294,0.03418321907520294,0.0,0.23910415917634964,1e-06,2,0.03418314456939697,0.03418321907520294,2.60770320892334e-08,0.2049209401011467,0.2049209401011467,0.022086776793003082,0.030225344002246857,-0.008138567209243774
ood,val_I,D:\EV-TTT\adajepa_official_51d8665\artifacts\ood\val_I_predictor_only_n5,pushobj_norm_envapi_v1,"[""s1_executed_mpc0"", ""s1_executed_mpc1"", ""s1_executed_mpc2"", ""s1_executed_mpc3"", ""s1_executed_mpc4""]",PREDICTOR_ONLY,0,5,0,5,s1_history_mpc5,ood_valI_predictor_only_n5,1,101,I,5,full_horizon,10,g99_after,g74_before,g99_after,4.967302083969116e-05,4.967302083969116e-05,0.0,0.02606372255831957,1e-06,2,4.967302083969116e-05,4.967721179127693e-05,1.862645149230957e-09,0.026014049537479877,0.026014049537479877,0.0027542617172002792,0.0084083192050457,-0.005654057487845421
ood,val_I,D:\EV-TTT\adajepa_official_51d8665\artifacts\ood\val_I_predictor_only_n5,pushobj_norm_envapi_v1,"[""s1_executed_mpc1"", ""s1_executed_mpc2"", ""s1_executed_mpc3"", ""s1_executed_mpc4"", ""s1_executed_mpc5""]",PREDICTOR_ONLY,0,6,0,6,s1_history_mpc6,ood_valI_predictor_only_n5,1,101,I,6,full_horizon,10,g99_after,g24_before,g99_after,0.0012524875346571207,0.0012524875346571207,0.0,0.011394398985430598,1e-06,2,0.0012524856720119715,0.0012524875346571207,2.0954757928848267e-09,0.010141911450773478,0.010141911450773478,0.0013992802705615759,0.0015622107312083244,-0.00016293046064674854
ood,val_I,D:\EV-TTT\adajepa_official_51d8665\artifacts\ood\val_I_predictor_only_n5,pushobj_norm_envapi_v1,[],PREDICTOR_ONLY,0,0,0,0,s2_history_mpc0,ood_valI_predictor_only_n5,2,201,I,0,terminal,10,g99_after,g99_before,g99_after,0.0,0.0,0.0,1.0989131107926369,1e-06,2,0.0,0.0,3.2782554626464844e-07,1.0989131107926369,1.0989131107926369,2.9433381110429764,1.9250963926315308,1.0182417184114456
ood,val_I,D:\EV-TTT\adajepa_official_51d8665\artifacts\ood\val_I_predictor_only_n5,pushobj_norm_envapi_v1,"[""s2_executed_mpc0""]",PREDICTOR_ONLY,0,1,0,1,s2_history_mpc1,ood_valI_predictor_only_n5,2,201,I,1,terminal,10,g99_after,g0_after,g99_after,0.38783717155456543,0.38783717155456543,0.0,0.5353728905320168,1e-06,2,0.3878370523452759,0.38783717155456543,5.587935447692871e-08,0.14753571897745132,0.14753571897745132,0.03125634044408798,-0.01732611656188965,0.04858245700597763
ood,val_I,D:\EV-TTT\adajepa_official_51d8665\artifacts\ood\val_I_predictor_only_n5,pushobj_norm_envapi_v1,"[""s2_executed_mpc5"", ""s2_executed_mpc6"", ""s2_executed_mpc7"", ""s2_executed_mpc8"", ""s2_executed_mpc9""]",PREDICTOR_ONLY,0,10,0,10,s2_history_mpc10,ood_valI_predictor_only_n5,2,201,I,10,full_horizon,10,g99_before,g0_after,g99_after,0.00898035243153572,0.00898035615682602,0.0,0.015423126518726349,1e-06,2,0.00898035243153572,0.00898035615682602,0.0,0.006442774087190628,0.00644277036190033,0.006246328353881836,-7.292628288269043e-05,0.006319254636764526
ood,val_I,D:\EV-TTT\adajepa_official_51d8665\artifacts\ood\val_I_predictor_only_n5,pushobj_norm_envapi_v1,"[""s2_executed_mpc6"", ""s2_executed_mpc7"", ""s2_executed_mpc8"", ""s2_executed_mpc9"", ""s2_executed_mpc10""]",PREDICTOR_ONLY,0,11,0,11,s2_history_mpc11,ood_valI_predictor_only_n5,2,201,I,11,full_horizon,10,g99_after,g0_before,g99_after,0.0019142217934131622,0.0019142217934131622,0.0,0.009761393070220947,1e-06,2,0.0019142106175422668,0.0019142217934131622,3.725290298461914e-09,0.007847171276807785,0.007847171276807785,0.005347859114408493,-0.0019142217934131622,0.007262080907821655
ood,val_I,D:\EV-TTT\adajepa_official_51d8665\artifacts\ood\val_I_predictor_only_n5,pushobj_norm_envapi_v1,"[""s2_executed_mpc7"", ""s2_executed_mpc8"", ""s2_executed_mpc9"", ""s2_executed_mpc10"", ""s2_executed_mpc11""]",PREDICTOR_ONLY,0,12,0,12,s2_history_mpc12,ood_valI_predictor_only_n5,2,201,I,12,full_horizon,10,g99_after,g49_before,g99_after,0.0013541802763938904,0.0013541802763938904,0.0,0.0031591467559337616,1e-06,2,0.001354169100522995,0.0013541802763938904,3.725290298461914e-09,0.0018049664795398712,0.0018049664795398712,0.004819892346858978,0.0037829428911209106,0.0010369494557380676
ood,val_I,D:\EV-TTT\adajepa_official_51d8665\artifacts\ood\val_I_predictor_only_n5,pushobj_norm_envapi_v1,"[""s2_executed_mpc8"", ""s2_executed_mpc9"", ""s2_executed_mpc10"", ""s2_executed_mpc11"", ""s2_executed_mpc12""]",PREDICTOR_ONLY,0,13,0,13,s2_history_mpc13,ood_valI_predictor_only_n5,2,201,I,13,full_horizon,10,g99_after,g24_before,g99_after,0.003694746643304825,0.003694746643304825,0.0,0.009298555552959442,1e-06,2,0.003694731742143631,0.003694746643304825,1.1175870895385742e-08,0.005603808909654617,0.005603808909654617,0.0065475329756736755,-0.0027510225772857666,0.009298555552959442
ood,val_I,D:\EV-TTT\adajepa_official_51d8665\artifacts\ood\val_I_predictor_only_n5,pushobj_norm_envapi_v1,"[""s2_executed_mpc9"", ""s2_executed_mpc10"", ""s2_executed_mpc11"", ""s2_executed_mpc12"", ""s2_executed_mpc13""]",PREDICTOR_ONLY,0,14,0,14,s2_history_mpc14,ood_valI_predictor_only_n5,2,201,I,14,full_horizon,10,g99_after,g0_after,g99_after,0.004479795694351196,0.004479795694351196,0.0,0.01454046368598938,1e-06,2,0.004479795694351196,0.004479799419641495,1.1175870895385742e-08,0.010060667991638184,0.010060667991638184,0.008670933544635773,0.001643165946006775,0.007027767598628998
ood,val_I,D:\EV-TTT\adajepa_official_51d8665\artifacts\ood\val_I_predictor_only_n5,pushobj_norm_envapi_v1,"[""s2_executed_mpc10"", ""s2_executed_mpc11"", ""s2_executed_mpc12"", ""s2_executed_mpc13"", ""s2_executed_mpc14""]",PREDICTOR_ONLY,0,15,0,15,s2_history_mpc15,ood_valI_predictor_only_n5,2,201,I,15,full_horizon,10,g99_before,g0_after,g99_after,0.008152149617671967,0.008152149617671967,3.725290298461914e-09,0.02225596085190773,1e-06,2,0.008152149617671967,0.008152149617671967,3.725290298461914e-09,0.014103811234235764,0.014103814959526062,0.014977894723415375,-0.00688297301530838,0.021860867738723755
ood,val_I,D:\EV-TTT\adajepa_official_51d8665\artifacts\ood\val_I_predictor_only_n5,pushobj_norm_envapi_v1,"[""s2_executed_mpc11"", ""s2_executed_mpc12"", ""s2_executed_mpc13"", ""s2_executed_mpc14"", ""s2_executed_mpc15""]",PREDICTOR_ONLY,0,16,0,16,s2_history_mpc16,ood_valI_predictor_only_n5,2,201,I,16,full_horizon,10,g99_before,g0_after,g99_after,0.0019405931234359741,0.0019405856728553772,0.0,0.006175782531499863,1e-06,2,0.0019405856728553772,0.0019405931234359741,0.0,0.0042351894080638885,0.0042351968586444855,0.013791166245937347,0.01141616702079773,0.002374999225139618
ood,val_I,D:\EV-TTT\adajepa_official_51d8665\artifacts\ood\val_I_predictor_only_n5,pushobj_norm_envapi_v1,"[""s2_executed_mpc12"", ""s2_executed_mpc13"", ""s2_executed_mpc14"", ""s2_executed_mpc15"", ""s2_executed_mpc16""]",PREDICTOR_ONLY,0,17,0,17,s2_history_mpc17,ood_valI_predictor_only_n5,2,201,I,17,full_horizon,10,g99_after,g0_after,g99_after,0.0021825581789016724,0.0021825581789016724,0.0,0.006332375109195709,1e-06,2,0.0021825581789016724,0.0021825581789016724,7.450580596923828e-09,0.004149816930294037,0.004149816930294037,0.006499536335468292,0.002404306083917618,0.0040952302515506744
ood,val_I,D:\EV-TTT\adajepa_official_51d8665\artifacts\ood\val_I_predictor_only_n5,pushobj_norm_envapi_v1,"[""s2_executed_mpc13"", ""s2_executed_mpc14"", ""s2_executed_mpc15"", ""s2_executed_mpc16"", ""s2_executed_mpc17""]",PREDICTOR_ONLY,0,18,0,18,s2_history_mpc18,ood_valI_predictor_only_n5,2,201,I,18,full_horizon,10,g99_before,g24_before,g99_after,0.0007686465978622437,0.0007686503231525421,3.725290298461914e-09,0.003911841660737991,1e-06,2,0.0007686465978622437,0.0007686503231525421,3.725290298461914e-09,0.0031431950628757477,0.0031431950628757477,0.007869020104408264,0.003957178443670273,0.003911841660737991
ood,val_I,D:\EV-TTT\adajepa_official_51d8665\artifacts\ood\val_I_predictor_only_n5,pushobj_norm_envapi_v1,"[""s2_executed_mpc14"", ""s2_executed_mpc15"", ""s2_executed_mpc16"", ""s2_executed_mpc17"", ""s2_executed_mpc18""]",PREDICTOR_ONLY,0,19,0,19,s2_history_mpc19,ood_valI_predictor_only_n5,2,201,I,19,full_horizon,10,g99_after,g24_after,g99_after,0.0003080517053604126,0.0003080517053604126,0.0,0.003991380333900452,1e-06,2,0.0003080517053604126,0.0003080517053604126,3.725290298461914e-09,0.003683328628540039,0.003683328628540039,0.005212362855672836,0.0012209825217723846,0.003991380333900452
ood,val_I,D:\EV-TTT\adajepa_official_51d8665\artifacts\ood\val_I_predictor_only_n5,pushobj_norm_envapi_v1,"[""s2_executed_mpc0"", ""s2_executed_mpc1""]",PREDICTOR_ONLY,0,2,0,2,s2_history_mpc2,ood_valI_predictor_only_n5,2,201,I,2,terminal,10,g99_after,g24_after,g99_after,0.10514175891876221,0.10514175891876221,0.0,0.6198667362332344,1e-06,2,0.10514169931411743,0.10514175891876221,4.0978193283081055e-08,0.5147249773144722,0.5147249773144722,0.311963964253664,0.8211637735366821,-0.5091998092830181
ood,val_I,D:\EV-TTT\adajepa_official_51d8665\artifacts\ood\val_I_predictor_only_n5,pushobj_norm_envapi_v1,"[""s2_executed_mpc0"", ""s2_executed_mpc1"", ""s2_executed_mpc2""]",PREDICTOR_ONLY,0,3,0,3,s2_history_mpc3,ood_valI_predictor_only_n5,2,201,I,3,terminal,10,g99_after,g24_after,g99_after,0.1040397584438324,0.1040397584438324,0.0,0.10634730383753777,1e-06,2,0.10403972864151001,0.1040397584438324,1.1175870895385742e-08,0.002307545393705368,0.002307545393705368,0.07109260559082031,0.06577238440513611,0.005320221185684204
ood,val_I,D:\EV-TTT\adajepa_official_51d8665\artifacts\ood\val_I_predictor_only_n5,pushobj_norm_envapi_v1,"[""s2_executed_mpc0"", ""s2_executed_mpc1"", ""s2_executed_mpc2"", ""s2_executed_mpc3""]",PREDICTOR_ONLY,0,4,0,4,s2_history_mpc4,ood_valI_predictor_only_n5,2,201,I,4,terminal,10,g99_after,g24_before,g99_after,0.004258304834365845,0.004258304834365845,0.0,0.10890315473079681,1e-06,2,0.004258304834365845,0.004258334636688232,1.4901161193847656e-07,0.10464484989643097,0.10464484989643097,0.3292442411184311,0.23435890674591064,0.09488533437252045
ood,val_I,D:\EV-TTT\adajepa_official_51d8665\artifacts\ood\val_I_predictor_only_n5,pushobj_norm_envapi_v1,"[""s2_executed_mpc0"", ""s2_executed_mpc1"", ""s2_executed_mpc2"", ""s2_executed_mpc3"", ""s2_executed_mpc4""]",PREDICTOR_ONLY,0,5,0,5,s2_history_mpc5,ood_valI_predictor_only_n5,2,201,I,5,full_horizon,10,g99_after,g0_before,g99_after,0.008769460022449493,0.008769460022449493,0.0,0.017157666385173798,1e-06,2,0.008769460022449493,0.008769460022449493,2.2351741790771484e-08,0.008388206362724304,0.008388206362724304,0.008388206362724304,-0.008769460022449493,0.017157666385173798
ood,val_I,D:\EV-TTT\adajepa_official_51d8665\artifacts\ood\val_I_predictor_only_n5,pushobj_norm_envapi_v1,"[""s2_executed_mpc1"", ""s2_executed_mpc2"", ""s2_executed_mpc3"", ""s2_executed_mpc4"", ""s2_executed_mpc5""]",PREDICTOR_ONLY,0,6,0,6,s2_history_mpc6,ood_valI_predictor_only_n5,2,201,I,6,full_horizon,10,g99_after,g49_before,g99_after,0.001554396003484726,0.001554396003484726,0.0,0.012988381087779999,1e-06,2,0.001554396003484726,0.0015543997287750244,2.0489096641540527e-08,0.011433985084295273,0.011433985084295273,0.009129058569669724,0.016157329082489014,-0.00702827051281929
ood,val_I,D:\EV-TTT\adajepa_official_51d8665\artifacts\ood\val_I_predictor_only_n5,pushobj_norm_envapi_v1,"[""s2_executed_mpc2"", ""s2_executed_mpc3"", ""s2_executed_mpc4"", ""s2_executed_mpc5"", ""s2_executed_mpc6""]",PREDICTOR_ONLY,0,7,0,7,s2_history_mpc7,ood_valI_predictor_only_n5,2,201,I,7,full_horizon,10,g99_after,g0_after,g99_after,0.01857353374361992,0.01857353374361992,0.0,0.02845335751771927,1e-06,2,0.01857353374361992,0.018573541194200516,3.725290298461914e-09,0.00987982377409935,0.00987982377409935,0.006801966577768326,-0.009074274450540543,0.01587624102830887
ood,val_I,D:\EV-TTT\adajepa_official_51d8665\artifacts\ood\val_I_predictor_only_n5,pushobj_norm_envapi_v1,"[""s2_executed_mpc3"", ""s2_executed_mpc4"", ""s2_executed_mpc5"", ""s2_executed_mpc6"", ""s2_executed_mpc7""]",PREDICTOR_ONLY,0,8,0,8,s2_history_mpc8,ood_valI_predictor_only_n5,2,201,I,8,full_horizon,10,g99_after,g0_after,g99_after,0.026843488216400146,0.026843488216400146,0.0,0.03700342960655689,1e-06,2,0.026843473315238953,0.026843488216400146,7.450580596923828e-09,0.010159941390156746,0.010159941390156746,0.012916367501020432,-0.011592373251914978,0.02450874075293541
ood,val_I,D:\EV-TTT\adajepa_official_51d8665\artifacts\ood\val_I_predictor_only_n5,pushobj_norm_envapi_v1,"[""s2_executed_mpc4"", ""s2_executed_mpc5"", ""s2_executed_mpc6"", ""s2_executed_mpc7"", ""s2_executed_mpc8""]",PREDICTOR_ONLY,0,9,0,9,s2_history_mpc9,ood_valI_predictor_only_n5,2,201,I,9,full_horizon,10,g99_after,g24_before,g99_after,0.006110198795795441,0.006110198795795441,0.0,0.020096659660339355,1e-06,2,0.006110195070505142,0.006110198795795441,1.862645149230957e-08,0.013986460864543915,0.013986460864543915,0.036104463040828705,0.01878717914223671,0.017317283898591995
ood,val_I,D:\EV-TTT\adajepa_official_51d8665\artifacts\ood\val_I_predictor_only_n5,pushobj_norm_envapi_v1,[],PREDICTOR_ONLY,0,0,0,0,s3_history_mpc0,ood_valI_predictor_only_n5,3,301,I,0,terminal,10,g99_after,g0_after,g99_after,0.3629429340362549,0.3629429340362549,0.0,1.891272872686386,1e-06,2,0.36294281482696533,0.3629429340362549,2.0116567611694336e-07,1.5283299386501312,1.5283299386501312,1.4802604615688324,-0.2800835371017456,1.760343998670578
ood,val_I,D:\EV-TTT\adajepa_official_51d8665\artifacts\ood\val_I_predictor_only_n5,pushobj_norm_envapi_v1,"[""s3_executed_mpc0""]",PREDICTOR_ONLY,0,1,0,1,s3_history_mpc1,ood_valI_predictor_only_n5,3,301,I,1,terminal,10,g99_after,g24_before,g99_after,0.02854740619659424,0.02854740619659424,0.0,0.7778085768222809,1e-06,2,0.02854740619659424,0.028547435998916626,2.60770320892334e-08,0.7492611706256866,0.7492611706256866,0.6821419708430767,1.41572704911232,-0.7335850782692432
ood,val_I,D:\EV-TTT\adajepa_official_51d8665\artifacts\ood\val_I_predictor_only_n5,pushobj_norm_envapi_v1,"[""s3_executed_mpc5"", ""s3_executed_mpc6"", ""s3_executed_mpc7"", ""s3_executed_mpc8"", ""s3_executed_mpc9""]",PREDICTOR_ONLY,0,10,0,10,s3_history_mpc10,ood_valI_predictor_only_n5,3,301,I,10,full_horizon,10,g99_after,g0_after,g99_after,0.002470357809215784,0.002470357809215784,0.0,0.008197417948395014,1e-06,2,0.0024703573435544968,0.002470357809215784,9.313225746154785e-10,0.00572706013917923,0.00572706013917923,0.00470616202801466,-0.0012364932335913181,0.005942655261605978
ood,val_I,D:\EV-TTT\adajepa_official_51d8665\artifacts\ood\val_I_predictor_only_n5,pushobj_norm_envapi_v1,"[""s3_executed_mpc6"", ""s3_executed_mpc7"", ""s3_executed_mpc8"", ""s3_executed_mpc9"", ""s3_executed_mpc10""]",PREDICTOR_ONLY,0,11,0,11,s3_history_mpc11,ood_valI_predictor_only_n5,3,301,I,11,full_horizon,10,g99_after,g0_after,g99_after,0.010408717673271894,0.010408717673271894,0.0,0.015606882981956005,1e-06,2,0.010408697184175253,0.010408717673271894,4.190951585769653e-09,0.005198165308684111,0.005198165308684111,0.006018551532179117,-0.007365366443991661,0.013383917976170778
ood,val_I,D:\EV-TTT\adajepa_official_51d8665\artifacts\ood\val_I_predictor_only_n5,pushobj_norm_envapi_v1,"[""s3_executed_mpc7"", ""s3_executed_mpc8"", ""s3_executed_mpc9"", ""s3_executed_mpc10"", ""s3_executed_mpc11""]",PREDICTOR_ONLY,0,12,0,12,s3_history_mpc12,ood_valI_predictor_only_n5,3,301,I,12,full_horizon,10,g99_after,g24_after,g99_after,0.00370149128139019,0.00370149128139019,0.0,0.005770929157733917,1e-06,2,0.003701474517583847,0.00370149128139019,3.725290298461914e-09,0.002069437876343727,0.002069437876343727,0.01123865321278572,0.006959505379199982,0.004279147833585739
ood,val_I,D:\EV-TTT\adajepa_official_51d8665\artifacts\ood\val_I_predictor_only_n5,pushobj_norm_envapi_v1,"[""s3_executed_mpc8"", ""s3_executed_mpc9"", ""s3_executed_mpc10"", ""s3_executed_mpc11"", ""s3_executed_mpc12""]",PREDICTOR_ONLY,0,13,0,13,s3_history_mpc13,ood_valI_predictor_only_n5,3,301,I,13,full_horizon,10,g99_after,g24_after,g99_after,0.0026463568210601807,0.0026463568210601807,0.0,0.004252939485013485,1e-06,2,0.0026463447138667107,0.0026463568210601807,9.313225746154785e-09,0.0016065826639533043,0.0016065826639533043,0.010569727048277855,0.00631678756326437,0.004252939485013485
ood,val_I,D:\EV-TTT\adajepa_official_51d8665\artifacts\ood\val_I_predictor_only_n5,pushobj_norm_envapi_v1,"[""s3_executed_mpc9"", ""s3_executed_mpc10"", ""s3_executed_mpc11"", ""s3_executed_mpc12"", ""s3_executed_mpc13""]",PREDICTOR_ONLY,0,14,0,14,s3_history_mpc14,ood_valI_predictor_only_n5,3,301,I,14,full_horizon,10,g99_after,g0_after,g99_after,0.004330880008637905,0.004330880008637905,0.0,0.009263498708605766,1e-06,2,0.004330867901444435,0.004330880008637905,6.51925802230835e-09,0.004932618699967861,0.004932618699967861,0.006536497734487057,-0.002305452711880207,0.008841950446367264
ood,val_I,D:\EV-TTT\adajepa_official_51d8665\artifacts\ood\val_I_predictor_only_n5,pushobj_norm_envapi_v1,"[""s3_executed_mpc10"", ""s3_executed_mpc11"", ""s3_executed_mpc12"", ""s3_executed_mpc13"", ""s3_executed_mpc14""]",PREDICTOR_ONLY,0,15,0,15,s3_history_mpc15,ood_valI_predictor_only_n5,3,301,I,15,full_horizon,10,g99_after,g24_after,g99_after,0.0013704989105463028,0.0013704989105463028,0.0,0.004199596121907234,1e-06,2,0.001370488665997982,0.0013704989105463028,3.725290298461914e-09,0.0028290972113609314,0.0028290972113609314,0.009457683190703392,0.005258087068796158,0.004199596121907234
ood,val_I,D:\EV-TTT\adajepa_official_51d8665\artifacts\ood\val_I_predictor_only_n5,pushobj_norm_envapi_v1,"[""s3_executed_mpc11"", ""s3_executed_mpc12"", ""s3_executed_mpc13"", ""s3_executed_mpc14"", ""s3_executed_mpc15""]",PREDICTOR_ONLY,0,16,0,16,s3_history_mpc16,ood_valI_predictor_only_n5,3,301,I,16,full_horizon,10,g99_after,g49_before,g99_after,0.00012939143925905228,0.00012939143925905228,0.0,0.006100006867200136,1e-06,2,0.00012938212603330612,0.00012939143925905228,4.6566128730773926e-09,0.005970615427941084,0.005970615427941084,0.0066512953490018845,0.0006869048811495304,0.005964390467852354
ood,val_I,D:\EV-TTT\adajepa_official_51d8665\artifacts\ood\val_I_predictor_only_n5,pushobj_norm_envapi_v1,"[""s3_executed_mpc12"", ""s3_executed_mpc13"", ""s3_executed_mpc14"", ""s3_executed_mpc15"", ""s3_executed_mpc16""]",PREDICTOR_ONLY,0,17,0,17,s3_history_mpc17,ood_valI_predictor_only_n5,3,301,I,17,full_horizon,10,g99_after,g49_after,g99_after,0.0002929670736193657,0.0002929670736193657,0.0,0.007836511358618736,1e-06,2,0.000292949378490448,0.0002929670736193657,8.381903171539307e-09,0.007543544284999371,0.007543544284999371,0.005847116932272911,0.0003202464431524277,0.005526870489120483
ood,val_I,D:\EV-TTT\adajepa_official_51d8665\artifacts\ood\val_I_predictor_only_n5,pushobj_norm_envapi_v1,"[""s3_executed_mpc13"", ""s3_executed_mpc14"", ""s3_executed_mpc15"", ""s3_executed_mpc16"", ""s3_executed_mpc17""]",PREDICTOR_ONLY,0,18,0,18,s3_history_mpc18,ood_valI_predictor_only_n5,3,301,I,18,full_horizon,10,g99_after,g0_before,g99_after,0.00015630992129445076,0.00015630992129445076,0.0,0.00869055837392807,1e-06,2,0.00015630992129445076,0.00015630992129445076,6.51925802230835e-09,0.00853424845263362,0.00853424845263362,0.005490231327712536,-0.00015630992129445076,0.005646541249006987
ood,val_I,D:\EV-TTT\adajepa_official_51d8665\artifacts\ood\val_I_predictor_only_n5,pushobj_norm_envapi_v1,"[""s3_executed_mpc14"", ""s3_executed_mpc15"", ""s3_executed_mpc16"", ""s3_executed_mpc17"", ""s3_executed_mpc18""]",PREDICTOR_ONLY,0,19,0,19,s3_history_mpc19,ood_valI_predictor_only_n5,3,301,I,19,full_horizon,10,g99_after,g49_before,g99_after,0.00014288583770394325,0.00014288583770394325,0.0,0.00882788747549057,1e-06,2,0.00014288071542978287,0.00014288583770394325,1.0244548320770264e-08,0.008685001637786627,0.008685001637786627,0.0046240538358688354,0.0008217412978410721,0.0038023125380277634
ood,val_I,D:\EV-TTT\adajepa_official_51d8665\artifacts\ood\val_I_predictor_only_n5,pushobj_norm_envapi_v1,"[""s3_executed_mpc0"", ""s3_executed_mpc1""]",PREDICTOR_ONLY,0,2,0,2,s3_history_mpc2,ood_valI_predictor_only_n5,3,301,I,2,terminal,10,g99_after,g24_before,g99_after,0.07340884581208229,0.07340884581208229,0.0,0.1215899046510458,1e-06,2,0.0734088383615017,0.07340884581208229,9.313225746154785e-09,0.04818105883896351,0.04818105883896351,0.07043583318591118,0.1115492507815361,-0.041113417595624924
ood,val_I,D:\EV-TTT\adajepa_official_51d8665\artifacts\ood\val_I_predictor_only_n5,pushobj_norm_envapi_v1,"[""s3_executed_mpc0"", ""s3_executed_mpc1"", ""s3_executed_mpc2""]",PREDICTOR_ONLY,0,3,0,3,s3_history_mpc3,ood_valI_predictor_only_n5,3,301,I,3,terminal,10,g99_after,g0_before,g99_after,0.190651074051857,0.190651074051857,0.0,0.24261091463267803,1e-06,2,0.190651074051857,0.190651074051857,1.30385160446167e-08,0.05195984058082104,0.05195984058082104,0.05195984058082104,-0.190651074051857,0.24261091463267803
ood,val_I,D:\EV-TTT\adajepa_official_51d8665\artifacts\ood\val_I_predictor_only_n5,pushobj_norm_envapi_v1,"[""s3_executed_mpc0"", ""s3_executed_mpc1"", ""s3_executed_mpc2"", ""s3_executed_mpc3""]",PREDICTOR_ONLY,0,4,0,4,s3_history_mpc4,ood_valI_predictor_only_n5,3,301,I,4,terminal,10,g99_after,g49_before,g99_after,0.00011520087718963623,0.00011520087718963623,0.0,0.06343314424157143,1e-06,2,0.00011520087718963623,0.00011524558067321777,3.390014171600342e-07,0.06331794336438179,0.06331794336438179,0.17015721648931503,0.226040780544281,-0.05588356405496597
ood,val_I,D:\EV-TTT\adajepa_official_51d8665\artifacts\ood\val_I_predictor_only_n5,pushobj_norm_envapi_v1,"[""s3_executed_mpc0"", ""s3_executed_mpc1"", ""s3_executed_mpc2"", ""s3_executed_mpc3"", ""s3_executed_mpc4""]",PREDICTOR_ONLY,0,5,0,5,s3_history_mpc5,ood_valI_predictor_only_n5,3,301,I,5,full_horizon,10,g99_after,g99_after,g99_after,0.0,0.0,0.0,0.010240604169666767,1e-06,2,0.0,2.7939677238464355e-09,1.0244548320770264e-08,0.010240604169666767,0.010240604169666767,0.009740997105836868,0.01998159382492304,-0.01024059671908617
ood,val_I,D:\EV-TTT\adajepa_official_51d8665\artifacts\ood\val_I_predictor_only_n5,pushobj_norm_envapi_v1,"[""s3_executed_mpc1"", ""s3_executed_mpc2"", ""s3_executed_mpc3"", ""s3_executed_mpc4"", ""s3_executed_mpc5""]",PREDICTOR_ONLY,0,6,0,6,s3_history_mpc6,ood_valI_predictor_only_n5,3,301,I,6,full_horizon,10,g99_after,g99_after,g99_after,0.0,0.0,0.0,0.0020228251814842224,1e-06,2,0.0,5.587935447692871e-09,9.313225746154785e-10,0.0020228251814842224,0.0020228251814842224,0.005067920312285423,0.005745146423578262,-0.000677226111292839
ood,val_I,D:\EV-TTT\adajepa_official_51d8665\artifacts\ood\val_I_predictor_only_n5,pushobj_norm_envapi_v1,"[""s3_executed_mpc2"", ""s3_executed_mpc3"", ""s3_executed_mpc4"", ""s3_executed_mpc5"", ""s3_executed_mpc6""]",PREDICTOR_ONLY,0,7,0,7,s3_history_mpc7,ood_valI_predictor_only_n5,3,301,I,7,full_horizon,10,g99_after,g99_before,g99_after,9.313225746154785e-10,9.313225746154785e-10,0.0,0.001984591595828533,1e-06,2,0.0,9.313225746154785e-10,2.7939677238464355e-09,0.0019845906645059586,0.0019845906645059586,0.004474975168704987,0.006459563039243221,-0.0019845878705382347
ood,val_I,D:\EV-TTT\adajepa_official_51d8665\artifacts\ood\val_I_predictor_only_n5,pushobj_norm_envapi_v1,"[""s3_executed_mpc3"", ""s3_executed_mpc4"", ""s3_executed_mpc5"", ""s3_executed_mpc6"", ""s3_executed_mpc7""]",PREDICTOR_ONLY,0,8,0,8,s3_history_mpc8,ood_valI_predictor_only_n5,3,301,I,8,full_horizon,10,g99_after,g24_before,g99_after,0.00011150352656841278,0.00011150352656841278,0.0,0.0013408046215772629,1e-06,2,0.00011150306090712547,0.00011150352656841278,3.725290298461914e-09,0.00122930109500885,0.00122930109500885,0.006451050750911236,0.005130869336426258,0.0013201814144849777
ood,val_I,D:\EV-TTT\adajepa_official_51d8665\artifacts\ood\val_I_predictor_only_n5,pushobj_norm_envapi_v1,"[""s3_executed_mpc4"", ""s3_executed_mpc5"", ""s3_executed_mpc6"", ""s3_executed_mpc7"", ""s3_executed_mpc8""]",PREDICTOR_ONLY,0,9,0,9,s3_history_mpc9,ood_valI_predictor_only_n5,3,301,I,9,full_horizon,10,g99_after,g99_after,g99_after,0.0,0.0,0.0,0.0047920942306518555,1e-06,2,0.0,4.656612873077393e-10,9.313225746154785e-10,0.0047920942306518555,0.0047920942306518555,0.005905028432607651,0.001439894549548626,0.004465133883059025
ood,val_I,D:\EV-TTT\adajepa_official_51d8665\artifacts\ood\val_I_predictor_only_n5,pushobj_norm_envapi_v1,[],PREDICTOR_ONLY,0,0,0,0,s4_history_mpc0,ood_valI_predictor_only_n5,4,401,I,0,terminal,10,g99_after,g49_after,g99_after,0.02562493085861206,0.02562493085861206,0.0,0.31965116411447525,1e-06,2,0.025624878704547882,0.02562493085861206,1.043081283569336e-07,0.2940262332558632,0.2940262332558632,2.494113102555275,2.6932780146598816,-0.19916491210460663
ood,val_I,D:\EV-TTT\adajepa_official_51d8665\artifacts\ood\val_I_predictor_only_n5,pushobj_norm_envapi_v1,"[""s4_executed_mpc0""]",PREDICTOR_ONLY,0,1,0,1,s4_history_mpc1,ood_valI_predictor_only_n5,4,401,I,1,terminal,10,g99_after,g74_after,g99_after,0.0010126084089279175,0.0010126084089279175,0.0,0.33018189668655396,1e-06,2,0.0010126084089279175,0.0010126158595085144,8.940696716308594e-08,0.32916928827762604,0.32916928827762604,0.05173628032207489,0.043930187821388245,0.0078060925006866455
ood,val_I,D:\EV-TTT\adajepa_official_51d8665\artifacts\ood\val_I_predictor_only_n5,pushobj_norm_envapi_v1,"[""s4_executed_mpc5"", ""s4_executed_mpc6"", ""s4_executed_mpc7"", ""s4_executed_mpc8"", ""s4_executed_mpc9""]",PREDICTOR_ONLY,0,10,0,10,s4_history_mpc10,ood_valI_predictor_only_n5,4,401,I,10,full_horizon,10,g99_after,g24_before,g99_after,0.0001955656334757805,0.0001955656334757805,0.0,0.0017479835078120232,1e-06,2,0.00019556377083063126,0.0001955656334757805,1.862645149230957e-09,0.0015524178743362427,0.0015524178743362427,0.0033179577440023422,0.0016264934092760086,0.0016914643347263336
ood,val_I,D:\EV-TTT\adajepa_official_51d8665\artifacts\ood\val_I_predictor_only_n5,pushobj_norm_envapi_v1,"[""s4_executed_mpc6"", ""s4_executed_mpc7"", ""s4_executed_mpc8"", ""s4_executed_mpc9"", ""s4_executed_mpc10""]",PREDICTOR_ONLY,0,11,0,11,s4_history_mpc11,ood_valI_predictor_only_n5,4,401,I,11,full_horizon,10,g99_after,g74_before,g99_after,2.5109387934207916e-05,2.5109387934207916e-05,0.0,0.0034388003405183554,1e-06,2,2.5109387934207916e-05,2.5111250579357147e-05,4.656612873077393e-10,0.0034136909525841475,0.0034136909525841475,0.0023032259196043015,0.0023538507521152496,-5.062483251094818e-05
ood,val_I,D:\EV-TTT\adajepa_official_51d8665\artifacts\ood\val_I_predictor_only_n5,pushobj_norm_envapi_v1,"[""s4_executed_mpc7"", ""s4_executed_mpc8"", ""s4_executed_mpc9"", ""s4_executed_mpc10"", ""s4_executed_mpc11""]",PREDICTOR_ONLY,0,12,0,12,s4_history_mpc12,ood_valI_predictor_only_n5,4,401,I,12,full_horizon,10,g99_after,g74_after,g99_after,3.52438073605299e-05,3.52438073605299e-05,0.0,0.002091006375849247,1e-06,2,3.52438073605299e-05,3.524520434439182e-05,2.7939677238464355e-09,0.002055762568488717,0.002055762568488717,0.003350665792822838,0.0013932918664067984,0.0019573739264160395
ood,val_I,D:\EV-TTT\adajepa_official_51d8665\artifacts\ood\val_I_predictor_only_n5,pushobj_norm_envapi_v1,"[""s4_executed_mpc8"", ""s4_executed_mpc9"", ""s4_executed_mpc10"", ""s4_executed_mpc11"", ""s4_executed_mpc12""]",PREDICTOR_ONLY,0,13,0,13,s4_history_mpc13,ood_valI_predictor_only_n5,4,401,I,13,full_horizon,10,g99_after,g24_after,g99_after,7.780920714139938e-05,7.780920714139938e-05,0.0,0.006965082138776779,1e-06,2,7.780548185110092e-05,7.780920714139938e-05,2.7939677238464355e-09,0.00688727293163538,0.00688727293163538,0.0025540790520608425,0.0022757132537662983,0.0002783657982945442
ood,val_I,D:\EV-TTT\adajepa_official_51d8665\artifacts\ood\val_I_predictor_only_n5,pushobj_norm_envapi_v1,"[""s4_executed_mpc9"", ""s4_executed_mpc10"", ""s4_executed_mpc11"", ""s4_executed_mpc12"", ""s4_executed_mpc13""]",PREDICTOR_ONLY,0,14,0,14,s4_history_mpc14,ood_valI_predictor_only_n5,4,401,I,14,full_horizon,10,g99_after,g24_before,g99_after,0.0002548214979469776,0.0002548214979469776,0.0,0.00469932658597827,1e-06,2,0.0002548214979469776,0.00025482429191470146,9.313225746154785e-10,0.004444505088031292,0.004444505088031292,0.005222009960561991,0.0005226852372288704,0.00469932472333312
ood,val_I,D:\EV-TTT\adajepa_official_51d8665\artifacts\ood\val_I_predictor_only_n5,pushobj_norm_envapi_v1,"[""s4_executed_mpc10"", ""s4_executed_mpc11"", ""s4_executed_mpc12"", ""s4_executed_mpc13"", ""s4_executed_mpc14""]",PREDICTOR_ONLY,0,15,0,15,s4_history_mpc15,ood_valI_predictor_only_n5,4,401,I,15,full_horizon,10,g99_after,g74_before,g99_after,6.236834451556206e-06,6.236834451556206e-06,0.0,0.005486141424626112,1e-06,2,6.236834451556206e-06,6.239628419280052e-06,4.6566128730773926e-09,0.005479904590174556,0.005479904590174556,0.003435480874031782,0.003602054202929139,-0.000166573328897357
ood,val_I,D:\EV-TTT\adajepa_official_51d8665\artifacts\ood\val_I_predictor_only_n5,pushobj_norm_envapi_v1,"[""s4_executed_mpc11"", ""s4_executed_mpc12"", ""s4_executed_mpc13"", ""s4_executed_mpc14"", ""s4_executed_mpc15""]",PREDICTOR_ONLY,0,16,0,16,s4_history_mpc16,ood_valI_predictor_only_n5,4,401,I,16,full_horizon,10,g99_before,g49_before,g99_after,0.00010242988355457783,0.00010243174619972706,0.0,0.0019046468660235405,1e-06,2,0.00010242988355457783,0.00010243174619972706,0.0,0.0018022169824689627,0.0018022151198238134,0.0029415138997137547,0.0014746561646461487,0.001466857735067606
ood,val_I,D:\EV-TTT\adajepa_official_51d8665\artifacts\ood\val_I_predictor_only_n5,pushobj_norm_envapi_v1,"[""s4_executed_mpc12"", ""s4_executed_mpc13"", ""s4_executed_mpc14"", ""s4_executed_mpc15"", ""s4_executed_mpc16""]",PREDICTOR_ONLY,0,17,0,17,s4_history_mpc17,ood_valI_predictor_only_n5,4,401,I,17,full_horizon,10,g99_after,g74_after,g99_after,4.223547875881195e-06,4.223547875881195e-06,0.0,0.0014432179741561413,1e-06,2,4.223547875881195e-06,4.226574674248695e-06,1.862645149230957e-09,0.00143899442628026,0.00143899442628026,0.002547194715589285,0.0016059000045061111,0.0009412947110831738
ood,val_I,D:\EV-TTT\adajepa_official_51d8665\artifacts\ood\val_I_predictor_only_n5,pushobj_norm_envapi_v1,"[""s4_executed_mpc13"", ""s4_executed_mpc14"", ""s4_executed_mpc15"", ""s4_executed_mpc16"", ""s4_executed_mpc17""]",PREDICTOR_ONLY,0,18,0,18,s4_history_mpc18,ood_valI_predictor_only_n5,4,401,I,18,full_horizon,10,g99_before,g0_before,g99_after,0.0003483467735350132,0.0003483402542769909,2.3283064365386963e-10,0.006486749742180109,1e-06,2,0.0003483402542769909,0.0003483467735350132,2.3283064365386963e-10,0.006138402968645096,0.006138409720733762,0.005589698441326618,-0.0003483402542769909,0.005938038695603609
ood,val_I,D:\EV-TTT\adajepa_official_51d8665\artifacts\ood\val_I_predictor_only_n5,pushobj_norm_envapi_v1,"[""s4_executed_mpc14"", ""s4_executed_mpc15"", ""s4_executed_mpc16"", ""s4_executed_mpc17"", ""s4_executed_mpc18""]",PREDICTOR_ONLY,0,19,0,19,s4_history_mpc19,ood_valI_predictor_only_n5,4,401,I,19,full_horizon,10,g99_after,g74_before,g99_after,0.00010140519589185715,0.00010140519589185715,0.0,0.009842353407293558,1e-06,2,0.00010140519589185715,0.00010140892118215561,9.313225746154785e-10,0.009740948211401701,0.009740948211401701,0.0026117460802197456,0.0032951021566987038,-0.0006833560764789581
ood,val_I,D:\EV-TTT\adajepa_official_51d8665\artifacts\ood\val_I_predictor_only_n5,pushobj_norm_envapi_v1,"[""s4_executed_mpc0"", ""s4_executed_mpc1""]",PREDICTOR_ONLY,0,2,0,2,s4_history_mpc2,ood_valI_predictor_only_n5,4,401,I,2,terminal,10,g99_after,g24_after,g99_after,0.00427757203578949,0.00427757203578949,0.0,0.10714153200387955,1e-06,2,0.00427757203578949,0.0042776018381118774,1.1920928955078125e-07,0.10286395996809006,0.10286395996809006,0.05462334305047989,0.043629586696624756,0.010993756353855133
ood,val_I,D:\EV-TTT\adajepa_official_51d8665\artifacts\ood\val_I_predictor_only_n5,pushobj_norm_envapi_v1,"[""s4_executed_mpc0"", ""s4_executed_mpc1"", ""s4_executed_mpc2""]",PREDICTOR_ONLY,0,3,0,3,s4_history_mpc3,ood_valI_predictor_only_n5,4,401,I,3,terminal,10,g99_after,g74_before,g99_after,5.060248076915741e-05,5.060248076915741e-05,0.0,0.060044966638088226,1e-06,2,5.060248076915741e-05,5.0613656640052795e-05,3.725290298461914e-08,0.05999436415731907,0.05999436415731907,0.04594583809375763,0.04859902523458004,-0.0026531871408224106
ood,val_I,D:\EV-TTT\adajepa_official_51d8665\artifacts\ood\val_I_predictor_only_n5,pushobj_norm_envapi_v1,"[""s4_executed_mpc0"", ""s4_executed_mpc1"", ""s4_executed_mpc2"", ""s4_executed_mpc3""]",PREDICTOR_ONLY,0,4,0,4,s4_history_mpc4,ood_valI_predictor_only_n5,4,401,I,4,terminal,10,g99_after,g24_before,g99_after,0.003081241622567177,0.003081241622567177,0.0,0.03913082182407379,1e-06,2,0.0030812155455350876,0.003081241622567177,3.725290298461914e-08,0.036049580201506615,0.036049580201506615,0.034797970205545425,0.020521972328424454,0.014275997877120972
ood,val_I,D:\EV-TTT\adajepa_official_51d8665\artifacts\ood\val_I_predictor_only_n5,pushobj_norm_envapi_v1,"[""s4_executed_mpc0"", ""s4_executed_mpc1"", ""s4_executed_mpc2"", ""s4_executed_mpc3"", ""s4_executed_mpc4""]",PREDICTOR_ONLY,0,5,0,5,s4_history_mpc5,ood_valI_predictor_only_n5,4,401,I,5,full_horizon,10,g99_after,g24_before,g99_after,0.00047246087342500687,0.00047246087342500687,0.0,0.0026122769340872765,1e-06,2,0.00047245901077985764,0.00047246087342500687,2.7939677238464355e-09,0.0021398160606622696,0.0021398160606622696,0.0034447452053427696,0.004196872003376484,-0.0007521267980337143
ood,val_I,D:\EV-TTT\adajepa_official_51d8665\artifacts\ood\val_I_predictor_only_n5,pushobj_norm_envapi_v1,"[""s4_executed_mpc1"", ""s4_executed_mpc2"", ""s4_executed_mpc3"", ""s4_executed_mpc4"", ""s4_executed_mpc5""]",PREDICTOR_ONLY,0,6,0,6,s4_history_mpc6,ood_valI_predictor_only_n5,4,401,I,6,full_horizon,10,g99_after,g24_after,g99_after,0.0006836042739450932,0.0006836042739450932,0.0,0.0012519885785877705,1e-06,2,0.0006836005486547947,0.0006836042739450932,9.313225746154785e-10,0.0005683843046426773,0.0005683843046426773,0.002232316881418228,0.001584372017532587,0.0006479448638856411
ood,val_I,D:\EV-TTT\adajepa_official_51d8665\artifacts\ood\val_I_predictor_only_n5,pushobj_norm_envapi_v1,"[""s4_executed_mpc2"", ""s4_executed_mpc3"", ""s4_executed_mpc4"", ""s4_executed_mpc5"", ""s4_executed_mpc6""]",PREDICTOR_ONLY,0,7,0,7,s4_history_mpc7,ood_valI_predictor_only_n5,4,401,I,7,full_horizon,10,g99_before,g74_after,g99_after,7.734959945082664e-05,7.734401151537895e-05,9.313225746154785e-10,0.0048002698458731174,1e-06,2,7.734401151537895e-05,7.734959945082664e-05,9.313225746154785e-10,0.004722920246422291,0.004722926765680313,0.0020253099501132965,0.0022221743129193783,-0.00019686436280608177
ood,val_I,D:\EV-TTT\adajepa_official_51d8665\artifacts\ood\val_I_predictor_only_n5,pushobj_norm_envapi_v1,"[""s4_executed_mpc3"", ""s4_executed_mpc4"", ""s4_executed_mpc5"", ""s4_executed_mpc6"", ""s4_executed_mpc7""]",PREDICTOR_ONLY,0,8,0,8,s4_history_mpc8,ood_valI_predictor_only_n5,4,401,I,8,full_horizon,10,g99_before,g99_before,g99_after,0.0,4.6566128730773926e-09,9.313225746154785e-10,0.0038176896050572395,1e-06,2,0.0,4.6566128730773926e-09,9.313225746154785e-10,0.0038176896050572395,0.003817685879766941,0.0026897117495536804,0.0017057638615369797,0.0009839478880167007
ood,val_I,D:\EV-TTT\adajepa_official_51d8665\artifacts\ood\val_I_predictor_only_n5,pushobj_norm_envapi_v1,"[""s4_executed_mpc4"", ""s4_executed_mpc5"", ""s4_executed_mpc6"", ""s4_executed_mpc7"", ""s4_executed_mpc8""]",PREDICTOR_ONLY,0,9,0,9,s4_history_mpc9,ood_valI_predictor_only_n5,4,401,I,9,full_horizon,10,g99_after,g49_before,g99_after,0.0001236854586750269,0.0001236854586750269,0.0,0.000385533319786191,1e-06,2,0.0001236854586750269,0.00012368732132017612,4.656612873077393e-10,0.0002618478611111641,0.0002618478611111641,0.002544545568525791,0.0021823993884027004,0.00036214618012309074
