pair_id,anchor_id,left_id,right_id,left_labels,right_labels,frozen_nonfrozen,frozen_adapted,depth,mode,real_contrast,predicted_contrast,contrast_error,midpoint_contribution,effect_contribution,signed_closure,real_effect_norm,predicted_effect_norm,effect_vector_error_sq,radial_error_sq,direction_error_sq,vector_closure,effect_cosine,real_task_projection,predicted_task_projection,real_task_cosine,predicted_task_cosine
val_L_L_s0_m4_b0__val_L_L_s0_m4_b1,val_L|L|s0|m4,val_L_L_s0_m4_b0,val_L_L_s0_m4_b1,frozen,adapted,True,True,1,free,0.005625204921798174,0.0008380415238997962,-0.004787163397898378,-0.0006321315974841249,-0.004155031800414263,9.540979117872439e-18,0.02846875599577608,0.0029461812826370383,0.0007427866916539619,0.0006514018199877646,9.13848716661973e-05,5.421010862427522e-20,0.4552260222535096,0.005625204921798176,0.0008380415238997878,0.45665094293773345,0.7784242194145667
val_L_L_s0_m4_b0__val_L_L_s0_m4_b1,val_L|L|s0|m4,val_L_L_s0_m4_b0,val_L_L_s0_m4_b1,frozen,adapted,True,True,1,teacher,0.005625204921798174,0.0008380415238997962,-0.004787163397898378,-0.0006321315974841249,-0.004155031800414263,9.540979117872439e-18,0.02846875599577608,0.0029461812826370383,0.0007427866916539619,0.0006514018199877646,9.13848716661973e-05,5.421010862427522e-20,0.4552260222535096,0.005625204921798176,0.0008380415238997878,0.45665094293773345,0.7784242194145667
val_L_L_s0_m4_b0__val_L_L_s0_m4_b1,val_L|L|s0|m4,val_L_L_s0_m4_b0,val_L_L_s0_m4_b1,frozen,adapted,True,True,1,reset,0.005625204921798174,0.0008380415238997962,-0.004787163397898378,-0.0006321315974841249,-0.004155031800414263,9.540979117872439e-18,0.02846875599577608,0.0029461812826370383,0.0007427866916539619,0.0006514018199877646,9.13848716661973e-05,5.421010862427522e-20,0.4552260222535096,0.005625204921798176,0.0008380415238997878,0.45665094293773345,0.7784242194145667
val_L_L_s0_m4_b0__val_L_L_s0_m4_b1,val_L|L|s0|m4,val_L_L_s0_m4_b0,val_L_L_s0_m4_b1,frozen,adapted,True,True,1,persistence,0.005625204921798174,0.0,-0.005625204921798174,0.0015146778112874253,-0.007139882733085599,0.0,0.02846875599577608,0.0,0.0008104700679470367,0.0008104700679470365,0.0,1.0842021724855044e-19,nan,0.005625204921798176,0.0,0.45665094293773345,nan
val_L_L_s0_m4_b0__val_L_L_s0_m4_b1,val_L|L|s0|m4,val_L_L_s0_m4_b0,val_L_L_s0_m4_b1,frozen,adapted,True,True,2,free,-0.00028050015239666683,-9.292993857932044e-05,0.0001875702138173464,-0.0001268989072185713,0.00031446912103591756,1.0842021724855044e-19,0.010988026275108857,0.001333321955575118,0.00012634860500669533,9.321331549762346e-05,3.3135289509071895e-05,-2.710505431213761e-20,-0.130852738102667,-0.00028050015239666656,-9.29299385793203e-05,-0.26542377684300167,-0.5007648220324344
val_L_L_s0_m4_b0__val_L_L_s0_m4_b1,val_L|L|s0|m4,val_L_L_s0_m4_b0,val_L_L_s0_m4_b1,frozen,adapted,True,True,2,teacher,-0.00028050015239666683,-0.0002948264894877895,-1.4326337091122646e-05,-4.120024535044699e-06,-1.02063125560778e-05,-1.4738373282224826e-19,0.010988026275108857,0.007660250194897541,9.401760891165595e-05,1.1074093640026591e-05,8.294351527162936e-05,0.0,0.507291791117169,-0.00028050015239666656,-0.000294826489487789,-0.26542377684300167,-0.35989010220631296
val_L_L_s0_m4_b0__val_L_L_s0_m4_b1,val_L|L|s0|m4,val_L_L_s0_m4_b0,val_L_L_s0_m4_b1,frozen,adapted,True,True,2,reset,-0.00028050015239666683,8.996909604695735e-05,0.0003704692484436242,-0.00014724298381067638,0.0005177122322542987,1.8431436932253575e-18,0.010988026275108857,0.006396425490186473,0.00018709850755768082,2.1082797768099857e-05,0.000166015709789581,-2.710505431213761e-20,-0.18103333623466328,-0.00028050015239666656,8.996909604695577e-05,-0.26542377684300167,0.1056032366851291
val_L_L_s0_m4_b0__val_L_L_s0_m4_b1,val_L|L|s0|m4,val_L_L_s0_m4_b0,val_L_L_s0_m4_b1,frozen,adapted,True,True,2,persistence,-0.00028050015239666683,0.005625204921798174,0.005905705074194841,0.0012793048503581886,0.004626400223836654,-1.734723475976807e-18,0.010988026275108857,0.02846875599577608,0.0012097280283137435,0.0003055759115670184,0.0009041521167467248,2.168404344971009e-19,-0.4451846109682387,-0.00028050015239666656,0.005625204921798176,-0.26542377684300167,0.45665094293773345
val_L_L_s0_m4_b0__val_L_L_s0_m4_b1,val_L|L|s0|m4,val_L_L_s0_m4_b0,val_L_L_s0_m4_b1,frozen,adapted,True,True,3,free,-0.000899998922811957,1.9878242632342252e-06,0.0009019867470751912,9.740283682832746e-05,0.0008045839102468629,8.673617379884035e-19,0.016485474323005116,0.00013329408214006155,0.0002706681625510225,0.00026739379862973753,3.2743639212849714e-06,4.658681209898652e-21,0.25495134508871375,-0.0008999989228119567,1.9878242632337043e-06,-0.4941245105024978,0.11525896193892382
val_L_L_s0_m4_b0__val_L_L_s0_m4_b1,val_L|L|s0|m4,val_L_L_s0_m4_b0,val_L_L_s0_m4_b1,frozen,adapted,True,True,3,teacher,-0.000899998922811957,-9.333477391642534e-05,0.0008066641488955317,0.00033820961598140533,0.0004684545329141269,-5.421010862427522e-19,0.016485474323005116,0.004911224954792169,0.00018788660198917868,0.0001339632484375778,5.392335355160094e-05,-5.421010862427522e-20,0.6669912664192714,-0.0008999989228119567,-9.333477391642456e-05,-0.4941245105024978,-0.15233088180782434
val_L_L_s0_m4_b0__val_L_L_s0_m4_b1,val_L|L|s0|m4,val_L_L_s0_m4_b0,val_L_L_s0_m4_b1,frozen,adapted,True,True,3,reset,-0.000899998922811957,6.36532135823327e-05,0.0009636521363942897,0.0002473584641185478,0.0007162936722757431,-1.1926223897340549e-18,0.016485474323005116,0.0037395367022913834,0.00021614050039739586,0.00016245892583112564,5.368157456627024e-05,-2.710505431213761e-20,0.5646124532044147,-0.0008999989228119567,6.365321358233427e-05,-0.4941245105024978,0.13280450522423234
val_L_L_s0_m4_b0__val_L_L_s0_m4_b1,val_L|L|s0|m4,val_L_L_s0_m4_b0,val_L_L_s0_m4_b1,frozen,adapted,True,True,3,persistence,-0.000899998922811957,-0.00028050015239666683,0.0006194987704152902,3.835304868557673e-05,0.0005811457217297132,2.168404344971009e-19,0.016485474323005116,0.010988026275108857,0.00019453885443455928,3.0221935039318384e-05,0.00016431691939524095,-5.421010862427522e-20,0.5464437540427677,-0.0008999989228119567,-0.00028050015239666656,-0.4941245105024978,-0.26542377684300167
val_L_L_s0_m4_b0__val_L_L_s0_m4_b1,val_L|L|s0|m4,val_L_L_s0_m4_b0,val_L_L_s0_m4_b1,frozen,adapted,True,True,4,free,-0.0011360577167566135,-3.58059548902917e-07,0.0011356996572077106,0.00018135556186776723,0.0009543440953399441,-7.589415207398531e-19,0.01682028410533508,4.032716993122009e-05,0.00028280596721187587,0.000281566954754008,1.2390124578677866e-06,5.971582278142817e-20,0.08669758694446114,-0.0011360577167566159,-3.580595489043643e-07,-0.5556720522046201,-0.06661642238947948
val_L_L_s0_m4_b0__val_L_L_s0_m4_b1,val_L|L|s0|m4,val_L_L_s0_m4_b0,val_L_L_s0_m4_b1,frozen,adapted,True,True,4,teacher,-0.0011360577167566135,2.353176013768221e-05,0.0011595894768942957,0.00044136095421110034,0.0007182285226831966,-1.3010426069826053e-18,0.01682028410533508,0.006550099611401663,0.00027994077015640025,0.00010547668953943039,0.0001744640806169698,5.421010862427522e-20,0.20823773647646507,-0.0011360577167566159,2.3531760137681107e-05,-0.5556720522046201,0.02875494088138708
val_L_L_s0_m4_b0__val_L_L_s0_m4_b1,val_L|L|s0|m4,val_L_L_s0_m4_b0,val_L_L_s0_m4_b1,frozen,adapted,True,True,4,reset,-0.0011360577167566135,-0.00027239755720711266,0.0008636601595495008,0.000308776500379529,0.000554883659169972,-2.168404344971009e-19,0.01682028410533508,0.008395904286540896,0.00012516663975297278,7.09701753313067e-05,5.419646442166601e-05,6.776263578034403e-20,0.8081153854794951,-0.0011360577167566159,-0.00027239755720711483,-0.5556720522046201,-0.24038785653155395
val_L_L_s0_m4_b0__val_L_L_s0_m4_b1,val_L|L|s0|m4,val_L_L_s0_m4_b0,val_L_L_s0_m4_b1,frozen,adapted,True,True,4,persistence,-0.0011360577167566135,-0.000899998922811957,0.00023605879394465647,0.00013426022572965944,0.00010179856821499975,-2.72405795836983e-18,0.01682028410533508,0.016485474323005116,3.885985328910062e-05,1.1209759034383729e-07,3.874775569875683e-05,-4.0657581468206416e-20,0.9301314415368989,-0.0011360577167566159,-0.0008999989228119567,-0.5556720522046201,-0.4941245105024978
val_L_L_s0_m4_b0__val_L_L_s0_m4_b1,val_L|L|s0|m4,val_L_L_s0_m4_b0,val_L_L_s0_m4_b1,frozen,adapted,True,True,5,free,-0.0008296770307909792,-9.739221349478605e-07,0.0008287031086560313,0.00020895771806789406,0.0006197453905881381,-8.673617379884035e-19,0.016257649051820415,2.4186661121648978e-05,0.0002640777135934239,0.0002635253011902313,5.524124031925791e-07,3.4728350837426314e-20,0.2975753215300272,-0.0008296770307909796,-9.73922134947551e-07,-0.41620264088801806,-0.29713581802259376
val_L_L_s0_m4_b0__val_L_L_s0_m4_b1,val_L|L|s0|m4,val_L_L_s0_m4_b0,val_L_L_s0_m4_b1,frozen,adapted,True,True,5,teacher,-0.0008296770307909792,0.00011029805693957631,0.0009399750877305555,0.0002709659466779476,0.0006690091410526077,2.168404344971009e-19,0.016257649051820415,0.00838042146410618,0.00042023578515709974,6.205071446864624e-05,0.00035818507068845337,1.0842021724855044e-19,-0.31447968866612863,-0.0008296770307909796,0.00011029805693957555,-0.41620264088801806,0.10561429246894284
val_L_L_s0_m4_b0__val_L_L_s0_m4_b1,val_L|L|s0|m4,val_L_L_s0_m4_b0,val_L_L_s0_m4_b1,frozen,adapted,True,True,5,reset,-0.0008296770307909792,-9.514089753006813e-05,0.000734536133260911,0.0002745934214254312,0.00045994271183548,-1.6263032587282567e-19,0.016257649051820415,0.007367021089840072,0.00012490371342495965,7.904326555834677e-05,4.586044786661285e-05,2.710505431213761e-20,0.808548559431833,-0.0008296770307909796,-9.514089753006844e-05,-0.41620264088801806,-0.09553522245885761
val_L_L_s0_m4_b0__val_L_L_s0_m4_b1,val_L|L|s0|m4,val_L_L_s0_m4_b0,val_L_L_s0_m4_b1,frozen,adapted,True,True,5,persistence,-0.0008296770307909792,-0.0011360577167566135,-0.0003063806859656343,8.379287988900682e-06,-0.00031475997395453677,1.7889335846010823e-18,0.016257649051820415,0.01682028410533508,1.8488272411558958e-05,3.1655820344344855e-07,1.8171714208115486e-05,2.371692252312041e-20,0.9667742471024383,-0.0008296770307909796,-0.0011360577167566159,-0.41620264088801806,-0.5556720522046201
val_L_L_s0_m4_b0__val_L_L_s0_m4_b2,val_L|L|s0|m4,val_L_L_s0_m4_b0,val_L_L_s0_m4_b2,frozen,oracle,True,False,1,free,0.005407155999688371,0.004670245338862317,-0.0007369106608260539,-0.0009336450861165052,0.00019673442529044186,9.378348791999613e-18,0.023443646123507193,0.015023315222272066,0.000360467191918234,7.090197248629516e-05,0.00028956521943193886,0.0,0.588920837016887,0.0054071559996883775,0.004670245338862313,0.5326353177216724,0.8633723908879396
val_L_L_s0_m4_b0__val_L_L_s0_m4_b2,val_L|L|s0|m4,val_L_L_s0_m4_b0,val_L_L_s0_m4_b2,frozen,oracle,True,False,1,teacher,0.005407155999688371,0.004670245338862317,-0.0007369106608260539,-0.0009336450861165052,0.00019673442529044186,9.378348791999613e-18,0.023443646123507193,0.015023315222272066,0.000360467191918234,7.090197248629516e-05,0.00028956521943193886,0.0,0.588920837016887,0.0054071559996883775,0.004670245338862313,0.5326353177216724,0.8633723908879396
val_L_L_s0_m4_b0__val_L_L_s0_m4_b2,val_L|L|s0|m4,val_L_L_s0_m4_b0,val_L_L_s0_m4_b2,frozen,oracle,True,False,1,reset,0.005407155999688371,0.004670245338862317,-0.0007369106608260539,-0.0009336450861165052,0.00019673442529044186,9.378348791999613e-18,0.023443646123507193,0.015023315222272066,0.000360467191918234,7.090197248629516e-05,0.00028956521943193886,0.0,0.588920837016887,0.0054071559996883775,0.004670245338862313,0.5326353177216724,0.8633723908879396
val_L_L_s0_m4_b0__val_L_L_s0_m4_b2,val_L|L|s0|m4,val_L_L_s0_m4_b0,val_L_L_s0_m4_b2,frozen,oracle,True,False,1,persistence,0.005407155999688371,0.0,-0.005407155999688371,0.002377067762942297,-0.007784223762630674,6.071532165918825e-18,0.023443646123507193,0.0,0.0005496045435642337,0.0005496045435642339,0.0,-1.0842021724855044e-19,nan,0.0054071559996883775,0.0,0.5326353177216724,nan
val_L_L_s0_m4_b0__val_L_L_s0_m4_b2,val_L|L|s0|m4,val_L_L_s0_m4_b0,val_L_L_s0_m4_b2,frozen,oracle,True,False,2,free,0.0005341006610686113,-0.00042768935473928675,-0.0009617900158078981,0.00022606644987170326,-0.0011878564656796005,-8.673617379884035e-19,0.02042868245694423,0.004787774695910634,0.00046308232280748893,0.000244637995589161,0.00021844432721832802,-8.131516293641283e-20,-0.11670050470275016,0.0005341006610686111,-0.0004276893547392863,0.2859197313636303,-0.6364229046284455
val_L_L_s0_m4_b0__val_L_L_s0_m4_b2,val_L|L|s0|m4,val_L_L_s0_m4_b0,val_L_L_s0_m4_b2,frozen,oracle,True,False,2,teacher,0.0005341006610686113,0.00021794772332477206,-0.0003161529377438393,-0.00017840727342255413,-0.00013774566432128463,-5.149960319306146e-19,0.02042868245694423,0.010012916926121712,0.000215196683763982,0.00010848817159307046,0.00010670851217091154,0.0,0.7391636597001568,0.0005341006610686111,0.00021794772332477244,0.2859197313636303,0.20835582355950422
val_L_L_s0_m4_b0__val_L_L_s0_m4_b2,val_L|L|s0|m4,val_L_L_s0_m4_b0,val_L_L_s0_m4_b2,frozen,oracle,True,False,2,reset,0.0005341006610686113,-7.970402365435267e-05,-0.000613804684722964,0.0003238538416267874,-0.0009376585263497503,-1.0842021724855044e-18,0.02042868245694423,0.004069183585059078,0.000440509463324643,0.00026763320333921155,0.00017287625998543146,-2.710505431213761e-20,-0.03981893360296382,0.0005341006610686111,-7.970402365435196e-05,0.2859197313636303,-0.14633673578238218
val_L_L_s0_m4_b0__val_L_L_s0_m4_b2,val_L|L|s0|m4,val_L_L_s0_m4_b0,val_L_L_s0_m4_b2,frozen,oracle,True,False,2,persistence,0.0005341006610686113,0.005407155999688371,0.004873055338619759,0.005253262813395575,-0.0003802074747758095,-5.9631119486702744e-18,0.02042868245694423,0.023443646123507193,0.0007238081610221919,9.090005910694788e-06,0.0007147181551114973,-1.0842021724855044e-19,0.253827389619081,0.0005341006610686111,0.0054071559996883775,0.2859197313636303,0.5326353177216724
val_L_L_s0_m4_b0__val_L_L_s0_m4_b2,val_L|L|s0|m4,val_L_L_s0_m4_b0,val_L_L_s0_m4_b2,frozen,oracle,True,False,3,free,-0.0005914920702520627,9.996953164122246e-06,0.000601489023416185,6.75476829943413e-05,0.0005339413404218433,4.336808689942018e-19,0.017022091690630146,0.000797167170298545,0.00029763239647995486,0.0002632481756904577,3.43842207894972e-05,-1.3552527156068805e-20,-0.26697154398535283,-0.0005914920702520623,9.996953164122274e-06,-0.3186195404617697,0.09694641457971745
val_L_L_s0_m4_b0__val_L_L_s0_m4_b2,val_L|L|s0|m4,val_L_L_s0_m4_b0,val_L_L_s0_m4_b2,frozen,oracle,True,False,3,teacher,-0.0005914920702520627,-0.00107521095332947,-0.0004837188830774074,-0.0004668578465353632,-1.686103654204325e-05,-9.486769009248164e-19,0.017022091690630146,0.010712118632771437,0.00016038896022139038,3.981575999090279e-05,0.0001205732002304875,8.131516293641283e-20,0.66937743326572,-0.0005914920702520623,-0.0010752109533294688,-0.3186195404617697,-0.7808474358873024
val_L_L_s0_m4_b0__val_L_L_s0_m4_b2,val_L|L|s0|m4,val_L_L_s0_m4_b0,val_L_L_s0_m4_b2,frozen,oracle,True,False,3,reset,-0.0005914920702520627,-0.0007172837341326548,-0.0001257916638805921,-0.00023957464480655908,0.00011378298092596685,1.3552527156068805e-19,0.017022091690630146,0.011275901452082092,0.00030583483205045035,3.301870225758495e-05,0.00027281612979286536,5.421010862427522e-20,0.28931712454755654,-0.0005914920702520623,-0.0007172837341326546,-0.3186195404617697,-0.48531360482309005
val_L_L_s0_m4_b0__val_L_L_s0_m4_b2,val_L|L|s0|m4,val_L_L_s0_m4_b0,val_L_L_s0_m4_b2,frozen,oracle,True,False,3,persistence,-0.0005914920702520627,0.0005341006610686113,0.001125592731320674,7.514782322668031e-05,0.0010504449080939932,6.505213034913027e-19,0.017022091690630146,0.02042868245694423,0.0008337703437356031,1.160486064913637e-05,0.0008221654830864668,-1.0842021724855044e-19,-0.18215918485813093,-0.0005914920702520623,0.0005341006610686111,-0.3186195404617697,0.2859197313636303
val_L_L_s0_m4_b0__val_L_L_s0_m4_b2,val_L|L|s0|m4,val_L_L_s0_m4_b0,val_L_L_s0_m4_b2,frozen,oracle,True,False,4,free,-0.00039531020372871734,1.5483408789124242e-06,0.00039685854460762976,3.914901206070833e-05,0.00035770953254691943,2.0057740190981832e-18,0.014265512538973204,0.0003130456881419344,0.00021017637501463319,0.00019467133122354546,1.5505043791087728e-05,-6.776263578034403e-21,-0.735992703284624,-0.00039531020372871706,1.5483408789107007e-06,-0.23375721895744817,0.03711130644715314
val_L_L_s0_m4_b0__val_L_L_s0_m4_b2,val_L|L|s0|m4,val_L_L_s0_m4_b0,val_L_L_s0_m4_b2,frozen,oracle,True,False,4,teacher,-0.00039531020372871734,-8.303510503010827e-05,0.00031227509869860906,0.0001611758697788127,0.000151099228919795,1.3552527156068805e-18,0.014265512538973204,0.007731068939376166,0.00011612123672705705,4.2698953156314696e-05,7.342228357074232e-05,2.710505431213761e-20,0.667132828027399,-0.00039531020372871706,-8.303510503010941e-05,-0.23375721895744817,-0.08568582619504111
val_L_L_s0_m4_b0__val_L_L_s0_m4_b2,val_L|L|s0|m4,val_L_L_s0_m4_b0,val_L_L_s0_m4_b2,frozen,oracle,True,False,4,reset,-0.00039531020372871734,-0.0003381339538199614,5.7176249908755944e-05,1.0721829374119053e-05,4.645442053463625e-05,6.437450399132683e-19,0.014265512538973204,0.00860419191692831,0.00010286312897382536,3.205055118559079e-05,7.081257778823453e-05,4.0657581468206416e-20,0.7115417662311158,-0.00039531020372871706,-0.00033813395381996177,-0.23375721895744817,-0.29065900328843275
val_L_L_s0_m4_b0__val_L_L_s0_m4_b2,val_L|L|s0|m4,val_L_L_s0_m4_b0,val_L_L_s0_m4_b2,frozen,oracle,True,False,4,persistence,-0.00039531020372871734,-0.0005914920702520627,-0.0001961818665233454,9.058824484018405e-05,-0.0002867701113635293,-1.6263032587282567e-19,0.014265512538973204,0.017022091690630146,0.0004048105703367568,7.598728619349709e-06,0.00039721184171740694,1.6263032587282567e-19,0.1821156725231995,-0.00039531020372871706,-0.0005914920702520623,-0.23375721895744817,-0.3186195404617697
val_L_L_s0_m4_b0__val_L_L_s0_m4_b2,val_L|L|s0|m4,val_L_L_s0_m4_b0,val_L_L_s0_m4_b2,frozen,oracle,True,False,5,free,-0.0006145431792571382,1.9899375947544234e-06,0.0006165331168518926,-3.2273146472823786e-05,0.0006488062633247168,-4.336808689942018e-19,0.013771283680449676,0.0001528546698235235,0.00019125287984414512,0.000185461608717464,5.7912711266811225e-06,-1.2705494208814505e-20,-0.3755955619105274,-0.0006145431792571379,1.9899375947551273e-06,-0.3663429224419119,0.09607326513062625
val_L_L_s0_m4_b0__val_L_L_s0_m4_b2,val_L|L|s0|m4,val_L_L_s0_m4_b0,val_L_L_s0_m4_b2,frozen,oracle,True,False,5,teacher,-0.0006145431792571382,-0.000133789093276283,0.00048075408598085515,9.54190093479539e-05,0.00038533507663290206,-8.131516293641283e-19,0.013771283680449676,0.002922934310214905,0.00016723205916632615,0.00011768668405867317,4.9545375107653015e-05,-4.0657581468206416e-20,0.3845686075066003,-0.0006145431792571379,-0.00013378909327628195,-0.3663429224419119,-0.3642702098382158
val_L_L_s0_m4_b0__val_L_L_s0_m4_b2,val_L|L|s0|m4,val_L_L_s0_m4_b0,val_L_L_s0_m4_b2,frozen,oracle,True,False,5,reset,-0.0006145431792571382,-0.0003208654574382054,0.00029367772181893275,-0.00012703954182547914,0.0004207172636444117,1.6263032587282567e-19,0.013771283680449676,0.005297448996205351,0.00015789546723646248,7.180587425590214e-05,8.608959298056036e-05,-1.3552527156068805e-20,0.40996272276817375,-0.0006145431792571379,-0.00032086545743820536,-0.3663429224419119,-0.4452476005482685
val_L_L_s0_m4_b0__val_L_L_s0_m4_b2,val_L|L|s0|m4,val_L_L_s0_m4_b0,val_L_L_s0_m4_b2,frozen,oracle,True,False,5,persistence,-0.0006145431792571382,-0.00039531020372871734,0.00021923297552842082,1.808473728567522e-05,0.00020114823824274563,-2.710505431213761e-20,0.013771283680449676,0.014265512538973204,0.00018321657546341785,2.442621645974691e-07,0.0001829723132988204,-2.710505431213761e-20,0.5343135744182691,-0.0006145431792571379,-0.00039531020372871706,-0.3663429224419119,-0.23375721895744817
val_L_L_s0_m4_b1__val_L_L_s0_m4_b2,val_L|L|s0|m4,val_L_L_s0_m4_b1,val_L_L_s0_m4_b2,adapted,oracle,False,False,1,free,-0.00021804892210980364,0.0038322038149625204,0.004050252737072324,-0.00022803227694490985,0.004278285014017233,8.673617379884035e-19,0.016295044093763464,0.01229276781878197,0.0003695298163131805,1.6018215381279738e-05,0.00035351160093190074,5.421010862427522e-20,0.11759399336245699,-0.00021804892210979925,0.003832203814962525,-0.031369949708670214,0.868560278640658
val_L_L_s0_m4_b1__val_L_L_s0_m4_b2,val_L|L|s0|m4,val_L_L_s0_m4_b1,val_L_L_s0_m4_b2,adapted,oracle,False,False,1,teacher,-0.00021804892210980364,0.0038322038149625204,0.004050252737072324,-0.00022803227694490985,0.004278285014017233,8.673617379884035e-19,0.016295044093763464,0.01229276781878197,0.0003695298163131805,1.6018215381279738e-05,0.00035351160093190074,5.421010862427522e-20,0.11759399336245699,-0.00021804892210979925,0.003832203814962525,-0.031369949708670214,0.868560278640658
val_L_L_s0_m4_b1__val_L_L_s0_m4_b2,val_L|L|s0|m4,val_L_L_s0_m4_b1,val_L_L_s0_m4_b2,adapted,oracle,False,False,1,reset,-0.00021804892210980364,0.0038322038149625204,0.004050252737072324,-0.00022803227694490985,0.004278285014017233,8.673617379884035e-19,0.016295044093763464,0.01229276781878197,0.0003695298163131805,1.6018215381279738e-05,0.00035351160093190074,5.421010862427522e-20,0.11759399336245699,-0.00021804892210979925,0.003832203814962525,-0.031369949708670214,0.868560278640658
val_L_L_s0_m4_b1__val_L_L_s0_m4_b2,val_L|L|s0|m4,val_L_L_s0_m4_b1,val_L_L_s0_m4_b2,adapted,oracle,False,False,1,persistence,-0.00021804892210980364,0.0,0.00021804892210980364,0.0008623899516548722,-0.000644341029545073,4.445228907190568e-18,0.016295044093763464,0.0,0.0002655284620176956,0.00026552846201769554,0.0,5.421010862427522e-20,nan,-0.00021804892210979925,0.0,-0.031369949708670214,nan
val_L_L_s0_m4_b1__val_L_L_s0_m4_b2,val_L|L|s0|m4,val_L_L_s0_m4_b1,val_L_L_s0_m4_b2,adapted,oracle,False,False,2,free,0.0008146008134652782,-0.0003347594161599663,-0.0011493602296252445,0.0003544497103667428,-0.0015038099399919862,-1.0842021724855044e-18,0.026708907686221882,0.0037487157063640095,0.0007537064481127453,0.0005271704157519298,0.0002265360323608155,-2.710505431213761e-20,-0.13127622828474916,0.0008146008134652774,-0.00033475941615996604,0.3294978478516802,-0.6346805371186252
val_L_L_s0_m4_b1__val_L_L_s0_m4_b2,val_L|L|s0|m4,val_L_L_s0_m4_b1,val_L_L_s0_m4_b2,adapted,oracle,False,False,2,teacher,0.0008146008134652782,0.0005127742128125615,-0.00030182660065271663,-0.00015017527813486839,-0.00015165132251784751,-7.318364664277155e-19,0.026708907686221882,0.01727529672511102,0.0003067757810797058,8.899301576559101e-05,0.00021778276531411462,1.6263032587282567e-19,0.7640000724677891,0.0008146008134652774,0.0005127742128125615,0.3294978478516802,0.28098833875904095
val_L_L_s0_m4_b1__val_L_L_s0_m4_b2,val_L|L|s0|m4,val_L_L_s0_m4_b1,val_L_L_s0_m4_b2,adapted,oracle,False,False,2,reset,0.0008146008134652782,-0.00016967311970131002,-0.0009842739331665882,0.0004671492646891781,-0.0014514231978557633,-3.0357660829594124e-18,0.026708907686221882,0.004264656802771088,0.0007439959977250841,0.0005037443977192818,0.00024025160000580229,5.421010862427522e-20,-0.054620183667227755,0.0008146008134652774,-0.00016967311970130796,0.3294978478516802,-0.29799400294536366
val_L_L_s0_m4_b1__val_L_L_s0_m4_b2,val_L|L|s0|m4,val_L_L_s0_m4_b1,val_L_L_s0_m4_b2,adapted,oracle,False,False,2,persistence,0.0008146008134652782,-0.00021804892210980364,-0.0010326497355750818,0.0038586341514788213,-0.004891283887053899,-4.336808689942018e-18,0.026708907686221882,0.016295044093763464,0.0010439308369226633,0.00010844855492233095,0.0009354822820003322,1.0842021724855044e-19,-0.07471646805209645,0.0008146008134652774,-0.00021804892210979925,0.3294978478516802,-0.031369949708670214
val_L_L_s0_m4_b1__val_L_L_s0_m4_b2,val_L|L|s0|m4,val_L_L_s0_m4_b1,val_L_L_s0_m4_b2,adapted,oracle,False,False,3,free,0.00030850685255989427,8.009128900888021e-06,-0.00030049772365900625,-2.7225403624320962e-05,-0.0002732723200346851,-2.168404344971009e-19,0.0210802484696977,0.0006743705861450831,0.00045914099935263875,0.0004163998521984618,4.274114715417691e-05,6.776263578034403e-20,-0.5032867636791375,0.0003085068525598947,8.009128900888582e-06,0.12958161045057123,0.09181748123094789
val_L_L_s0_m4_b1__val_L_L_s0_m4_b2,val_L|L|s0|m4,val_L_L_s0_m4_b1,val_L_L_s0_m4_b2,adapted,oracle,False,False,3,teacher,0.00030850685255989427,-0.0009818761794130448,-0.001290383031972939,-0.0007982996745857962,-0.000492083357387143,2.168404344971009e-19,0.0210802484696977,0.011833443209569675,0.0002545645540088133,8.550340751873132e-05,0.00016906114649008208,-1.0842021724855044e-19,0.6611348103023506,0.0003085068525598947,-0.0009818761794130445,0.12958161045057123,-0.6438029473398363
val_L_L_s0_m4_b1__val_L_L_s0_m4_b2,val_L|L|s0|m4,val_L_L_s0_m4_b1,val_L_L_s0_m4_b2,adapted,oracle,False,False,3,reset,0.00030850685255989427,-0.0007809369477149875,-0.0010894438002748818,-0.0005256311037151464,-0.0005638126965597369,1.5178830414797062e-18,0.0210802484696977,0.013847471357600602,0.0002792304414714717,5.231306475327564e-05,0.000226917376718196,2.710505431213761e-20,0.611320569663274,0.0003085068525598947,-0.0007809369477149888,0.12958161045057123,-0.4312600910861243
val_L_L_s0_m4_b1__val_L_L_s0_m4_b2,val_L|L|s0|m4,val_L_L_s0_m4_b1,val_L_L_s0_m4_b2,adapted,oracle,False,False,3,persistence,0.00030850685255989427,0.0008146008134652782,0.0005060939609053839,-8.26316501768519e-05,0.0005887256110822347,1.0842021724855044e-18,0.0210802484696977,0.026708907686221882,0.0007132643695728101,3.168180457576261e-05,0.0006815825649970474,0.0,0.39471958136568014,0.0003085068525598947,0.0008146008134652774,0.12958161045057123,0.3294978478516802
val_L_L_s0_m4_b1__val_L_L_s0_m4_b2,val_L|L|s0|m4,val_L_L_s0_m4_b1,val_L_L_s0_m4_b2,adapted,oracle,False,False,4,free,0.0007407475130278961,1.9064004278153412e-06,-0.0007388411126000808,-0.00014146978941899263,-0.0005973713231810911,2.927345865710862e-18,0.02057821350525837,0.00027512665855588495,0.00043121152376389405,0.00041221533550474357,1.8996188259150628e-05,-1.5246593050577406e-19,-0.6776297800184757,0.0007407475130278987,1.906400427815066e-06,0.2926063035408198,0.05199054825476691
val_L_L_s0_m4_b1__val_L_L_s0_m4_b2,val_L|L|s0|m4,val_L_L_s0_m4_b1,val_L_L_s0_m4_b2,adapted,oracle,False,False,4,teacher,0.0007407475130278961,-0.00010656686516779049,-0.0008473143781956866,-0.00029862684860377045,-0.0005486875295919193,3.144186300207963e-18,0.02057821350525837,0.003703280701580317,0.00036491249988566477,0.0002847633571286496,8.01491427570152e-05,-5.421010862427522e-20,0.47413461405068175,0.0007407475130278987,-0.00010656686516779095,0.2926063035408198,-0.2296616672750441
val_L_L_s0_m4_b1__val_L_L_s0_m4_b2,val_L|L|s0|m4,val_L_L_s0_m4_b1,val_L_L_s0_m4_b2,adapted,oracle,False,False,4,reset,0.0007407475130278961,-6.573639661284873e-05,-0.0008064839096407449,-0.0002881450018571334,-0.0005183389077836122,7.589415207398531e-19,0.02057821350525837,0.009354780652130835,0.00022640119647716352,0.0001259654450086625,0.0001004357514685011,-8.131516293641283e-20,0.739134251615677,0.0007407475130278987,-6.573639661284689e-05,0.2926063035408198,-0.051594688201572585
val_L_L_s0_m4_b1__val_L_L_s0_m4_b2,val_L|L|s0|m4,val_L_L_s0_m4_b1,val_L_L_s0_m4_b2,adapted,oracle,False,False,4,persistence,0.0007407475130278961,0.00030850685255989427,-0.00043224066046800187,-1.8455762247397954e-05,-0.0004137848982206062,2.2768245622195593e-18,0.02057821350525837,0.0210802484696977,0.0003319160156423001,2.5203910551959823e-07,0.00033166397653678053,-5.421010862427522e-20,0.617717063454094,0.0007407475130278987,0.0003085068525598947,0.2926063035408198,0.12958161045057123
val_L_L_s0_m4_b1__val_L_L_s0_m4_b2,val_L|L|s0|m4,val_L_L_s0_m4_b1,val_L_L_s0_m4_b2,adapted,oracle,False,False,5,free,0.000215133851533841,2.963859729702284e-06,-0.00021216999180413872,-0.00024078187191674009,2.861188011260104e-05,3.2864878353466853e-19,0.021720696998668347,0.00013884320543671092,0.0004747897448397924,0.0004657764131524267,9.013331687365677e-06,3.7269449679189215e-20,-0.4943659685576086,0.00021513385153384168,2.9638597297026782e-06,0.0793067431066261,0.15753000622439345
val_L_L_s0_m4_b1__val_L_L_s0_m4_b2,val_L|L|s0|m4,val_L_L_s0_m4_b1,val_L_L_s0_m4_b2,adapted,oracle,False,False,5,teacher,0.000215133851533841,-0.00024408715021585932,-0.0004592210017497003,-0.00018278299264357372,-0.0002764380091061255,-1.0842021724855044e-18,0.021720696998668347,0.007464337974768351,0.0005935233543254248,0.00020324377261833485,0.0003902795817070901,-1.6263032587282567e-19,-0.20359612950618292,0.00021513385153384168,-0.00024408715021585758,0.0793067431066261,-0.26125299162499915
val_L_L_s0_m4_b1__val_L_L_s0_m4_b2,val_L|L|s0|m4,val_L_L_s0_m4_b1,val_L_L_s0_m4_b2,adapted,oracle,False,False,5,reset,0.000215133851533841,-0.00022572455990813728,-0.0004408584114419783,-0.00039871537429291796,-4.214303714906057e-05,2.439454888092385e-19,0.021720696998668347,0.01007620438670457,0.00025438854395283224,0.000135594208190079,0.00011879433576275335,-1.0842021724855044e-19,0.7286092680087742,0.00021513385153384168,-0.00022572455990813685,0.0793067431066261,-0.1643343116634377
val_L_L_s0_m4_b1__val_L_L_s0_m4_b2,val_L|L|s0|m4,val_L_L_s0_m4_b1,val_L_L_s0_m4_b2,adapted,oracle,False,False,5,persistence,0.000215133851533841,0.0007407475130278961,0.0005256136614940551,1.1359340834433301e-05,0.0005142543206596239,-2.0599841277224584e-18,0.021720696998668347,0.02057821350525837,0.00016467578438955383,1.3052685327142622e-06,0.0001633705158568398,-2.439454888092385e-19,0.8172479494637132,0.00021513385153384168,0.0007407475130278987,0.0793067431066261,0.2926063035408198
val_L_L_s1_m4_b0__val_L_L_s1_m4_b1,val_L|L|s1|m4,val_L_L_s1_m4_b0,val_L_L_s1_m4_b1,frozen,adapted,True,True,1,free,1.1404118110958095e-07,5.613831201289887e-07,4.473419390194078e-07,-2.889490049260461e-08,4.7623683947084825e-07,4.116410717066449e-17,4.719694350923779e-07,1.1460999896831285e-06,1.1344884169687696e-12,4.544520046328329e-13,6.800364123359368e-13,-1.0097419586828951e-28,0.37141243012733377,1.1404118111754206e-07,5.613831200957858e-07,0.35091661855361594,0.7036564601542187
val_L_L_s1_m4_b0__val_L_L_s1_m4_b1,val_L|L|s1|m4,val_L_L_s1_m4_b0,val_L_L_s1_m4_b1,frozen,adapted,True,True,1,teacher,1.1404118110958095e-07,5.613831201289887e-07,4.473419390194078e-07,-2.889490049260461e-08,4.7623683947084825e-07,4.116410717066449e-17,4.719694350923779e-07,1.1460999896831285e-06,1.1344884169687696e-12,4.544520046328329e-13,6.800364123359368e-13,-1.0097419586828951e-28,0.37141243012733377,1.1404118111754206e-07,5.613831200957858e-07,0.35091661855361594,0.7036564601542187
val_L_L_s1_m4_b0__val_L_L_s1_m4_b1,val_L|L|s1|m4,val_L_L_s1_m4_b0,val_L_L_s1_m4_b1,frozen,adapted,True,True,1,reset,1.1404118110958095e-07,5.613831201289887e-07,4.473419390194078e-07,-2.889490049260461e-08,4.7623683947084825e-07,4.116410717066449e-17,4.719694350923779e-07,1.1460999896831285e-06,1.1344884169687696e-12,4.544520046328329e-13,6.800364123359368e-13,-1.0097419586828951e-28,0.37141243012733377,1.1404118111754206e-07,5.613831200957858e-07,0.35091661855361594,0.7036564601542187
val_L_L_s1_m4_b0__val_L_L_s1_m4_b1,val_L|L|s1|m4,val_L_L_s1_m4_b0,val_L_L_s1_m4_b1,frozen,adapted,True,True,1,persistence,1.1404118110958095e-07,0.0,-1.1404118110958095e-07,5.2703089120765693e-08,-1.6674427023830777e-07,7.96113032234516e-18,4.719694350923779e-07,0.0,2.2275514766141832e-13,2.2275514766141834e-13,0.0,-2.524354896707238e-29,nan,1.1404118111754206e-07,0.0,0.35091661855361594,nan
val_L_L_s1_m4_b0__val_L_L_s1_m4_b1,val_L|L|s1|m4,val_L_L_s1_m4_b0,val_L_L_s1_m4_b1,frozen,adapted,True,True,2,free,4.971520368990401e-08,7.693651696283332e-08,2.7221313272929315e-08,-1.8525254764167546e-08,4.574656803702787e-08,6.899348053182293e-20,3.967180560673865e-07,4.4767025320348204e-07,3.039702593797285e-13,2.5961263929955412e-15,3.0137413298673296e-13,0.0,0.15153140175500293,4.9715203690167925e-08,7.693651696302825e-08,0.3387131642068845,0.5383826909772825
val_L_L_s1_m4_b0__val_L_L_s1_m4_b1,val_L|L|s1|m4,val_L_L_s1_m4_b0,val_L_L_s1_m4_b1,frozen,adapted,True,True,2,teacher,4.971520368990401e-08,1.518924322013726e-07,1.021772285114686e-07,-7.512315143107472e-08,1.7730037994679175e-07,-4.2484525656315535e-18,3.967180560673865e-07,1.0683504045823948e-06,1.003882567578693e-12,4.510900115717854e-13,5.527925560069076e-13,0.0,0.3478665090155815,4.9715203690167925e-08,1.51892432205885e-07,0.3387131642068845,0.4597397289724958
val_L_L_s1_m4_b0__val_L_L_s1_m4_b1,val_L|L|s1|m4,val_L_L_s1_m4_b0,val_L_L_s1_m4_b1,frozen,adapted,True,True,2,reset,4.971520368990401e-08,1.0553858356687762e-08,-3.9161345333216246e-08,-1.5196877614964102e-08,-2.3964467712173472e-08,-6.0786723889663826e-18,3.967180560673865e-07,2.2024115352716045e-07,1.1884989659539575e-13,3.114409713019245e-14,8.770579946520333e-14,-3.7865323450608567e-29,0.4980992141156581,4.9715203690167925e-08,1.0553858363030358e-08,0.3387131642068845,0.15479225200785127
val_L_L_s1_m4_b0__val_L_L_s1_m4_b1,val_L|L|s1|m4,val_L_L_s1_m4_b0,val_L_L_s1_m4_b1,frozen,adapted,True,True,2,persistence,4.971520368990401e-08,1.1404118110958095e-07,6.432597741967694e-08,4.61669738011733e-08,1.815900362620084e-08,-7.69720014993664e-18,3.967180560673865e-07,4.719694350923779e-07,5.719869023578264e-14,5.662770045162917e-15,5.153592019061977e-14,-4.417621069237666e-29,0.8623791621506987,4.9715203690167925e-08,1.1404118111754206e-07,0.3387131642068845,0.35091661855361594
val_L_L_s1_m4_b0__val_L_L_s1_m4_b1,val_L|L|s1|m4,val_L_L_s1_m4_b0,val_L_L_s1_m4_b1,frozen,adapted,True,True,3,free,-1.3236943971484116e-09,2.648141605304799e-09,3.971836002453211e-09,-2.6134933143479275e-09,6.585329320112999e-09,-3.311860773456137e-18,2.2877650427814395e-07,2.051984661060741e-07,1.1306076394861558e-13,5.559238840435831e-16,1.1250484006457201e-13,-1.262177448353619e-29,-0.1982727449027331,-1.3236943973882072e-09,2.648141608376865e-09,-0.02394159214023763,0.0642226474452388
val_L_L_s1_m4_b0__val_L_L_s1_m4_b1,val_L|L|s1|m4,val_L_L_s1_m4_b0,val_L_L_s1_m4_b1,frozen,adapted,True,True,3,teacher,-1.3236943971484116e-09,-5.659106239175316e-10,7.577837732308801e-10,-4.467033122862708e-08,4.542811500173907e-08,1.1888901508102156e-19,2.2877650427814395e-07,5.501733902936049e-07,3.084888991441288e-13,1.0329595834043519e-13,2.0519294080369362e-13,-2.524354896707238e-29,0.18488024442361378,-1.3236943973882072e-09,-5.659106242762103e-10,-0.02394159214023763,-0.00540220791489873
val_L_L_s1_m4_b0__val_L_L_s1_m4_b1,val_L|L|s1|m4,val_L_L_s1_m4_b0,val_L_L_s1_m4_b1,frozen,adapted,True,True,3,reset,-1.3236943971484116e-09,-3.800302055684268e-09,-2.4766076585358565e-09,1.4274491445572688e-10,-2.619352574198482e-09,1.2068982863358013e-18,2.2877650427814395e-07,1.3085371332787706e-07,5.818151726201532e-14,9.58887298748967e-15,4.8592644274525654e-14,0.0,0.18839807950430187,-1.3236943973882072e-09,-3.800302057130961e-09,-0.02394159214023763,-0.1441221133019041
val_L_L_s1_m4_b0__val_L_L_s1_m4_b1,val_L|L|s1|m4,val_L_L_s1_m4_b0,val_L_L_s1_m4_b1,frozen,adapted,True,True,3,persistence,-1.3236943971484116e-09,4.971520368990401e-08,5.103889808705242e-08,2.0121479051358793e-08,3.091741903619735e-08,-5.037199058202917e-19,2.2877650427814395e-07,3.967180560673865e-07,1.6682488726011695e-13,2.820436481737884e-14,1.386205224427381e-13,0.0,0.2363327806765886,-1.3236943973882072e-09,4.9715203690167925e-08,-0.02394159214023763,0.3387131642068845
val_L_L_s1_m4_b0__val_L_L_s1_m4_b1,val_L|L|s1|m4,val_L_L_s1_m4_b0,val_L_L_s1_m4_b1,frozen,adapted,True,True,4,free,-1.0774403057245419e-08,-6.305880442120104e-08,-5.2284401363955624e-08,-1.1473817058245538e-08,-4.0810584304178684e-08,-1.5314024814112729e-18,1.5840151627690715e-07,3.787585728921589e-07,1.2178650309485128e-13,4.855723240013726e-14,7.322927069471403e-14,0.0,0.38971470273353265,-1.0774403057471255e-08,-6.305880441989547e-08,-0.28845654220152966,-0.6963731096817275
val_L_L_s1_m4_b0__val_L_L_s1_m4_b1,val_L|L|s1|m4,val_L_L_s1_m4_b0,val_L_L_s1_m4_b1,frozen,adapted,True,True,4,teacher,-1.0774403057245419e-08,-5.482490389105421e-08,-4.405050083380879e-08,-6.0742907786824525e-09,-3.797621005761165e-08,2.485313781252325e-18,1.5840151627690715e-07,4.6846143553852117e-07,2.0665524511075371e-13,9.613715353251862e-14,1.1051809157823508e-13,1.262177448353619e-29,0.2553191224543337,-1.0774403057471255e-08,-5.4824903893765365e-08,-0.28845654220152966,-0.537532695046678
val_L_L_s1_m4_b0__val_L_L_s1_m4_b1,val_L|L|s1|m4,val_L_L_s1_m4_b0,val_L_L_s1_m4_b1,frozen,adapted,True,True,4,reset,-1.0774403057245419e-08,-2.71002630752859e-09,8.064376749716828e-09,8.049660685019629e-09,1.4716066554546037e-11,-1.857346384342893e-18,1.5840151627690715e-07,1.830530829585029e-07,4.072488084281146e-14,6.076997398571619e-16,4.01171811029543e-14,0.0,0.3082263249069109,-1.0774403057471255e-08,-2.7100263058970823e-09,-0.28845654220152966,-0.07238994646196989
val_L_L_s1_m4_b0__val_L_L_s1_m4_b1,val_L|L|s1|m4,val_L_L_s1_m4_b0,val_L_L_s1_m4_b1,frozen,adapted,True,True,4,persistence,-1.0774403057245419e-08,-1.3236943971484116e-09,9.450708660097007e-09,5.281992628407119e-09,4.168716031675931e-09,1.3957018475607236e-20,1.5840151627690715e-07,2.2877650427814395e-07,6.674938378419895e-14,4.952638936174224e-15,6.179674484802472e-14,0.0,0.1473616757429467,-1.0774403057471255e-08,-1.3236943973882072e-09,-0.28845654220152966,-0.02394159214023763
val_L_L_s1_m4_b0__val_L_L_s1_m4_b1,val_L|L|s1|m4,val_L_L_s1_m4_b0,val_L_L_s1_m4_b1,frozen,adapted,True,True,5,free,2.299070050310048e-08,-2.4373312548786608e-08,-4.736401305188709e-08,-2.1155781989845446e-08,-2.6208231056541017e-08,-5.500625342024526e-18,2.2284585679245585e-07,3.284815138401561e-07,1.802977483553165e-13,1.1158892039899348e-14,1.6913885631541716e-13,0.0,-0.1553083081314759,2.299070050454933e-08,-2.4373312541837136e-08,0.4277089898691497,-0.2770278550187994
val_L_L_s1_m4_b0__val_L_L_s1_m4_b1,val_L|L|s1|m4,val_L_L_s1_m4_b0,val_L_L_s1_m4_b1,frozen,adapted,True,True,5,teacher,2.299070050310048e-08,-5.7840681799703475e-08,-8.083138230280396e-08,-2.653417042335609e-08,-5.429721188328826e-08,3.840394443291794e-18,2.2284585679245585e-07,4.6476612640313e-07,1.6464863510684136e-13,5.852541684850126e-14,1.0612321825834006e-13,3.7865323450608567e-29,0.48767991259734833,2.299070050454933e-08,-5.784068180209502e-08,0.4277089898691497,-0.44865670030705934
val_L_L_s1_m4_b0__val_L_L_s1_m4_b1,val_L|L|s1|m4,val_L_L_s1_m4_b0,val_L_L_s1_m4_b1,frozen,adapted,True,True,5,reset,2.299070050310048e-08,2.591002627727601e-08,2.9193257741755296e-09,-2.7819957046013592e-09,5.70132147583892e-09,2.937968519137268e-18,2.2284585679245585e-07,2.2581249019009967e-07,6.85550089566472e-14,8.80091371601572e-18,6.85462080429312e-14,-1.262177448353619e-29,0.3189156282038065,2.299070050454933e-08,2.591002627578689e-08,0.4277089898691497,0.5348625610015652
val_L_L_s1_m4_b0__val_L_L_s1_m4_b1,val_L|L|s1|m4,val_L_L_s1_m4_b0,val_L_L_s1_m4_b1,frozen,adapted,True,True,5,persistence,2.299070050310048e-08,-1.0774403057245419e-08,-3.37651035603459e-08,-2.0605802363050406e-10,-3.3559045538390083e-08,1.6746900158401586e-18,2.2284585679245585e-07,1.5840151627690715e-07,8.572031973294473e-14,4.1530730244839916e-15,8.156724670846072e-14,1.262177448353619e-29,-0.15537218751703774,2.299070050454933e-08,-1.0774403057471255e-08,0.4277089898691497,-0.28845654220152966
val_L_L_s1_m4_b0__val_L_L_s1_m4_b2,val_L|L|s1|m4,val_L_L_s1_m4_b0,val_L_L_s1_m4_b2,frozen,oracle,True,False,1,free,0.023133065258156144,0.028748609915422413,0.005615544657266269,-0.0028042052204061904,0.00841974987767243,2.949029909160572e-17,0.05632079731759873,0.06955760618395707,0.0018221430118676473,0.00017521310896450264,0.0016469299029031456,-8.673617379884035e-19,0.7898004908363673,0.023133065258156126,0.02874860991542237,0.6121597515209554,0.6129906190971078
val_L_L_s1_m4_b0__val_L_L_s1_m4_b2,val_L|L|s1|m4,val_L_L_s1_m4_b0,val_L_L_s1_m4_b2,frozen,oracle,True,False,1,teacher,0.023133065258156144,0.028748609915422413,0.005615544657266269,-0.0028042052204061904,0.00841974987767243,2.949029909160572e-17,0.05632079731759873,0.06955760618395707,0.0018221430118676473,0.00017521310896450264,0.0016469299029031456,-8.673617379884035e-19,0.7898004908363673,0.023133065258156126,0.02874860991542237,0.6121597515209554,0.6129906190971078
val_L_L_s1_m4_b0__val_L_L_s1_m4_b2,val_L|L|s1|m4,val_L_L_s1_m4_b0,val_L_L_s1_m4_b2,frozen,oracle,True,False,1,reset,0.023133065258156144,0.028748609915422413,0.005615544657266269,-0.0028042052204061904,0.00841974987767243,2.949029909160572e-17,0.05632079731759873,0.06955760618395707,0.0018221430118676473,0.00017521310896450264,0.0016469299029031456,-8.673617379884035e-19,0.7898004908363673,0.023133065258156126,0.02874860991542237,0.6121597515209554,0.6129906190971078
val_L_L_s1_m4_b0__val_L_L_s1_m4_b2,val_L|L|s1|m4,val_L_L_s1_m4_b0,val_L_L_s1_m4_b2,frozen,oracle,True,False,1,persistence,0.023133065258156144,0.0,-0.023133065258156144,0.009699697213413742,-0.032832762471569875,-6.938893903907228e-18,0.05632079731759873,0.0,0.0031720322104900364,0.0031720322104900364,0.0,0.0,nan,0.023133065258156126,0.0,0.6121597515209554,nan
val_L_L_s1_m4_b0__val_L_L_s1_m4_b2,val_L|L|s1|m4,val_L_L_s1_m4_b0,val_L_L_s1_m4_b2,frozen,oracle,True,False,2,free,-0.0012734702904484418,0.004817838975327365,0.006091309265775807,-0.00035894876343220736,0.006450258029208009,6.071532165918825e-18,0.03864061663721529,0.024578464491766226,0.002177766590890349,0.00019774412296175772,0.0019800224679285923,-8.673617379884035e-19,-0.04241661971318303,-0.0012734702904484401,0.004817838975327361,-0.08878633801136845,0.6296073753894518
val_L_L_s1_m4_b0__val_L_L_s1_m4_b2,val_L|L|s1|m4,val_L_L_s1_m4_b0,val_L_L_s1_m4_b2,frozen,oracle,True,False,2,teacher,-0.0012734702904484418,0.006002693526421701,0.007276163816870143,-0.0001433096469156377,0.007419473463785787,-6.071532165918825e-18,0.03864061663721529,0.031447989478297654,0.002340421714024611,5.1733885447199584e-05,0.0022886878285774117,-4.336808689942018e-19,0.058284691295531765,-0.0012734702904484401,0.00600269352642171,-0.08878633801136845,0.6384374505400862
val_L_L_s1_m4_b0__val_L_L_s1_m4_b2,val_L|L|s1|m4,val_L_L_s1_m4_b0,val_L_L_s1_m4_b2,frozen,oracle,True,False,2,reset,-0.0012734702904484418,0.005384030192530448,0.00665750048297889,-0.00013163654790279686,0.006789137030881692,-5.204170427930421e-18,0.03864061663721529,0.03151267823679029,0.0015798960547080717,5.0807505840253294e-05,0.0015290885488678184,0.0,0.3721248761633673,-0.0012734702904484401,0.005384030192530456,-0.08878633801136845,0.5688670374629443
val_L_L_s1_m4_b0__val_L_L_s1_m4_b2,val_L|L|s1|m4,val_L_L_s1_m4_b0,val_L_L_s1_m4_b2,frozen,oracle,True,False,2,persistence,-0.0012734702904484418,0.023133065258156144,0.024406535548604585,0.007126759183494696,0.017279776365109873,1.734723475976807e-17,0.03864061663721529,0.05632079731759873,0.005750930224117889,0.0003125887888910039,0.005438341435226885,0.0,-0.24946366741263667,-0.0012734702904484401,0.023133065258156126,-0.08878633801136845,0.6121597515209554
val_L_L_s1_m4_b0__val_L_L_s1_m4_b2,val_L|L|s1|m4,val_L_L_s1_m4_b0,val_L_L_s1_m4_b2,frozen,oracle,True,False,3,free,0.011895961500163272,-2.571639897555253e-05,-0.011921677899138824,0.00019842846080714847,-0.012120106359945971,-1.734723475976807e-18,0.13099993827967457,0.006441724051805147,0.016667076815936398,0.015514748731635811,0.0011523280843005852,1.5178830414797062e-18,0.3172323384437204,0.011895961500163275,-2.5716398975549764e-05,0.44195490317466396,-0.01986308229786473
val_L_L_s1_m4_b0__val_L_L_s1_m4_b2,val_L|L|s1|m4,val_L_L_s1_m4_b0,val_L_L_s1_m4_b2,frozen,oracle,True,False,3,teacher,0.011895961500163272,0.0013739255115520106,-0.010522035988611261,-0.0030596604614098488,-0.007462375527201417,4.336808689942018e-18,0.13099993827967457,0.02274280005847865,0.01587724563881349,0.01171960797584312,0.004157637662970372,-1.734723475976807e-18,0.3022471517298212,0.011895961500163275,0.001373925511552009,0.44195490317466396,0.3240694601808826
val_L_L_s1_m4_b0__val_L_L_s1_m4_b2,val_L|L|s1|m4,val_L_L_s1_m4_b0,val_L_L_s1_m4_b2,frozen,oracle,True,False,3,reset,0.011895961500163272,-0.00013739284131877513,-0.012033354341482047,0.001295166546404664,-0.013328520887886712,0.0,0.13099993827967457,0.011700941530291435,0.018027086751118616,0.014232250625409327,0.0037948361257092865,3.0357660829594124e-18,-0.23785886261318617,0.011895961500163275,-0.00013739284131877128,0.44195490317466396,-0.05819570010930585
val_L_L_s1_m4_b0__val_L_L_s1_m4_b2,val_L|L|s1|m4,val_L_L_s1_m4_b0,val_L_L_s1_m4_b2,frozen,oracle,True,False,3,persistence,0.011895961500163272,-0.0012734702904484418,-0.013169431790611714,0.0090808822297973,-0.022250314020409015,0.0,0.13099993827967457,0.03864061663721529,0.023772437732493497,0.008530244294255246,0.015242193438238242,8.673617379884035e-18,-0.505574789057005,0.011895961500163275,-0.0012734702904484401,0.44195490317466396,-0.08878633801136845
val_L_L_s1_m4_b0__val_L_L_s1_m4_b2,val_L|L|s1|m4,val_L_L_s1_m4_b0,val_L_L_s1_m4_b2,frozen,oracle,True,False,4,free,0.0054604552739862255,-0.0017224033739377635,-0.007182858647923989,-0.004407679935931822,-0.0027751787119921576,-9.540979117872439e-18,0.15037404970405072,0.009477613269453115,0.02301493955154213,0.019851805799968602,0.0031631337515735276,0.0,-0.10972579540818071,0.005460455273986216,-0.001722403373937764,0.17215593179709524,-0.7490846279513648
val_L_L_s1_m4_b0__val_L_L_s1_m4_b2,val_L|L|s1|m4,val_L_L_s1_m4_b0,val_L_L_s1_m4_b2,frozen,oracle,True,False,4,teacher,0.0054604552739862255,-0.005563101421915129,-0.011023556695901354,-0.011472137208823278,0.0004485805129219297,-5.5294310796760726e-18,0.15037404970405072,0.07715742632735328,0.015775622415840185,0.005360673938685157,0.010414948477155038,-1.0408340855860843e-17,0.5511755560373136,0.005460455273986216,-0.005563101421915133,0.17215593179709524,-0.31778472640397987
val_L_L_s1_m4_b0__val_L_L_s1_m4_b2,val_L|L|s1|m4,val_L_L_s1_m4_b0,val_L_L_s1_m4_b2,frozen,oracle,True,False,4,reset,0.0054604552739862255,0.0014839876966441755,-0.00397646757734205,-0.0024169261816579623,-0.0015595413956840751,-1.2576745200831851e-17,0.15037404970405072,0.08537503863011875,0.03024396848952711,0.00422487144058913,0.02601909704893798,0.0,-0.013347537151365616,0.005460455273986216,0.0014839876966441783,0.17215593179709524,0.08856514691023197
val_L_L_s1_m4_b0__val_L_L_s1_m4_b2,val_L|L|s1|m4,val_L_L_s1_m4_b0,val_L_L_s1_m4_b2,frozen,oracle,True,False,4,persistence,0.0054604552739862255,0.011895961500163272,0.006435506226177046,0.008194438138619014,-0.0017589319124419567,-1.0842021724855044e-17,0.15037404970405072,0.13099993827967457,0.060039390650945546,0.00037535619348414226,0.05966403445746142,-2.0816681711721685e-17,-0.5143931422820528,0.005460455273986216,0.011895961500163275,0.17215593179709524,0.44195490317466396
val_L_L_s1_m4_b0__val_L_L_s1_m4_b2,val_L|L|s1|m4,val_L_L_s1_m4_b0,val_L_L_s1_m4_b2,frozen,oracle,True,False,5,free,0.0023526019013338714,0.0001505695833089668,-0.0022020323180249046,-0.00047081433440818073,-0.0017312179836167251,1.3010426069826053e-18,0.1268649462822979,0.0017050712743114556,0.016076998747801073,0.01566499431201479,0.000412004435786279,3.577867169202165e-18,0.047669445462610524,0.0023526019013338714,0.00015056958330896529,0.08147273704969409,0.33004490917266865
val_L_L_s1_m4_b0__val_L_L_s1_m4_b2,val_L|L|s1|m4,val_L_L_s1_m4_b0,val_L_L_s1_m4_b2,frozen,oracle,True,False,5,teacher,0.0023526019013338714,0.008751022092536032,0.00639842019120216,0.009913391441686837,-0.0035149712504846725,-4.336808689942018e-18,0.1268649462822979,0.07037093030045928,0.011327771703794839,0.003191573841756239,0.008136197862038601,-1.734723475976807e-18,0.5443235611953555,0.0023526019013338714,0.008751022092536037,0.08147273704969409,0.4805928276317029
val_L_L_s1_m4_b0__val_L_L_s1_m4_b2,val_L|L|s1|m4,val_L_L_s1_m4_b0,val_L_L_s1_m4_b2,frozen,oracle,True,False,5,reset,0.0023526019013338714,0.0033603024706658977,0.0010077005693320262,-0.00366117982409352,0.004668880393425545,8.673617379884035e-19,0.1268649462822979,0.09170321778267083,0.025753290576234524,0.0012363471510814872,0.024516943425153034,3.469446951953614e-18,-0.05368334239701522,0.0023526019013338714,0.003360302470665894,0.08147273704969409,0.1819508191877894
val_L_L_s1_m4_b0__val_L_L_s1_m4_b2,val_L|L|s1|m4,val_L_L_s1_m4_b0,val_L_L_s1_m4_b2,frozen,oracle,True,False,5,persistence,0.0023526019013338714,0.0054604552739862255,0.003107853372652354,-0.0011436084753600924,0.004251461848012436,1.0408340855860843e-17,0.1268649462822979,0.15037404970405072,0.06954609671321546,0.0005526779436946693,0.06899341876952081,-1.3877787807814457e-17,-0.8082694049275675,0.0023526019013338714,0.005460455273986216,0.08147273704969409,0.17215593179709524
val_L_L_s1_m4_b1__val_L_L_s1_m4_b2,val_L|L|s1|m4,val_L_L_s1_m4_b1,val_L_L_s1_m4_b2,adapted,oracle,False,False,1,free,0.023132951216975034,0.028748048532302284,0.00561509731532725,-0.0028041957279069736,0.008419293043234235,-1.214306433183765e-17,0.056320567609422396,0.06955648083110308,0.0018220872733155085,0.0001751893988118615,0.0016468978745036462,8.673617379884035e-19,0.7898003205959551,0.023132951216975013,0.028748048532302273,0.6121593035708914,0.6129889185012016
val_L_L_s1_m4_b1__val_L_L_s1_m4_b2,val_L|L|s1|m4,val_L_L_s1_m4_b1,val_L_L_s1_m4_b2,adapted,oracle,False,False,1,teacher,0.023132951216975034,0.028748048532302284,0.00561509731532725,-0.0028041957279069736,0.008419293043234235,-1.214306433183765e-17,0.056320567609422396,0.06955648083110308,0.0018220872733155085,0.0001751893988118615,0.0016468978745036462,8.673617379884035e-19,0.7898003205959551,0.023132951216975013,0.028748048532302273,0.6121593035708914,0.6129889185012016
val_L_L_s1_m4_b1__val_L_L_s1_m4_b2,val_L|L|s1|m4,val_L_L_s1_m4_b1,val_L_L_s1_m4_b2,adapted,oracle,False,False,1,reset,0.023132951216975034,0.028748048532302284,0.00561509731532725,-0.0028041957279069736,0.008419293043234235,-1.214306433183765e-17,0.056320567609422396,0.06955648083110308,0.0018220872733155085,0.0001751893988118615,0.0016468978745036462,8.673617379884035e-19,0.7898003205959551,0.023132951216975013,0.028748048532302273,0.6121593035708914,0.6129889185012016
val_L_L_s1_m4_b1__val_L_L_s1_m4_b2,val_L|L|s1|m4,val_L_L_s1_m4_b1,val_L_L_s1_m4_b2,adapted,oracle,False,False,1,persistence,0.023132951216975034,0.0,-0.023132951216975034,0.009699644510324623,-0.03283259572729963,-2.7755575615628914e-17,0.056320567609422396,0.0,0.003172006335847519,0.0031720063358475193,0.0,-4.336808689942018e-19,nan,0.023132951216975013,0.0,0.6121593035708914,nan
val_L_L_s1_m4_b1__val_L_L_s1_m4_b2,val_L|L|s1|m4,val_L_L_s1_m4_b1,val_L_L_s1_m4_b2,adapted,oracle,False,False,2,free,-0.0012735200056521317,0.0048177620388104025,0.006091282044462534,-0.00035892976031068455,0.006450211804773213,5.204170427930421e-18,0.03864055718711309,0.024578060005990734,0.002177750211689682,0.00019775382696907414,0.001979996384720608,-4.336808689942018e-19,-0.04242164659093092,-0.0012735200056521307,0.004817762038810397,-0.08878995641031782,0.629607916260887
val_L_L_s1_m4_b1__val_L_L_s1_m4_b2,val_L|L|s1|m4,val_L_L_s1_m4_b1,val_L_L_s1_m4_b2,adapted,oracle,False,False,2,teacher,-0.0012735200056521317,0.0060025416339895,0.007276061639641632,-0.00014322744015322637,0.007419289079794861,-2.6020852139652106e-18,0.03864055718711309,0.03144712065197231,0.0023403479465018934,5.174552918509814e-05,0.0022886024173167955,-4.336808689942018e-19,0.05829236930207757,-0.0012735200056521307,0.006002541633989504,-0.08878995641031782,0.6384394275581267
val_L_L_s1_m4_b1__val_L_L_s1_m4_b2,val_L|L|s1|m4,val_L_L_s1_m4_b1,val_L_L_s1_m4_b2,adapted,oracle,False,False,2,reset,-0.0012735200056521317,0.005384019638672091,0.006657539644324223,-0.00013162025191314013,0.0067891598962373624,8.673617379884035e-19,0.03864055718711309,0.03151259678551109,0.0015798952656399083,5.080781948680611e-05,0.0015290874461531022,0.0,0.37212274006587454,-0.0012735200056521307,0.005384019638672093,-0.08878995641031782,0.5688674219530744
val_L_L_s1_m4_b1__val_L_L_s1_m4_b2,val_L|L|s1|m4,val_L_L_s1_m4_b1,val_L_L_s1_m4_b2,adapted,oracle,False,False,2,persistence,-0.0012735200056521317,0.023132951216975034,0.024406471222627166,0.0071267175199543455,0.017279753702672797,2.42861286636753e-17,0.03864055718711309,0.056320567609422396,0.0057509195113076075,0.0003125827685329658,0.0054383367427746415,0.0,-0.24946960771394683,-0.0012735200056521307,0.023132951216975013,-0.08878995641031782,0.6121593035708914
val_L_L_s1_m4_b1__val_L_L_s1_m4_b2,val_L|L|s1|m4,val_L_L_s1_m4_b1,val_L_L_s1_m4_b2,adapted,oracle,False,False,3,free,0.011895962823857669,-2.5719047117157834e-05,-0.011921681870974827,0.0001984282902406191,-0.012120110161215449,3.469446951953614e-18,0.13099992694052,0.006441605301308955,0.016667084492268593,0.015514775489577155,0.0011523090026914326,5.421010862427522e-18,0.3172309988567899,0.011895962823857673,-2.571904711715835e-05,0.4419549797911636,-0.019865494464436684
val_L_L_s1_m4_b1__val_L_L_s1_m4_b2,val_L|L|s1|m4,val_L_L_s1_m4_b1,val_L_L_s1_m4_b2,adapted,oracle,False,False,3,teacher,0.011895962823857669,0.0013739260774626345,-0.010522036746395035,-0.0030596344773070857,-0.007462402269087953,4.336808689942018e-18,0.13099992694052,0.022742567359028718,0.015877312575610213,0.011719655903556305,0.0041576566720539065,1.734723475976807e-18,0.30223676178226144,0.011895962823857673,0.0013739260774626324,0.4419549797911636,0.32407289453025856
val_L_L_s1_m4_b1__val_L_L_s1_m4_b2,val_L|L|s1|m4,val_L_L_s1_m4_b1,val_L_L_s1_m4_b2,adapted,oracle,False,False,3,reset,0.011895962823857669,-0.00013738904101671945,-0.012033351864874389,0.0012951680405930395,-0.013328519905467427,0.0,0.13099992694052,0.01170091388651015,0.01802707857694586,0.014232254515660816,0.003794824061285039,6.071532165918825e-18,-0.2378579588697686,0.011895962823857673,-0.0001373890410167143,0.4419549797911636,-0.05819422506302307
val_L_L_s1_m4_b1__val_L_L_s1_m4_b2,val_L|L|s1|m4,val_L_L_s1_m4_b1,val_L_L_s1_m4_b2,adapted,oracle,False,False,3,persistence,0.011895962823857669,-0.0012735200056521317,-0.0131694828295098,0.009080862645215368,-0.022250345474725174,6.938893903907228e-18,0.13099992694052,0.03864055718711309,0.02377243510065021,0.008530253181246537,0.015242181919403661,1.0408340855860843e-17,-0.5055760979715803,0.011895962823857673,-0.0012735200056521307,0.4419549797911636,-0.08878995641031782
val_L_L_s1_m4_b1__val_L_L_s1_m4_b2,val_L|L|s1|m4,val_L_L_s1_m4_b1,val_L_L_s1_m4_b2,adapted,oracle,False,False,4,free,0.005460466048389283,-0.0017223403151333423,-0.007182806363522625,-0.004407665138099325,-0.0027751412254232925,-7.37257477290143e-18,0.15037407111027945,0.009477290871545337,0.023014929951821597,0.019851902681642136,0.003163027270179455,6.071532165918825e-18,-0.10972602976127094,0.005460466048389274,-0.0017223403151333436,0.17215622925106114,-0.7490822736522919
val_L_L_s1_m4_b1__val_L_L_s1_m4_b2,val_L|L|s1|m4,val_L_L_s1_m4_b1,val_L_L_s1_m4_b2,adapted,oracle,False,False,4,teacher,0.005460466048389283,-0.005563046597011238,-0.01102351264540052,-0.01147213416148115,0.0004486215160806402,-1.0842021724855044e-17,0.15037407111027945,0.07715735772852186,0.01577561046349871,0.005360687118426441,0.010414923345072269,0.0,0.5511763039386643,0.005460466048389274,-0.005563046597011237,0.17215622925106114,-0.3177816997434653
val_L_L_s1_m4_b1__val_L_L_s1_m4_b2,val_L|L|s1|m4,val_L_L_s1_m4_b1,val_L_L_s1_m4_b2,adapted,oracle,False,False,4,reset,0.005460466048389283,0.001483990406670483,-0.0039764756417188,-0.002416933473225736,-0.001559542168493053,-1.0842021724855044e-17,0.15037407111027945,0.08537504821030123,0.030243955764387938,0.004224872977951893,0.026019082786436037,6.938893903907228e-18,-0.013346723715926791,0.005460466048389274,0.0014839904066704843,0.17215622925106114,0.08856529606242491
val_L_L_s1_m4_b1__val_L_L_s1_m4_b2,val_L|L|s1|m4,val_L_L_s1_m4_b1,val_L_L_s1_m4_b2,adapted,oracle,False,False,4,persistence,0.005460466048389283,0.011895962823857669,0.006435496775468386,0.008194434002982384,-0.0017589372275139867,-1.0842021724855044e-17,0.15037407111027945,0.13099992694052,0.06003938939398154,0.00037535746231062364,0.05966403193167093,-1.3877787807814457e-17,-0.5143929936772708,0.005460466048389274,0.011895962823857673,0.17215622925106114,0.4419549797911636
val_L_L_s1_m4_b1__val_L_L_s1_m4_b2,val_L|L|s1|m4,val_L_L_s1_m4_b1,val_L_L_s1_m4_b2,adapted,oracle,False,False,5,free,0.0023525789106333683,0.0001505939566215156,-0.0022019849540118527,-0.0004707968673042488,-0.0017311880867076127,8.673617379884035e-18,0.12686495889163873,0.0017050369915186632,0.016077017279597358,0.015665006050044155,0.0004120112295532058,-2.656295322589486e-18,0.0476346880089351,0.0023525789106333696,0.00015059395662150713,0.08147195146978572,0.3301049158388783
val_L_L_s1_m4_b1__val_L_L_s1_m4_b2,val_L|L|s1|m4,val_L_L_s1_m4_b1,val_L_L_s1_m4_b2,adapted,oracle,False,False,5,teacher,0.0023525789106333683,0.008751079933217831,0.006398501022584463,0.009913430500155387,-0.0035149294775709185,-5.204170427930421e-18,0.12686495889163873,0.07037117448698793,0.011327744649427778,0.0031915476763591665,0.008136196973068617,-5.204170427930421e-18,0.5443252374611234,0.0023525789106333696,0.008751079933217836,0.08147195146978572,0.4805941597422153
val_L_L_s1_m4_b1__val_L_L_s1_m4_b2,val_L|L|s1|m4,val_L_L_s1_m4_b1,val_L_L_s1_m4_b2,adapted,oracle,False,False,5,reset,0.0023525789106333683,0.0033602765606396204,0.001007697650006252,-0.0036611793349758466,0.0046688769849820965,1.734723475976807e-18,0.12686495889163873,0.09170316354783234,0.02575328616289755,0.001236351851799725,0.02451693431109783,-3.469446951953614e-18,-0.05368346913412266,0.0023525789106333696,0.003360276560639618,0.08147195146978572,0.1819495763814973
val_L_L_s1_m4_b1__val_L_L_s1_m4_b2,val_L|L|s1|m4,val_L_L_s1_m4_b1,val_L_L_s1_m4_b2,adapted,oracle,False,False,5,persistence,0.0023525789106333683,0.005460466048389283,0.0031078871377559145,-0.0011436082653178332,0.0042514954030737385,8.673617379884035e-18,0.12686495889163873,0.15037407111027945,0.06954611381035557,0.0005526783573086422,0.06899343545304693,0.0,-0.8082694050509461,0.0023525789106333696,0.005460466048389274,0.08147195146978572,0.17215622925106114
val_L_L_s2_m4_b0__val_L_L_s2_m4_b1,val_L|L|s2|m4,val_L_L_s2_m4_b0,val_L_L_s2_m4_b1,frozen,adapted,True,True,1,free,2.7564523330525503e-08,7.685264274970294e-08,4.9288119419177434e-08,-8.666390169173495e-09,5.7954509631001784e-08,-4.26508551338877e-17,1.6753040935229428e-07,2.4691693200095834e-07,7.819863263561626e-14,6.302219978246851e-15,7.18964126573694e-14,1.262177448353619e-29,0.1309741324509628,2.7564523282566617e-08,7.68526427443949e-08,0.26435798481348327,0.5534071816220909
val_L_L_s2_m4_b0__val_L_L_s2_m4_b1,val_L|L|s2|m4,val_L_L_s2_m4_b0,val_L_L_s2_m4_b1,frozen,adapted,True,True,1,teacher,2.7564523330525503e-08,7.685264274970294e-08,4.9288119419177434e-08,-8.666390169173495e-09,5.7954509631001784e-08,-4.26508551338877e-17,1.6753040935229428e-07,2.4691693200095834e-07,7.819863263561626e-14,6.302219978246851e-15,7.18964126573694e-14,1.262177448353619e-29,0.1309741324509628,2.7564523282566617e-08,7.68526427443949e-08,0.26435798481348327,0.5534071816220909
val_L_L_s2_m4_b0__val_L_L_s2_m4_b1,val_L|L|s2|m4,val_L_L_s2_m4_b0,val_L_L_s2_m4_b1,frozen,adapted,True,True,1,reset,2.7564523330525503e-08,7.685264274970294e-08,4.9288119419177434e-08,-8.666390169173495e-09,5.7954509631001784e-08,-4.26508551338877e-17,1.6753040935229428e-07,2.4691693200095834e-07,7.819863263561626e-14,6.302219978246851e-15,7.18964126573694e-14,1.262177448353619e-29,0.1309741324509628,2.7564523282566617e-08,7.68526427443949e-08,0.26435798481348327,0.5534071816220909
val_L_L_s2_m4_b0__val_L_L_s2_m4_b1,val_L|L|s2|m4,val_L_L_s2_m4_b0,val_L_L_s2_m4_b1,frozen,adapted,True,True,1,persistence,2.7564523330525503e-08,0.0,-2.7564523330525503e-08,-2.1414571490779435e-09,-2.5423066133488677e-08,-4.795888305080783e-17,1.6753040935229428e-07,0.0,2.8066438057747292e-14,2.8066438057747292e-14,0.0,0.0,nan,2.7564523282566617e-08,0.0,0.26435798481348327,nan
val_L_L_s2_m4_b0__val_L_L_s2_m4_b1,val_L|L|s2|m4,val_L_L_s2_m4_b0,val_L_L_s2_m4_b1,frozen,adapted,True,True,2,free,-5.706192574006508e-09,6.829796349999695e-09,1.2535988924006203e-08,-3.0034783885883353e-09,1.553946731626918e-08,-3.6746406834259684e-18,1.926807150049397e-07,1.6719318822588069e-07,5.5131821820337283e-14,6.4961402131325105e-16,5.4482207799024026e-14,6.310887241768095e-30,0.15439435418703296,-5.706192581075666e-09,6.829796346605179e-09,-0.09866526339443663,0.18214317962821827
val_L_L_s2_m4_b0__val_L_L_s2_m4_b1,val_L|L|s2|m4,val_L_L_s2_m4_b0,val_L_L_s2_m4_b1,frozen,adapted,True,True,2,teacher,-5.706192574006508e-09,8.313318786840052e-09,1.401951136084656e-08,-6.471414344984909e-09,2.0490925713734122e-08,-7.902651961760112e-18,1.926807150049397e-07,2.814725208320756e-07,1.085366678250079e-13,7.8839847820438e-15,1.006526830429641e-13,0.0,0.07205740891376448,-5.706192581075666e-09,8.313318787673545e-09,-0.09866526339443663,0.13675463389549283
val_L_L_s2_m4_b0__val_L_L_s2_m4_b1,val_L|L|s2|m4,val_L_L_s2_m4_b0,val_L_L_s2_m4_b1,frozen,adapted,True,True,2,reset,-5.706192574006508e-09,-8.998905579038485e-10,4.806302016102659e-09,7.46318597605932e-10,4.059983424150682e-09,-5.6539548490898054e-18,1.926807150049397e-07,1.420538823219343e-07,3.5633609967592536e-14,2.5630761875130246e-15,3.307053378007952e-14,-6.310887241768095e-30,0.39588467569547714,-5.706192581075666e-09,-8.998905593190553e-10,-0.09866526339443663,-0.02434602693998118
val_L_L_s2_m4_b0__val_L_L_s2_m4_b1,val_L|L|s2|m4,val_L_L_s2_m4_b0,val_L_L_s2_m4_b1,frozen,adapted,True,True,2,persistence,-5.706192574006508e-09,2.7564523330525503e-08,3.327071590453201e-08,6.270720784705774e-09,2.6999995078936508e-08,4.08897280527582e-17,1.926807150049397e-07,1.6753040935229428e-07,6.732392420576366e-14,6.325378744214886e-16,6.669138633134219e-14,-1.262177448353619e-29,-0.03301790891627607,-5.706192581075666e-09,2.7564523282566617e-08,-0.09866526339443663,0.26435798481348327
val_L_L_s2_m4_b0__val_L_L_s2_m4_b1,val_L|L|s2|m4,val_L_L_s2_m4_b0,val_L_L_s2_m4_b1,frozen,adapted,True,True,3,free,-3.591994968826784e-09,-1.3224129687128272e-08,-9.632134718301488e-09,-2.1595949586577697e-09,-7.472539760648423e-09,1.0047051525354832e-18,9.973764733275951e-08,1.9341318361033355e-07,3.669811686000338e-14,8.77510609689109e-15,2.7923010763112293e-14,0.0,0.27625253613412126,-3.5919949689635e-09,-1.3224129688269694e-08,-0.1542982570173172,-0.3692928721588661
val_L_L_s2_m4_b0__val_L_L_s2_m4_b1,val_L|L|s2|m4,val_L_L_s2_m4_b0,val_L_L_s2_m4_b1,frozen,adapted,True,True,3,teacher,-3.591994968826784e-09,-2.5020736146158518e-08,-2.1428741177331734e-08,-1.2528258496413566e-08,-8.90048267663586e-09,-4.282307413742124e-18,9.973764733275951e-08,2.2042769518537456e-07,5.21410824765124e-14,1.4566087650666515e-14,3.7574994825845886e-14,0.0,0.1454378475391581,-3.5919949689635e-09,-2.5020736142012927e-08,-0.1542982570173172,-0.5703645351610974
val_L_L_s2_m4_b0__val_L_L_s2_m4_b1,val_L|L|s2|m4,val_L_L_s2_m4_b0,val_L_L_s2_m4_b1,frozen,adapted,True,True,3,reset,-3.591994968826784e-09,-9.694456432063348e-09,-6.102461463236564e-09,4.0338262180656214e-10,-6.505844087328496e-09,2.2853701651278446e-18,9.973764733275951e-08,1.5221937402005112e-07,2.5302366020651697e-14,2.754331636079577e-15,2.2548034384572124e-14,-3.1554436208840472e-30,0.25740906820660553,-3.5919949689635e-09,-9.694456434485433e-09,-0.1542982570173172,-0.2925216232416655
val_L_L_s2_m4_b0__val_L_L_s2_m4_b1,val_L|L|s2|m4,val_L_L_s2_m4_b0,val_L_L_s2_m4_b1,frozen,adapted,True,True,3,persistence,-3.591994968826784e-09,-5.706192574006508e-09,-2.114197605179724e-09,2.2560830087469557e-09,-4.370280620859124e-09,6.9324443766711524e-18,9.973764733275951e-08,1.926807150049397e-07,4.849454169959098e-14,8.63841382831547e-15,3.985612787127552e-14,-6.310887241768095e-30,-0.03697369328853201,-3.5919949689635e-09,-5.706192581075666e-09,-0.1542982570173172,-0.09866526339443663
val_L_L_s2_m4_b0__val_L_L_s2_m4_b1,val_L|L|s2|m4,val_L_L_s2_m4_b0,val_L_L_s2_m4_b1,frozen,adapted,True,True,4,free,3.4056744056820687e-09,-8.008100814416164e-10,-4.206484487123685e-09,1.1796950025564735e-09,-5.386179493758079e-09,4.077920183367009e-18,2.3428492553571795e-07,1.8219203251260627e-07,1.1472871564685372e-13,2.7136695035173583e-15,1.1201504614333635e-13,1.262177448353619e-29,-0.31211723384900264,3.405674407160338e-09,-8.008100840412688e-10,0.07021126319171907,-0.021091874364235853
val_L_L_s2_m4_b0__val_L_L_s2_m4_b1,val_L|L|s2|m4,val_L_L_s2_m4_b0,val_L_L_s2_m4_b1,frozen,adapted,True,True,4,teacher,3.4056744056820687e-09,-1.1525288549918411e-08,-1.493096295560048e-08,-5.466992835581593e-09,-9.463970123663847e-09,3.644961443047566e-18,2.3428492553571795e-07,2.2981376056703832e-07,1.0379580583810475e-13,1.999131617714798e-17,1.0377581452192761e-13,-1.262177448353619e-29,0.036291299684754315,3.405674407160338e-09,-1.1525288552085105e-08,0.07021126319171907,-0.25718956174912955
val_L_L_s2_m4_b0__val_L_L_s2_m4_b1,val_L|L|s2|m4,val_L_L_s2_m4_b0,val_L_L_s2_m4_b1,frozen,adapted,True,True,4,reset,3.4056744056820687e-09,-1.2061457017181754e-08,-1.5467131422863822e-08,2.051530902384716e-09,-1.75186623273212e-08,2.072659843429221e-18,2.3428492553571795e-07,2.372239977734331e-07,1.1151992282483636e-13,8.638145618507989e-18,1.1151128467921785e-13,0.0,-0.003196150719867718,3.405674407160338e-09,-1.2061457017776146e-08,0.07021126319171907,-0.25456544679957804
val_L_L_s2_m4_b0__val_L_L_s2_m4_b1,val_L|L|s2|m4,val_L_L_s2_m4_b0,val_L_L_s2_m4_b1,frozen,adapted,True,True,4,persistence,3.4056744056820687e-09,-3.591994968826784e-09,-6.9976693745088525e-09,-5.843690108999167e-09,-1.1539792671246694e-09,1.614984119226081e-18,2.3428492553571795e-07,9.973764733275951e-08,6.696865283714335e-14,1.8102970071824294e-14,4.8865682765319054e-14,0.0,-0.04561188256833171,3.405674407160338e-09,-3.5919949689635e-09,0.07021126319171907,-0.1542982570173172
val_L_L_s2_m4_b0__val_L_L_s2_m4_b1,val_L|L|s2|m4,val_L_L_s2_m4_b0,val_L_L_s2_m4_b1,frozen,adapted,True,True,5,free,7.530989880322192e-09,1.2118967322727325e-09,-6.3190931480494594e-09,-2.4024502403989285e-09,-3.916642907310558e-09,-3.399728861205195e-19,2.2774902786192268e-07,3.033639690154143e-07,1.0410892420398102e-13,5.717619325645999e-15,9.839130487833501e-14,0.0,0.28795704310030273,7.530989879270945e-09,1.2118967315614573e-09,0.15813177990360452,0.01851701269434248
val_L_L_s2_m4_b0__val_L_L_s2_m4_b1,val_L|L|s2|m4,val_L_L_s2_m4_b0,val_L_L_s2_m4_b1,frozen,adapted,True,True,5,teacher,7.530989880322192e-09,-1.68429508881629e-08,-2.4373940768485092e-08,-1.6151739533564467e-08,-8.222201230437565e-09,-4.483059185325068e-18,2.2774902786192268e-07,2.1319098450362386e-07,6.534559246531205e-14,2.1193662642210824e-16,6.513365583888996e-14,-2.524354896707238e-29,0.3292663540421293,7.530989879270945e-09,-1.6842950884731086e-08,0.15813177990360452,-0.3869315945450254
val_L_L_s2_m4_b0__val_L_L_s2_m4_b1,val_L|L|s2|m4,val_L_L_s2_m4_b0,val_L_L_s2_m4_b1,frozen,adapted,True,True,5,reset,7.530989880322192e-09,5.130288718152576e-09,-2.400701162169616e-09,-6.555435386568317e-09,4.154734224987036e-09,-5.883355194007911e-19,2.2774902786192268e-07,1.8226262535381494e-07,6.945734410173658e-14,2.06901281312959e-15,6.738833128860699e-14,0.0,0.18829064170171253,7.530989879270945e-09,5.130288717689663e-09,0.15813177990360452,0.14027988198629285
val_L_L_s2_m4_b0__val_L_L_s2_m4_b1,val_L|L|s2|m4,val_L_L_s2_m4_b0,val_L_L_s2_m4_b1,frozen,adapted,True,True,5,persistence,7.530989880322192e-09,3.4056744056820687e-09,-4.125315474640123e-09,-1.106893686934694e-10,-4.0146261034171375e-09,-2.5295166588259335e-18,2.2774902786192268e-07,2.3428492553571795e-07,1.5578649476471679e-13,4.271795840232252e-17,1.5574377680631447e-13,0.0,-0.45941843790429426,7.530989879270945e-09,3.405674407160338e-09,0.15813177990360452,0.07021126319171907
val_L_L_s2_m4_b0__val_L_L_s2_m4_b2,val_L|L|s2|m4,val_L_L_s2_m4_b0,val_L_L_s2_m4_b2,frozen,oracle,True,False,1,free,0.0057580664410128435,-0.0010615029671968146,-0.006819569408209658,-0.00022429777072861974,-0.0065952716374810556,1.734723475976807e-17,0.044836986895741664,0.03245008389875924,0.0007271718494780438,0.00015343536585665218,0.0005737364836213917,-1.0842021724855044e-19,0.8028348162115034,0.005758066441012847,-0.0010615029671968285,0.20802426798702126,-0.05808913362712805
val_L_L_s2_m4_b0__val_L_L_s2_m4_b2,val_L|L|s2|m4,val_L_L_s2_m4_b0,val_L_L_s2_m4_b2,frozen,oracle,True,False,1,teacher,0.0057580664410128435,-0.0010615029671968146,-0.006819569408209658,-0.00022429777072861974,-0.0065952716374810556,1.734723475976807e-17,0.044836986895741664,0.03245008389875924,0.0007271718494780438,0.00015343536585665218,0.0005737364836213917,-1.0842021724855044e-19,0.8028348162115034,0.005758066441012847,-0.0010615029671968285,0.20802426798702126,-0.05808913362712805
val_L_L_s2_m4_b0__val_L_L_s2_m4_b2,val_L|L|s2|m4,val_L_L_s2_m4_b0,val_L_L_s2_m4_b2,frozen,oracle,True,False,1,reset,0.0057580664410128435,-0.0010615029671968146,-0.006819569408209658,-0.00022429777072861974,-0.0065952716374810556,1.734723475976807e-17,0.044836986895741664,0.03245008389875924,0.0007271718494780438,0.00015343536585665218,0.0005737364836213917,-1.0842021724855044e-19,0.8028348162115034,0.005758066441012847,-0.0010615029671968285,0.20802426798702126,-0.05808913362712805
val_L_L_s2_m4_b0__val_L_L_s2_m4_b2,val_L|L|s2|m4,val_L_L_s2_m4_b0,val_L_L_s2_m4_b2,frozen,oracle,True,False,1,persistence,0.0057580664410128435,0.0,-0.0057580664410128435,-0.00821509563134289,0.0024570291903300437,2.6020852139652106e-18,0.044836986895741664,0.0,0.0020103553938889095,0.0020103553938889095,0.0,0.0,nan,0.005758066441012847,0.0,0.20802426798702126,nan
val_L_L_s2_m4_b0__val_L_L_s2_m4_b2,val_L|L|s2|m4,val_L_L_s2_m4_b0,val_L_L_s2_m4_b2,frozen,oracle,True,False,2,free,-0.00010764773223459478,-0.0012363586506287418,-0.001128710918394147,0.0007556291790020873,-0.0018843400973962347,4.336808689942018e-19,0.016363143131520354,0.01761937030079815,0.000219862759514258,1.5781067008317026e-06,0.00021828465281342627,2.710505431213761e-20,0.6214388046062921,-0.00010764773223459394,-0.0012363586506287413,-0.021912714205341396,-0.3093370997682938
val_L_L_s2_m4_b0__val_L_L_s2_m4_b2,val_L|L|s2|m4,val_L_L_s2_m4_b0,val_L_L_s2_m4_b2,frozen,oracle,True,False,2,teacher,-0.00010764773223459478,-0.000895989704996155,-0.0007883419727615602,0.0008729210641908175,-0.0016612630369523755,-2.3852447794681098e-18,0.016363143131520354,0.020009748582927266,0.00024134137418363704,1.3297731318230612e-05,0.00022804364286540646,-2.710505431213761e-20,0.6517592309908781,-0.00010764773223459394,-0.0008959897049961515,-0.021912714205341396,-0.20558479452715453
val_L_L_s2_m4_b0__val_L_L_s2_m4_b2,val_L|L|s2|m4,val_L_L_s2_m4_b0,val_L_L_s2_m4_b2,frozen,oracle,True,False,2,reset,-0.00010764773223459478,-0.0003592875127247652,-0.00025163978049017044,0.0001949832980013834,-0.0004466230784915564,2.6020852139652106e-18,0.016363143131520354,0.013555848635239912,0.00013986026272421226,7.880902388846461e-06,0.00013197936033536593,-1.3552527156068805e-19,0.7025030049636575,-0.00010764773223459394,-0.00035928751272476685,-0.021912714205341396,-0.10162586387281275
val_L_L_s2_m4_b0__val_L_L_s2_m4_b2,val_L|L|s2|m4,val_L_L_s2_m4_b0,val_L_L_s2_m4_b2,frozen,oracle,True,False,2,persistence,-0.00010764773223459478,0.0057580664410128435,0.005865714173247438,0.00012711704745335225,0.005738597125794088,-1.734723475976807e-18,0.016363143131520354,0.044836986895741664,0.0024798213144882836,0.0008107597787092848,0.0016690615357789988,0.0,-0.13746804307132784,-0.00010764773223459394,0.005758066441012847,-0.021912714205341396,0.20802426798702126
val_L_L_s2_m4_b0__val_L_L_s2_m4_b2,val_L|L|s2|m4,val_L_L_s2_m4_b0,val_L_L_s2_m4_b2,frozen,oracle,True,False,3,free,0.0016825117189687364,0.0006553268602710119,-0.0010271848586977245,0.00022340604426137218,-0.0012505909029590985,1.951563910473908e-18,0.01898562753705664,0.010574736741542568,0.0004624406220478204,7.074308397406334e-05,0.00039169753807375714,-5.421010862427522e-20,0.02450213041945699,0.0016825117189687368,0.0006553268602710106,0.3860117572647222,0.33810421555748493
val_L_L_s2_m4_b0__val_L_L_s2_m4_b2,val_L|L|s2|m4,val_L_L_s2_m4_b0,val_L_L_s2_m4_b2,frozen,oracle,True,False,3,teacher,0.0016825117189687364,0.0018310468579245433,0.00014853513895580692,0.0005726029397722048,-0.00042406780081639966,1.7889335846010823e-18,0.01898562753705664,0.013113374045215344,0.00028548269655228746,3.448336107244229e-05,0.0002509993354798452,0.0,0.4959157011765802,0.0016825117189687368,0.0018310468579245418,0.3860117572647222,0.718835454675531
val_L_L_s2_m4_b0__val_L_L_s2_m4_b2,val_L|L|s2|m4,val_L_L_s2_m4_b0,val_L_L_s2_m4_b2,frozen,oracle,True,False,3,reset,0.0016825117189687364,0.0013361964048864347,-0.00034631531408230165,0.00026035628425730075,-0.0006066715983396041,1.734723475976807e-18,0.01898562753705664,0.008649278311600086,0.00034354943033321336,0.00010684011531059632,0.00023670931502261708,-5.421010862427522e-20,0.279256848116175,0.0016825117189687368,0.0013361964048864334,0.3860117572647222,0.7199331696611879
val_L_L_s2_m4_b0__val_L_L_s2_m4_b2,val_L|L|s2|m4,val_L_L_s2_m4_b0,val_L_L_s2_m4_b2,frozen,oracle,True,False,3,persistence,0.0016825117189687364,-0.00010764773223459478,-0.0017901594512033311,-0.000825452701893432,-0.0009647067493098986,-5.421010862427522e-19,0.01898562753705664,0.016363143131520354,0.0004863065302886093,6.87742445728101e-06,0.00047942910583132837,-1.0842021724855044e-19,0.228381352198214,0.0016825117189687368,-0.00010764773223459394,0.3860117572647222,-0.021912714205341396
val_L_L_s2_m4_b0__val_L_L_s2_m4_b2,val_L|L|s2|m4,val_L_L_s2_m4_b0,val_L_L_s2_m4_b2,frozen,oracle,True,False,4,free,0.0011307073404647205,-0.000370668825245786,-0.0015013761657105065,-0.0013689704814729966,-0.0001324056842375138,3.903127820947816e-18,0.032392511156050845,0.008193514553479277,0.0011421131617997912,0.0005855914365712703,0.000556521725228521,-2.168404344971009e-19,-0.048424788477453594,0.0011307073404647242,-0.0003706688252457861,0.17140663320828192,-0.21620639953085674
val_L_L_s2_m4_b0__val_L_L_s2_m4_b2,val_L|L|s2|m4,val_L_L_s2_m4_b0,val_L_L_s2_m4_b2,frozen,oracle,True,False,4,teacher,0.0011307073404647205,-6.794000681727835e-05,-0.001198647347281999,-0.0017618552371931376,0.0005632078899111344,4.336808689942018e-18,0.032392511156050845,0.011254985764169565,0.0008749795432893552,0.0004467949796924259,0.0004281845635969296,-2.710505431213761e-19,0.4127656603179949,0.0011307073404647242,-6.794000681727884e-05,0.17140663320828192,-0.030942201981326727
val_L_L_s2_m4_b0__val_L_L_s2_m4_b2,val_L|L|s2|m4,val_L_L_s2_m4_b0,val_L_L_s2_m4_b2,frozen,oracle,True,False,4,reset,0.0011307073404647205,-9.830146420591185e-05,-0.0012290088046706324,-0.00047394138881765366,-0.0007550674158529815,2.8189256484623115e-18,0.032392511156050845,0.012014732018404604,0.0008509682943367233,0.00041525388258269034,0.0004357144117540332,-2.168404344971009e-19,0.4402253543265951,0.0011307073404647242,-9.830146420591076e-05,0.17140663320828192,-0.04093227454315672
val_L_L_s2_m4_b0__val_L_L_s2_m4_b2,val_L|L|s2|m4,val_L_L_s2_m4_b0,val_L_L_s2_m4_b2,frozen,oracle,True,False,4,persistence,0.0011307073404647205,0.0016825117189687364,0.0005518043785040158,9.07928503416393e-05,0.0004610115281623732,3.3068166260807885e-18,0.032392511156050845,0.01898562753705664,0.0016327145556483678,0.00017974452837325513,0.0014529700272751128,-2.168404344971009e-19,-0.18129151975798052,0.0011307073404647242,0.0016825117189687368,0.17140663320828192,0.3860117572647222
val_L_L_s2_m4_b0__val_L_L_s2_m4_b2,val_L|L|s2|m4,val_L_L_s2_m4_b0,val_L_L_s2_m4_b2,frozen,oracle,True,False,5,free,-0.0009596143151989547,-0.0002209692121381314,0.0007386451030608233,0.0003942666908134483,0.0003443784122473799,-4.87890977618477e-18,0.06463400940980339,0.004963830178731932,0.004272195752031785,0.0035605302894681913,0.0007116654625635935,4.336808689942018e-19,-0.10909278972075787,-0.0009596143151989576,-0.00022096921213812955,-0.07106906540743499,-0.20586583548567627
val_L_L_s2_m4_b0__val_L_L_s2_m4_b2,val_L|L|s2|m4,val_L_L_s2_m4_b0,val_L_L_s2_m4_b2,frozen,oracle,True,False,5,teacher,-0.0009596143151989547,-0.002012472497546533,-0.0010528581823475783,-0.0033239170817727973,0.002271058899425222,-3.0357660829594124e-18,0.06463400940980339,0.05164633851912292,0.0010745341089574457,0.00016867959516462893,0.0009058545137928175,-6.505213034913027e-19,0.8643162548814268,-0.0009596143151989576,-0.0020124724975465334,-0.07106906540743499,-0.18783527512490686
val_L_L_s2_m4_b0__val_L_L_s2_m4_b2,val_L|L|s2|m4,val_L_L_s2_m4_b0,val_L_L_s2_m4_b2,frozen,oracle,True,False,5,reset,-0.0009596143151989547,-0.0013575057401532184,-0.00039789142495426366,0.00041402983849002915,-0.0008119212634442901,-2.710505431213761e-18,0.06463400940980339,0.05577028560329366,0.0005540285779762747,7.856559971808736e-05,0.0004754629782581874,-5.421010862427522e-20,0.9340487934685457,-0.0009596143151989576,-0.0013575057401532184,-0.07106906540743499,-0.12044383480485206
val_L_L_s2_m4_b0__val_L_L_s2_m4_b2,val_L|L|s2|m4,val_L_L_s2_m4_b0,val_L_L_s2_m4_b2,frozen,oracle,True,False,5,persistence,-0.0009596143151989547,0.0011307073404647205,0.0020903216556636753,0.0010659768164884321,0.0010243448391752496,-6.5052130349130266e-18,0.06463400940980339,0.032392511156050845,0.0023047958089785067,0.0010395142096467286,0.0012652815993317787,-6.505213034913027e-19,0.6978299040789308,-0.0009596143151989576,0.0011307073404647242,-0.07106906540743499,0.17140663320828192
val_L_L_s2_m4_b1__val_L_L_s2_m4_b2,val_L|L|s2|m4,val_L_L_s2_m4_b1,val_L_L_s2_m4_b2,adapted,oracle,False,False,1,free,0.005758038876489513,-0.0010615798198395643,-0.006819618696329077,-0.00022429168937257438,-0.006595327006956564,6.071532165918825e-17,0.04483696646508191,0.03244999420103597,0.0007271772198864315,0.00015343708187024341,0.0005737401380161884,-3.2526065174565133e-19,0.802832925528324,0.005758038876489565,-0.0010615798198395734,0.2080233743378755,-0.05809350675770119
val_L_L_s2_m4_b1__val_L_L_s2_m4_b2,val_L|L|s2|m4,val_L_L_s2_m4_b1,val_L_L_s2_m4_b2,adapted,oracle,False,False,1,teacher,0.005758038876489513,-0.0010615798198395643,-0.006819618696329077,-0.00022429168937257438,-0.006595327006956564,6.071532165918825e-17,0.04483696646508191,0.03244999420103597,0.0007271772198864315,0.00015343708187024341,0.0005737401380161884,-3.2526065174565133e-19,0.802832925528324,0.005758038876489565,-0.0010615798198395734,0.2080233743378755,-0.05809350675770119
val_L_L_s2_m4_b1__val_L_L_s2_m4_b2,val_L|L|s2|m4,val_L_L_s2_m4_b1,val_L_L_s2_m4_b2,adapted,oracle,False,False,1,reset,0.005758038876489513,-0.0010615798198395643,-0.006819618696329077,-0.00022429168937257438,-0.006595327006956564,6.071532165918825e-17,0.04483696646508191,0.03244999420103597,0.0007271772198864315,0.00015343708187024341,0.0005737401380161884,-3.2526065174565133e-19,0.802832925528324,0.005758038876489565,-0.0010615798198395734,0.2080233743378755,-0.05809350675770119
val_L_L_s2_m4_b1__val_L_L_s2_m4_b2,val_L|L|s2|m4,val_L_L_s2_m4_b1,val_L_L_s2_m4_b2,adapted,oracle,False,False,1,persistence,0.005758038876489513,0.0,-0.005758038876489513,-0.008215093489885743,0.0024570546133961765,5.334274688628682e-17,0.04483696646508191,0.0,0.0020103535617908798,0.0020103535617908798,0.0,0.0,nan,0.005758038876489565,0.0,0.2080233743378755,nan
val_L_L_s2_m4_b1__val_L_L_s2_m4_b2,val_L|L|s2|m4,val_L_L_s2_m4_b1,val_L_L_s2_m4_b2,adapted,oracle,False,False,2,free,-0.00010764202604202078,-0.0012363654804250918,-0.001128723454383071,0.0007556323682635425,-0.0018843558226466174,3.903127820947816e-18,0.016363157208853552,0.01761945295937772,0.00021986433997202499,1.578279012785083e-06,0.00021828606095923998,-8.131516293641283e-20,0.6214384641670662,-0.00010764202604201308,-0.0012363654804250879,-0.021911533125614027,-0.3093373800931011
val_L_L_s2_m4_b1__val_L_L_s2_m4_b2,val_L|L|s2|m4,val_L_L_s2_m4_b1,val_L_L_s2_m4_b2,adapted,oracle,False,False,2,teacher,-0.00010764202604202078,-0.0008959980183149419,-0.0007883559922729211,0.0008729281034637879,-0.0016612840957367148,5.854691731421724e-18,0.016363157208853552,0.02000992325190291,0.00024134466645453888,1.3298902572737874e-05,0.0002280457638818011,-8.131516293641283e-20,0.6517593314872183,-0.00010764202604201308,-0.0008959980183149397,-0.021911533125614027,-0.20558492922719734
val_L_L_s2_m4_b1__val_L_L_s2_m4_b2,val_L|L|s2|m4,val_L_L_s2_m4_b1,val_L_L_s2_m4_b2,adapted,oracle,False,False,2,reset,-0.00010764202604202078,-0.0003592866128342073,-0.00025164458679218654,0.00019498219591897097,-0.0004466267827111653,7.806255641895632e-18,0.016363157208853552,0.013555821616126697,0.00013986013865210456,7.881133130191041e-06,0.0001319790055219136,-8.131516293641283e-20,0.7025034677316383,-0.00010764202604201308,-0.0003592866128342072,-0.021911533125614027,-0.10162581108374487
val_L_L_s2_m4_b1__val_L_L_s2_m4_b2,val_L|L|s2|m4,val_L_L_s2_m4_b1,val_L_L_s2_m4_b2,adapted,oracle,False,False,2,persistence,-0.00010764202604202078,0.005758038876489513,0.005865680902531534,0.00012711069593968432,0.005738570206591894,-4.423544863740858e-17,0.016363157208853552,0.04483696646508191,0.002479818554227995,0.0008107578135600757,0.0016690607406679198,-4.336808689942018e-19,-0.13746704093529125,-0.00010764202604201308,0.005758038876489565,-0.021911533125614027,0.2080233743378755
val_L_L_s2_m4_b1__val_L_L_s2_m4_b2,val_L|L|s2|m4,val_L_L_s2_m4_b1,val_L_L_s2_m4_b2,adapted,oracle,False,False,3,free,0.0016825153109637052,0.000655340084400699,-0.0010271752265630062,0.00022340785963291293,-0.0012505830861959197,6.505213034913027e-19,0.018985638951768576,0.010574820465116711,0.00046244248398564624,7.074186761540477e-05,0.0003917006163702415,-5.421010862427522e-20,0.024502773942966117,0.0016825153109637058,0.0006553400844006989,0.38601233652280653,0.33810829708179874
val_L_L_s2_m4_b1__val_L_L_s2_m4_b2,val_L|L|s2|m4,val_L_L_s2_m4_b1,val_L_L_s2_m4_b2,adapted,oracle,False,False,3,teacher,0.0016825153109637052,0.0018310718786606894,0.00014855656769698425,0.0005726161689610596,-0.00042405960126408167,6.288372600415926e-18,0.018985638951768576,0.013113506531211024,0.00028548270659259844,3.4481939164563105e-05,0.0002510007674280353,0.0,0.49591822125227686,0.0016825153109637058,0.0018310718786606838,0.38601233652280653,0.7188377847897157
val_L_L_s2_m4_b1__val_L_L_s2_m4_b2,val_L|L|s2|m4,val_L_L_s2_m4_b1,val_L_L_s2_m4_b2,adapted,oracle,False,False,3,reset,0.0016825153109637052,0.0013362060993428668,-0.0003463092116208384,0.0002603558687213535,-0.0006066650803421914,-5.421010862427522e-19,0.018985638951768576,0.008649324030900423,0.0003435497504368236,0.00010683940614336163,0.00023671034429346196,0.0,0.27925795725651303,0.0016825153109637058,0.001336206099342868,0.38601233652280653,0.7199345132163274
val_L_L_s2_m4_b1__val_L_L_s2_m4_b2,val_L|L|s2|m4,val_L_L_s2_m4_b1,val_L_L_s2_m4_b2,adapted,oracle,False,False,3,persistence,0.0016825153109637052,-0.00010764202604202078,-0.001790157337005726,-0.0008254549917017303,-0.0009647023453039885,-7.15573433840433e-18,0.018985638951768576,0.016363157208853552,0.0004863059855387641,6.877410491922623e-06,0.0004794285750468416,-1.0842021724855044e-19,0.22838333421726842,0.0016825153109637058,-0.00010764202604201308,0.38601233652280653,-0.021911533125614027
val_L_L_s2_m4_b1__val_L_L_s2_m4_b2,val_L|L|s2|m4,val_L_L_s2_m4_b1,val_L_L_s2_m4_b2,adapted,oracle,False,False,4,free,0.0011307039347903149,-0.00037066802443570454,-0.0015013719592260194,-0.0013689712892761593,-0.00013240066994985999,-1.0842021724855044e-19,0.03239245300059639,0.008193438677082972,0.0011421031601699496,0.0005855922942296078,0.000556510865940342,-2.168404344971009e-19,-0.04841592193396567,0.0011307039347903175,-0.000370668024435702,0.17140642975759562,-0.21620793188664372
val_L_L_s2_m4_b1__val_L_L_s2_m4_b2,val_L|L|s2|m4,val_L_L_s2_m4_b1,val_L_L_s2_m4_b2,adapted,oracle,False,False,4,teacher,0.0011307039347903149,-6.792848152872843e-05,-0.0011986324163190433,-0.0017618494735827848,0.0005632170572637399,1.5178830414797062e-18,0.03239245300059639,0.011254971851215004,0.0008749810840887582,0.00044679310934045354,0.00042818797474830476,-5.421010862427522e-20,0.4127592018728898,0.0011307039347903175,-6.792848152872703e-05,0.17140642975759562,-0.03093698649783538
val_L_L_s2_m4_b1__val_L_L_s2_m4_b2,val_L|L|s2|m4,val_L_L_s2_m4_b1,val_L_L_s2_m4_b2,adapted,oracle,False,False,4,reset,0.0011307039347903149,-9.828940274889467e-05,-0.0012289933375392095,-0.00047394188547204835,-0.0007550514520671621,9.75781955236954e-19,0.03239245300059639,0.012014765392293875,0.0008509655636001394,0.00041525015226156597,0.00043571541133857365,-2.168404344971009e-19,0.44022462005865887,0.0011307039347903175,-9.828940274889288e-05,0.17140642975759562,-0.04092713244812175
val_L_L_s2_m4_b1__val_L_L_s2_m4_b2,val_L|L|s2|m4,val_L_L_s2_m4_b1,val_L_L_s2_m4_b2,adapted,oracle,False,False,4,persistence,0.0011307039347903149,0.0016825153109637052,0.0005518113761733903,9.079850727420556e-05,0.00046101286889918287,1.8973538018496328e-18,0.03239245300059639,0.018985638951768576,0.0016327102778821386,0.0001797426629398469,0.0014529676149422919,-2.168404344971009e-19,-0.1812909690761929,0.0011307039347903175,0.0016825153109637058,0.17140642975759562,0.38601233652280653
val_L_L_s2_m4_b1__val_L_L_s2_m4_b2,val_L|L|s2|m4,val_L_L_s2_m4_b1,val_L_L_s2_m4_b2,adapted,oracle,False,False,5,free,-0.0009596218461888351,-0.00022097042403486367,0.0007386514221539714,0.00039427579377070414,0.0003443756283832695,-2.2768245622195593e-18,0.06463411668442529,0.004963768903637659,0.004272183641398027,0.003560550404280147,0.0007116332371178821,-1.951563910473908e-18,-0.10905441789471976,-0.0009596218461888351,-0.00022097042403486128,-0.07106951415165631,-0.20586950820012478
val_L_L_s2_m4_b1__val_L_L_s2_m4_b2,val_L|L|s2|m4,val_L_L_s2_m4_b1,val_L_L_s2_m4_b2,adapted,oracle,False,False,5,teacher,-0.0009596218461888351,-0.002012455654595645,-0.0010528338084068098,-0.0033239033904920545,0.002271069582085241,3.903127820947816e-18,0.06463411668442529,0.05164641652822781,0.0010745390920101879,0.00016868035534729195,0.000905858736662898,-2.168404344971009e-18,0.8643160524991008,-0.0009596218461888351,-0.0020124556545956488,-0.07106951415165631,-0.18783338700544078
val_L_L_s2_m4_b1__val_L_L_s2_m4_b2,val_L|L|s2|m4,val_L_L_s2_m4_b1,val_L_L_s2_m4_b2,adapted,oracle,False,False,5,reset,-0.0009596218461888351,-0.0013575108704419366,-0.0003978890242531015,0.0004140324470099999,-0.0008119214712631038,2.3852447794681098e-18,0.06463411668442529,0.05577030726441776,0.0005540299562056205,7.85671174342142e-05,0.00047546283877140764,-1.3552527156068805e-18,0.9340489478925954,-0.0009596218461888351,-0.0013575108704419392,-0.07106951415165631,-0.12044425166133477
val_L_L_s2_m4_b1__val_L_L_s2_m4_b2,val_L|L|s2|m4,val_L_L_s2_m4_b1,val_L_L_s2_m4_b2,adapted,oracle,False,False,5,persistence,-0.0009596218461888351,0.0011307039347903149,0.00209032578097915,0.001065971981556466,0.001024353799422686,-2.168404344971009e-18,0.06463411668442529,0.03239245300059639,0.0023048188422627592,0.0010395248771011309,0.0012652939651616297,-1.3010426069826053e-18,0.6978269099356968,-0.0009596218461888351,0.0011307039347903175,-0.07106951415165631,0.17140642975759562
val_T_T_s0_m4_b0__val_T_T_s0_m4_b1,val_T|T|s0|m4,val_T_T_s0_m4_b0,val_T_T_s0_m4_b1,frozen,adapted,True,True,1,free,0.005465063793850797,0.006029595578085717,0.0005645317842349201,0.0001828119067914938,0.0003817198774434086,1.7726705520137997e-17,0.019918053623494678,0.017620189415971904,7.847237180459101e-05,5.280179916214263e-06,7.319219188837653e-05,2.168404344971009e-19,0.8957256989319844,0.005465063793850829,0.0060295955780857325,0.5869767316879408,0.7331892795568853
val_T_T_s0_m4_b0__val_T_T_s0_m4_b1,val_T|T|s0|m4,val_T_T_s0_m4_b0,val_T_T_s0_m4_b1,frozen,adapted,True,True,1,teacher,0.005465063793850797,0.006029595578085717,0.0005645317842349201,0.0001828119067914938,0.0003817198774434086,1.7726705520137997e-17,0.019918053623494678,0.017620189415971904,7.847237180459101e-05,5.280179916214263e-06,7.319219188837653e-05,2.168404344971009e-19,0.8957256989319844,0.005465063793850829,0.0060295955780857325,0.5869767316879408,0.7331892795568853
val_T_T_s0_m4_b0__val_T_T_s0_m4_b1,val_T|T|s0|m4,val_T_T_s0_m4_b0,val_T_T_s0_m4_b1,frozen,adapted,True,True,1,reset,0.005465063793850797,0.006029595578085717,0.0005645317842349201,0.0001828119067914938,0.0003817198774434086,1.7726705520137997e-17,0.019918053623494678,0.017620189415971904,7.847237180459101e-05,5.280179916214263e-06,7.319219188837653e-05,2.168404344971009e-19,0.8957256989319844,0.005465063793850829,0.0060295955780857325,0.5869767316879408,0.7331892795568853
val_T_T_s0_m4_b0__val_T_T_s0_m4_b1,val_T|T|s0|m4,val_T_T_s0_m4_b0,val_T_T_s0_m4_b1,frozen,adapted,True,True,1,persistence,0.005465063793850797,0.0,-0.005465063793850797,0.0004494861922944431,-0.005914549986145272,3.209238430557093e-17,0.019918053623494678,0.0,0.0003967288601484095,0.0003967288601484095,0.0,0.0,nan,0.005465063793850829,0.0,0.5869767316879408,nan
val_T_T_s0_m4_b0__val_T_T_s0_m4_b1,val_T|T|s0|m4,val_T_T_s0_m4_b0,val_T_T_s0_m4_b1,frozen,adapted,True,True,2,free,0.000665695247459068,0.000740426321185296,7.4731073726228e-05,3.896265512522981e-05,3.576841860099371e-05,4.47911022508074e-18,0.01175831647746457,0.004527278058461001,0.00011505979955015946,5.2287916617105625e-05,6.277188293305383e-05,0.0,0.41040628367610105,0.0006656952474590733,0.0007404263211852966,0.19691537946075285,0.6503662354981099
val_T_T_s0_m4_b0__val_T_T_s0_m4_b1,val_T|T|s0|m4,val_T_T_s0_m4_b0,val_T_T_s0_m4_b1,frozen,adapted,True,True,2,teacher,0.000665695247459068,0.0012685090529504575,0.0006028138054913895,3.0826439006440934e-05,0.0005719873664849415,7.047314121155779e-18,0.01175831647746457,0.006392235555009634,0.00010701541667880216,2.8794824466334805e-05,7.822059221246734e-05,0.0,0.47965284012182197,0.0006656952474590733,0.0012685090529504558,0.19691537946075285,0.8232477560160629
val_T_T_s0_m4_b0__val_T_T_s0_m4_b1,val_T|T|s0|m4,val_T_T_s0_m4_b0,val_T_T_s0_m4_b1,frozen,adapted,True,True,2,reset,0.000665695247459068,0.000596933900217294,-6.876134724177405e-05,-1.4362303647997231e-06,-6.732511687698362e-05,9.2970336290632e-18,0.01175831647746457,0.0045074294110587845,0.0001196623957827538,5.257536324977069e-05,6.70870325329831e-05,0.0,0.367100857633545,0.0006656952474590733,0.0005969339002172899,0.19691537946075285,0.5288595715747942
val_T_T_s0_m4_b0__val_T_T_s0_m4_b1,val_T|T|s0|m4,val_T_T_s0_m4_b0,val_T_T_s0_m4_b1,frozen,adapted,True,True,2,persistence,0.000665695247459068,0.005465063793850797,0.004799368546391729,0.0019281156264094558,0.0028712529199823,-2.688821387764051e-17,0.01175831647746457,0.019918053623494678,0.0004972457250367581,6.658131029230358e-05,0.0004306644147444544,5.421010862427522e-20,0.08057364177913964,0.0006656952474590733,0.005465063793850829,0.19691537946075285,0.5869767316879408
val_T_T_s0_m4_b0__val_T_T_s0_m4_b1,val_T|T|s0|m4,val_T_T_s0_m4_b0,val_T_T_s0_m4_b1,frozen,adapted,True,True,3,free,-0.0002815989829493132,-1.6315955626951956e-05,0.0002652830273223612,0.00018800122961519915,7.728179770716747e-05,-5.3939058081153846e-18,0.007393654890234757,0.001992118848293602,6.742582085464478e-05,2.9176591612389317e-05,3.824922924225546e-05,0.0,-0.29842919674149276,-0.00028159898294932093,-1.6315955626954263e-05,-0.1497587383522974,-0.03388547808163254
val_T_T_s0_m4_b0__val_T_T_s0_m4_b1,val_T|T|s0|m4,val_T_T_s0_m4_b0,val_T_T_s0_m4_b1,frozen,adapted,True,True,3,teacher,-0.0002815989829493132,0.00022778131304974046,0.0005093802959990536,3.655396659612936e-05,0.0004728263294029339,-9.595189226496714e-18,0.007393654890234757,0.004236121077351279,5.198976685306782e-05,9.970019779502476e-06,4.201974707356535e-05,-6.776263578034403e-21,0.32919560672924303,-0.00028159898294932093,0.0002277813130497423,-0.1497587383522974,0.34437845529487526
val_T_T_s0_m4_b0__val_T_T_s0_m4_b1,val_T|T|s0|m4,val_T_T_s0_m4_b0,val_T_T_s0_m4_b1,frozen,adapted,True,True,3,reset,-0.0002815989829493132,0.00013627949071957218,0.00041787847366888536,6.548422830955808e-06,0.0004113300508379329,-3.3068166260807885e-18,0.007393654890234757,0.006129638581394764,3.8086764197269146e-05,1.5977372290134812e-06,3.648902696825567e-05,0.0,0.5974329332441628,-0.00028159898294932093,0.00013627949071956768,-0.1497587383522974,0.10116605732367595
val_T_T_s0_m4_b0__val_T_T_s0_m4_b1,val_T|T|s0|m4,val_T_T_s0_m4_b0,val_T_T_s0_m4_b1,frozen,adapted,True,True,3,persistence,-0.0002815989829493132,0.000665695247459068,0.0009472942304083812,0.0002604761440672647,0.0006868180863411295,-1.3010426069826053e-17,0.007393654890234757,0.01175831647746457,0.00016234855202306765,1.9050270771039463e-05,0.0001432982812520282,0.0,0.1758492366043247,-0.00028159898294932093,0.0006656952474590733,-0.1497587383522974,0.19691537946075285
val_T_T_s0_m4_b0__val_T_T_s0_m4_b1,val_T|T|s0|m4,val_T_T_s0_m4_b0,val_T_T_s0_m4_b1,frozen,adapted,True,True,4,free,-0.001138075452989995,-0.00016303353207172341,0.0009750419209182716,0.0007351329267667182,0.00023990899415155442,-9.75781955236954e-19,0.0177514355153639,0.0014608726679415233,0.0003492361467015236,0.00026538243788581825,8.385370881570535e-05,0.0,-0.6167632820709282,-0.0011380754529899972,-0.00016303353207172434,-0.25384004611865313,-0.44776393895055916
val_T_T_s0_m4_b0__val_T_T_s0_m4_b1,val_T|T|s0|m4,val_T_T_s0_m4_b0,val_T_T_s0_m4_b1,frozen,adapted,True,True,4,teacher,-0.001138075452989995,0.00018697762660934564,0.0013250530795993407,0.0005146155297328166,0.0008104375498665278,-3.686287386450715e-18,0.0177514355153639,0.0034834158206285323,0.0003675807727052584,0.00020357638600935633,0.00016400438669590206,0.0,-0.3261317400118065,-0.0011380754529899972,0.00018697762660934748,-0.25384004611865313,0.400114179357435
val_T_T_s0_m4_b0__val_T_T_s0_m4_b1,val_T|T|s0|m4,val_T_T_s0_m4_b0,val_T_T_s0_m4_b1,frozen,adapted,True,True,4,reset,-0.001138075452989995,2.377649475598584e-05,0.0011618519477459809,0.00013007991755197799,0.0010317720301940049,-1.951563910473908e-18,0.0177514355153639,0.004824471914506788,0.00026594539974028717,0.00016710638793788468,9.883901180240251e-05,-2.710505431213761e-20,0.42294775187391404,-0.0011380754529899972,2.3776494755986144e-05,-0.25384004611865313,0.022878476655946955
val_T_T_s0_m4_b0__val_T_T_s0_m4_b1,val_T|T|s0|m4,val_T_T_s0_m4_b0,val_T_T_s0_m4_b1,frozen,adapted,True,True,4,persistence,-0.001138075452989995,-0.0002815989829493132,0.0008564764700406818,-7.224242138545357e-05,0.0009287188914261298,5.637851296924623e-18,0.0177514355153639,0.007393654890234757,0.0002563622412132437,0.00010728361947830067,0.00014907862173494307,-2.710505431213761e-20,0.43207273498488125,-0.0011380754529899972,-0.00028159898294932093,-0.25384004611865313,-0.1497587383522974
val_T_T_s0_m4_b0__val_T_T_s0_m4_b1,val_T|T|s0|m4,val_T_T_s0_m4_b0,val_T_T_s0_m4_b1,frozen,adapted,True,True,5,free,-0.00031011089282896587,-0.00018805376742356966,0.0001220571254053962,0.0005471566359925711,-0.00042509951058716724,-7.697835424647081e-18,0.011406370028395606,0.0011902051308968018,0.00014539490086992567,0.00010437002521288676,4.102487565703895e-05,-4.0657581468206416e-20,-0.5109427300699626,-0.0003101108928289691,-0.00018805376742356527,-0.10881837279718522,-0.5999609275237988
val_T_T_s0_m4_b0__val_T_T_s0_m4_b1,val_T|T|s0|m4,val_T_T_s0_m4_b0,val_T_T_s0_m4_b1,frozen,adapted,True,True,5,teacher,-0.00031011089282896587,0.0002311751100079005,0.0005412860028368664,0.00019931749689260236,0.0003419685059442675,-3.469446951953614e-18,0.011406370028395606,0.006783130998427223,0.00012128968252442376,2.1374339128222997e-05,9.991534339620075e-05,1.3552527156068805e-20,0.35430930324203974,-0.0003101108928289691,0.00023117511000790057,-0.10881837279718522,0.2543244268296679
val_T_T_s0_m4_b0__val_T_T_s0_m4_b1,val_T|T|s0|m4,val_T_T_s0_m4_b0,val_T_T_s0_m4_b1,frozen,adapted,True,True,5,reset,-0.00031011089282896587,-0.0002463398376536807,6.377105517528514e-05,0.00017349303907442917,-0.00010972198389913845,-5.583641188300348e-18,0.011406370028395606,0.01297163897113255,7.219899143873977e-05,2.45006686309683e-06,6.9748924575643e-05,-5.421010862427522e-20,0.764296945222018,-0.0003101108928289691,-0.00024633983765367845,-0.10881837279718522,-0.08784980465059068
val_T_T_s0_m4_b0__val_T_T_s0_m4_b1,val_T|T|s0|m4,val_T_T_s0_m4_b0,val_T_T_s0_m4_b1,frozen,adapted,True,True,5,persistence,-0.00031011089282896587,-0.001138075452989995,-0.0008279645601610292,0.000117052166940151,-0.0009450167271011789,-1.3010426069826053e-18,0.011406370028395606,0.0177514355153639,0.00022774069675557716,4.02598560339162e-05,0.00018748084072166095,0.0,0.5370373435245998,-0.0003101108928289691,-0.0011380754529899972,-0.10881837279718522,-0.25384004611865313
val_T_T_s0_m4_b0__val_T_T_s0_m4_b2,val_T|T|s0|m4,val_T_T_s0_m4_b0,val_T_T_s0_m4_b2,frozen,oracle,True,False,1,free,0.014408801411360764,0.015143670658287409,0.0007348692469266449,0.0004240928680894628,0.00031077637883716077,2.1304572689340162e-17,0.05068184055257414,0.04653728806505533,0.00034484264998415693,1.717731532179832e-05,0.00032766533466235814,4.87890977618477e-19,0.9305380370045417,0.014408801411360781,0.015143670658287405,0.6218515539501525,0.7130707056574573
val_T_T_s0_m4_b0__val_T_T_s0_m4_b2,val_T|T|s0|m4,val_T_T_s0_m4_b0,val_T_T_s0_m4_b2,frozen,oracle,True,False,1,teacher,0.014408801411360764,0.015143670658287409,0.0007348692469266449,0.0004240928680894628,0.00031077637883716077,2.1304572689340162e-17,0.05068184055257414,0.04653728806505533,0.00034484264998415693,1.717731532179832e-05,0.00032766533466235814,4.87890977618477e-19,0.9305380370045417,0.014408801411360781,0.015143670658287405,0.6218515539501525,0.7130707056574573
val_T_T_s0_m4_b0__val_T_T_s0_m4_b2,val_T|T|s0|m4,val_T_T_s0_m4_b0,val_T_T_s0_m4_b2,frozen,oracle,True,False,1,reset,0.014408801411360764,0.015143670658287409,0.0007348692469266449,0.0004240928680894628,0.00031077637883716077,2.1304572689340162e-17,0.05068184055257414,0.04653728806505533,0.00034484264998415693,1.717731532179832e-05,0.00032766533466235814,4.87890977618477e-19,0.9305380370045417,0.014408801411360781,0.015143670658287405,0.6218515539501525,0.7130707056574573
val_T_T_s0_m4_b0__val_T_T_s0_m4_b2,val_T|T|s0|m4,val_T_T_s0_m4_b0,val_T_T_s0_m4_b2,frozen,oracle,True,False,1,persistence,0.014408801411360764,0.0,-0.014408801411360764,0.0014349554522888998,-0.01584375686364968,1.734723475976807e-17,0.05068184055257414,0.0,0.0025686489617965484,0.0025686489617965484,0.0,0.0,nan,0.014408801411360781,0.0,0.6218515539501525,nan
val_T_T_s0_m4_b0__val_T_T_s0_m4_b2,val_T|T|s0|m4,val_T_T_s0_m4_b0,val_T_T_s0_m4_b2,frozen,oracle,True,False,2,free,0.0009301704892765023,0.001720340389835165,0.0007901699005586627,-0.0001162900113754645,0.0009064599119341198,7.37257477290143e-18,0.013332078284519391,0.011560522351975166,0.00015013272480387,3.1384104221326392e-06,0.00014699431438173734,2.710505431213761e-20,0.5231352412555451,0.00093017048927651,0.0017203403898351653,0.2430725533630106,0.5965407806716563
val_T_T_s0_m4_b0__val_T_T_s0_m4_b2,val_T|T|s0|m4,val_T_T_s0_m4_b0,val_T_T_s0_m4_b2,frozen,oracle,True,False,2,teacher,0.0009301704892765023,0.0028268389297639272,0.001896668440487425,-0.00013815111067950222,0.002034819551166925,2.6020852139652106e-18,0.013332078284519391,0.014227034848032338,0.00018877726164652644,8.009472505749034e-07,0.00018797631439595154,0.0,0.5044803466732218,0.00093017048927651,0.002826838929763933,0.2430725533630106,0.8358622401577136
val_T_T_s0_m4_b0__val_T_T_s0_m4_b2,val_T|T|s0|m4,val_T_T_s0_m4_b0,val_T_T_s0_m4_b2,frozen,oracle,True,False,2,reset,0.0009301704892765023,0.0017455440116716167,0.0008153735223951145,-8.73042838522743e-06,0.000824103950780332,9.86623976961809e-18,0.013332078284519391,0.011906012237250003,0.00014862275279470968,2.033664371174537e-06,0.00014658908842353515,0.0,0.5382493996444555,0.00093017048927651,0.0017455440116716148,0.2430725533630106,0.5910565887467447
val_T_T_s0_m4_b0__val_T_T_s0_m4_b2,val_T|T|s0|m4,val_T_T_s0_m4_b0,val_T_T_s0_m4_b2,frozen,oracle,True,False,2,persistence,0.0009301704892765023,0.014408801411360764,0.013478630922084262,0.004152873294881744,0.009325757627202528,-1.0408340855860843e-17,0.013332078284519391,0.05068184055257414,0.002767960870141346,0.001395004741480206,0.0013729561286611402,-2.168404344971009e-19,-0.015959582647263333,0.00093017048927651,0.014408801411360781,0.2430725533630106,0.6218515539501525
val_T_T_s0_m4_b0__val_T_T_s0_m4_b2,val_T|T|s0|m4,val_T_T_s0_m4_b0,val_T_T_s0_m4_b2,frozen,oracle,True,False,3,free,0.00043863598465546105,-6.83562362218948e-05,-0.0005069922208773558,-0.00012602551596567398,-0.00038096670491167704,-4.824699667560495e-18,0.004763359194562865,0.004944103960503434,5.983645175063243e-05,3.266867041491101e-08,5.980378308021751e-05,6.776263578034403e-21,-0.26969010714618863,0.00043863598465545525,-6.835623622189574e-05,0.3640958150114456,-0.05717847387508628
val_T_T_s0_m4_b0__val_T_T_s0_m4_b2,val_T|T|s0|m4,val_T_T_s0_m4_b0,val_T_T_s0_m4_b2,frozen,oracle,True,False,3,teacher,0.00043863598465546105,0.0008334929331361689,0.0003948569484807079,-0.00046945825667604177,0.0008643152051567556,-5.854691731421724e-18,0.004763359194562865,0.00860569630343476,4.703599971406896e-05,1.476355445821403e-05,3.2272445255854924e-05,6.776263578034403e-21,0.6063570031556629,0.00043863598465545525,0.0008334929331361689,0.3640958150114456,0.6283382368745057
val_T_T_s0_m4_b0__val_T_T_s0_m4_b2,val_T|T|s0|m4,val_T_T_s0_m4_b0,val_T_T_s0_m4_b2,frozen,oracle,True,False,3,reset,0.00043863598465546105,0.00017401435626403922,-0.00026462162839142184,-8.094335648540057e-05,-0.00018367827190602203,7.589415207398531e-19,0.004763359194562865,0.005780496482545257,2.1866647434202574e-05,1.0345682626041751e-06,2.083207917159841e-05,-1.0164395367051604e-20,0.621710620561286,0.00043863598465545525,0.00017401435626403266,0.3640958150114456,0.1370326878223369
val_T_T_s0_m4_b0__val_T_T_s0_m4_b2,val_T|T|s0|m4,val_T_T_s0_m4_b0,val_T_T_s0_m4_b2,frozen,oracle,True,False,3,persistence,0.00043863598465546105,0.0009301704892765023,0.0004915345046210412,0.00037969262085914453,0.00011184188376191028,-1.360673726469308e-17,0.004763359194562865,0.013332078284519391,0.00019897448611627474,7.342294684258542e-05,0.00012555153927368932,0.0,0.011490474034993677,0.00043863598465545525,0.00093017048927651,0.3640958150114456,0.2430725533630106
val_T_T_s0_m4_b0__val_T_T_s0_m4_b2,val_T|T|s0|m4,val_T_T_s0_m4_b0,val_T_T_s0_m4_b2,frozen,oracle,True,False,4,free,0.00028286399045700933,0.0003498424015288444,6.697841107183508e-05,6.985000175436958e-05,-2.8715906825385194e-06,4.025100565352435e-18,0.014757995462909086,0.009339599581944939,0.0003402753634255744,2.935901392284923e-05,0.0003109163495027251,5.421010862427522e-20,-0.12786711644516582,0.0002828639904570112,0.0003498424015288422,0.07673258672953864,0.1509398739720273
val_T_T_s0_m4_b0__val_T_T_s0_m4_b2,val_T|T|s0|m4,val_T_T_s0_m4_b0,val_T_T_s0_m4_b2,frozen,oracle,True,False,4,teacher,0.00028286399045700933,0.00022282232255365492,-6.004166790335441e-05,-0.0004646317776514159,0.0004045901097480618,-3.2526065174565133e-19,0.014757995462909086,0.0066503647380804784,0.00021699560598234223,6.573367597018486e-05,0.00015126193001215737,0.0,0.22940390389197685,0.0002828639904570112,0.00022282232255365709,0.07673258672953864,0.2500591765965504
val_T_T_s0_m4_b0__val_T_T_s0_m4_b2,val_T|T|s0|m4,val_T_T_s0_m4_b0,val_T_T_s0_m4_b2,frozen,oracle,True,False,4,reset,0.00028286399045700933,2.3744306164072415e-05,-0.0002591196842929369,-2.795329205865013e-05,-0.0002311663922342896,2.8189256484623115e-18,0.014757995462909086,0.0007768791046426494,0.00022001514524939931,0.00019547161462338532,2.4543530626013976e-05,1.6940658945086007e-20,-0.07035102204674802,0.0002828639904570112,2.3744306164071568e-05,0.07673258672953864,0.14187583383246388
val_T_T_s0_m4_b0__val_T_T_s0_m4_b2,val_T|T|s0|m4,val_T_T_s0_m4_b0,val_T_T_s0_m4_b2,frozen,oracle,True,False,4,persistence,0.00028286399045700933,0.00043863598465546105,0.00015577199419845172,-4.213835781313905e-05,0.0001979103520115831,7.670730370334944e-18,0.014757995462909086,0.004763359194562865,0.00020154216400384244,9.989275413654168e-05,0.00010164940986730076,0.0,0.2770068850286682,0.0002828639904570112,0.00043863598465545525,0.07673258672953864,0.3640958150114456
val_T_T_s0_m4_b0__val_T_T_s0_m4_b2,val_T|T|s0|m4,val_T_T_s0_m4_b0,val_T_T_s0_m4_b2,frozen,oracle,True,False,5,free,-0.0014456031504592182,-0.0010502353240578466,0.0003953678264013716,-0.0002941253608211175,0.0006894931872224957,-6.613633252161577e-18,0.011837617658260337,0.005076922401752323,0.00014381704822541283,4.570700035136996e-05,9.811004787404287e-05,0.0,0.18375852611248678,-0.0014456031504592193,-0.001050235324057841,-0.48440814615143685,-0.7807012020688345
val_T_T_s0_m4_b0__val_T_T_s0_m4_b2,val_T|T|s0|m4,val_T_T_s0_m4_b0,val_T_T_s0_m4_b2,frozen,oracle,True,False,5,teacher,-0.0014456031504592182,-0.00037913755291409633,0.0010664655975451218,0.00043051595025188854,0.0006359496472932357,-2.3852447794681098e-18,0.011837617658260337,0.0065132062686663545,0.0001514887809060824,2.834935664563812e-05,0.00012313942426044427,0.0,0.20143920989827266,-0.0014456031504592193,-0.00037913755291409503,-0.48440814615143685,-0.4271803264933514
val_T_T_s0_m4_b0__val_T_T_s0_m4_b2,val_T|T|s0|m4,val_T_T_s0_m4_b0,val_T_T_s0_m4_b2,frozen,oracle,True,False,5,reset,-0.0014456031504592182,-0.0002165859384424089,0.0012290172120168093,0.0001276327005199883,0.0011013845114968216,-6.505213034913027e-19,0.011837617658260337,0.006508332566934552,0.0001811767399656953,2.840127958462728e-05,0.000152775460381068,0.0,0.00850721067611597,-0.0014456031504592193,-0.00021658593844240906,-0.48440814615143685,-0.15394072203304285
val_T_T_s0_m4_b0__val_T_T_s0_m4_b2,val_T|T|s0|m4,val_T_T_s0_m4_b0,val_T_T_s0_m4_b2,frozen,oracle,True,False,5,persistence,-0.0014456031504592182,0.00028286399045700933,0.0017284671409162275,4.9380214284890116e-05,0.0016790869266313404,-3.0357660829594124e-18,0.011837617658260337,0.014757995462909086,0.00047912021475752793,8.528606521885045e-06,0.0004705916082356428,5.421010862427522e-20,-0.3468601441757131,-0.0014456031504592193,0.0002828639904570112,-0.48440814615143685,0.07673258672953864
val_T_T_s0_m4_b1__val_T_T_s0_m4_b2,val_T|T|s0|m4,val_T_T_s0_m4_b1,val_T_T_s0_m4_b2,adapted,oracle,False,False,1,free,0.008943737617509967,0.009114075080201692,0.00017033746269172478,0.0002327589782940551,-6.242151560233519e-05,4.87890977618477e-18,0.032007596189085816,0.029184260553174215,0.00014509127726277515,7.971224113008364e-06,0.00013712005314976683,-2.710505431213761e-20,0.9266045353978232,0.008943737617509953,0.009114075080201673,0.6187554535654115,0.6938951218988159
val_T_T_s0_m4_b1__val_T_T_s0_m4_b2,val_T|T|s0|m4,val_T_T_s0_m4_b1,val_T_T_s0_m4_b2,adapted,oracle,False,False,1,teacher,0.008943737617509967,0.009114075080201692,0.00017033746269172478,0.0002327589782940551,-6.242151560233519e-05,4.87890977618477e-18,0.032007596189085816,0.029184260553174215,0.00014509127726277515,7.971224113008364e-06,0.00013712005314976683,-2.710505431213761e-20,0.9266045353978232,0.008943737617509953,0.009114075080201673,0.6187554535654115,0.6938951218988159
val_T_T_s0_m4_b1__val_T_T_s0_m4_b2,val_T|T|s0|m4,val_T_T_s0_m4_b1,val_T_T_s0_m4_b2,adapted,oracle,False,False,1,reset,0.008943737617509967,0.009114075080201692,0.00017033746269172478,0.0002327589782940551,-6.242151560233519e-05,4.87890977618477e-18,0.032007596189085816,0.029184260553174215,0.00014509127726277515,7.971224113008364e-06,0.00013712005314976683,-2.710505431213761e-20,0.9266045353978232,0.008943737617509953,0.009114075080201673,0.6187554535654115,0.6938951218988159
val_T_T_s0_m4_b1__val_T_T_s0_m4_b2,val_T|T|s0|m4,val_T_T_s0_m4_b1,val_T_T_s0_m4_b2,adapted,oracle,False,False,1,persistence,0.008943737617509967,0.0,-0.008943737617509967,0.0009854692599944566,-0.009929206877504409,-1.3877787807814457e-17,0.032007596189085816,0.0,0.001024486213803581,0.0010244862138035808,0.0,2.168404344971009e-19,nan,0.008943737617509953,0.0,0.6187554535654115,nan
val_T_T_s0_m4_b1__val_T_T_s0_m4_b2,val_T|T|s0|m4,val_T_T_s0_m4_b1,val_T_T_s0_m4_b2,adapted,oracle,False,False,2,free,0.00026447524181743426,0.000979914068649869,0.0007154388268324346,-0.00014433535349945228,0.000859774180331884,2.927345865710862e-18,0.004011679389097059,0.00720154680211655,3.235396572299105e-05,1.0175254112643659e-05,2.2178711610347386e-05,6.776263578034403e-21,0.6161563914383632,0.00026447524181743675,0.0009799140686498687,0.2305602174616749,0.5486462562493895
val_T_T_s0_m4_b1__val_T_T_s0_m4_b2,val_T|T|s0|m4,val_T_T_s0_m4_b1,val_T_T_s0_m4_b2,adapted,oracle,False,False,2,teacher,0.00026447524181743426,0.0015583298768134697,0.0012938546349960355,-0.0001551311916782636,0.001448985826674304,-4.9873299934333204e-18,0.004011679389097059,0.007991785962476345,5.455101053220711e-05,1.5841248335457e-05,3.87097621967501e-05,1.3552527156068805e-20,0.3963010138796878,0.00026447524181743675,0.001558329876813477,0.2305602174616749,0.8293878807096845
val_T_T_s0_m4_b1__val_T_T_s0_m4_b2,val_T|T|s0|m4,val_T_T_s0_m4_b1,val_T_T_s0_m4_b2,adapted,oracle,False,False,2,reset,0.00026447524181743426,0.0011486101114543228,0.0008841348696368885,1.3175965072182794e-05,0.0008709589045647052,5.421010862427522e-19,0.004011679389097059,0.007901560212353722,5.3498562997512524e-05,1.513117281913993e-05,3.836739017837257e-05,2.710505431213761e-20,0.3948079812750347,0.00026447524181743675,0.0011486101114543247,0.2305602174616749,0.5888039674116787
val_T_T_s0_m4_b1__val_T_T_s0_m4_b2,val_T|T|s0|m4,val_T_T_s0_m4_b1,val_T_T_s0_m4_b2,adapted,oracle,False,False,2,persistence,0.00026447524181743426,0.008943737617509967,0.008679262375692533,0.002255163381896453,0.006424098993796063,1.6479873021779667e-17,0.004011679389097059,0.032007596189085816,0.0011323175866701015,0.0007837713574718929,0.0003485462291982087,-5.421010862427522e-20,-0.35722270531663036,0.00026447524181743675,0.008943737617509953,0.2305602174616749,0.6187554535654115
val_T_T_s0_m4_b1__val_T_T_s0_m4_b2,val_T|T|s0|m4,val_T_T_s0_m4_b1,val_T_T_s0_m4_b2,adapted,oracle,False,False,3,free,0.0007202349676047742,-5.204028059494284e-05,-0.0007722752481997171,-0.0003210492944789776,-0.00045122595372074016,7.047314121155779e-19,0.006495675699361957,0.003087471629966261,4.0307532481547535e-05,1.161585497864538e-05,2.869167750290216e-05,-3.3881317890172014e-21,0.2846828541817479,0.0007202349676047761,-5.204028059494162e-05,0.43745890301505075,-0.06969541945110588
val_T_T_s0_m4_b1__val_T_T_s0_m4_b2,val_T|T|s0|m4,val_T_T_s0_m4_b1,val_T_T_s0_m4_b2,adapted,oracle,False,False,3,teacher,0.0007202349676047742,0.0006057116200864285,-0.00011452334751834575,-0.0005112301466491017,0.0003967067991307525,3.469446951953614e-18,0.006495675699361957,0.006105729110594024,5.2764194027881725e-05,1.5205834209174695e-07,5.261213568578998e-05,0.0,0.33672432665747704,0.0007202349676047761,0.000605711620086427,0.43745890301505075,0.6465660788880054
val_T_T_s0_m4_b1__val_T_T_s0_m4_b2,val_T|T|s0|m4,val_T_T_s0_m4_b1,val_T_T_s0_m4_b2,adapted,oracle,False,False,3,reset,0.0007202349676047742,3.773486554446703e-05,-0.0006825001020603072,-8.397092227389777e-05,-0.0005985291797864133,3.7947076036992655e-18,0.006495675699361957,0.0007793132162594869,3.938187440626306e-05,3.267680003822143e-05,6.705074368041628e-06,1.6940658945086007e-21,0.33772672877413024,0.0007202349676047761,3.7734865544465e-05,0.43745890301505075,0.22070493989785472
val_T_T_s0_m4_b1__val_T_T_s0_m4_b2,val_T|T|s0|m4,val_T_T_s0_m4_b1,val_T_T_s0_m4_b2,adapted,oracle,False,False,3,persistence,0.0007202349676047742,0.00026447524181743426,-0.00045575972578734,0.00011888023243776141,-0.0005746399582251008,-6.505213034913027e-19,0.006495675699361957,0.004011679389097059,4.7592002620110686e-05,6.170237669409625e-06,4.1421764950701064e-05,-6.776263578034403e-21,0.20521794521033032,0.0007202349676047761,0.00026447524181743675,0.43745890301505075,0.2305602174616749
val_T_T_s0_m4_b1__val_T_T_s0_m4_b2,val_T|T|s0|m4,val_T_T_s0_m4_b1,val_T_T_s0_m4_b2,adapted,oracle,False,False,4,free,0.0014209394434470043,0.0005128759336005678,-0.0009080635098464365,-0.0006802614158721242,-0.00022780209397431768,5.366800753803247e-18,0.012071198662152742,0.009422426218908962,0.00021108761839735328,7.015995456087628e-06,0.00020407162294126566,0.0,0.10290284404901233,0.0014209394434470082,0.0005128759336005663,0.46694745139313876,0.21904666742670564
val_T_T_s0_m4_b1__val_T_T_s0_m4_b2,val_T|T|s0|m4,val_T_T_s0_m4_b1,val_T_T_s0_m4_b2,adapted,oracle,False,False,4,teacher,0.0014209394434470043,3.584469594430928e-05,-0.001385094747502695,-0.00098835335876561,-0.00039674138873708857,3.577867169202165e-18,0.012071198662152742,0.005438784007634614,9.91970719092961e-05,4.3988924149466825e-05,5.520814775982928e-05,-6.776263578034403e-21,0.5795435958176062,0.0014209394434470082,3.5844695944309754e-05,0.46694745139313876,0.049440322564268835
val_T_T_s0_m4_b1__val_T_T_s0_m4_b2,val_T|T|s0|m4,val_T_T_s0_m4_b1,val_T_T_s0_m4_b2,adapted,oracle,False,False,4,reset,0.0014209394434470043,-3.218859191342349e-08,-0.0014209716320389178,-0.00015795399796820402,-0.0012630176340707186,4.7704895589362195e-18,0.012071198662152742,0.004280075794545119,0.00010456831121578565,6.0701595538158434e-05,4.3866715677627204e-05,1.3552527156068805e-20,0.5754750037132953,0.0014209394434470082,-3.21885919146771e-08,0.46694745139313876,-3.492085898977044e-05
val_T_T_s0_m4_b1__val_T_T_s0_m4_b2,val_T|T|s0|m4,val_T_T_s0_m4_b1,val_T_T_s0_m4_b2,adapted,oracle,False,False,4,persistence,0.0014209394434470043,0.0007202349676047742,-0.0007007044758422301,3.967152298116905e-05,-0.0007403759988234013,2.168404344971009e-18,0.012071198662152742,0.006495675699361957,0.00010455228884969923,3.108645630860734e-05,7.346583254109187e-05,1.3552527156068805e-20,0.5315311946802116,0.0014209394434470082,0.0007202349676047761,0.46694745139313876,0.43745890301505075
val_T_T_s0_m4_b1__val_T_T_s0_m4_b2,val_T|T|s0|m4,val_T_T_s0_m4_b1,val_T_T_s0_m4_b2,adapted,oracle,False,False,5,free,-0.0011354922576302523,-0.0008621815566342769,0.0002733107009959754,-0.0008593636853903746,0.0011326743863863489,1.0842021724855044e-18,0.013022007040618282,0.004033883481082625,0.00010933187779184216,8.078636512147992e-05,2.854551267036225e-05,-1.3552527156068805e-20,0.7282894032396781,-0.0011354922576302501,-0.0008621815566342757,-0.34506503906527103,-0.8055378805360099
val_T_T_s0_m4_b1__val_T_T_s0_m4_b2,val_T|T|s0|m4,val_T_T_s0_m4_b1,val_T_T_s0_m4_b2,adapted,oracle,False,False,5,teacher,-0.0011354922576302523,-0.0006103126629219968,0.0005251795947082555,0.00021296281742983804,0.00031221677727841663,8.131516293641283e-19,0.013022007040618282,0.007783728754884179,8.320973902421874e-05,2.7439559398793413e-05,5.5770179625425336e-05,-6.776263578034403e-21,0.7248899673475875,-0.0011354922576302501,-0.0006103126629219953,-0.34506503906527103,-0.5790927581154305
val_T_T_s0_m4_b1__val_T_T_s0_m4_b2,val_T|T|s0|m4,val_T_T_s0_m4_b1,val_T_T_s0_m4_b2,adapted,oracle,False,False,5,reset,-0.0011354922576302523,2.9753899211271834e-05,0.0011652461568415241,-4.0266515455758714e-05,0.0012055126722972781,4.7704895589362195e-18,0.013022007040618282,0.011021998198528374,0.00012996977676618172,4.000035368437813e-06,0.000125969741397744,-1.0842021724855044e-19,0.5611683117948653,-0.0011354922576302501,2.9753899211269367e-05,-0.34506503906527103,0.012457369780028538
val_T_T_s0_m4_b1__val_T_T_s0_m4_b2,val_T|T|s0|m4,val_T_T_s0_m4_b1,val_T_T_s0_m4_b2,adapted,oracle,False,False,5,persistence,-0.0011354922576302523,0.0014209394434470043,0.0025564317010772566,-4.6278094035473045e-05,0.0026027097951127317,-2.168404344971009e-18,0.013022007040618282,0.012071198662152742,0.0003589542941996682,9.040365725602683e-07,0.00035805025762710796,-5.421010862427522e-20,-0.13890020642529777,-0.0011354922576302501,0.0014209394434470082,-0.34506503906527103,0.46694745139313876
val_T_T_s1_m4_b0__val_T_T_s1_m4_b1,val_T|T|s1|m4,val_T_T_s1_m4_b0,val_T_T_s1_m4_b1,frozen;oracle,adapted,True,True,1,free,1.828293193995023e-05,8.270170007444039e-05,6.441876813449016e-05,1.9790018016253022e-05,4.4628750118231656e-05,5.4752209710517974e-18,0.000587475054793402,0.0006602550891682816,5.415133755890109e-08,5.296933403608659e-09,4.885440415529243e-08,0.0,0.9370243676005445,1.8282931939949604e-05,8.270170007443429e-05,0.11374498094133803,0.43331091175477626
val_T_T_s1_m4_b0__val_T_T_s1_m4_b1,val_T|T|s1|m4,val_T_T_s1_m4_b0,val_T_T_s1_m4_b1,frozen;oracle,adapted,True,True,1,teacher,1.828293193995023e-05,8.270170007444039e-05,6.441876813449016e-05,1.9790018016253022e-05,4.4628750118231656e-05,5.4752209710517974e-18,0.000587475054793402,0.0006602550891682816,5.415133755890109e-08,5.296933403608659e-09,4.885440415529243e-08,0.0,0.9370243676005445,1.8282931939949604e-05,8.270170007443429e-05,0.11374498094133803,0.43331091175477626
val_T_T_s1_m4_b0__val_T_T_s1_m4_b1,val_T|T|s1|m4,val_T_T_s1_m4_b0,val_T_T_s1_m4_b1,frozen;oracle,adapted,True,True,1,reset,1.828293193995023e-05,8.270170007444039e-05,6.441876813449016e-05,1.9790018016253022e-05,4.4628750118231656e-05,5.4752209710517974e-18,0.000587475054793402,0.0006602550891682816,5.415133755890109e-08,5.296933403608659e-09,4.885440415529243e-08,0.0,0.9370243676005445,1.8282931939949604e-05,8.270170007443429e-05,0.11374498094133803,0.43331091175477626
val_T_T_s1_m4_b0__val_T_T_s1_m4_b1,val_T|T|s1|m4,val_T_T_s1_m4_b0,val_T_T_s1_m4_b1,frozen;oracle,adapted,True,True,1,persistence,1.828293193995023e-05,0.0,-1.828293193995023e-05,1.4638038577707236e-05,-3.2920970517656844e-05,-6.2341624917916505e-19,0.000587475054793402,0.0,3.4512694000451065e-07,3.4512694000451065e-07,0.0,0.0,nan,1.8282931939949604e-05,0.0,0.11374498094133803,nan
val_T_T_s1_m4_b0__val_T_T_s1_m4_b1,val_T|T|s1|m4,val_T_T_s1_m4_b0,val_T_T_s1_m4_b1,frozen;oracle,adapted,True,True,2,free,4.2650725844460904e-06,7.199837782136467e-06,2.934765197690377e-06,-5.533785259327938e-07,3.4881437236245725e-06,-1.401839527705867e-18,0.00011382117308751315,9.59500697082552e-05,1.441939739016236e-08,3.1937633599212477e-10,1.4100021054170233e-08,3.308722450212111e-24,0.3544625927669023,4.265072584445679e-06,7.199837782137457e-06,0.34178747573124363,0.5063178861433346
val_T_T_s1_m4_b0__val_T_T_s1_m4_b1,val_T|T|s1|m4,val_T_T_s1_m4_b0,val_T_T_s1_m4_b1,frozen;oracle,adapted,True,True,2,teacher,4.2650725844460904e-06,2.253875439694325e-05,1.827368181249716e-05,2.3401252246983552e-06,1.5933556587801186e-05,-2.3818566476790926e-18,0.00011382117308751315,0.00022564255011565528,3.959901085867115e-08,1.2504020360469913e-08,2.709499049820124e-08,0.0,0.4725091255430527,4.265072584445679e-06,2.2538754396945215e-05,0.34178747573124363,0.6525009813309213
val_T_T_s1_m4_b0__val_T_T_s1_m4_b1,val_T|T|s1|m4,val_T_T_s1_m4_b0,val_T_T_s1_m4_b1,frozen;oracle,adapted,True,True,2,reset,4.2650725844460904e-06,3.7337851742993977e-06,-5.312874101466927e-07,-7.613510920989469e-07,2.3006368195491985e-07,-2.66571856412769e-18,0.00011382117308751315,6.640095260215615e-05,7.762931885688097e-09,2.2486773108798715e-09,5.514254574808225e-09,8.271806125530277e-25,0.6351961195601639,4.265072584445679e-06,3.7337851743016517e-06,0.34178747573124363,0.40177789685799914
val_T_T_s1_m4_b0__val_T_T_s1_m4_b1,val_T|T|s1|m4,val_T_T_s1_m4_b0,val_T_T_s1_m4_b1,frozen;oracle,adapted,True,True,2,persistence,4.2650725844460904e-06,1.828293193995023e-05,1.401785935550414e-05,7.026809678345944e-06,6.991049677157983e-06,2.1345230270808369e-19,0.00011382117308751315,0.000587475054793402,3.841202934395999e-07,2.2434799965505615e-07,1.5977229378454377e-07,0.0,-0.19470033867535275,4.265072584445679e-06,1.8282931939949604e-05,0.34178747573124363,0.11374498094133803
val_T_T_s1_m4_b0__val_T_T_s1_m4_b1,val_T|T|s1|m4,val_T_T_s1_m4_b0,val_T_T_s1_m4_b1,frozen;oracle,adapted,True,True,3,free,1.2486228122563295e-06,-1.7862501074444523e-06,-3.0348729197007818e-06,-5.99453051474195e-07,-2.4354198682267644e-06,1.7745340244977592e-19,7.982155799330833e-05,5.086627721310681e-05,7.155474814012135e-09,8.384082850603077e-10,6.317066528951827e-09,8.271806125530277e-25,0.22207934824747938,1.2486228122562215e-06,-1.786250107444738e-06,0.22615280988218256,-0.28238310898915564
val_T_T_s1_m4_b0__val_T_T_s1_m4_b1,val_T|T|s1|m4,val_T_T_s1_m4_b0,val_T_T_s1_m4_b1,frozen;oracle,adapted,True,True,3,teacher,1.2486228122563295e-06,1.0465237879368414e-05,9.216615067112084e-06,3.661729546584924e-06,5.554885520529375e-06,-2.2149911570699954e-18,7.982155799330833e-05,0.00017614099727606772,2.4039273222820936e-08,9.277434383745172e-09,1.4761838839075756e-08,8.271806125530277e-24,0.475035648727834,1.2486228122562215e-06,1.0465237879370521e-05,0.22615280988218256,0.4511080217958929
val_T_T_s1_m4_b0__val_T_T_s1_m4_b1,val_T|T|s1|m4,val_T_T_s1_m4_b0,val_T_T_s1_m4_b1,frozen;oracle,adapted,True,True,3,reset,1.2486228122563295e-06,2.423680164655162e-07,-1.0062547957908133e-06,8.898792261123233e-07,-1.8961340219034506e-06,3.1403746519453185e-19,7.982155799330833e-05,2.9394573233340536e-05,3.1341528562317464e-09,2.542880791982024e-09,5.912720642497221e-10,4.1359030627651384e-25,0.8740001566330589,1.2486228122562215e-06,2.4236801646509417e-07,0.22615280988218256,0.07575443309026766
val_T_T_s1_m4_b0__val_T_T_s1_m4_b1,val_T|T|s1|m4,val_T_T_s1_m4_b0,val_T_T_s1_m4_b1,frozen;oracle,adapted,True,True,3,persistence,1.2486228122563295e-06,4.2650725844460904e-06,3.016449772189761e-06,1.7336898429307823e-06,1.2827599292586748e-06,3.0387306982748025e-19,7.982155799330833e-05,0.00011382117308751315,3.935766024203563e-09,1.15597382655408e-09,2.7797921976494826e-09,8.271806125530277e-25,0.8470184424305034,1.2486228122562215e-06,4.265072584445679e-06,0.22615280988218256,0.34178747573124363
val_T_T_s1_m4_b0__val_T_T_s1_m4_b1,val_T|T|s1|m4,val_T_T_s1_m4_b0,val_T_T_s1_m4_b1,frozen;oracle,adapted,True,True,4,free,6.413662567280806e-07,-2.180672286588442e-06,-2.8220385433165227e-06,-5.874049529957364e-07,-2.2346335903220807e-06,1.294266343404571e-18,6.10428901029848e-05,4.653373167056319e-05,4.8320101286730295e-09,2.1051567841711103e-10,4.621494450255918e-09,0.0,0.1865151454478656,6.413662567285147e-07,-2.1806722865893026e-06,0.14865389195512424,-0.38105951046520575
val_T_T_s1_m4_b0__val_T_T_s1_m4_b1,val_T|T|s1|m4,val_T_T_s1_m4_b0,val_T_T_s1_m4_b1,frozen;oracle,adapted,True,True,4,teacher,6.413662567280806e-07,8.520809933727433e-06,7.879443676999352e-06,3.8120014211573284e-06,4.067442255841141e-06,8.82608331038981e-19,6.10428901029848e-05,0.00014214385913244057,1.609698026604671e-08,6.577367177516745e-09,9.519613088529969e-09,-3.308722450212111e-24,0.4514375042394482,6.413662567285147e-07,8.520809933726984e-06,0.14865389195512424,0.4318082757697594
val_T_T_s1_m4_b0__val_T_T_s1_m4_b1,val_T|T|s1|m4,val_T_T_s1_m4_b0,val_T_T_s1_m4_b1,frozen;oracle,adapted,True,True,4,reset,6.413662567280806e-07,-9.396420892239521e-09,-6.507626776203201e-07,7.541200223623247e-07,-1.404882699983756e-06,1.1110954685608285e-18,6.10428901029848e-05,2.3253196265209484e-05,1.8365657601551259e-09,1.4280609603527934e-09,4.0850479980233265e-10,-2.0679515313825692e-25,0.8561037674426695,6.413662567285147e-07,-9.396420892916512e-09,0.14865389195512424,-0.0036844186369636286
val_T_T_s1_m4_b0__val_T_T_s1_m4_b1,val_T|T|s1|m4,val_T_T_s1_m4_b0,val_T_T_s1_m4_b1,frozen;oracle,adapted,True,True,4,persistence,6.413662567280806e-07,1.2486228122563295e-06,6.072565555282489e-07,3.463757168641002e-07,2.6088083866360644e-07,5.42206965361159e-19,6.10428901029848e-05,7.982155799330833e-05,4.164371958365501e-10,3.5263836773506814e-10,6.37988281014812e-11,7.754818242684634e-25,0.9934532249574647,6.413662567285147e-07,1.2486228122562215e-06,0.14865389195512424,0.22615280988218256
val_T_T_s1_m4_b0__val_T_T_s1_m4_b1,val_T|T|s1|m4,val_T_T_s1_m4_b0,val_T_T_s1_m4_b1,frozen;oracle,adapted,True,True,5,free,3.604371974197905e-07,-1.6983752068652075e-06,-2.058812404284998e-06,-3.109054671552699e-07,-1.7479069371286473e-06,-1.0808140406964872e-18,4.708660175823901e-05,4.454652382690017e-05,3.4595740066802493e-09,6.4519958972746245e-12,3.453122010782974e-09,8.271806125530277e-25,0.1768655848036217,3.6043719741953517e-07,-1.698375206864382e-06,0.11077229107217235,-0.31136198778320334
val_T_T_s1_m4_b0__val_T_T_s1_m4_b1,val_T|T|s1|m4,val_T_T_s1_m4_b0,val_T_T_s1_m4_b1,frozen;oracle,adapted,True,True,5,teacher,3.604371974197905e-07,7.72517498173926e-06,7.36473778431947e-06,4.421760384973762e-06,2.9429773993466253e-06,-9.169131654027801e-19,4.708660175823901e-05,0.00011593179313452542,1.0927749507370803e-08,4.739660375637501e-09,6.188089131733301e-09,8.271806125530277e-25,0.4332041481765986,3.6043719741953517e-07,7.725174981739923e-06,0.11077229107217235,0.4470602509969473
val_T_T_s1_m4_b0__val_T_T_s1_m4_b1,val_T|T|s1|m4,val_T_T_s1_m4_b0,val_T_T_s1_m4_b1,frozen;oracle,adapted,True,True,5,reset,3.604371974197905e-07,-1.286182850753284e-07,-4.890554824951189e-07,5.708410153692987e-07,-1.059896497864924e-06,5.065257024580716e-19,4.708660175823901e-05,1.778976326807747e-05,1.1150912508026416e-09,8.583047455186108e-10,2.567865052840306e-10,2.0679515313825692e-25,0.8467238145204171,3.6043719741953517e-07,-1.2861828507609032e-07,0.11077229107217235,-0.0651738031410512
val_T_T_s1_m4_b0__val_T_T_s1_m4_b1,val_T|T|s1|m4,val_T_T_s1_m4_b0,val_T_T_s1_m4_b1,frozen;oracle,adapted,True,True,5,persistence,3.604371974197905e-07,6.413662567280806e-07,2.809290593082901e-07,1.3771066398324723e-07,1.432183953257324e-07,-6.895112888446022e-19,4.708660175823901e-05,6.10428901029848e-05,1.9766321912759103e-10,1.9477798436168705e-10,2.885234765903904e-12,7.754818242684634e-26,0.9994980982324618,3.6043719741953517e-07,6.413662567285147e-07,0.11077229107217235,0.14865389195512424
val_T_T_s2_m4_b0__val_T_T_s2_m4_b1,val_T|T|s2|m4,val_T_T_s2_m4_b0,val_T_T_s2_m4_b1,frozen,adapted,True,True,1,free,0.003676680326103701,5.259594444431692e-06,-0.0036714207316592695,-0.00020474983162852722,-0.0034666709000307303,-1.214306433183765e-17,0.016136319501707512,0.002397952127302627,0.00026461726625792486,0.00018874273811411257,7.587452814381224e-05,5.421010862427522e-20,0.019560015094453084,0.0036766803261037073,5.259594444449331e-06,0.4888449352488014,0.004998801745514417
val_T_T_s2_m4_b0__val_T_T_s2_m4_b1,val_T|T|s2|m4,val_T_T_s2_m4_b0,val_T_T_s2_m4_b1,frozen,adapted,True,True,1,teacher,0.003676680326103701,5.259594444431692e-06,-0.0036714207316592695,-0.00020474983162852722,-0.0034666709000307303,-1.214306433183765e-17,0.016136319501707512,0.002397952127302627,0.00026461726625792486,0.00018874273811411257,7.587452814381224e-05,5.421010862427522e-20,0.019560015094453084,0.0036766803261037073,5.259594444449331e-06,0.4888449352488014,0.004998801745514417
val_T_T_s2_m4_b0__val_T_T_s2_m4_b1,val_T|T|s2|m4,val_T_T_s2_m4_b0,val_T_T_s2_m4_b1,frozen,adapted,True,True,1,reset,0.003676680326103701,5.259594444431692e-06,-0.0036714207316592695,-0.00020474983162852722,-0.0034666709000307303,-1.214306433183765e-17,0.016136319501707512,0.002397952127302627,0.00026461726625792486,0.00018874273811411257,7.587452814381224e-05,5.421010862427522e-20,0.019560015094453084,0.0036766803261037073,5.259594444449331e-06,0.4888449352488014,0.004998801745514417
val_T_T_s2_m4_b0__val_T_T_s2_m4_b1,val_T|T|s2|m4,val_T_T_s2_m4_b0,val_T_T_s2_m4_b1,frozen,adapted,True,True,1,persistence,0.003676680326103701,0.0,-0.003676680326103701,0.002210411684297932,-0.005887092010401639,6.071532165918825e-18,0.016136319501707512,0.0,0.00026038080706118616,0.00026038080706118616,0.0,0.0,nan,0.0036766803261037073,0.0,0.4888449352488014,nan
val_T_T_s2_m4_b0__val_T_T_s2_m4_b1,val_T|T|s2|m4,val_T_T_s2_m4_b0,val_T_T_s2_m4_b1,frozen,adapted,True,True,2,free,-0.002229714716386215,-0.00010798501207672645,0.0021217297043094885,0.000663838778741631,0.0014578909255678531,4.336808689942018e-18,0.012296022761114172,0.0031316129581942737,0.00015022234796894046,8.398640703585434e-05,6.623594093308617e-05,-5.421010862427522e-20,0.13993559396835445,-0.0022297147163862106,-0.00010798501207672583,-0.6160312112220819,-0.14236461018061153
val_T_T_s2_m4_b0__val_T_T_s2_m4_b1,val_T|T|s2|m4,val_T_T_s2_m4_b0,val_T_T_s2_m4_b1,frozen,adapted,True,True,2,teacher,-0.002229714716386215,-7.853420413869022e-05,0.0021511805122475247,0.0007308158521629287,0.0014203646600845876,8.456776945386935e-18,0.012296022761114172,0.002280328780537129,0.00014071562932690013,0.0001003141259125672,4.040150341433295e-05,-1.3552527156068805e-20,0.279547415560988,-0.0022297147163862106,-7.853420413869384e-05,-0.6160312112220819,-0.1539112517641512
val_T_T_s2_m4_b0__val_T_T_s2_m4_b1,val_T|T|s2|m4,val_T_T_s2_m4_b0,val_T_T_s2_m4_b1,frozen,adapted,True,True,2,reset,-0.002229714716386215,0.000303810825621878,0.002533525542008093,0.0005758308306355995,0.0019576947113724885,4.7704895589362195e-18,0.012296022761114172,0.00458049560498058,0.00020169003416048878,5.952935929703491e-05,0.0001421606748634539,-2.710505431213761e-20,-0.2620377672615195,-0.0022297147163862106,0.0003038108256218778,-0.6160312112220819,0.28502836460759334
val_T_T_s2_m4_b0__val_T_T_s2_m4_b1,val_T|T|s2|m4,val_T_T_s2_m4_b0,val_T_T_s2_m4_b1,frozen,adapted,True,True,2,persistence,-0.002229714716386215,0.003676680326103701,0.005906395042489916,-0.00021136531331944418,0.006117760355809361,-8.673617379884035e-19,0.012296022761114172,0.016136319501707512,0.0006110639304186816,1.4747879055811832e-05,0.0005963160513628699,-1.0842021724855044e-19,-0.5027175592770426,-0.0022297147163862106,0.0036766803261037073,-0.6160312112220819,0.4888449352488014
val_T_T_s2_m4_b0__val_T_T_s2_m4_b1,val_T|T|s2|m4,val_T_T_s2_m4_b0,val_T_T_s2_m4_b1,frozen,adapted,True,True,3,free,0.0006276061513013562,8.908847462437558e-05,-0.0005385176766769806,-0.00019749551129920215,-0.00034102216537777833,-1.0842021724855044e-19,0.011097817501073947,0.002650879629332437,0.0001086082151132877,7.1350759409061e-05,3.725745570422666e-05,4.0657581468206416e-20,0.36677855925146835,0.0006276061513013545,8.908847462437398e-05,0.23029254313536357,0.17558361872849326
val_T_T_s2_m4_b0__val_T_T_s2_m4_b1,val_T|T|s2|m4,val_T_T_s2_m4_b0,val_T_T_s2_m4_b1,frozen,adapted,True,True,3,teacher,0.0006276061513013562,1.8520518456580787e-05,-0.0006090856328447754,-0.00029601846768475084,-0.00031306716516002063,-3.903127820947816e-18,0.011097817501073947,0.00548558310021727,6.172196631868787e-05,3.149717497015911e-05,3.0224791348528753e-05,6.776263578034403e-21,0.7517593278162551,0.0006276061513013545,1.8520518456582928e-05,0.23029254313536357,0.018549766936858215
val_T_T_s2_m4_b0__val_T_T_s2_m4_b1,val_T|T|s2|m4,val_T_T_s2_m4_b0,val_T_T_s2_m4_b1,frozen,adapted,True,True,3,reset,0.0006276061513013562,-0.00020687334264259463,-0.0008344794939439508,-0.00020563620322700638,-0.0006288432907169431,-1.4094628242311558e-18,0.011097817501073947,0.005157634646372134,0.00014951961509758664,3.5285772347293385e-05,0.00011423384275029323,2.710505431213761e-20,0.0021238623112617046,0.0006276061513013545,-0.00020687334264259507,0.23029254313536357,-0.19232172374715573
val_T_T_s2_m4_b0__val_T_T_s2_m4_b1,val_T|T|s2|m4,val_T_T_s2_m4_b0,val_T_T_s2_m4_b1,frozen,adapted,True,True,3,persistence,0.0006276061513013562,-0.002229714716386215,-0.002857320867687571,-0.00010565932809119875,-0.002751661539596366,-6.071532165918825e-18,0.011097817501073947,0.012296022761114172,0.0004059417696517082,1.435695845188062e-06,0.0004045060738065201,5.421010862427522e-20,-0.48215223848587163,0.0006276061513013545,-0.0022297147163862106,0.23029254313536357,-0.6160312112220819
val_T_T_s2_m4_b0__val_T_T_s2_m4_b1,val_T|T|s2|m4,val_T_T_s2_m4_b0,val_T_T_s2_m4_b1,frozen,adapted,True,True,4,free,-0.000765327229579036,9.907007653413985e-05,0.0008643973061131759,0.0006033299154676883,0.00026106739064549363,-6.071532165918825e-18,0.01438060498898035,0.0016288675077929342,0.00019452536839310663,0.00016260680878912002,3.1918559603986666e-05,-6.098637220230962e-20,0.3186812018549988,-0.000765327229579041,9.907007653414093e-05,-0.2125124588290307,0.3440913696805692
val_T_T_s2_m4_b0__val_T_T_s2_m4_b1,val_T|T|s2|m4,val_T_T_s2_m4_b0,val_T_T_s2_m4_b1,frozen,adapted,True,True,4,teacher,-0.000765327229579036,-0.0002958230992160249,0.0004695041303630111,0.0006117615668876647,-0.00014225743652464826,-5.312590645178972e-18,0.01438060498898035,0.008115612205954017,0.0001468764088117971,3.925013457137204e-05,0.00010762627424042506,0.0,0.5389055796642831,-0.000765327229579041,-0.0002958230992160245,-0.2125124588290307,-0.21197907394560597
val_T_T_s2_m4_b0__val_T_T_s2_m4_b1,val_T|T|s2|m4,val_T_T_s2_m4_b0,val_T_T_s2_m4_b1,frozen,adapted,True,True,4,reset,-0.000765327229579036,-0.00022418055277760585,0.0005411466768014302,0.00027961663967483155,0.0002615300371266077,-9.107298248878237e-18,0.01438060498898035,0.009825947038332637,0.00010711376121011446,2.074490904739843e-05,8.63688521627161e-05,-5.421010862427522e-20,0.6943843596576383,-0.000765327229579041,-0.0002241805527776017,-0.2125124588290307,-0.11062807072792194
val_T_T_s2_m4_b0__val_T_T_s2_m4_b1,val_T|T|s2|m4,val_T_T_s2_m4_b0,val_T_T_s2_m4_b1,frozen,adapted,True,True,4,persistence,-0.000765327229579036,0.0006276061513013562,0.0013929333808803922,4.0312462243728066e-05,0.0013526209186366673,-3.2526065174565133e-18,0.01438060498898035,0.011097817501073947,0.0002677880757124987,1.0776693690754834e-05,0.0002570113820217438,5.421010862427522e-20,0.1947928448254968,-0.000765327229579041,0.0006276061513013545,-0.2125124588290307,0.23029254313536357
val_T_T_s2_m4_b0__val_T_T_s2_m4_b1,val_T|T|s2|m4,val_T_T_s2_m4_b0,val_T_T_s2_m4_b1,frozen,adapted,True,True,5,free,-0.0006402881248963738,8.507977186640245e-05,0.0007253678967627762,0.0005479326819513702,0.00017743521481140644,-3.7947076036992655e-19,0.016462900284903024,0.001537249517006879,0.0002572335173786089,0.00022277505084519877,3.4458466533410144e-05,0.0,0.31920675487291217,-0.0006402881248963733,8.50797718664031e-05,-0.1561305908586546,0.3015224806721581
val_T_T_s2_m4_b0__val_T_T_s2_m4_b1,val_T|T|s2|m4,val_T_T_s2_m4_b0,val_T_T_s2_m4_b1,frozen,adapted,True,True,5,teacher,-0.0006402881248963738,-0.0002744588270059082,0.0003658292978904656,0.0008661774205045026,-0.0005003481226140387,1.6263032587282567e-18,0.016462900284903024,0.014809101683550135,0.0002673867385234647,2.7350498138367722e-06,0.00026465168870962803,-1.0842021724855044e-19,0.4572377788846189,-0.0006402881248963733,-0.0002744588270059098,-0.1561305908586546,-0.10865523400650173
val_T_T_s2_m4_b0__val_T_T_s2_m4_b1,val_T|T|s2|m4,val_T_T_s2_m4_b0,val_T_T_s2_m4_b1,frozen,adapted,True,True,5,reset,-0.0006402881248963738,-0.00031208697848759265,0.0003282011464087811,0.0005111540482387148,-0.00018295290182993306,-5.963111948670274e-19,0.016462900284903024,0.01491113269214665,7.221071090015793e-05,2.407982661928913e-06,6.980272823822904e-05,-2.710505431213761e-20,0.8578242856395553,-0.0006402881248963733,-0.0003120869784875917,-0.1561305908586546,-0.10261884293603256
val_T_T_s2_m4_b0__val_T_T_s2_m4_b1,val_T|T|s2|m4,val_T_T_s2_m4_b0,val_T_T_s2_m4_b1,frozen,adapted,True,True,5,persistence,-0.0006402881248963738,-0.000765327229579036,-0.00012503910468266224,-3.970579078135872e-05,-8.533331390130887e-05,5.353248226647178e-18,0.016462900284903024,0.01438060498898035,1.859344083756209e-05,4.335953699421693e-06,1.4257487138140477e-05,-8.131516293641283e-20,0.9698887012321076,-0.0006402881248963733,-0.000765327229579041,-0.1561305908586546,-0.2125124588290307
val_T_T_s2_m4_b0__val_T_T_s2_m4_b2,val_T|T|s2|m4,val_T_T_s2_m4_b0,val_T_T_s2_m4_b2,frozen,oracle,True,False,1,free,0.007192847463747834,0.010256648098117951,0.0030638006343701174,0.000572176490291527,0.0024916241440785794,1.1275702593849246e-17,0.07202294466895204,0.055413998139384635,0.0018496600855074166,0.0002758571048220291,0.0015738029806853905,-3.0357660829594124e-18,0.8028349158511944,0.007192847463747856,0.010256648098117962,0.2166446552279266,0.43444662489204866
val_T_T_s2_m4_b0__val_T_T_s2_m4_b2,val_T|T|s2|m4,val_T_T_s2_m4_b0,val_T_T_s2_m4_b2,frozen,oracle,True,False,1,teacher,0.007192847463747834,0.010256648098117951,0.0030638006343701174,0.000572176490291527,0.0024916241440785794,1.1275702593849246e-17,0.07202294466895204,0.055413998139384635,0.0018496600855074166,0.0002758571048220291,0.0015738029806853905,-3.0357660829594124e-18,0.8028349158511944,0.007192847463747856,0.010256648098117962,0.2166446552279266,0.43444662489204866
val_T_T_s2_m4_b0__val_T_T_s2_m4_b2,val_T|T|s2|m4,val_T_T_s2_m4_b0,val_T_T_s2_m4_b2,frozen,oracle,True,False,1,reset,0.007192847463747834,0.010256648098117951,0.0030638006343701174,0.000572176490291527,0.0024916241440785794,1.1275702593849246e-17,0.07202294466895204,0.055413998139384635,0.0018496600855074166,0.0002758571048220291,0.0015738029806853905,-3.0357660829594124e-18,0.8028349158511944,0.007192847463747856,0.010256648098117962,0.2166446552279266,0.43444662489204866
val_T_T_s2_m4_b0__val_T_T_s2_m4_b2,val_T|T|s2|m4,val_T_T_s2_m4_b0,val_T_T_s2_m4_b2,frozen,oracle,True,False,1,persistence,0.007192847463747834,0.0,-0.007192847463747834,-0.00576106485485761,-0.0014317826088902463,2.211772431870429e-17,0.07202294466895204,0.0,0.005187304558786926,0.005187304558786927,0.0,-8.673617379884035e-19,nan,0.007192847463747856,0.0,0.2166446552279266,nan
val_T_T_s2_m4_b0__val_T_T_s2_m4_b2,val_T|T|s2|m4,val_T_T_s2_m4_b0,val_T_T_s2_m4_b2,frozen,oracle,True,False,2,free,0.013474738275406628,0.0028803583442007924,-0.010594379931205836,-0.0033901530591013687,-0.0072042268721044704,3.469446951953614e-18,0.08297988694505165,0.05652577344515326,0.006234868433229823,0.0006998201210655061,0.005535048312164316,8.673617379884035e-19,0.4099727523839432,0.013474738275406633,0.0028803583442007937,0.6170255618453294,0.2175142016220027
val_T_T_s2_m4_b0__val_T_T_s2_m4_b2,val_T|T|s2|m4,val_T_T_s2_m4_b0,val_T_T_s2_m4_b2,frozen,oracle,True,False,2,teacher,0.013474738275406628,0.0022631860561513617,-0.011211552219255266,-0.005287803597023643,-0.005923748622231635,1.1275702593849246e-17,0.08297988694505165,0.05140829319428359,0.003942451206228041,0.000996765531963537,0.002945685674264506,-1.734723475976807e-18,0.6547367270961965,0.013474738275406633,0.0022631860561513548,0.6170255618453294,0.20291670607071421
val_T_T_s2_m4_b0__val_T_T_s2_m4_b2,val_T|T|s2|m4,val_T_T_s2_m4_b0,val_T_T_s2_m4_b2,frozen,oracle,True,False,2,reset,0.013474738275406628,0.003330398548766024,-0.010144339726640604,-0.003931238532771804,-0.006213101193868809,9.540979117872439e-18,0.08297988694505165,0.0598949139563856,0.004164179340217679,0.0005329159778874413,0.003631263362330238,0.0,0.6346871339241389,0.013474738275406633,0.0033303985487660205,0.6170255618453294,0.24809221031762632
val_T_T_s2_m4_b0__val_T_T_s2_m4_b2,val_T|T|s2|m4,val_T_T_s2_m4_b0,val_T_T_s2_m4_b2,frozen,oracle,True,False,2,persistence,0.013474738275406628,0.007192847463747834,-0.006281890811658794,0.0068744244111723085,-0.013156315222831085,-1.734723475976807e-17,0.08297988694505165,0.07202294466895204,0.008062910912983884,0.00012005458404177896,0.007942856328942106,0.0,0.3354877383295882,0.013474738275406633,0.007192847463747856,0.6170255618453294,0.2166446552279266
val_T_T_s2_m4_b0__val_T_T_s2_m4_b2,val_T|T|s2|m4,val_T_T_s2_m4_b0,val_T_T_s2_m4_b2,frozen,oracle,True,False,3,free,0.0024619781767009734,-0.002377207798640684,-0.0048391859753416575,-0.0008425692960642403,-0.00399661667927741,-6.938893903907228e-18,0.07822056058724736,0.046655758804985986,0.006222436913826127,0.0009963367115534505,0.005226100202272679,-1.734723475976807e-18,0.283985931659741,0.0024619781767009673,-0.002377207798640683,0.13186836355321593,-0.25947787245645537
val_T_T_s2_m4_b0__val_T_T_s2_m4_b2,val_T|T|s2|m4,val_T_T_s2_m4_b0,val_T_T_s2_m4_b2,frozen,oracle,True,False,3,teacher,0.0024619781767009734,-0.0004981505336276275,-0.002960128710328601,-0.0012580941701897733,-0.0017020345401388213,-6.288372600415926e-18,0.07822056058724736,0.02816079296642643,0.006199310689178327,0.0025059803342505913,0.0036933303549277373,-1.734723475976807e-18,0.16165581567448348,0.0024619781767009673,-0.000498150533627627,0.13186836355321593,-0.09671587730340317
val_T_T_s2_m4_b0__val_T_T_s2_m4_b2,val_T|T|s2|m4,val_T_T_s2_m4_b0,val_T_T_s2_m4_b2,frozen,oracle,True,False,3,reset,0.0024619781767009734,0.0004319581249832283,-0.002030020051717745,-0.0009479009878481023,-0.001082119063869637,-5.854691731421724e-18,0.07822056058724736,0.03971266506841271,0.00479858345093751,0.0014828580172894857,0.0033157254336480266,-2.6020852139652106e-18,0.4662982733896952,0.0024619781767009673,0.00043195812498322817,0.13186836355321593,0.052780418976261276
val_T_T_s2_m4_b0__val_T_T_s2_m4_b2,val_T|T|s2|m4,val_T_T_s2_m4_b0,val_T_T_s2_m4_b2,frozen,oracle,True,False,3,persistence,0.0024619781767009734,0.013474738275406628,0.011012760098705655,-0.0009431235989243808,0.011955883697630044,-8.673617379884035e-18,0.07822056058724736,0.08297988694505165,0.009062546455639033,2.265118738009069e-05,0.009039895268258945,-3.469446951953614e-18,0.30363066188217114,0.0024619781767009673,0.013474738275406633,0.13186836355321593,0.6170255618453294
val_T_T_s2_m4_b0__val_T_T_s2_m4_b2,val_T|T|s2|m4,val_T_T_s2_m4_b0,val_T_T_s2_m4_b2,frozen,oracle,True,False,4,free,0.003567346748616928,-0.0017447414785650463,-0.005312088227181974,-0.003830601173060711,-0.0014814870541212687,5.637851296924623e-18,0.08411206022735072,0.018611032804975725,0.005800546410325014,0.004290384593386722,0.001510161816938292,-4.336808689942018e-19,0.5176472660962709,0.003567346748616932,-0.0017447414785650476,0.17816750814397456,-0.5160497755849406
val_T_T_s2_m4_b0__val_T_T_s2_m4_b2,val_T|T|s2|m4,val_T_T_s2_m4_b0,val_T_T_s2_m4_b2,frozen,oracle,True,False,4,teacher,0.003567346748616928,-0.003731738033839943,-0.007299084782456871,-0.004687345538988712,-0.0026117392434681598,8.673617379884035e-19,0.08411206022735072,0.0693019158590448,0.005606352157782032,0.0002193403762100637,0.005387011781571967,8.673617379884035e-19,0.53792292954472,0.003567346748616932,-0.0037317380338399405,0.17816750814397456,-0.3018641761230665
val_T_T_s2_m4_b0__val_T_T_s2_m4_b2,val_T|T|s2|m4,val_T_T_s2_m4_b0,val_T_T_s2_m4_b2,frozen,oracle,True,False,4,reset,0.003567346748616928,0.0001663470117146057,-0.003400999736902322,-0.003654061304384169,0.0002530615674818463,5.421010862427522e-19,0.08411206022735072,0.07887833483733403,0.0009625604875123358,2.73918814581054e-05,0.000935168606054233,-2.4936649967166602e-18,0.9295235664060264,0.003567346748616932,0.00016634701171460873,0.17816750814397456,0.010465009362108457
val_T_T_s2_m4_b0__val_T_T_s2_m4_b2,val_T|T|s2|m4,val_T_T_s2_m4_b0,val_T_T_s2_m4_b2,frozen,oracle,True,False,4,persistence,0.003567346748616928,0.0024619781767009734,-0.0011053685719159545,-0.0003486206083624584,-0.0007567479635535058,9.64939933512099e-18,0.08411206022735072,0.07822056058724736,0.005854309091794593,3.470976800933811e-05,0.005819599323785257,-2.6020852139652106e-18,0.5577336528954155,0.003567346748616932,0.0024619781767009673,0.17816750814397456,0.13186836355321593
val_T_T_s2_m4_b0__val_T_T_s2_m4_b2,val_T|T|s2|m4,val_T_T_s2_m4_b0,val_T_T_s2_m4_b2,frozen,oracle,True,False,5,free,0.00405751676662594,-0.001318104117672067,-0.0053756208842980074,-0.002720805690378141,-0.0026548151939198676,1.3010426069826053e-18,0.07210378510323454,0.018263935273814622,0.004049683645234926,0.002898729429654488,0.001150954215580439,-4.336808689942018e-19,0.5630058439045921,0.004057516766625939,-0.0013181041176720692,0.23753703045519847,-0.3856964381464711
val_T_T_s2_m4_b0__val_T_T_s2_m4_b2,val_T|T|s2|m4,val_T_T_s2_m4_b0,val_T_T_s2_m4_b2,frozen,oracle,True,False,5,teacher,0.00405751676662594,-0.001316298249417855,-0.005373815016043795,-0.003872385251970167,-0.0015014297640736256,-2.8189256484623115e-18,0.07210378510323454,0.061089888422890926,0.006800711501948237,0.000121305920085284,0.006679405581862953,0.0,0.24180585930067353,0.004057516766625939,-0.0013162982494178532,0.23753703045519847,-0.1259705248564991
val_T_T_s2_m4_b0__val_T_T_s2_m4_b2,val_T|T|s2|m4,val_T_T_s2_m4_b0,val_T_T_s2_m4_b2,frozen,oracle,True,False,5,reset,0.00405751676662594,0.0015274013112106105,-0.00253011545541533,-0.0030482398640970894,0.0005181244086817584,1.0842021724855044e-18,0.07210378510323454,0.06620614512319319,0.0011807042874742665,3.4782157334182134e-05,0.0011459221301400833,1.0842021724855044e-18,0.8799758205411766,0.004057516766625939,0.001527401311210608,0.23753703045519847,0.1172451830064559
val_T_T_s2_m4_b0__val_T_T_s2_m4_b2,val_T|T|s2|m4,val_T_T_s2_m4_b0,val_T_T_s2_m4_b2,frozen,oracle,True,False,5,persistence,0.00405751676662594,0.003567346748616928,-0.0004901700180090125,-0.00020996025490060507,-0.0002802097631084026,-4.824699667560495e-18,0.07210378510323454,0.08411206022735072,0.0005756521614667066,0.00014419867145646766,0.000431453490010239,-1.0842021724855044e-19,0.9644296894932599,0.004057516766625939,0.003567346748616932,0.23753703045519847,0.17816750814397456
val_T_T_s2_m4_b1__val_T_T_s2_m4_b2,val_T|T|s2|m4,val_T_T_s2_m4_b1,val_T_T_s2_m4_b2,adapted,oracle,False,False,1,free,0.003516167137644133,0.01025138850367352,0.006735221366029387,0.0009387317757806377,0.005796489590248726,2.3418766925686896e-17,0.07209269775317702,0.057380825649946024,0.0022350941895936585,0.00021643918078182635,0.0020186550088118326,-4.336808689942018e-19,0.7560088704117442,0.0035161671376441493,0.010251388503673513,0.10673055646959519,0.4194102245334574
val_T_T_s2_m4_b1__val_T_T_s2_m4_b2,val_T|T|s2|m4,val_T_T_s2_m4_b1,val_T_T_s2_m4_b2,adapted,oracle,False,False,1,teacher,0.003516167137644133,0.01025138850367352,0.006735221366029387,0.0009387317757806377,0.005796489590248726,2.3418766925686896e-17,0.07209269775317702,0.057380825649946024,0.0022350941895936585,0.00021643918078182635,0.0020186550088118326,-4.336808689942018e-19,0.7560088704117442,0.0035161671376441493,0.010251388503673513,0.10673055646959519,0.4194102245334574
val_T_T_s2_m4_b1__val_T_T_s2_m4_b2,val_T|T|s2|m4,val_T_T_s2_m4_b1,val_T_T_s2_m4_b2,adapted,oracle,False,False,1,reset,0.003516167137644133,0.01025138850367352,0.006735221366029387,0.0009387317757806377,0.005796489590248726,2.3418766925686896e-17,0.07209269775317702,0.057380825649946024,0.0022350941895936585,0.00021643918078182635,0.0020186550088118326,-4.336808689942018e-19,0.7560088704117442,0.0035161671376441493,0.010251388503673513,0.10673055646959519,0.4194102245334574
val_T_T_s2_m4_b1__val_T_T_s2_m4_b2,val_T|T|s2|m4,val_T_T_s2_m4_b1,val_T_T_s2_m4_b2,adapted,oracle,False,False,1,persistence,0.003516167137644133,0.0,-0.003516167137644133,-0.007971476539155541,0.004455309401511392,1.6479873021779667e-17,0.07209269775317702,0.0,0.005197357069330936,0.005197357069330935,0.0,8.673617379884035e-19,nan,0.0035161671376441493,0.0,0.10673055646959519,nan
val_T_T_s2_m4_b1__val_T_T_s2_m4_b2,val_T|T|s2|m4,val_T_T_s2_m4_b1,val_T_T_s2_m4_b2,adapted,oracle,False,False,2,free,0.015704452991792843,0.002988343356277519,-0.012716109635515324,-0.004107381901353433,-0.008608727734161895,3.469446951953614e-18,0.0909902245023053,0.05941740079817617,0.0073475034560954895,0.0009968431966520183,0.0063506602594434695,1.734723475976807e-18,0.41267228093202074,0.015704452991792843,0.00298834335627752,0.6470891008605414,0.21463910480901888
val_T_T_s2_m4_b1__val_T_T_s2_m4_b2,val_T|T|s2|m4,val_T_T_s2_m4_b1,val_T_T_s2_m4_b2,adapted,oracle,False,False,2,teacher,0.015704452991792843,0.002341720260290052,-0.013362732731502791,-0.006151340257090396,-0.007211392474412398,2.6020852139652106e-18,0.0909902245023053,0.05311375433109505,0.004587387243075586,0.0014346269926305798,0.0031527602504450077,-1.734723475976807e-18,0.6738185840681078,0.015704452991792843,0.0023417202602900493,0.6470891008605414,0.20314310493278667
val_T_T_s2_m4_b1__val_T_T_s2_m4_b2,val_T|T|s2|m4,val_T_T_s2_m4_b1,val_T_T_s2_m4_b2,adapted,oracle,False,False,2,reset,0.015704452991792843,0.003026587723144146,-0.012677865268648697,-0.004710130773961806,-0.007967734494686896,5.204170427930421e-18,0.0909902245023053,0.05764415192924223,0.005143253907580577,0.0011119605560479893,0.004031293351532588,0.0,0.6157052814403217,0.015704452991792843,0.003026587723144142,0.6470891008605414,0.2348198107815316
val_T_T_s2_m4_b1__val_T_T_s2_m4_b2,val_T|T|s2|m4,val_T_T_s2_m4_b1,val_T_T_s2_m4_b2,adapted,oracle,False,False,2,persistence,0.015704452991792843,0.003516167137644133,-0.01218828585414871,0.006681889544793279,-0.018870175398941973,-1.734723475976807e-17,0.0909902245023053,0.07209269775317702,0.010991895001474274,0.00035711651723401906,0.010634778484240257,-1.734723475976807e-18,0.18938910118348248,0.015704452991792843,0.0035161671376441493,0.6470891008605414,0.10673055646959519
val_T_T_s2_m4_b1__val_T_T_s2_m4_b2,val_T|T|s2|m4,val_T_T_s2_m4_b1,val_T_T_s2_m4_b2,adapted,oracle,False,False,3,free,0.0018343720253996172,-0.0024662962732650597,-0.004300668298664677,-0.0006963731748841774,-0.0036042951237804923,-6.938893903907228e-18,0.08465499136546187,0.049014549056846435,0.006829195362910398,0.001270241127953745,0.005558954234956652,8.673617379884035e-19,0.3301377222968849,0.0018343720253996137,-0.0024662962732650557,0.09150183241256947,-0.25673179031994753
val_T_T_s2_m4_b1__val_T_T_s2_m4_b2,val_T|T|s2|m4,val_T_T_s2_m4_b1,val_T_T_s2_m4_b2,adapted,oracle,False,False,3,teacher,0.0018343720253996172,-0.0005166710520842083,-0.0023510430774838255,-0.0008619674859396869,-0.0014890755915441373,-1.3010426069826053e-18,0.08465499136546187,0.0275576732522372,0.006853679688186848,0.003260103735722774,0.0035935759524640745,0.0,0.2298031882820218,0.0018343720253996137,-0.0005166710520842102,0.09150183241256947,-0.10252253449815418
val_T_T_s2_m4_b1__val_T_T_s2_m4_b2,val_T|T|s2|m4,val_T_T_s2_m4_b1,val_T_T_s2_m4_b2,adapted,oracle,False,False,3,reset,0.0018343720253996172,0.0006388314676258229,-0.0011955405577737943,-0.0007911374654796645,-0.00040440309229412575,-4.065758146820642e-18,0.08465499136546187,0.0393162943291402,0.005985415884641172,0.002055597448951363,0.00392981843568981,-8.673617379884035e-19,0.4096394309920788,0.0018343720253996137,0.0006388314676258234,0.09150183241256947,0.07864641413637781
val_T_T_s2_m4_b1__val_T_T_s2_m4_b2,val_T|T|s2|m4,val_T_T_s2_m4_b1,val_T_T_s2_m4_b2,adapted,oracle,False,False,3,persistence,0.0018343720253996172,0.015704452991792843,0.013870080966393226,-0.0008582659618859348,0.014728346928279167,-6.938893903907228e-18,0.08465499136546187,0.0909902245023053,0.012383657173099976,4.013517889815911e-05,0.012343521994201825,-6.938893903907228e-18,0.1987615295311226,0.0018343720253996137,0.015704452991792843,0.09150183241256947,0.6470891008605414
val_T_T_s2_m4_b1__val_T_T_s2_m4_b2,val_T|T|s2|m4,val_T_T_s2_m4_b1,val_T_T_s2_m4_b2,adapted,oracle,False,False,4,free,0.004332673978195964,-0.0018438115550991861,-0.00617648553329515,-0.004423181556031553,-0.0017533039772636106,1.3877787807814457e-17,0.09422009422425268,0.019780729715292704,0.007277241385818984,0.0055412189884978084,0.001736022397321174,1.3010426069826053e-18,0.5342643470411623,0.004332673978195974,-0.0018438115550991887,0.19264217653603966,-0.5139633580038293
val_T_T_s2_m4_b1__val_T_T_s2_m4_b2,val_T|T|s2|m4,val_T_T_s2_m4_b1,val_T_T_s2_m4_b2,adapted,oracle,False,False,4,teacher,0.004332673978195964,-0.003435914934623918,-0.007768588912819882,-0.005235315928180145,-0.002533272984639746,8.673617379884035e-18,0.09422009422425268,0.07583150649974295,0.0067559286816386566,0.00033814015850198987,0.006417788523136667,0.0,0.55088021390988,0.004332673978195974,-0.0034359149346239173,0.19264217653603966,-0.25376794742693515
val_T_T_s2_m4_b1__val_T_T_s2_m4_b2,val_T|T|s2|m4,val_T_T_s2_m4_b1,val_T_T_s2_m4_b2,adapted,oracle,False,False,4,reset,0.004332673978195964,0.00039052756449221154,-0.003942146413703752,-0.003941020806693547,-1.1256070102178743e-06,1.2495430037895439e-17,0.09422009422425268,0.08798367448089427,0.0012178336225745147,3.889293121535057e-05,0.0011789406913591625,1.734723475976807e-18,0.9288923489885745,0.004332673978195974,0.0003905275644922099,0.19264217653603966,0.0220681457184349
val_T_T_s2_m4_b1__val_T_T_s2_m4_b2,val_T|T|s2|m4,val_T_T_s2_m4_b1,val_T_T_s2_m4_b2,adapted,oracle,False,False,4,persistence,0.004332673978195964,0.0018343720253996172,-0.0024983019527963467,-0.0006134993211745184,-0.0018848026316218426,1.431146867680866e-17,0.09422009422425268,0.08465499136546187,0.007611157095684133,9.149119269924809e-05,0.007519665902984883,1.734723475976807e-18,0.5286185958057251,0.004332673978195974,0.0018343720253996137,0.19264217653603966,0.09150183241256947
val_T_T_s2_m4_b1__val_T_T_s2_m4_b2,val_T|T|s2|m4,val_T_T_s2_m4_b1,val_T_T_s2_m4_b2,adapted,oracle,False,False,5,free,0.004697804891522314,-0.0014031838895384695,-0.006100988781060784,-0.003299522790626414,-0.002801465990434372,2.6020852139652106e-18,0.08384492828369418,0.01937568495665332,0.005474522241710994,0.004156283335161203,0.0013182389065497938,-2.6020852139652106e-18,0.594276402491928,0.0046978048915223124,-0.001403183889538472,0.23612509246256055,-0.38756197212630844
val_T_T_s2_m4_b1__val_T_T_s2_m4_b2,val_T|T|s2|m4,val_T_T_s2_m4_b1,val_T_T_s2_m4_b2,adapted,oracle,False,False,5,teacher,0.004697804891522314,-0.0010418394224119467,-0.005739644313934261,-0.004667121970781661,-0.001072522343152598,-1.5178830414797062e-18,0.08384492828369418,0.07474129097868673,0.008837879511104029,8.287621218112327e-05,0.008755003298922908,-1.734723475976807e-18,0.30146378633612925,0.0046978048915223124,-0.0010418394224119454,0.23612509246256055,-0.08175838675768643
val_T_T_s2_m4_b1__val_T_T_s2_m4_b2,val_T|T|s2|m4,val_T_T_s2_m4_b1,val_T_T_s2_m4_b2,adapted,oracle,False,False,5,reset,0.004697804891522314,0.0018394882896982032,-0.002858316601824111,-0.003550064488771508,0.0006917478869473921,4.87890977618477e-18,0.08384492828369418,0.07876783877646988,0.0015151105726753343,2.5776837864367058e-05,0.001489333734810968,-6.505213034913027e-19,0.8872448715538548,0.0046978048915223124,0.001839488289698197,0.23612509246256055,0.11890299991543253
val_T_T_s2_m4_b1__val_T_T_s2_m4_b2,val_T|T|s2|m4,val_T_T_s2_m4_b1,val_T_T_s2_m4_b2,adapted,oracle,False,False,5,persistence,0.004697804891522314,0.004332673978195964,-0.0003651309133263503,-0.0003369803108770221,-2.8150602449316948e-05,-1.1221492485224971e-17,0.08384492828369418,0.09422009422425268,0.000436813575075615,0.0001076440682941251,0.0003291695067814907,-8.673617379884035e-19,0.9791661626513316,0.0046978048915223124,0.004332673978195974,0.23612509246256055,0.19264217653603966
