case_id,anchor_id,mpc,candidate_left,candidate_right,before_pair_error,after_pair_error,pair_error_change,anchor_change,term0_change,term1_change,term2_change,term3_change,term4_change,signed_closure
val_T|T|s0,val_T|T|s0|m2,2,g0_before,g0_after,-0.03779159300029278,-0.04049943387508392,-0.0027078408747911453,-1.2665987014770508e-06,0.0009571649134159088,-0.0018009990453720093,-3.11732292175293e-05,-0.0004918724298477173,-0.0013396944850683212,0.0
val_T|T|s0,val_T|T|s0|m2,2,g0_before,g24_before,-0.0013622636906802654,-0.0031163766980171204,-0.001754113007336855,3.771856427192688e-08,0.0004537682980298996,-0.0006724614650011063,-0.0005775582976639271,-0.0004445095546543598,-0.0005133897066116333,0.0
val_T|T|s0,val_T|T|s0|m2,2,g0_before,g24_after,-0.003113199956715107,-0.005288450047373772,-0.0021752500906586647,-1.73225998878479e-07,3.752065822482109e-05,-0.0007605357095599174,-0.0003929934464395046,-0.0006079422309994698,-0.0004511261358857155,0.0
val_T|T|s0,val_T|T|s0|m2,2,g0_before,g49_before,-0.0033458536490797997,-0.0061905477195978165,-0.002844694070518017,-2.952292561531067e-07,0.00021349964663386345,-0.0010891593992710114,-0.000715009868144989,-0.0008909176103770733,-0.0003628116101026535,0.0
val_T|T|s0,val_T|T|s0|m2,2,g0_before,g49_after,-0.002648519352078438,-0.005417683161795139,-0.0027691638097167015,-2.7101486921310425e-07,0.00023659691214561462,-0.0011187735944986343,-0.0007549556903541088,-0.0005857287906110287,-0.0005460316315293312,0.0
val_T|T|s0,val_T|T|s0|m2,2,g0_before,g74_before,-0.002380664926022291,-0.005106722004711628,-0.0027260570786893368,-2.791639417409897e-07,0.0003324637655168772,-0.0010430938564240932,-0.0007967087440192699,-0.0007413588464260101,-0.00047708023339509964,0.0
val_T|T|s0,val_T|T|s0|m2,2,g0_before,g74_after,-0.0023980916012078524,-0.005133709404617548,-0.0027356178034096956,-2.8940849006175995e-07,0.0003314218483865261,-0.001045165117830038,-0.0007996251806616783,-0.0007431968115270138,-0.0004787631332874298,0.0
val_T|T|s0,val_T|T|s0|m2,2,g0_before,g99_before,-0.002507151337340474,-0.005187606904655695,-0.002680455567315221,-2.55415216088295e-07,0.00027764681726694107,-0.000962783582508564,-0.0007778978906571865,-0.0007303464226424694,-0.0004868190735578537,0.0
val_T|T|s0,val_T|T|s0|m2,2,g0_before,g99_after,-0.002507162047550082,-0.005187626462429762,-0.0026804644148796797,-2.742744982242584e-07,0.0002776633482426405,-0.0009627840481698513,-0.0007779030129313469,-0.0007303501479327679,-0.00048681627959012985,0.0
val_T|T|s0,val_T|T|s0|m2,2,g0_after,g24_before,0.03642932930961251,0.0373830571770668,0.0009537278674542904,1.3043172657489777e-06,-0.0005033966153860092,0.001128537580370903,-0.0005463850684463978,4.736287519335747e-05,0.0008263047784566879,0.0
val_T|T|s0,val_T|T|s0|m2,2,g0_after,g24_after,0.03467839304357767,0.03521098382771015,0.0005325907841324806,1.0933727025985718e-06,-0.0009196442551910877,0.0010404633358120918,-0.0003618202172219753,-0.00011606980115175247,0.0008885683491826057,0.0
val_T|T|s0,val_T|T|s0|m2,2,g0_after,g49_before,0.03444573935121298,0.03430888615548611,-0.0001368531957268715,9.71369445323944e-07,-0.0007436652667820454,0.0007118396461009979,-0.0006838366389274597,-0.000399045180529356,0.0009768828749656677,0.0
val_T|T|s0,val_T|T|s0|m2,2,g0_after,g49_after,0.03514307364821434,0.035081750713288784,-6.132293492555618e-05,9.955838322639465e-07,-0.0007205680012702942,0.0006822254508733749,-0.0007237824611365795,-9.385636076331139e-05,0.00079366285353899,0.0
val_T|T|s0,val_T|T|s0|m2,2,g0_after,g74_before,0.03541092807427049,0.035392711870372295,-1.8216203898191452e-05,9.87434759736061e-07,-0.0006247011478990316,0.000757905188947916,-0.0007655355148017406,-0.00024948641657829285,0.0008626142516732216,0.0
val_T|T|s0,val_T|T|s0|m2,2,g0_after,g74_after,0.035393501399084926,0.035365724470466375,-2.77769286185503e-05,9.771902114152908e-07,-0.0006257430650293827,0.0007558339275419712,-0.000768451951444149,-0.0002513243816792965,0.0008609313517808914,0.0
val_T|T|s0,val_T|T|s0|m2,2,g0_after,g99_before,0.035284441662952304,0.03531182697042823,2.7385307475924492e-05,1.0111834853887558e-06,-0.0006795180961489677,0.0008382154628634453,-0.0007467246614396572,-0.00023847399279475212,0.0008528754115104675,0.0
val_T|T|s0,val_T|T|s0|m2,2,g0_after,g99_after,0.035284430952742696,0.03531180741265416,2.7376459911465645e-05,9.923242032527924e-07,-0.0006795015651732683,0.000838214997202158,-0.0007467297837138176,-0.00023847771808505058,0.0008528782054781914,0.0
val_T|T|s0,val_T|T|s0|m2,2,g24_before,g24_after,-0.0017509362660348415,-0.0021720733493566513,-0.00042113708332180977,-2.1094456315040588e-07,-0.0004162476398050785,-8.807424455881119e-05,0.00018456485122442245,-0.00016343267634510994,6.226357072591782e-05,0.0
val_T|T|s0,val_T|T|s0|m2,2,g24_before,g49_before,-0.0019835899583995342,-0.003074171021580696,-0.0010905810631811619,-3.3294782042503357e-07,-0.00024026865139603615,-0.0004166979342699051,-0.00013745157048106194,-0.00044640805572271347,0.0001505780965089798,0.0
val_T|T|s0,val_T|T|s0|m2,2,g24_before,g49_after,-0.0012862556613981724,-0.002301306463778019,-0.0010150508023798466,-3.0873343348503113e-07,-0.00021717138588428497,-0.0004463121294975281,-0.00017739739269018173,-0.00014121923595666885,-3.2641924917697906e-05,0.0
val_T|T|s0,val_T|T|s0|m2,2,g24_before,g74_before,-0.0010184012353420258,-0.0019903453066945076,-0.0009719440713524818,-3.1688250601291656e-07,-0.00012130453251302242,-0.000370632391422987,-0.00021915044635534286,-0.0002968492917716503,3.630947321653366e-05,0.0
val_T|T|s0,val_T|T|s0|m2,2,g24_before,g74_after,-0.001035827910527587,-0.0020173327066004276,-0.0009815047960728407,-3.2712705433368683e-07,-0.0001223464496433735,-0.0003727036528289318,-0.00022206688299775124,-0.00029868725687265396,3.462657332420349e-05,0.0
val_T|T|s0,val_T|T|s0|m2,2,g24_before,g99_before,-0.0011448876466602087,-0.0020712302066385746,-0.0009263425599783659,-2.9313378036022186e-07,-0.00017612148076295853,-0.00029032211750745773,-0.00020033959299325943,-0.0002858368679881096,2.6570633053779602e-05,0.0
val_T|T|s0,val_T|T|s0|m2,2,g24_before,g99_after,-0.0011448983568698168,-0.0020712497644126415,-0.0009263514075428247,-3.119930624961853e-07,-0.0001761049497872591,-0.00029032258316874504,-0.00020034471526741982,-0.00028584059327840805,2.657342702150345e-05,0.0
val_T|T|s0,val_T|T|s0|m2,2,g24_after,g49_before,-0.0002326536923646927,-0.0009020976722240448,-0.0006694439798593521,-1.2200325727462769e-07,0.00017597898840904236,-0.0003286236897110939,-0.0003220164217054844,-0.00028297537937760353,8.831452578306198e-05,0.0
val_T|T|s0,val_T|T|s0|m2,2,g24_after,g49_after,0.00046468060463666916,-0.00012923311442136765,-0.0005939137190580368,-9.778887033462524e-08,0.00019907625392079353,-0.0003582378849387169,-0.0003619622439146042,2.2213440388441086e-05,-9.490549564361572e-05,0.0
val_T|T|s0,val_T|T|s0|m2,2,g24_after,g74_before,0.0007325350306928158,0.0001817280426621437,-0.0005508069880306721,-1.0593794286251068e-07,0.0002949431072920561,-0.0002825581468641758,-0.0004037152975797653,-0.00013341661542654037,-2.5954097509384155e-05,0.0
val_T|T|s0,val_T|T|s0|m2,2,g24_after,g74_after,0.0007151083555072546,0.00015474064275622368,-0.0005603677127510309,-1.1618249118328094e-07,0.000293901190161705,-0.0002846294082701206,-0.0004066317342221737,-0.00013525458052754402,-2.7636997401714325e-05,0.0
val_T|T|s0,val_T|T|s0|m2,2,g24_after,g99_before,0.0006060486193746328,0.0001008431427180767,-0.0005052054766565561,-8.218921720981598e-08,0.00024012615904211998,-0.00020224787294864655,-0.0003849044442176819,-0.00012240419164299965,-3.5692937672138214e-05,0.0
val_T|T|s0,val_T|T|s0|m2,2,g24_after,g99_after,0.0006060379091650248,0.00010082358494400978,-0.000505214324221015,-1.0104849934577942e-07,0.0002401426900178194,-0.00020224833860993385,-0.00038490956649184227,-0.0001224079169332981,-3.569014370441437e-05,0.0
val_T|T|s0,val_T|T|s0|m2,2,g49_before,g49_after,0.0006973342970013618,0.0007728645578026772,7.553026080131531e-05,2.421438694000244e-08,2.3097265511751175e-05,-2.9614195227622986e-05,-3.99458222091198e-05,0.0003051888197660446,-0.0001832200214266777,0.0
val_T|T|s0,val_T|T|s0|m2,2,g49_before,g74_before,0.0009651887230575085,0.0010838257148861885,0.00011863699182868004,1.6065314412117004e-08,0.00011896411888301373,4.6065542846918106e-05,-8.169887587428093e-05,0.00014955876395106316,-0.00011426862329244614,0.0
val_T|T|s0,val_T|T|s0|m2,2,g49_before,g74_after,0.0009477620478719473,0.0010568383149802685,0.00010907626710832119,5.820766091346741e-09,0.00011792220175266266,4.399428144097328e-05,-8.46153125166893e-05,0.0001477207988500595,-0.0001159515231847763,0.0
val_T|T|s0,val_T|T|s0|m2,2,g49_before,g99_before,0.0008387023117393255,0.0010029408149421215,0.00016423850320279598,3.9814040064811707e-08,6.414717063307762e-05,0.00012637581676244736,-6.28880225121975e-05,0.00016057118773460388,-0.0001240074634552002,0.0
val_T|T|s0,val_T|T|s0|m2,2,g49_before,g99_after,0.0008386916015297174,0.0010029212571680546,0.00016422965563833714,2.0954757928848267e-08,6.416370160877705e-05,0.00012637535110116005,-6.289314478635788e-05,0.00016056746244430542,-0.00012400466948747635,0.0
val_T|T|s0,val_T|T|s0|m2,2,g49_after,g74_before,0.0002678544260561466,0.00031096115708351135,4.310673102736473e-05,-8.149072527885437e-09,9.586685337126255e-05,7.567973807454109e-05,-4.175305366516113e-05,-0.00015563005581498146,6.895139813423157e-05,0.0
val_T|T|s0,val_T|T|s0|m2,2,g49_after,g74_after,0.00025042775087058544,0.0002839737571775913,3.354600630700588e-05,-1.83936208486557e-08,9.482493624091148e-05,7.360847666859627e-05,-4.4669490307569504e-05,-0.0001574680209159851,6.72684982419014e-05,0.0
val_T|T|s0,val_T|T|s0|m2,2,g49_after,g99_before,0.00014136801473796368,0.00023007625713944435,8.870824240148067e-05,1.5599653124809265e-08,4.1049905121326447e-05,0.00015599001199007034,-2.2942200303077698e-05,-0.00014461763203144073,5.921255797147751e-05,0.0
val_T|T|s0,val_T|T|s0|m2,2,g49_after,g99_after,0.0001413573045283556,0.00023005669936537743,8.869939483702183e-05,-3.259629011154175e-09,4.106643609702587e-05,0.00015598954632878304,-2.2947322577238083e-05,-0.0001446213573217392,5.9215351939201355e-05,0.0
val_T|T|s0,val_T|T|s0|m2,2,g74_before,g74_after,-1.742667518556118e-05,-2.698739990592003e-05,-9.560724720358849e-06,-1.0244548320770264e-08,-1.0419171303510666e-06,-2.0712614059448242e-06,-2.916436642408371e-06,-1.8379651010036469e-06,-1.6828998923301697e-06,0.0
val_T|T|s0,val_T|T|s0|m2,2,g74_before,g99_before,-0.00012648641131818295,-8.0884899944067e-05,4.5601511374115944e-05,2.3748725652694702e-08,-5.4816948249936104e-05,8.031027391552925e-05,1.8810853362083435e-05,1.1012423783540726e-05,-9.738840162754059e-06,0.0
val_T|T|s0,val_T|T|s0|m2,2,g74_before,g99_after,-0.00012649712152779102,-8.090445771813393e-05,4.55926638096571e-05,4.889443516731262e-09,-5.480041727423668e-05,8.030980825424194e-05,1.880573108792305e-05,1.1008698493242264e-05,-9.736046195030212e-06,0.0
val_T|T|s0,val_T|T|s0|m2,2,g74_after,g99_before,-0.00010905973613262177,-5.389750003814697e-05,5.516223609447479e-05,3.3993273973464966e-08,-5.377503111958504e-05,8.238153532147408e-05,2.1727290004491806e-05,1.2850388884544373e-05,-8.05594027042389e-06,0.0
val_T|T|s0,val_T|T|s0|m2,2,g74_after,g99_after,-0.00010907044634222984,-5.39170578122139e-05,5.5153388530015945e-05,1.5133991837501526e-08,-5.375850014388561e-05,8.238106966018677e-05,2.172216773033142e-05,1.284666359424591e-05,-8.053146302700043e-06,0.0
val_T|T|s0,val_T|T|s0|m2,2,g99_before,g99_after,-1.0710209608078003e-08,-1.955777406692505e-08,-8.847564458847046e-09,-1.885928213596344e-08,1.6530975699424744e-08,-4.656612873077393e-10,-5.122274160385132e-09,-3.725290298461914e-09,2.7939677238464355e-09,0.0
val_T|T|s0,val_T|T|s0|m4,4,g0_before,g0_after,0.013906214386224747,0.029466722160577774,0.015560507774353027,4.5262277126312256e-07,0.005183076485991478,0.002789389342069626,0.0020376164466142654,0.0020448677241802216,0.0035051051527261734,0.0
val_T|T|s0,val_T|T|s0|m4,4,g0_before,g24_before,0.014862644486129284,0.01488504558801651,2.2401101887226105e-05,-1.1688098311424255e-07,-0.0007749744690954685,-0.0004481612704694271,-0.0002775094471871853,-0.0005509359762072563,0.0020740991458296776,0.0
val_T|T|s0,val_T|T|s0|m4,4,g0_before,g24_after,0.013290647882968187,0.01321954745799303,-7.110042497515678e-05,-8.568167686462402e-08,-0.0007665557786822319,-0.0004588291049003601,-0.00028148340061306953,-0.0005449214950203896,0.001980775035917759,0.0
val_T|T|s0,val_T|T|s0|m4,4,g0_before,g49_before,0.00872180750593543,0.01048790942877531,0.00176610192283988,-6.007030606269836e-08,0.00016250601038336754,-2.5719869881868362e-05,7.074512541294098e-05,-0.00023673288524150848,0.001795363612473011,0.0
val_T|T|s0,val_T|T|s0|m4,4,g0_before,g49_after,0.008789774496108294,0.01060388796031475,0.0018141134642064571,-6.658956408500671e-08,0.0001709749922156334,-1.7204787582159042e-05,7.508229464292526e-05,-0.00022611813619732857,0.001811445690691471,0.0
val_T|T|s0,val_T|T|s0|m4,4,g0_before,g74_before,0.00823635095730424,0.01096659479662776,0.0027302438393235207,-1.019798219203949e-07,0.0005817818455398083,0.00029259873554110527,0.0002001151442527771,-0.00024466169998049736,0.0019005117937922478,0.0
val_T|T|s0,val_T|T|s0|m4,4,g0_before,g74_after,0.008196360897272825,0.010917524341493845,0.0027211634442210197,-1.0943040251731873e-07,0.0005842358805239201,0.0002907039597630501,0.0001973835751414299,-0.0002465667203068733,0.0018955161795020103,0.0
val_T|T|s0,val_T|T|s0|m4,4,g0_before,g99_before,0.007277360185980797,0.009885961655527353,0.0026086014695465565,-1.1827796697616577e-07,0.0005465187132358551,0.00026625674217939377,0.00017557526007294655,-0.0002606622874736786,0.0018810313194990158,0.0
val_T|T|s0,val_T|T|s0|m4,4,g0_before,g99_after,0.0072773718275129795,0.009886001236736774,0.002608629409223795,-1.2759119272232056e-07,0.000546545721590519,0.00026626233011484146,0.00017557945102453232,-0.00026066554710268974,0.0018810350447893143,0.0
val_T|T|s0,val_T|T|s0|m4,4,g0_after,g24_before,0.0009564300999045372,-0.014581676572561264,-0.015538106672465801,-5.695037543773651e-07,-0.0059580509550869465,-0.003237550612539053,-0.0023151258938014507,-0.002595803700387478,-0.0014310060068964958,0.0
val_T|T|s0,val_T|T|s0|m4,4,g0_after,g24_after,-0.0006155665032565594,-0.016247174702584743,-0.015631608199328184,-5.383044481277466e-07,-0.00594963226467371,-0.003248218446969986,-0.002319099847227335,-0.002589789219200611,-0.0015243301168084145,0.0
val_T|T|s0,val_T|T|s0|m4,4,g0_after,g49_before,-0.005184406880289316,-0.018978812731802464,-0.013794405851513147,-5.126930773258209e-07,-0.00502057047560811,-0.0028151092119514942,-0.0019668713212013245,-0.00228160060942173,-0.0017097415402531624,0.0
val_T|T|s0,val_T|T|s0|m4,4,g0_after,g49_after,-0.005116439890116453,-0.018862834200263023,-0.01374639431014657,-5.192123353481293e-07,-0.005012101493775845,-0.002806594129651785,-0.00196253415197134,-0.00227098586037755,-0.0016936594620347023,0.0
val_T|T|s0,val_T|T|s0|m4,4,g0_after,g74_before,-0.005669863428920507,-0.018500127363950014,-0.012830263935029507,-5.546025931835175e-07,-0.00460129464045167,-0.0024967906065285206,-0.0018375013023614883,-0.002289529424160719,-0.0016045933589339256,0.0
val_T|T|s0,val_T|T|s0|m4,4,g0_after,g74_after,-0.0057098534889519215,-0.01854919781908393,-0.012839344330132008,-5.620531737804413e-07,-0.004598840605467558,-0.0024986853823065758,-0.0018402328714728355,-0.002291434444487095,-0.001609588973224163,0.0
val_T|T|s0,val_T|T|s0|m4,4,g0_after,g99_before,-0.00662885420024395,-0.01958076050505042,-0.012951906304806471,-5.709007382392883e-07,-0.004636557772755623,-0.002523132599890232,-0.001862041186541319,-0.0023055300116539,-0.0016240738332271576,0.0
val_T|T|s0,val_T|T|s0|m4,4,g0_after,g99_after,-0.006628842558711767,-0.019580720923841,-0.012951878365129232,-5.802139639854431e-07,-0.004636530764400959,-0.0025231270119547844,-0.0018620369955897331,-0.0023055332712829113,-0.0016240701079368591,0.0
val_T|T|s0,val_T|T|s0|m4,4,g24_before,g24_after,-0.0015719966031610966,-0.0016654981300234795,-9.350152686238289e-05,3.119930624961853e-08,8.418690413236618e-06,-1.0667834430932999e-05,-3.973953425884247e-06,6.01448118686676e-06,-9.332410991191864e-05,0.0
val_T|T|s0,val_T|T|s0|m4,4,g24_before,g49_before,-0.006140836980193853,-0.0043971361592411995,0.0017437008209526539,5.681067705154419e-08,0.0009374804794788361,0.00042244140058755875,0.00034825457260012627,0.00031420309096574783,-0.00027873553335666656,0.0
val_T|T|s0,val_T|T|s0|m4,4,g24_before,g49_after,-0.00607286999002099,-0.004281157627701759,0.001791712362319231,5.029141902923584e-08,0.0009459494613111019,0.00043095648288726807,0.00035259174183011055,0.00032481784000992775,-0.0002626534551382065,0.0
val_T|T|s0,val_T|T|s0|m4,4,g24_before,g74_before,-0.006626293528825045,-0.00391845079138875,0.0027078427374362946,1.4901161193847656e-08,0.0013567563146352768,0.0007407600060105324,0.0004776245914399624,0.00030627427622675896,-0.0001735873520374298,0.0
val_T|T|s0,val_T|T|s0|m4,4,g24_before,g74_after,-0.006666283588856459,-0.003967521246522665,0.0026987623423337936,7.450580596923828e-09,0.0013592103496193886,0.0007388652302324772,0.0004748930223286152,0.000304369255900383,-0.00017858296632766724,0.0
val_T|T|s0,val_T|T|s0|m4,4,g24_before,g99_before,-0.007585284300148487,-0.004999083932489157,0.0025862003676593304,-1.3969838619232178e-09,0.0013214931823313236,0.0007144180126488209,0.00045308470726013184,0.00029027368873357773,-0.00019306782633066177,0.0
val_T|T|s0,val_T|T|s0|m4,4,g24_before,g99_after,-0.007585272658616304,-0.0049990443512797356,0.002586228307336569,-1.0710209608078003e-08,0.0013215201906859875,0.0007144236005842686,0.0004530888982117176,0.0002902704291045666,-0.0001930641010403633,0.0
val_T|T|s0,val_T|T|s0|m4,4,g24_after,g49_before,-0.004568840377032757,-0.00273163802921772,0.0018372023478150368,2.561137080192566e-08,0.0009290617890655994,0.00043310923501849174,0.0003522285260260105,0.0003081886097788811,-0.00018541142344474792,0.0
val_T|T|s0,val_T|T|s0|m4,4,g24_after,g49_after,-0.004500873386859894,-0.00261565949767828,0.001885213889181614,1.909211277961731e-08,0.0009375307708978653,0.00044162431731820107,0.0003565656952559948,0.000318803358823061,-0.00016932934522628784,0.0
val_T|T|s0,val_T|T|s0|m4,4,g24_after,g74_before,-0.005054296925663948,-0.0022529526613652706,0.0028013442642986774,-1.6298145055770874e-08,0.0013483376242220402,0.0007514278404414654,0.00048159854486584663,0.0003002597950398922,-8.026324212551117e-05,0.0
val_T|T|s0,val_T|T|s0|m4,4,g24_after,g74_after,-0.005094286985695362,-0.0023020231164991856,0.0027922638691961765,-2.3748725652694702e-08,0.001350791659206152,0.0007495330646634102,0.00047886697575449944,0.00029835477471351624,-8.52588564157486e-05,0.0
val_T|T|s0,val_T|T|s0|m4,4,g24_after,g99_before,-0.0060132876969873905,-0.0033335858024656773,0.0026797018945217133,-3.259629011154175e-08,0.001313074491918087,0.0007250858470797539,0.0004570586606860161,0.00028425920754671097,-9.974371641874313e-05,0.0
val_T|T|s0,val_T|T|s0|m4,4,g24_after,g99_after,-0.006013276055455208,-0.003333546221256256,0.0026797298341989517,-4.190951585769653e-08,0.0013131015002727509,0.0007250914350152016,0.00045706285163760185,0.0002842559479176998,-9.973999112844467e-05,0.0
val_T|T|s0,val_T|T|s0|m4,4,g49_before,g49_after,6.7966990172863e-05,0.00011597853153944016,4.801154136657715e-05,-6.51925802230835e-09,8.468981832265854e-06,8.51508229970932e-06,4.3371692299842834e-06,1.0614749044179916e-05,1.6082078218460083e-05,0.0
val_T|T|s0,val_T|T|s0|m4,4,g49_before,g74_before,-0.00048545654863119125,0.0004786853678524494,0.0009641419164836407,-4.190951585769653e-08,0.00041927583515644073,0.00031831860542297363,0.00012937001883983612,-7.928814738988876e-06,0.00010514818131923676,0.0
val_T|T|s0,val_T|T|s0|m4,4,g49_before,g74_after,-0.0005254466086626053,0.00042961491271853447,0.0009550615213811398,-4.936009645462036e-08,0.0004217298701405525,0.00031642382964491844,0.00012663844972848892,-9.833835065364838e-06,0.00010015256702899933,0.0
val_T|T|s0,val_T|T|s0|m4,4,g49_before,g99_before,-0.0014444473199546337,-0.0006019477732479572,0.0008424995467066765,-5.820766091346741e-08,0.00038401270285248756,0.00029197661206126213,0.00010483013466000557,-2.3929402232170105e-05,8.566770702600479e-05,0.0
val_T|T|s0,val_T|T|s0|m4,4,g49_before,g99_after,-0.001444435678422451,-0.0006019081920385361,0.000842527486383915,-6.752088665962219e-08,0.0003840397112071514,0.0002919821999967098,0.00010483432561159134,-2.393266186118126e-05,8.567143231630325e-05,0.0
val_T|T|s0,val_T|T|s0|m4,4,g49_after,g74_before,-0.0005534235388040543,0.00036270683631300926,0.0009161303751170635,-3.5390257835388184e-08,0.0004108068533241749,0.0003098035231232643,0.00012503284960985184,-1.8543563783168793e-05,8.906610310077667e-05,0.0
val_T|T|s0,val_T|T|s0|m4,4,g49_after,g74_after,-0.0005934135988354683,0.0003136363811790943,0.0009070499800145626,-4.284083843231201e-08,0.00041326088830828667,0.0003079087473452091,0.00012230128049850464,-2.0448584109544754e-05,8.407048881053925e-05,0.0
val_T|T|s0,val_T|T|s0|m4,4,g49_after,g99_before,-0.0015124143101274967,-0.0007179263047873974,0.0007944880053400993,-5.168840289115906e-08,0.0003755437210202217,0.0002834615297615528,0.00010049296543002129,-3.454415127635002e-05,6.958562880754471e-05,0.0
val_T|T|s0,val_T|T|s0|m4,4,g49_after,g99_after,-0.001512402668595314,-0.0007178867235779762,0.0007945159450173378,-6.100162863731384e-08,0.00037557072937488556,0.0002834671176970005,0.00010049715638160706,-3.4547410905361176e-05,6.958935409784317e-05,0.0
val_T|T|s0,val_T|T|s0|m4,4,g74_before,g74_after,-3.999006003141403e-05,-4.907045513391495e-05,-9.080395102500916e-06,-7.450580596923828e-09,2.454034984111786e-06,-1.894775778055191e-06,-2.7315691113471985e-06,-1.9050203263759613e-06,-4.995614290237427e-06,0.0
val_T|T|s0,val_T|T|s0|m4,4,g74_before,g99_before,-0.0009589907713234425,-0.0010806331411004066,-0.00012164236977696419,-1.6298145055770874e-08,-3.526313230395317e-05,-2.6341993361711502e-05,-2.453988417983055e-05,-1.600058749318123e-05,-1.9480474293231964e-05,0.0
val_T|T|s0,val_T|T|s0|m4,4,g74_before,g99_after,-0.0009589791297912598,-0.0010805935598909855,-0.00012161443009972572,-2.561137080192566e-08,-3.523612394928932e-05,-2.633640542626381e-05,-2.453569322824478e-05,-1.6003847122192383e-05,-1.9476749002933502e-05,0.0
val_T|T|s0,val_T|T|s0|m4,4,g74_after,g99_before,-0.0009190007112920284,-0.0010315626859664917,-0.00011256197467446327,-8.847564458847046e-09,-3.771716728806496e-05,-2.444721758365631e-05,-2.1808315068483353e-05,-1.4095567166805267e-05,-1.4484860002994537e-05,0.0
val_T|T|s0,val_T|T|s0|m4,4,g74_after,g99_after,-0.0009189890697598457,-0.0010315231047570705,-0.00011253403499722481,-1.816079020500183e-08,-3.769015893340111e-05,-2.4441629648208618e-05,-2.1804124116897583e-05,-1.4098826795816422e-05,-1.4481134712696075e-05,0.0
val_T|T|s0,val_T|T|s0|m4,4,g99_before,g99_after,1.1641532182693481e-08,3.958120942115784e-08,2.7939677238464355e-08,-9.313225746154785e-09,2.7008354663848877e-08,5.587935447692871e-09,4.190951585769653e-09,-3.259629011154175e-09,3.725290298461914e-09,0.0
val_T|T|s1,val_T|T|s1|m2,2,g0_before,g0_after,0.00703424122184515,0.003920111805200577,-0.003114129416644573,-2.5425106287002563e-07,0.00011653266847133636,-0.000398796983063221,0.0001074615865945816,-0.0005637845024466515,-0.0023752879351377487,0.0
val_T|T|s1,val_T|T|s1|m2,2,g0_before,g24_before,0.003039947710931301,0.002324264030903578,-0.0007156836800277233,1.5087425708770752e-07,0.00018650619313120842,0.000270085409283638,-0.0001974855549633503,-0.0003467639908194542,-0.000628176610916853,0.0
val_T|T|s1,val_T|T|s1|m2,2,g0_before,g24_after,0.003137526335194707,0.0030208772514015436,-0.0001166490837931633,1.5087425708770752e-07,0.0003658616915345192,-7.356656715273857e-05,4.141544923186302e-05,2.644956111907959e-07,-0.00045077502727508545,0.0
val_T|T|s1,val_T|T|s1|m2,2,g0_before,g49_before,0.0020460691303014755,0.0008865003474056721,-0.0011595687828958035,1.5832483768463135e-07,0.00015636766329407692,1.6859732568264008e-05,0.00010240403935313225,-0.0005324794910848141,-0.0009028790518641472,0.0
val_T|T|s1,val_T|T|s1|m2,2,g0_before,g49_after,0.002674990566447377,0.0015243485104292631,-0.001150642056018114,1.4808028936386108e-07,0.00015235692262649536,4.712725058197975e-05,9.47173684835434e-05,-0.000535065308213234,-0.0009099263697862625,0.0
val_T|T|s1,val_T|T|s1|m2,2,g0_before,g74_before,0.0003327184822410345,-0.001234901137650013,-0.0015676196198910475,1.6344711184501648e-07,0.0001656229142099619,-4.757288843393326e-05,-2.1785497665405273e-05,-0.0006030919030308723,-0.0010609556920826435,0.0
val_T|T|s1,val_T|T|s1|m2,2,g0_before,g74_after,0.0003376970998942852,-0.0012174583971500397,-0.0015551554970443249,1.6228295862674713e-07,0.00017007323913276196,-3.204960376024246e-05,-4.4683460146188736e-05,-0.0005839155055582523,-0.00106474244967103,0.0
val_T|T|s1,val_T|T|s1|m2,2,g0_before,g99_before,0.0003737702500075102,-0.0010919165797531605,-0.0014656868297606707,1.5832483768463135e-07,0.00020547513850033283,-0.00031362101435661316,0.00025612208992242813,-0.0005731191486120224,-0.0010407022200524807,0.0
val_T|T|s1,val_T|T|s1|m2,2,g0_before,g99_after,0.0003737625665962696,-0.0010919510386884212,-0.0014657136052846909,1.6391277313232422e-07,0.00020546838641166687,-0.00031362008303403854,0.00025611184537410736,-0.0005731256678700447,-0.0010407119989395142,0.0
val_T|T|s1,val_T|T|s1|m2,2,g0_after,g24_before,-0.003994293510913849,-0.001595847774296999,0.00239844573661685,4.0512531995773315e-07,6.997352465987206e-05,0.000668882392346859,-0.0003049471415579319,0.00021702051162719727,0.0017471113242208958,0.0
val_T|T|s1,val_T|T|s1|m2,2,g0_after,g24_after,-0.003896714886650443,-0.0008992345537990332,0.00299748033285141,4.0512531995773315e-07,0.00024932902306318283,0.0003252304159104824,-6.604613736271858e-05,0.0005640489980578423,0.0019245129078626633,0.0
val_T|T|s1,val_T|T|s1|m2,2,g0_after,g49_before,-0.0049881720915436745,-0.0030336114577949047,0.0019545606337487698,4.12575900554657e-07,3.9834994822740555e-05,0.000415656715631485,-5.057547241449356e-06,3.130501136183739e-05,0.0014724088832736015,0.0
val_T|T|s1,val_T|T|s1|m2,2,g0_after,g49_after,-0.004359250655397773,-0.0023957632947713137,0.001963487360626459,4.023313522338867e-07,3.5824254155158997e-05,0.00044592423364520073,-1.2744218111038208e-05,2.871919423341751e-05,0.0014653615653514862,0.0
val_T|T|s1,val_T|T|s1|m2,2,g0_after,g74_before,-0.0067015227396041155,-0.00515501294285059,0.0015465097967535257,4.176981747150421e-07,4.9090245738625526e-05,0.0003512240946292877,-0.00012924708425998688,-3.9307400584220886e-05,0.0013143322430551052,0.0
val_T|T|s1,val_T|T|s1|m2,2,g0_after,g74_after,-0.006696544121950865,-0.0051375702023506165,0.0015589739196002483,4.1653402149677277e-07,5.354057066142559e-05,0.0003667473793029785,-0.00015214504674077034,-2.0131003111600876e-05,0.0013105454854667187,0.0
val_T|T|s1,val_T|T|s1|m2,2,g0_after,g99_before,-0.00666047097183764,-0.005012028384953737,0.0016484425868839025,4.12575900554657e-07,8.894247002899647e-05,8.517596870660782e-05,0.00014866050332784653,-9.334646165370941e-06,0.001334585715085268,0.0
val_T|T|s1,val_T|T|s1|m2,2,g0_after,g99_after,-0.00666047865524888,-0.005012062843888998,0.0016484158113598824,4.1816383600234985e-07,8.89357179403305e-05,8.517690002918243e-05,0.00014865025877952576,-9.34116542339325e-06,0.0013345759361982346,0.0
val_T|T|s1,val_T|T|s1|m2,2,g24_before,g24_after,9.75786242634058e-05,0.0006966132204979658,0.00059903459623456,0.0,0.00017935549840331078,-0.00034365197643637657,0.00023890100419521332,0.000347028486430645,0.0001774015836417675,0.0
val_T|T|s1,val_T|T|s1|m2,2,g24_before,g49_before,-0.0009938785806298256,-0.0014377636834979057,-0.00044388510286808014,7.450580596923828e-09,-3.01385298371315e-05,-0.000253225676715374,0.00029988959431648254,-0.00018571550026535988,-0.00027470244094729424,0.0
val_T|T|s1,val_T|T|s1|m2,2,g24_before,g49_after,-0.0003649571444839239,-0.0007999155204743147,-0.0004349583759903908,-2.7939677238464355e-09,-3.414927050471306e-05,-0.00022295815870165825,0.0002922029234468937,-0.00018830131739377975,-0.00028174975886940956,0.0
val_T|T|s1,val_T|T|s1|m2,2,g24_before,g74_before,-0.0027072292286902666,-0.0035591651685535908,-0.0008519359398633242,1.257285475730896e-08,-2.088327892124653e-05,-0.00031765829771757126,0.00017570005729794502,-0.00025632791221141815,-0.00043277908116579056,0.0
val_T|T|s1,val_T|T|s1|m2,2,g24_before,g74_after,-0.002702250611037016,-0.0035417224280536175,-0.0008394718170166016,1.1408701539039612e-08,-1.6432953998446465e-05,-0.00030213501304388046,0.00015280209481716156,-0.00023715151473879814,-0.0004365658387541771,0.0
val_T|T|s1,val_T|T|s1|m2,2,g24_before,g99_before,-0.002666177460923791,-0.0034161806106567383,-0.0007500031497329473,7.450580596923828e-09,1.8968945369124413e-05,-0.0005837064236402512,0.00045360764488577843,-0.0002263551577925682,-0.00041252560913562775,0.0
val_T|T|s1,val_T|T|s1|m2,2,g24_before,g99_after,-0.0026661851443350315,-0.003416215069591999,-0.0007500299252569675,1.30385160446167e-08,1.896219328045845e-05,-0.0005837054923176765,0.00045359740033745766,-0.00022636167705059052,-0.0004125353880226612,0.0
val_T|T|s1,val_T|T|s1|m2,2,g24_after,g49_before,-0.0010914572048932314,-0.0021343769039958715,-0.0010429196991026402,7.450580596923828e-09,-0.00020949402824044228,9.042629972100258e-05,6.0988590121269226e-05,-0.0005327439866960049,-0.00045210402458906174,0.0
val_T|T|s1,val_T|T|s1|m2,2,g24_after,g49_after,-0.0004625357687473297,-0.0014965287409722805,-0.0010339929722249508,-2.7939677238464355e-09,-0.00021350476890802383,0.00012069381773471832,5.3301919251680374e-05,-0.0005353298038244247,-0.00045915134251117706,0.0
val_T|T|s1,val_T|T|s1|m2,2,g24_after,g74_before,-0.0028048078529536724,-0.004255778389051557,-0.0014509705360978842,1.257285475730896e-08,-0.0002002387773245573,2.5993678718805313e-05,-6.32009468972683e-05,-0.0006033563986420631,-0.0006101806648075581,0.0
val_T|T|s1,val_T|T|s1|m2,2,g24_after,g74_after,-0.0027998292353004217,-0.004238335648551583,-0.0014385064132511616,1.1408701539039612e-08,-0.00019578845240175724,4.151696339249611e-05,-8.609890937805176e-05,-0.0005841800011694431,-0.0006139674223959446,0.0
val_T|T|s1,val_T|T|s1|m2,2,g24_after,g99_before,-0.0027637560851871967,-0.004112793831154704,-0.0013490377459675074,7.450580596923828e-09,-0.00016038655303418636,-0.0002400544472038746,0.0002147066406905651,-0.0005733836442232132,-0.0005899271927773952,0.0
val_T|T|s1,val_T|T|s1|m2,2,g24_after,g99_after,-0.0027637637685984373,-0.004112828290089965,-0.0013490645214915276,1.30385160446167e-08,-0.00016039330512285233,-0.00024005351588129997,0.00021469639614224434,-0.0005733901634812355,-0.0005899369716644287,0.0
val_T|T|s1,val_T|T|s1|m2,2,g49_before,g49_after,0.0006289214361459017,0.000637848163023591,8.926726877689362e-06,-1.0244548320770264e-08,-4.010740667581558e-06,3.0267518013715744e-05,-7.686670869588852e-06,-2.585817128419876e-06,-7.047317922115326e-06,0.0
val_T|T|s1,val_T|T|s1|m2,2,g49_before,g74_before,-0.001713350648060441,-0.002121401485055685,-0.000408050836995244,5.122274160385132e-09,9.255250915884972e-06,-6.443262100219727e-05,-0.00012418953701853752,-7.061241194605827e-05,-0.00015807664021849632,0.0
val_T|T|s1,val_T|T|s1|m2,2,g49_before,g74_after,-0.0017083720304071903,-0.0021039587445557117,-0.0003955867141485214,3.958120942115784e-09,1.3705575838685036e-05,-4.890933632850647e-05,-0.00014708749949932098,-5.143601447343826e-05,-0.00016186339780688286,0.0
val_T|T|s1,val_T|T|s1|m2,2,g49_before,g99_before,-0.0016722988802939653,-0.0019784169271588326,-0.0003061180468648672,0.0,4.910747520625591e-05,-0.00033048074692487717,0.00015371805056929588,-4.063965752720833e-05,-0.0001378231681883335,0.0
val_T|T|s1,val_T|T|s1|m2,2,g49_before,g99_after,-0.001672306563705206,-0.0019784513860940933,-0.0003061448223888874,5.587935447692871e-09,4.910072311758995e-05,-0.00033047981560230255,0.0001537078060209751,-4.0646176785230637e-05,-0.00013783294707536697,0.0
val_T|T|s1,val_T|T|s1|m2,2,g49_after,g74_before,-0.0023422720842063427,-0.002759249648079276,-0.0004169775638729334,1.5366822481155396e-08,1.326599158346653e-05,-9.470013901591301e-05,-0.00011650286614894867,-6.80265948176384e-05,-0.000151029322296381,0.0
val_T|T|s1,val_T|T|s1|m2,2,g49_after,g74_after,-0.002337293466553092,-0.002741806907579303,-0.0004045134410262108,1.4202669262886047e-08,1.7716316506266594e-05,-7.917685434222221e-05,-0.00013940082862973213,-4.885019734501839e-05,-0.00015481607988476753,0.0
val_T|T|s1,val_T|T|s1|m2,2,g49_after,g99_before,-0.002301220316439867,-0.0026162650901824236,-0.00031504477374255657,1.0244548320770264e-08,5.311821587383747e-05,-0.0003607482649385929,0.00016140472143888474,-3.805384039878845e-05,-0.00013077585026621819,0.0
val_T|T|s1,val_T|T|s1|m2,2,g49_after,g99_after,-0.0023012279998511076,-0.0026162995491176844,-0.00031507154926657677,1.5832483768463135e-08,5.311146378517151e-05,-0.0003607473336160183,0.00016139447689056396,-3.806035965681076e-05,-0.00013078562915325165,0.0
val_T|T|s1,val_T|T|s1|m2,2,g74_before,g74_after,4.978617653250694e-06,1.7442740499973297e-05,1.2464122846722603e-05,-1.1641532182693481e-09,4.450324922800064e-06,1.5523284673690796e-05,-2.2897962480783463e-05,1.917639747262001e-05,-3.7867575883865356e-06,0.0
val_T|T|s1,val_T|T|s1|m2,2,g74_before,g99_before,4.105176776647568e-05,0.0001429845578968525,0.00010193279013037682,-5.122274160385132e-09,3.985222429037094e-05,-0.0002660481259226799,0.0002779075875878334,2.9972754418849945e-05,2.025347203016281e-05,0.0
val_T|T|s1,val_T|T|s1|m2,2,g74_before,g99_after,4.10440843552351e-05,0.00014295009896159172,0.00010190601460635662,4.656612873077393e-10,3.984547220170498e-05,-0.0002660471946001053,0.00027789734303951263,2.9966235160827637e-05,2.024369314312935e-05,0.0
val_T|T|s1,val_T|T|s1|m2,2,g74_after,g99_before,3.607315011322498e-05,0.0001255418173968792,8.946866728365421e-05,-3.958120942115784e-09,3.540189936757088e-05,-0.0002815714105963707,0.00030080555006861687,1.0796356946229935e-05,2.4040229618549347e-05,0.0
val_T|T|s1,val_T|T|s1|m2,2,g74_after,g99_after,3.6065466701984406e-05,0.00012550735846161842,8.944189175963402e-05,1.6298145055770874e-09,3.5395147278904915e-05,-0.0002815704792737961,0.0003007953055202961,1.0789837688207626e-05,2.4030450731515884e-05,0.0
val_T|T|s1,val_T|T|s1|m2,2,g99_before,g99_after,-7.683411240577698e-09,-3.4458935260772705e-08,-2.6775524020195007e-08,5.587935447692871e-09,-6.752088665962219e-09,9.313225746154785e-10,-1.0244548320770264e-08,-6.51925802230835e-09,-9.778887033462524e-09,0.0
val_T|T|s1,val_T|T|s1|m4,4,g0_before,g0_after,0.026168509386479855,-0.0024121571332216263,-0.02858066651970148,2.0023435354232788e-07,-0.007214350625872612,-0.00646149180829525,-0.006116623990237713,-0.00532917957752943,-0.003459220752120018,0.0
val_T|T|s1,val_T|T|s1|m4,4,g0_before,g24_before,-0.003661499358713627,-0.001020250841975212,0.0026412485167384148,9.685754776000977e-08,0.0009171720594167709,-0.0004497598856687546,0.0008203033357858658,0.0006186794489622116,0.000734756700694561,0.0
val_T|T|s1,val_T|T|s1|m4,4,g0_before,g24_after,-0.0037905205972492695,0.0002687443047761917,0.004059264902025461,7.217749953269958e-08,0.0014156922698020935,0.0001811562106013298,0.0008070683106780052,0.000800509937107563,0.000854765996336937,0.0
val_T|T|s1,val_T|T|s1|m4,4,g0_before,g49_before,-0.00018168240785598755,-0.00024672504514455795,-6.50426372885704e-05,5.4016709327697754e-08,6.324145942926407e-05,-0.0007584807462990284,0.00019087595865130424,0.0001964746043086052,0.0002427920699119568,0.0
val_T|T|s1,val_T|T|s1|m4,4,g0_before,g49_after,-0.00015992484986782074,-0.0001633460633456707,-3.4212134778499603e-06,5.8673322200775146e-08,7.540872320532799e-05,-0.0007630735635757446,0.0002027391456067562,0.00022188061848282814,0.00025956518948078156,0.0
val_T|T|s1,val_T|T|s1|m4,4,g0_before,g74_before,-0.00036942819133400917,-0.002000998705625534,-0.0016315705142915249,7.683411240577698e-08,-0.00034661125391721725,-0.0010387524962425232,-0.0002818778157234192,-0.00048635806888341904,0.000521952286362648,0.0
val_T|T|s1,val_T|T|s1|m4,4,g0_before,g74_after,-0.00037925923243165016,-0.0019801133312284946,-0.0016008540987968445,8.381903171539307e-08,-0.000340860802680254,-0.0010309088975191116,-0.0002742805518209934,-0.00048024533316493034,0.0005253576673567295,0.0
val_T|T|s1,val_T|T|s1|m4,4,g0_before,g99_before,-4.2113009840250015e-05,-0.001322002150118351,-0.001279889140278101,6.984919309616089e-08,-0.0002694581635296345,-0.000945917796343565,-0.00019644107669591904,-0.00042205071076750755,0.0005539087578654289,0.0
val_T|T|s1,val_T|T|s1|m4,4,g0_before,g99_after,-4.2090658098459244e-05,-0.0013220738619565964,-0.0012799832038581371,6.891787052154541e-08,-0.00026948750019073486,-0.0009459457360208035,-0.00019646994769573212,-0.0004220535047352314,0.0005539045669138432,0.0
val_T|T|s1,val_T|T|s1|m4,4,g0_after,g24_before,-0.02983000874519348,0.0013919062912464142,0.031221915036439896,-1.0337680578231812e-07,0.008131522685289383,0.006011731922626495,0.006936927326023579,0.005947859026491642,0.004193977452814579,0.0
val_T|T|s1,val_T|T|s1|m4,4,g0_after,g24_after,-0.029959029983729124,0.002680901437997818,0.03263993142172694,-1.280568540096283e-07,0.008630042895674706,0.00664264801889658,0.006923692300915718,0.006129689514636993,0.004313986748456955,0.0
val_T|T|s1,val_T|T|s1|m4,4,g0_after,g49_before,-0.026350191794335842,0.0021654320880770683,0.02851562388241291,-1.4621764421463013e-07,0.007277592085301876,0.0057030110619962215,0.006307499948889017,0.005525654181838036,0.003702012822031975,0.0
val_T|T|s1,val_T|T|s1|m4,4,g0_after,g49_after,-0.026328434236347675,0.0022488110698759556,0.02857724530622363,-1.4156103134155273e-07,0.00728975934907794,0.005698418244719505,0.006319363135844469,0.0055510601960122585,0.0037187859416007996,0.0
val_T|T|s1,val_T|T|s1|m4,4,g0_after,g74_before,-0.026537937577813864,0.0004111584275960922,0.026949096005409956,-1.234002411365509e-07,0.006867739371955395,0.005422739312052727,0.005834746174514294,0.004842821508646011,0.003981173038482666,0.0
val_T|T|s1,val_T|T|s1|m4,4,g0_after,g74_after,-0.026547768618911505,0.00043204380199313164,0.026979812420904636,-1.1641532182693481e-07,0.006873489823192358,0.005430582910776138,0.0058423434384167194,0.0048489342443645,0.0039845784194767475,0.0
val_T|T|s1,val_T|T|s1|m4,4,g0_after,g99_before,-0.026210622396320105,0.0010901549831032753,0.02730077737942338,-1.30385160446167e-07,0.0069448924623429775,0.005515574011951685,0.005920182913541794,0.004907128866761923,0.004013129509985447,0.0
val_T|T|s1,val_T|T|s1|m4,4,g0_after,g99_after,-0.026210600044578314,0.00109008327126503,0.027300683315843344,-1.3131648302078247e-07,0.006944863125681877,0.0055155460722744465,0.005920154042541981,0.004907126072794199,0.004013125319033861,0.0
val_T|T|s1,val_T|T|s1|m4,4,g24_before,g24_after,-0.00012902123853564262,0.0012889951467514038,0.0014180163852870464,-2.468004822731018e-08,0.0004985202103853226,0.0006309160962700844,-1.3235025107860565e-05,0.0001818304881453514,0.00012000929564237595,0.0
val_T|T|s1,val_T|T|s1|m4,4,g24_before,g49_before,0.0034798169508576393,0.0007735257968306541,-0.002706291154026985,-4.284083843231201e-08,-0.0008539305999875069,-0.0003087208606302738,-0.0006294273771345615,-0.0004222048446536064,-0.0004919646307826042,0.0
val_T|T|s1,val_T|T|s1|m4,4,g24_before,g49_after,0.003501574508845806,0.0008569047786295414,-0.0026446697302162647,-3.818422555923462e-08,-0.000841763336211443,-0.00031331367790699005,-0.0006175641901791096,-0.00039679883047938347,-0.00047519151121377945,0.0
val_T|T|s1,val_T|T|s1|m4,4,g24_before,g74_before,0.0032920711673796177,-0.000980747863650322,-0.00427281903102994,-2.0023435354232788e-08,-0.0012637833133339882,-0.0005889926105737686,-0.001102181151509285,-0.0011050375178456306,-0.000212804414331913,0.0
val_T|T|s1,val_T|T|s1|m4,4,g24_before,g74_after,0.0032822401262819767,-0.0009598624892532825,-0.004242102615535259,-1.30385160446167e-08,-0.001258032862097025,-0.0005811490118503571,-0.0010945838876068592,-0.001098924782127142,-0.0002093990333378315,0.0
val_T|T|s1,val_T|T|s1|m4,4,g24_before,g99_before,0.003619386348873377,-0.0003017513081431389,-0.003921137657016516,-2.7008354663848877e-08,-0.0011866302229464054,-0.0004961579106748104,-0.0010167444124817848,-0.0010407301597297192,-0.00018084794282913208,0.0
val_T|T|s1,val_T|T|s1|m4,4,g24_before,g99_after,0.0036194087006151676,-0.0003018230199813843,-0.003921231720596552,-2.7939677238464355e-08,-0.0011866595596075058,-0.0004961858503520489,-0.001016773283481598,-0.001040732953697443,-0.00018085213378071785,0.0
val_T|T|s1,val_T|T|s1|m4,4,g24_after,g49_before,0.003608838189393282,-0.0005154693499207497,-0.004124307539314032,-1.816079020500183e-08,-0.0013524508103728294,-0.0009396369569003582,-0.000616192352026701,-0.0006040353327989578,-0.0006119739264249802,0.0
val_T|T|s1,val_T|T|s1|m4,4,g24_after,g49_after,0.0036305957473814487,-0.0004320903681218624,-0.004062686115503311,-1.3504177331924438e-08,-0.0013402835465967655,-0.0009442297741770744,-0.000604329165071249,-0.0005786293186247349,-0.0005952008068561554,0.0
val_T|T|s1,val_T|T|s1|m4,4,g24_after,g74_before,0.0034210924059152603,-0.0022697430104017258,-0.005690835416316986,4.6566128730773926e-09,-0.0017623035237193108,-0.001219908706843853,-0.0010889461264014244,-0.001286868005990982,-0.00033281370997428894,0.0
val_T|T|s1,val_T|T|s1|m4,4,g24_after,g74_after,0.0034112613648176193,-0.0022488576360046864,-0.005660119000822306,1.1641532182693481e-08,-0.0017565530724823475,-0.0012120651081204414,-0.0010813488624989986,-0.0012807552702724934,-0.00032940832898020744,0.0
val_T|T|s1,val_T|T|s1|m4,4,g24_after,g99_before,0.0037484075874090195,-0.0015907464548945427,-0.005339154042303562,-2.3283064365386963e-09,-0.001685150433331728,-0.0011270740069448948,-0.0010035093873739243,-0.0012225606478750706,-0.000300857238471508,0.0
val_T|T|s1,val_T|T|s1|m4,4,g24_after,g99_after,0.0037484299391508102,-0.001590818166732788,-0.005339248105883598,-3.259629011154175e-09,-0.0016851797699928284,-0.0011271019466221333,-0.0010035382583737373,-0.0012225634418427944,-0.0003008614294230938,0.0
val_T|T|s1,val_T|T|s1|m4,4,g49_before,g49_after,2.175755798816681e-05,8.337898179888725e-05,6.162142381072044e-05,4.6566128730773926e-09,1.2167263776063919e-05,-4.592817276716232e-06,1.1863186955451965e-05,2.5406014174222946e-05,1.6773119568824768e-05,0.0
val_T|T|s1,val_T|T|s1|m4,4,g49_before,g74_before,-0.00018774578347802162,-0.001754273660480976,-0.0015665278770029545,2.2817403078079224e-08,-0.0004098527133464813,-0.0002802717499434948,-0.00047275377437472343,-0.0006828326731920242,0.0002791602164506912,0.0
val_T|T|s1,val_T|T|s1|m4,4,g49_before,g74_after,-0.0001975768245756626,-0.0017333882860839367,-0.001535811461508274,2.9802322387695312e-08,-0.00040410226210951805,-0.00027242815122008324,-0.00046515651047229767,-0.0006767199374735355,0.0002825655974447727,0.0
val_T|T|s1,val_T|T|s1|m4,4,g49_before,g99_before,0.00013956939801573753,-0.001075277104973793,-0.0012148465029895306,1.5832483768463135e-08,-0.00033269962295889854,-0.0001874370500445366,-0.0003873170353472233,-0.0006185253150761127,0.00031111668795347214,0.0
val_T|T|s1,val_T|T|s1|m4,4,g49_before,g99_after,0.0001395917497575283,-0.0010753488168120384,-0.0012149405665695667,1.4901161193847656e-08,-0.00033272895961999893,-0.00018746498972177505,-0.00038734590634703636,-0.0006185281090438366,0.00031111249700188637,0.0
val_T|T|s1,val_T|T|s1|m4,4,g49_after,g74_before,-0.00020950334146618843,-0.0018376526422798634,-0.001628149300813675,1.816079020500183e-08,-0.00042201997712254524,-0.00027567893266677856,-0.0004846169613301754,-0.0007082386873662472,0.00026238709688186646,0.0
val_T|T|s1,val_T|T|s1|m4,4,g49_after,g74_after,-0.00021933438256382942,-0.001816767267882824,-0.0015974328853189945,2.514570951461792e-08,-0.00041626952588558197,-0.000267835333943367,-0.00047701969742774963,-0.0007021259516477585,0.00026579247787594795,0.0
val_T|T|s1,val_T|T|s1|m4,4,g49_after,g99_before,0.00011781184002757072,-0.0011586560867726803,-0.001276467926800251,1.1175870895385742e-08,-0.00034486688673496246,-0.00018284423276782036,-0.00039918022230267525,-0.0006439313292503357,0.00029434356838464737,0.0
val_T|T|s1,val_T|T|s1|m4,4,g49_after,g99_after,0.0001178341917693615,-0.0011587277986109257,-0.0012765619903802872,1.0244548320770264e-08,-0.00034489622339606285,-0.00018287217244505882,-0.0003992090933024883,-0.0006439341232180595,0.0002943393774330616,0.0
val_T|T|s1,val_T|T|s1|m4,4,g74_before,g74_after,-9.831041097640991e-06,2.0885374397039413e-05,3.0716415494680405e-05,6.984919309616089e-09,5.750451236963272e-06,7.84359872341156e-06,7.597263902425766e-06,6.112735718488693e-06,3.405380994081497e-06,0.0
val_T|T|s1,val_T|T|s1|m4,4,g74_before,g99_before,0.00032731518149375916,0.0006789965555071831,0.0003516813740134239,-6.984919309616089e-09,7.715309038758278e-05,9.28346998989582e-05,8.543673902750015e-05,6.430735811591148e-05,3.1956471502780914e-05,0.0
val_T|T|s1,val_T|T|s1|m4,4,g74_before,g99_after,0.0003273375332355499,0.0006789248436689377,0.00035158731043338776,-7.916241884231567e-09,7.712375372648239e-05,9.280676022171974e-05,8.540786802768707e-05,6.430456414818764e-05,3.1952280551195145e-05,0.0
val_T|T|s1,val_T|T|s1|m4,4,g74_after,g99_before,0.00033714622259140015,0.0006581111811101437,0.0003209649585187435,-1.3969838619232178e-08,7.140263915061951e-05,8.499110117554665e-05,7.783947512507439e-05,5.819462239742279e-05,2.8551090508699417e-05,0.0
val_T|T|s1,val_T|T|s1|m4,4,g74_after,g99_after,0.0003371685743331909,0.0006580394692718983,0.00032087089493870735,-1.4901161193847656e-08,7.137330248951912e-05,8.496316149830818e-05,7.78106041252613e-05,5.8191828429698944e-05,2.8546899557113647e-05,0.0
val_T|T|s1,val_T|T|s1|m4,4,g99_before,g99_after,2.2351741790771484e-08,-7.171183824539185e-08,-9.406358003616333e-08,-9.313225746154785e-10,-2.9336661100387573e-08,-2.7939677238464355e-08,-2.8870999813079834e-08,-2.7939677238464355e-09,-4.190951585769653e-09,0.0
val_T|T|s2,val_T|T|s2|m2,2,g0_before,g0_after,0.02773134969174862,0.034632379189133644,0.006901029497385025,-4.917383193969727e-07,0.00286179780960083,0.002694191411137581,0.0007710065692663193,0.0003189239650964737,0.0002556014806032181,0.0
val_T|T|s2,val_T|T|s2|m2,2,g0_before,g24_before,-0.01016376493498683,-0.008188597857952118,0.001975167077034712,-5.587935447692871e-09,1.4501158148050308e-05,0.0005855420604348183,0.0006015701219439507,-3.900378942489624e-05,0.0008125631138682365,0.0
val_T|T|s2,val_T|T|s2|m2,2,g0_before,g24_after,-0.00896406825631857,-0.007507233414798975,0.0014568348415195942,3.119930624961853e-08,-0.0003342023119330406,0.0005415743216872215,0.0005155429244041443,-7.603317499160767e-05,0.000809921883046627,0.0
val_T|T|s2,val_T|T|s2|m2,2,g0_before,g49_before,-0.006255058106034994,-0.004162815865129232,0.0020922422409057617,-4.330649971961975e-08,-8.560018613934517e-05,0.0007915738970041275,0.0006716325879096985,-8.510425686836243e-06,0.0007231896743178368,0.0
val_T|T|s2,val_T|T|s2|m2,2,g0_before,g49_after,-0.005942880176007748,-0.0039187949150800705,0.002024085260927677,-4.0512531995773315e-08,-0.00012069521471858025,0.0007681539282202721,0.0006655417382717133,-8.361414074897766e-06,0.0007194867357611656,0.0
val_T|T|s2,val_T|T|s2|m2,2,g0_before,g74_before,-0.004255116917192936,-0.001885793637484312,0.002369323279708624,-4.7497451305389404e-08,0.00017689215019345284,0.0007170289754867554,0.0007172450423240662,4.578894004225731e-05,0.0007124156691133976,0.0
val_T|T|s2,val_T|T|s2|m2,2,g0_before,g74_after,-0.004527744371443987,-0.002156304195523262,0.002371440175920725,-5.681067705154419e-08,0.0001782621257007122,0.0007167113944888115,0.0007174769416451454,4.5874156057834625e-05,0.0007131723687052727,0.0
val_T|T|s2,val_T|T|s2|m2,2,g0_before,g99_before,-0.005955280736088753,-0.003663382027298212,0.0022918987087905407,-4.377216100692749e-08,8.42721201479435e-05,0.0007385397329926491,0.0007127560675144196,3.5818200558423996e-05,0.0007205563597381115,0.0
val_T|T|s2,val_T|T|s2|m2,2,g0_before,g99_after,-0.005955272354185581,-0.0036633582785725594,0.002291914075613022,-4.7031790018081665e-08,8.428515866398811e-05,0.0007385406643152237,0.0007127588614821434,3.581959754228592e-05,0.0007205568253993988,0.0
val_T|T|s2,val_T|T|s2|m2,2,g0_after,g24_before,-0.03789511462673545,-0.04282097704708576,-0.004925862420350313,4.861503839492798e-07,-0.0028472966514527798,-0.0021086493507027626,-0.00016943644732236862,-0.00035792775452136993,0.0005569616332650185,0.0
val_T|T|s2,val_T|T|s2|m2,2,g0_after,g24_after,-0.03669541794806719,-0.04213961260393262,-0.005444194655865431,5.229376256465912e-07,-0.0031960001215338707,-0.0021526170894503593,-0.000255463644862175,-0.00039495714008808136,0.000554320402443409,0.0
val_T|T|s2,val_T|T|s2|m2,2,g0_after,g49_before,-0.03398640779778361,-0.038795195054262877,-0.004808787256479263,4.484318196773529e-07,-0.0029473979957401752,-0.0019026175141334534,-9.937398135662079e-05,-0.00032743439078330994,0.0004675881937146187,0.0
val_T|T|s2,val_T|T|s2|m2,2,g0_after,g49_after,-0.03367422986775637,-0.038551174104213715,-0.004876944236457348,4.5122578740119934e-07,-0.0029824930243194103,-0.0019260374829173088,-0.00010546483099460602,-0.00032728537917137146,0.00046388525515794754,0.0
val_T|T|s2,val_T|T|s2|m2,2,g0_after,g74_before,-0.031986466608941555,-0.036518172826617956,-0.004531706217676401,4.4424086809158325e-07,-0.0026849056594073772,-0.0019771624356508255,-5.376152694225311e-05,-0.0002731350250542164,0.0004568141885101795,0.0
val_T|T|s2,val_T|T|s2|m2,2,g0_after,g74_after,-0.032259094063192606,-0.036788683384656906,-0.0045295893214643,4.3492764234542847e-07,-0.002683535683900118,-0.0019774800166487694,-5.352962762117386e-05,-0.00027304980903863907,0.0004575708881020546,0.0
val_T|T|s2,val_T|T|s2|m2,2,g0_after,g99_before,-0.03368663042783737,-0.038295761216431856,-0.004609130788594484,4.4796615839004517e-07,-0.0027775256894528866,-0.001955651678144932,-5.825050175189972e-05,-0.0002831057645380497,0.0004649548791348934,0.0
val_T|T|s2,val_T|T|s2|m2,2,g0_after,g99_after,-0.0336866220459342,-0.0382957374677062,-0.004609115421772003,4.44706529378891e-07,-0.002777512650936842,-0.001955650746822357,-5.824770778417587e-05,-0.0002831043675541878,0.0004649553447961807,0.0
val_T|T|s2,val_T|T|s2|m2,2,g24_before,g24_after,0.0011996966786682606,0.0006813644431531429,-0.0005183322355151176,3.67872416973114e-08,-0.00034870347008109093,-4.396773874759674e-05,-8.602719753980637e-05,-3.7029385566711426e-05,-2.641230821609497e-06,0.0
val_T|T|s2,val_T|T|s2|m2,2,g24_before,g49_before,0.003908706828951836,0.0040257819928228855,0.00011707516387104988,-3.771856427192688e-08,-0.00010010134428739548,0.00020603183656930923,7.006246596574783e-05,3.0493363738059998e-05,-8.937343955039978e-05,0.0
val_T|T|s2,val_T|T|s2|m2,2,g24_before,g49_after,0.004220884758979082,0.004269802942872047,4.891818389296532e-05,-3.4924596548080444e-08,-0.00013519637286663055,0.0001826118677854538,6.39716163277626e-05,3.0642375349998474e-05,-9.307637810707092e-05,0.0
val_T|T|s2,val_T|T|s2|m2,2,g24_before,g74_before,0.005908648017793894,0.006302804220467806,0.00039415620267391205,-4.190951585769653e-08,0.00016239099204540253,0.0001314869150519371,0.00011567492038011551,8.479272946715355e-05,-0.00010014744475483894,0.0
val_T|T|s2,val_T|T|s2|m2,2,g24_before,g74_after,0.005636020563542843,0.006032293662428856,0.00039627309888601303,-5.122274160385132e-08,0.0001637609675526619,0.00013116933405399323,0.00011590681970119476,8.487794548273087e-05,-9.939074516296387e-05,0.0
val_T|T|s2,val_T|T|s2|m2,2,g24_before,g99_before,0.004208484198898077,0.004525215830653906,0.00031673163175582886,-3.818422555923462e-08,6.977096199989319e-05,0.0001529976725578308,0.0001111859455704689,7.482198998332024e-05,-9.200675413012505e-05,0.0
val_T|T|s2,val_T|T|s2|m2,2,g24_before,g99_after,0.0042084925808012486,0.0045252395793795586,0.00031674699857831,-4.1443854570388794e-08,6.97840005159378e-05,0.00015299860388040543,0.00011118873953819275,7.482338696718216e-05,-9.200628846883774e-05,0.0
val_T|T|s2,val_T|T|s2|m2,2,g24_after,g49_before,0.002709010150283575,0.0033444175496697426,0.0006354073993861675,-7.450580596923828e-08,0.00024860212579369545,0.000249999575316906,0.0001560896635055542,6.752274930477142e-05,-8.673220872879028e-05,0.0
val_T|T|s2,val_T|T|s2|m2,2,g24_after,g49_after,0.0030211880803108215,0.0035884384997189045,0.000567250419408083,-7.171183824539185e-08,0.00021350709721446037,0.00022657960653305054,0.00014999881386756897,6.76717609167099e-05,-9.043514728546143e-05,0.0
val_T|T|s2,val_T|T|s2|m2,2,g24_after,g74_before,0.004708951339125633,0.005621439777314663,0.0009124884381890297,-7.869675755500793e-08,0.0005110944621264935,0.00017545465379953384,0.00020170211791992188,0.00012182211503386497,-9.750621393322945e-05,0.0
val_T|T|s2,val_T|T|s2|m2,2,g24_after,g74_after,0.004436323884874582,0.005350929219275713,0.0009146053344011307,-8.800998330116272e-08,0.0005124644376337528,0.00017513707280158997,0.00020193401724100113,0.00012190733104944229,-9.674951434135437e-05,0.0
val_T|T|s2,val_T|T|s2|m2,2,g24_after,g99_before,0.0030087875202298164,0.003843851387500763,0.0008350638672709465,-7.497146725654602e-08,0.0004184744320809841,0.00019696541130542755,0.00019721314311027527,0.00011185137555003166,-8.936552330851555e-05,0.0
val_T|T|s2,val_T|T|s2|m2,2,g24_after,g99_after,0.003008795902132988,0.0038438751362264156,0.0008350792340934277,-7.82310962677002e-08,0.00041848747059702873,0.00019696634262800217,0.00019721593707799911,0.00011185277253389359,-8.936505764722824e-05,0.0
val_T|T|s2,val_T|T|s2|m2,2,g49_before,g49_after,0.0003121779300272465,0.0002440209500491619,-6.815697997808456e-05,2.7939677238464355e-09,-3.509502857923508e-05,-2.3419968783855438e-05,-6.0908496379852295e-06,1.4901161193847656e-07,-3.7029385566711426e-06,0.0
val_T|T|s2,val_T|T|s2|m2,2,g49_before,g74_before,0.001999941188842058,0.0022770222276449203,0.00027708103880286217,-4.190951585769653e-09,0.000262492336332798,-7.454492151737213e-05,4.5612454414367676e-05,5.429936572909355e-05,-1.0774005204439163e-05,0.0
val_T|T|s2,val_T|T|s2|m2,2,g49_before,g74_after,0.0017273137345910072,0.0020065116696059704,0.00027919793501496315,-1.3504177331924438e-08,0.0002638623118400574,-7.486250251531601e-05,4.584435373544693e-05,5.438458174467087e-05,-1.0017305612564087e-05,0.0
val_T|T|s2,val_T|T|s2|m2,2,g49_before,g99_before,0.0002997773699462414,0.0004994338378310204,0.00019965646788477898,-4.656612873077393e-10,0.00016987230628728867,-5.3034164011478424e-05,4.112347960472107e-05,4.432862624526024e-05,-2.6333145797252655e-06,0.0
val_T|T|s2,val_T|T|s2|m2,2,g49_before,g99_after,0.0002997857518494129,0.000499457586556673,0.00019967183470726013,-3.725290298461914e-09,0.00016988534480333328,-5.303323268890381e-05,4.1126273572444916e-05,4.433002322912216e-05,-2.6328489184379578e-06,0.0
val_T|T|s2,val_T|T|s2|m2,2,g49_after,g74_before,0.0016877632588148117,0.0020330012775957584,0.00034523801878094673,-6.984919309616089e-09,0.0002975873649120331,-5.112495273351669e-05,5.1703304052352905e-05,5.4150354117155075e-05,-7.071066647768021e-06,0.0
val_T|T|s2,val_T|T|s2|m2,2,g49_after,g74_after,0.0014151358045637608,0.0017624907195568085,0.0003473549149930477,-1.6298145055770874e-08,0.00029895734041929245,-5.144253373146057e-05,5.193520337343216e-05,5.423557013273239e-05,-6.314367055892944e-06,0.0
val_T|T|s2,val_T|T|s2|m2,2,g49_after,g99_before,-1.2400560081005096e-05,0.00025541288778185844,0.00026781344786286354,-3.259629011154175e-09,0.00020496733486652374,-2.9614195227622986e-05,4.72143292427063e-05,4.417961463332176e-05,1.069623976945877e-06,0.0
val_T|T|s2,val_T|T|s2|m2,2,g49_after,g99_after,-1.2392178177833557e-05,0.00025543663650751114,0.0002678288146853447,-6.51925802230835e-09,0.00020498037338256836,-2.961326390504837e-05,4.7217123210430145e-05,4.4181011617183685e-05,1.0700896382331848e-06,0.0
val_T|T|s2,val_T|T|s2|m2,2,g74_before,g74_after,-0.00027262745425105095,-0.00027051055803894997,2.1168962121009827e-06,-9.313225746154785e-09,1.369975507259369e-06,-3.175809979438782e-07,2.3189932107925415e-07,8.521601557731628e-08,7.566995918750763e-07,0.0
val_T|T|s2,val_T|T|s2|m2,2,g74_before,g99_before,-0.0017001638188958168,-0.0017775883898139,-7.742457091808319e-05,3.725290298461914e-09,-9.262003004550934e-05,2.1510757505893707e-05,-4.4889748096466064e-06,-9.970739483833313e-06,8.140690624713898e-06,0.0
val_T|T|s2,val_T|T|s2|m2,2,g74_before,g99_after,-0.0017001554369926453,-0.0017775646410882473,-7.740920409560204e-05,4.656612873077393e-10,-9.260699152946472e-05,2.1511688828468323e-05,-4.48618084192276e-06,-9.96934249997139e-06,8.141156286001205e-06,0.0
val_T|T|s2,val_T|T|s2|m2,2,g74_after,g99_before,-0.0014275363646447659,-0.00150707783177495,-7.954146713018417e-05,1.30385160446167e-08,-9.399000555276871e-05,2.1828338503837585e-05,-4.720874130725861e-06,-1.005595549941063e-05,7.383991032838821e-06,0.0
val_T|T|s2,val_T|T|s2|m2,2,g74_after,g99_after,-0.0014275279827415943,-0.0015070540830492973,-7.952610030770302e-05,9.778887033462524e-09,-9.397696703672409e-05,2.18292698264122e-05,-4.718080163002014e-06,-1.0054558515548706e-05,7.384456694126129e-06,0.0
val_T|T|s2,val_T|T|s2|m2,2,g99_before,g99_after,8.381903171539307e-09,2.3748725652694702e-08,1.5366822481155396e-08,-3.259629011154175e-09,1.30385160446167e-08,9.313225746154785e-10,2.7939677238464355e-09,1.3969838619232178e-09,4.656612873077393e-10,0.0
val_T|T|s2,val_T|T|s2|m4,4,g0_before,g0_after,-0.00398748554289341,-0.008475655689835548,-0.004488170146942139,1.471489667892456e-06,-0.0020171813666820526,-0.0006703939288854599,-0.0009660087525844574,-0.0007673744112253189,-6.868317723274231e-05,0.0
val_T|T|s2,val_T|T|s2|m4,4,g0_before,g24_before,-0.023768583312630653,-0.02494550496339798,-0.0011769216507673264,1.8766149878501892e-07,-0.00031448761001229286,-0.00014274008572101593,-0.0006646653637290001,0.0003271680325269699,-0.0003823842853307724,0.0
val_T|T|s2,val_T|T|s2|m4,4,g0_before,g24_after,-0.023201758973300457,-0.0234493063762784,-0.0002475474029779434,1.8812716007232666e-07,7.486250251531601e-05,0.00013484619557857513,-0.0005230633541941643,0.00027511827647686005,-0.00020949915051460266,0.0
val_T|T|s2,val_T|T|s2|m4,4,g0_before,g49_before,-0.01961064012721181,-0.02022961527109146,-0.000618975143879652,-1.3085082173347473e-07,0.00010783970355987549,-0.00012241816148161888,-0.0006479374133050442,0.0003795940428972244,-0.0003359224647283554,0.0
val_T|T|s2,val_T|T|s2|m4,4,g0_before,g49_after,-0.01909215934574604,-0.01963629387319088,-0.0005441345274448395,-9.546056389808655e-08,0.00017586490139365196,-0.00011535407975316048,-0.0006045964546501637,0.0002878941595554352,-0.0002878475934267044,0.0
val_T|T|s2,val_T|T|s2|m4,4,g0_before,g74_before,-0.022449699230492115,-0.023267208598554134,-0.0008175093680620193,-4.1443854570388794e-08,0.00020373519510030746,-0.0003793640062212944,-0.0007094847969710827,0.00042481906712055206,-0.0003571733832359314,0.0
val_T|T|s2,val_T|T|s2|m4,4,g0_before,g74_after,-0.021439540199935436,-0.022283389698714018,-0.0008438494987785816,-4.1443854570388794e-08,0.00019509252160787582,-0.0003847861662507057,-0.0007158704102039337,0.0004214290529489517,-0.00035967305302619934,0.0
val_T|T|s2,val_T|T|s2|m4,4,g0_before,g99_before,-0.021705565508455038,-0.022502967156469822,-0.0007974016480147839,-5.448237061500549e-08,0.00018603913486003876,-0.00036769546568393707,-0.0006864210590720177,0.0004197787493467331,-0.00034904852509498596,0.0
val_T|T|s2,val_T|T|s2|m4,4,g0_before,g99_after,-0.021705567371100187,-0.02250300394371152,-0.0007974365726113319,-5.2619725465774536e-08,0.00018601445481181145,-0.00036768708378076553,-0.0006864173337817192,0.00041975080966949463,-0.0003490447998046875,0.0
val_T|T|s2,val_T|T|s2|m4,4,g0_after,g24_before,-0.019781097769737244,-0.01646984927356243,0.0033112484961748123,-1.2838281691074371e-06,0.0017026937566697598,0.000527653843164444,0.0003013433888554573,0.0010945424437522888,-0.0003137011080980301,0.0
val_T|T|s2,val_T|T|s2|m4,4,g0_after,g24_after,-0.019214273430407047,-0.014973650686442852,0.004240622743964195,-1.2833625078201294e-06,0.0020920438691973686,0.000805240124464035,0.0004429453983902931,0.001042492687702179,-0.00014081597328186035,0.0
val_T|T|s2,val_T|T|s2|m4,4,g0_after,g49_before,-0.0156231545843184,-0.011753959581255913,0.0038691950030624866,-1.6023404896259308e-06,0.002125021070241928,0.000547975767403841,0.0003180713392794132,0.0011469684541225433,-0.0002672392874956131,0.0
val_T|T|s2,val_T|T|s2|m4,4,g0_after,g49_after,-0.01510467380285263,-0.011160638183355331,0.003944035619497299,-1.5669502317905426e-06,0.0021930462680757046,0.0005550398491322994,0.00036141229793429375,0.001055268570780754,-0.0002191644161939621,0.0
val_T|T|s2,val_T|T|s2|m4,4,g0_after,g74_before,-0.018462213687598705,-0.014791552908718586,0.0036706607788801193,-1.5129335224628448e-06,0.00222091656178236,0.0002910299226641655,0.0002565239556133747,0.001192193478345871,-0.0002884902060031891,0.0
val_T|T|s2,val_T|T|s2|m4,4,g0_after,g74_after,-0.017452054657042027,-0.01380773400887847,0.003644320648163557,-1.5129335224628448e-06,0.0022122738882899284,0.0002856077626347542,0.0002501383423805237,0.0011888034641742706,-0.00029098987579345703,0.0
val_T|T|s2,val_T|T|s2|m4,4,g0_after,g99_before,-0.01771807996556163,-0.014027311466634274,0.003690768498927355,-1.5259720385074615e-06,0.0022032205015420914,0.00030269846320152283,0.00027958769351243973,0.001187153160572052,-0.00028036534786224365,0.0
val_T|T|s2,val_T|T|s2|m4,4,g0_after,g99_after,-0.017718081828206778,-0.01402734825387597,0.0036907335743308067,-1.5241093933582306e-06,0.002203195821493864,0.00030270684510469437,0.0002795914188027382,0.0011871252208948135,-0.0002803616225719452,0.0
val_T|T|s2,val_T|T|s2|m4,4,g24_before,g24_after,0.0005668243393301964,0.0014961985871195793,0.0009293742477893829,4.656612873077393e-10,0.00038935011252760887,0.00027758628129959106,0.00014160200953483582,-5.204975605010986e-05,0.00017288513481616974,0.0
val_T|T|s2,val_T|T|s2|m4,4,g24_before,g49_before,0.004157943185418844,0.0047158896923065186,0.0005579465068876743,-3.1851232051849365e-07,0.00042232731357216835,2.032192423939705e-05,1.6727950423955917e-05,5.2426010370254517e-05,4.646182060241699e-05,0.0
val_T|T|s2,val_T|T|s2|m4,4,g24_before,g49_after,0.004676423966884613,0.0053092110902071,0.0006327871233224869,-2.8312206268310547e-07,0.0004903525114059448,2.7386005967855453e-05,6.006890907883644e-05,-3.927387297153473e-05,9.453669190406799e-05,0.0
val_T|T|s2,val_T|T|s2|m4,4,g24_before,g74_before,0.0013188840821385384,0.0016782963648438454,0.000359412282705307,-2.2910535335540771e-07,0.0005182228051126003,-0.00023662392050027847,-4.4819433242082596e-05,9.765103459358215e-05,2.5210902094841003e-05,0.0
val_T|T|s2,val_T|T|s2|m4,4,g24_before,g74_after,0.002329043112695217,0.002662115264683962,0.00033307215198874474,-2.2910535335540771e-07,0.0005095801316201687,-0.0002420460805296898,-5.1205046474933624e-05,9.426102042198181e-05,2.271123230457306e-05,0.0
val_T|T|s2,val_T|T|s2|m4,4,g24_before,g99_before,0.0020630178041756153,0.002442537806928158,0.0003795200027525425,-2.421438694000244e-07,0.0005005267448723316,-0.00022495537996292114,-2.1755695343017578e-05,9.261071681976318e-05,3.333576023578644e-05,0.0
val_T|T|s2,val_T|T|s2|m4,4,g24_before,g99_after,0.002063015941530466,0.0024425010196864605,0.0003794850781559944,-2.4028122425079346e-07,0.0005005020648241043,-0.0002249469980597496,-2.1751970052719116e-05,9.258277714252472e-05,3.33394855260849e-05,0.0
val_T|T|s2,val_T|T|s2|m4,4,g24_after,g49_before,0.003591118846088648,0.0032196911051869392,-0.0003714277409017086,-3.189779818058014e-07,3.297720104455948e-05,-0.000257264357060194,-0.0001248740591108799,0.00010447576642036438,-0.00012642331421375275,0.0
val_T|T|s2,val_T|T|s2|m4,4,g24_after,g49_after,0.004109599627554417,0.0038130125030875206,-0.00029658712446689606,-2.835877239704132e-07,0.00010100239887833595,-0.0002502002753317356,-8.153310045599937e-05,1.2775883078575134e-05,-7.834844291210175e-05,0.0
val_T|T|s2,val_T|T|s2|m4,4,g24_after,g74_before,0.000752059742808342,0.00018209777772426605,-0.0005699619650840759,-2.2957101464271545e-07,0.00012887269258499146,-0.0005142102017998695,-0.0001864214427769184,0.00014970079064369202,-0.00014767423272132874,0.0
val_T|T|s2,val_T|T|s2|m4,4,g24_after,g74_after,0.0017622187733650208,0.0011659166775643826,-0.0005963020958006382,-2.2957101464271545e-07,0.00012023001909255981,-0.0005196323618292809,-0.00019280705600976944,0.00014631077647209167,-0.00015017390251159668,0.0
val_T|T|s2,val_T|T|s2|m4,4,g24_after,g99_before,0.001496193464845419,0.0009463392198085785,-0.0005498542450368404,-2.4260953068733215e-07,0.00011117663234472275,-0.0005025416612625122,-0.0001633577048778534,0.00014466047286987305,-0.0001395493745803833,0.0
val_T|T|s2,val_T|T|s2|m4,4,g24_after,g99_after,0.0014961916022002697,0.0009463024325668812,-0.0005498891696333885,-2.407468855381012e-07,0.00011115195229649544,-0.0005025332793593407,-0.00016335397958755493,0.00014463253319263458,-0.00013954564929008484,0.0
val_T|T|s2,val_T|T|s2|m4,4,g49_before,g49_after,0.0005184807814657688,0.0005933213979005814,7.484061643481255e-05,3.5390257835388184e-08,6.802519783377647e-05,7.0640817284584045e-06,4.3340958654880524e-05,-9.169988334178925e-05,4.8074871301651e-05,0.0
val_T|T|s2,val_T|T|s2|m4,4,g49_before,g74_before,-0.002839059103280306,-0.003037593327462673,-0.00019853422418236732,8.940696716308594e-08,9.589549154043198e-05,-0.0002569458447396755,-6.154738366603851e-05,4.522502422332764e-05,-2.125091850757599e-05,0.0
val_T|T|s2,val_T|T|s2|m4,4,g49_before,g74_after,-0.001828900072723627,-0.0020537744276225567,-0.0002248743548989296,8.940696716308594e-08,8.725281804800034e-05,-0.00026236800476908684,-6.793299689888954e-05,4.1835010051727295e-05,-2.3750588297843933e-05,0.0
val_T|T|s2,val_T|T|s2|m4,4,g49_before,g99_before,-0.002094925381243229,-0.0022733518853783607,-0.00017842650413513184,7.636845111846924e-08,7.819943130016327e-05,-0.0002452773042023182,-3.8483645766973495e-05,4.018470644950867e-05,-1.3126060366630554e-05,0.0
val_T|T|s2,val_T|T|s2|m4,4,g49_before,g99_after,-0.002094927243888378,-0.002273388672620058,-0.00017846142873167992,7.82310962677002e-08,7.817475125193596e-05,-0.00024526892229914665,-3.8479920476675034e-05,4.01567667722702e-05,-1.3122335076332092e-05,0.0
val_T|T|s2,val_T|T|s2|m4,4,g49_after,g74_before,-0.0033575398847460747,-0.0036309147253632545,-0.00027337484061717987,5.4016709327697754e-08,2.7870293706655502e-05,-0.0002640099264681339,-0.00010488834232091904,0.00013692490756511688,-6.932578980922699e-05,0.0
val_T|T|s2,val_T|T|s2|m4,4,g49_after,g74_after,-0.002347380854189396,-0.002647095825523138,-0.00029971497133374214,5.4016709327697754e-08,1.9227620214223862e-05,-0.00026943208649754524,-0.00011127395555377007,0.00013353489339351654,-7.182545959949493e-05,0.0
val_T|T|s2,val_T|T|s2|m4,4,g49_after,g99_before,-0.0026134061627089977,-0.002866673283278942,-0.0002532671205699444,4.0978193283081055e-08,1.0174233466386795e-05,-0.0002523413859307766,-8.182460442185402e-05,0.0001318845897912979,-6.120093166828156e-05,0.0
val_T|T|s2,val_T|T|s2|m4,4,g49_after,g99_after,-0.002613408025354147,-0.0028667100705206394,-0.00025330204516649246,4.284083843231201e-08,1.0149553418159485e-05,-0.00025233300402760506,-8.182087913155556e-05,0.00013185665011405945,-6.11972063779831e-05,0.0
val_T|T|s2,val_T|T|s2|m4,4,g74_before,g74_after,0.0010101590305566788,0.0009838188998401165,-2.634013071656227e-05,0.0,-8.64267349243164e-06,-5.422160029411316e-06,-6.3856132328510284e-06,-3.390014171600342e-06,-2.4996697902679443e-06,0.0
val_T|T|s2,val_T|T|s2|m4,4,g74_before,g99_before,0.000744133722037077,0.0007642414420843124,2.010772004723549e-05,-1.30385160446167e-08,-1.7696060240268707e-05,1.166854053735733e-05,2.3063737899065018e-05,-5.04031777381897e-06,8.124858140945435e-06,0.0
val_T|T|s2,val_T|T|s2|m4,4,g74_before,g99_after,0.0007441318593919277,0.0007642046548426151,2.007279545068741e-05,-1.1175870895385742e-08,-1.7720740288496017e-05,1.167692244052887e-05,2.306746318936348e-05,-5.068257451057434e-06,8.128583431243896e-06,0.0
val_T|T|s2,val_T|T|s2|m4,4,g74_after,g99_before,-0.0002660253085196018,-0.00021957745775580406,4.644785076379776e-05,-1.30385160446167e-08,-9.053386747837067e-06,1.7090700566768646e-05,2.9449351131916046e-05,-1.650303602218628e-06,1.0624527931213379e-05,0.0
val_T|T|s2,val_T|T|s2|m4,4,g74_after,g99_after,-0.00026602717116475105,-0.00021961424499750137,4.641292616724968e-05,-1.1175870895385742e-08,-9.078066796064377e-06,1.7099082469940186e-05,2.9453076422214508e-05,-1.6782432794570923e-06,1.062825322151184e-05,0.0
val_T|T|s2,val_T|T|s2|m4,4,g99_before,g99_after,-1.862645149230957e-09,-3.67872416973114e-08,-3.4924596548080444e-08,1.862645149230957e-09,-2.468004822731018e-08,8.381903171539307e-09,3.725290298461914e-09,-2.7939677238464355e-08,3.725290298461914e-09,0.0
val_L|L|s0,val_L|L|s0|m2,2,g0_before,g0_after,-0.0895118173211813,-0.07851488888263702,0.010996928438544273,8.307397365570068e-07,0.005610987544059753,0.0035467762500047684,0.0005962681025266647,0.0009684860706329346,0.0002735797315835953,0.0
val_L|L|s0,val_L|L|s0|m2,2,g0_before,g24_before,-0.0007205978035926819,8.488819003105164e-05,0.0008054859936237335,2.8172507882118225e-07,-0.00015717558562755585,0.0003219521604478359,8.339527994394302e-05,0.0001696944236755371,0.00038733799010515213,0.0
val_L|L|s0,val_L|L|s0|m2,2,g0_before,g24_after,-0.015551543794572353,-0.01329586748033762,0.0022556763142347336,4.6566128730773926e-07,0.0006475970149040222,0.0007462436333298683,0.00020470377057790756,0.00022764131426811218,0.00042902491986751556,0.0
val_L|L|s0,val_L|L|s0|m2,2,g0_before,g49_before,-0.0034068371169269085,-0.0023410217836499214,0.001065815333276987,2.2165477275848389e-07,0.000519641675055027,0.00010771164670586586,-2.4070963263511658e-05,0.00014559458941221237,0.000316716730594635,0.0
val_L|L|s0,val_L|L|s0|m2,2,g0_before,g49_after,-0.00158375920727849,-0.0007750093936920166,0.0008087498135864735,1.9045546650886536e-07,0.0003631198778748512,4.7862064093351364e-05,2.013659104704857e-05,6.584450602531433e-05,0.0003115963190793991,0.0
val_L|L|s0,val_L|L|s0|m2,2,g0_before,g74_before,-0.0008424960542470217,-0.00020020827651023865,0.000642287777736783,1.5855766832828522e-07,0.0002723955549299717,8.073169738054276e-05,-5.8284029364585876e-05,3.077136352658272e-05,0.00031651463359594345,0.0
val_L|L|s0,val_L|L|s0|m2,2,g0_before,g74_after,-0.0019083316437900066,-0.0012364084832370281,0.0006719231605529785,1.6391277313232422e-07,0.00029073143377900124,8.958624675869942e-05,-5.6522898375988007e-05,3.1264498829841614e-05,0.00031669996678829193,0.0
val_L|L|s0,val_L|L|s0|m2,2,g0_before,g99_before,-0.0008397581987082958,-0.0002694246359169483,0.0005703335627913475,1.341104507446289e-07,0.0002321796491742134,6.0158781707286835e-05,-6.316136568784714e-05,2.668052911758423e-05,0.00031434185802936554,0.0
val_L|L|s0,val_L|L|s0|m2,2,g0_before,g99_after,-0.0008397584315389395,-0.0002693948335945606,0.0005703635979443789,1.3480894267559052e-07,0.00023219874128699303,6.016576662659645e-05,-6.314506754279137e-05,2.667214721441269e-05,0.00031433720141649246,0.0
val_L|L|s0,val_L|L|s0|m2,2,g0_after,g24_before,0.08879121951758862,0.07859977707266808,-0.01019144244492054,-5.490146577358246e-07,-0.005768163129687309,-0.0032248240895569324,-0.0005128728225827217,-0.0007987916469573975,0.00011375825852155685,0.0
val_L|L|s0,val_L|L|s0|m2,2,g0_after,g24_after,0.07396027352660894,0.0652190214022994,-0.00874125212430954,-3.650784492492676e-07,-0.004963390529155731,-0.0028005326166749,-0.00039156433194875717,-0.0007408447563648224,0.0001554451882839203,0.0
val_L|L|s0,val_L|L|s0|m2,2,g0_after,g49_before,0.08610498020425439,0.0761738670989871,-0.009931113105267286,-6.09084963798523e-07,-0.005091345869004726,-0.0034390646032989025,-0.0006203390657901764,-0.0008228914812207222,4.3136999011039734e-05,0.0
val_L|L|s0,val_L|L|s0|m2,2,g0_after,g49_after,0.08792805811390281,0.07773987948894501,-0.0101881786249578,-6.402842700481415e-07,-0.005247867666184902,-0.003498914185911417,-0.0005761315114796162,-0.0009026415646076202,3.801658749580383e-05,0.0
val_L|L|s0,val_L|L|s0|m2,2,g0_after,g74_before,0.08866932126693428,0.07831468060612679,-0.01035464066080749,-6.721820682287216e-07,-0.005338591989129782,-0.0034660445526242256,-0.0006545521318912506,-0.0009377147071063519,4.2934902012348175e-05,0.0
val_L|L|s0,val_L|L|s0|m2,2,g0_after,g74_after,0.08760348567739129,0.0772784803994,-0.010325005277991295,-6.668269634246826e-07,-0.005320256110280752,-0.003457190003246069,-0.0006527910009026527,-0.000937221571803093,4.3120235204696655e-05,0.0
val_L|L|s0,val_L|L|s0|m2,2,g0_after,g99_before,0.088672059122473,0.07824546424672008,-0.010426594875752926,-6.966292858123779e-07,-0.00537880789488554,-0.0034866174682974815,-0.0006594294682145119,-0.0009418055415153503,4.0762126445770264e-05,0.0
val_L|L|s0,val_L|L|s0|m2,2,g0_after,g99_after,0.08867205888964236,0.07824549404904246,-0.010426564840599895,-6.959307938814163e-07,-0.00537878880277276,-0.003486610483378172,-0.0006594131700694561,-0.0009418139234185219,4.0757469832897186e-05,0.0
val_L|L|s0,val_L|L|s0|m2,2,g24_before,g24_after,-0.014830945990979671,-0.013380755670368671,0.001450190320611,1.83936208486557e-07,0.0008047726005315781,0.0004242914728820324,0.00012130849063396454,5.794689059257507e-05,4.1686929762363434e-05,0.0
val_L|L|s0,val_L|L|s0|m2,2,g24_before,g49_before,-0.0026862393133342266,-0.002425909973680973,0.00026032933965325356,-6.007030606269836e-08,0.0006768172606825829,-0.00021424051374197006,-0.00010746624320745468,-2.4099834263324738e-05,-7.062125951051712e-05,0.0
val_L|L|s0,val_L|L|s0|m2,2,g24_before,g49_after,-0.0008631614036858082,-0.0008598975837230682,3.2638199627399445e-06,-9.12696123123169e-08,0.0005202954635024071,-0.00027409009635448456,-6.325868889689445e-05,-0.00010384991765022278,-7.574167102575302e-05,0.0
val_L|L|s0,val_L|L|s0|m2,2,g24_before,g74_before,-0.00012189825065433979,-0.0002850964665412903,-0.0001631982158869505,-1.2316741049289703e-07,0.00042957114055752754,-0.00024122046306729317,-0.0001416793093085289,-0.0001389230601489544,-7.082335650920868e-05,0.0
val_L|L|s0,val_L|L|s0|m2,2,g24_before,g74_after,-0.0011877338401973248,-0.0013212966732680798,-0.000133562833070755,-1.1781230568885803e-07,0.0004479070194065571,-0.0002323659136891365,-0.00013991817831993103,-0.0001384299248456955,-7.06380233168602e-05,0.0
val_L|L|s0,val_L|L|s0|m2,2,g24_before,g99_before,-0.00011916039511561394,-0.00035431282594799995,-0.00023515243083238602,-1.4761462807655334e-07,0.00038935523480176926,-0.0002617933787405491,-0.00014655664563179016,-0.00014301389455795288,-7.299613207578659e-05,0.0
val_L|L|s0,val_L|L|s0|m2,2,g24_before,g99_after,-0.00011916062794625759,-0.00035428302362561226,-0.00023512239567935467,-1.4691613614559174e-07,0.0003893743269145489,-0.00026178639382123947,-0.0001465403474867344,-0.00014302227646112442,-7.300078868865967e-05,0.0
val_L|L|s0,val_L|L|s0|m2,2,g24_after,g49_before,0.012144706677645445,0.010954845696687698,-0.0011898609809577465,-2.4400651454925537e-07,-0.0001279553398489952,-0.0006385319866240025,-0.00022877473384141922,-8.204672485589981e-05,-0.00011230818927288055,0.0
val_L|L|s0,val_L|L|s0|m2,2,g24_after,g49_after,0.013967784587293863,0.012520858086645603,-0.0014469265006482601,-2.752058207988739e-07,-0.000284477137029171,-0.000698381569236517,-0.000184567179530859,-0.00016179680824279785,-0.00011742860078811646,0.0
val_L|L|s0,val_L|L|s0|m2,2,g24_after,g74_before,0.014709047740325332,0.013095659203827381,-0.0016133885364979506,-3.0710361897945404e-07,-0.0003752014599740505,-0.0006655119359493256,-0.00026298779994249344,-0.00019686995074152946,-0.00011251028627157211,0.0
val_L|L|s0,val_L|L|s0|m2,2,g24_after,g74_after,0.013643212150782347,0.012059458997100592,-0.001583753153681755,-3.0174851417541504e-07,-0.000356865581125021,-0.0006566573865711689,-0.00026122666895389557,-0.00019637681543827057,-0.00011232495307922363,0.0
val_L|L|s0,val_L|L|s0|m2,2,g24_after,g99_before,0.014711785595864058,0.013026442844420671,-0.001685342751443386,-3.3155083656311035e-07,-0.0004154173657298088,-0.0006860848516225815,-0.0002678651362657547,-0.00020096078515052795,-0.00011468306183815002,0.0
val_L|L|s0,val_L|L|s0|m2,2,g24_after,g99_after,0.014711785363033414,0.01302647264674306,-0.0016853127162903547,-3.3085234463214874e-07,-0.0004153982736170292,-0.0006860778667032719,-0.00026784883812069893,-0.0002009691670536995,-0.0001146877184510231,0.0
val_L|L|s0,val_L|L|s0|m2,2,g49_before,g49_after,0.0018230779096484184,0.0015660123899579048,-0.0002570655196905136,-3.119930624961853e-08,-0.00015652179718017578,-5.9849582612514496e-05,4.4207554310560226e-05,-7.975008338689804e-05,-5.120411515235901e-06,0.0
val_L|L|s0,val_L|L|s0|m2,2,g49_before,g74_before,0.002564341062679887,0.0021408135071396828,-0.00042352755554020405,-6.309710443019867e-08,-0.0002472461201250553,-2.6979949325323105e-05,-3.421306610107422e-05,-0.00011482322588562965,-2.0209699869155884e-07,0.0
val_L|L|s0,val_L|L|s0|m2,2,g49_before,g74_after,0.0014985054731369019,0.0011046133004128933,-0.00039389217272400856,-5.774199962615967e-08,-0.00022891024127602577,-1.8125399947166443e-05,-3.245193511247635e-05,-0.00011433009058237076,-1.6763806343078613e-08,0.0
val_L|L|s0,val_L|L|s0|m2,2,g49_before,g99_before,0.0025670789182186127,0.002071597147732973,-0.0004954817704856396,-8.754432201385498e-08,-0.0002874620258808136,-4.7552864998579025e-05,-3.909040242433548e-05,-0.00011891406029462814,-2.3748725652694702e-06,0.0
val_L|L|s0,val_L|L|s0|m2,2,g49_before,g99_after,0.002567078685387969,0.002071626950055361,-0.0004954517353326082,-8.684583008289337e-08,-0.000287442933768034,-4.754588007926941e-05,-3.907410427927971e-05,-0.00011892244219779968,-2.3795291781425476e-06,0.0
val_L|L|s0,val_L|L|s0|m2,2,g49_after,g74_before,0.0007412631530314684,0.000574801117181778,-0.00016646203584969044,-3.189779818058014e-08,-9.072432294487953e-05,3.286963328719139e-05,-7.842062041163445e-05,-3.507314249873161e-05,4.918314516544342e-06,0.0
val_L|L|s0,val_L|L|s0|m2,2,g49_after,g74_after,-0.00032457243651151657,-0.0004613990895450115,-0.00013682665303349495,-2.6542693376541138e-08,-7.238844409584999e-05,4.172418266534805e-05,-7.665948942303658e-05,-3.458000719547272e-05,5.103647708892822e-06,0.0
val_L|L|s0,val_L|L|s0|m2,2,g49_after,g99_before,0.0007440010085701942,0.0005055847577750683,-0.00023841625079512596,-5.634501576423645e-08,-0.00013094022870063782,1.229671761393547e-05,-8.32979567348957e-05,-3.91639769077301e-05,2.7455389499664307e-06,0.0
val_L|L|s0,val_L|L|s0|m2,2,g49_after,g99_after,0.0007440007757395506,0.000505614560097456,-0.0002383862156420946,-5.564652383327484e-08,-0.0001309211365878582,1.2303702533245087e-05,-8.328165858983994e-05,-3.917235881090164e-05,2.7408823370933533e-06,0.0
val_L|L|s0,val_L|L|s0|m2,2,g74_before,g74_after,-0.001065835589542985,-0.0010362002067267895,2.9635382816195488e-05,5.3551048040390015e-09,1.833587884902954e-05,8.854549378156662e-06,1.7611309885978699e-06,4.931353032588959e-07,1.8533319234848022e-07,0.0
val_L|L|s0,val_L|L|s0|m2,2,g74_before,g99_before,2.737855538725853e-06,-6.921635940670967e-05,-7.195421494543552e-05,-2.444721758365631e-08,-4.0215905755758286e-05,-2.057291567325592e-05,-4.877336323261261e-06,-4.090834408998489e-06,-2.1727755665779114e-06,0.0
val_L|L|s0,val_L|L|s0|m2,2,g74_before,g99_after,2.737622708082199e-06,-6.918655708432198e-05,-7.192417979240417e-05,-2.3748725652694702e-08,-4.019681364297867e-05,-2.0565930753946304e-05,-4.86103817820549e-06,-4.099216312170029e-06,-2.1774321794509888e-06,0.0
val_L|L|s0,val_L|L|s0|m2,2,g74_after,g99_before,0.0010685734450817108,0.0009669838473200798,-0.00010158959776163101,-2.9802322387695312e-08,-5.8551784604787827e-05,-2.9427465051412582e-05,-6.638467311859131e-06,-4.583969712257385e-06,-2.3581087589263916e-06,0.0
val_L|L|s0,val_L|L|s0|m2,2,g74_after,g99_after,0.0010685732122510672,0.0009670136496424675,-0.00010155956260859966,-2.9103830456733704e-08,-5.853269249200821e-05,-2.9420480132102966e-05,-6.62216916680336e-06,-4.5923516154289246e-06,-2.362765371799469e-06,0.0
val_L|L|s0,val_L|L|s0|m2,2,g99_before,g99_after,-2.3283064365386963e-10,2.9802322387695312e-08,3.003515303134918e-08,6.984919309616089e-10,1.909211277961731e-08,6.984919309616089e-09,1.6298145055770874e-08,-8.381903171539307e-09,-4.6566128730773926e-09,0.0
val_L|L|s0,val_L|L|s0|m4,4,g0_before,g0_after,-0.0705899428576231,-0.06136913783848286,0.009220805019140244,9.909272193908691e-07,0.000975489616394043,0.0017096903175115585,0.0014139246195554733,0.0010144971311092377,0.00410621240735054,0.0
val_L|L|s0,val_L|L|s0|m4,4,g0_before,g24_before,-0.007779591251164675,-0.005841320846229792,0.0019382704049348831,1.2991949915885925e-07,-0.0001775454729795456,0.00041913194581866264,0.00015275320038199425,-0.0003140098415315151,0.001857810653746128,0.0
val_L|L|s0,val_L|L|s0|m4,4,g0_before,g24_after,-0.01333862729370594,-0.010761113371700048,0.002577513922005892,2.0349398255348206e-07,8.268281817436218e-06,0.0006194664165377617,2.5773420929908752e-05,-0.00012301281094551086,0.0020468151196837425,0.0
val_L|L|s0,val_L|L|s0|m4,4,g0_before,g49_before,-0.019170066341757774,-0.01621916238218546,0.002950903959572315,1.902226358652115e-07,0.0001452870201319456,0.0006414735689759254,0.0002009458839893341,-0.00032872334122657776,0.0022917306050658226,0.0
val_L|L|s0,val_L|L|s0|m4,4,g0_before,g49_after,-0.018827320775017142,-0.015801233239471912,0.00302608753554523,2.1187588572502136e-07,0.00012043747119605541,0.000696792732924223,-5.446653813123703e-05,-5.8972276747226715e-05,0.0023220842704176903,0.0
val_L|L|s0,val_L|L|s0|m4,4,g0_before,g74_before,-0.015558557352051139,-0.012841418385505676,0.0027171389665454626,2.437736839056015e-07,0.00031638541258871555,0.00023202109150588512,0.00016576936468482018,-6.79544173181057e-05,0.002070673741400242,0.0
val_L|L|s0,val_L|L|s0|m4,4,g0_before,g74_after,-0.015569476876407862,-0.012831625062972307,0.0027378518134355545,2.498272806406021e-07,0.00031150318682193756,0.000247585354372859,-4.0046870708465576e-07,-4.5944005250930786e-05,0.0022248579189181328,0.0
val_L|L|s0,val_L|L|s0|m4,4,g0_before,g99_before,-0.014730533119291067,-0.011937015689909458,0.002793517429381609,2.600718289613724e-07,0.00012715323828160763,0.0005362629890441895,-4.3476466089487076e-05,-1.9383616745471954e-05,0.0021927012130618095,0.0
val_L|L|s0,val_L|L|s0|m4,4,g0_before,g99_after,-0.014730530325323343,-0.011937038507312536,0.002793491818010807,2.60770320892334e-07,0.00012714369222521782,0.0005362401716411114,-4.3453648686408997e-05,-1.9395723938941956e-05,0.0021926965564489365,0.0
val_L|L|s0,val_L|L|s0|m4,4,g0_after,g24_before,0.06281035160645843,0.055527816992253065,-0.00728253461420536,-8.610077202320099e-07,-0.0011530350893735886,-0.0012905583716928959,-0.001261171419173479,-0.0013285069726407528,-0.002248401753604412,0.0
val_L|L|s0,val_L|L|s0|m4,4,g0_after,g24_after,0.05725131556391716,0.05060802446678281,-0.006643291097134352,-7.874332368373871e-07,-0.0009672213345766068,-0.0010902239009737968,-0.0013881511986255646,-0.0011375099420547485,-0.0020593972876667976,0.0
val_L|L|s0,val_L|L|s0|m4,4,g0_after,g49_before,0.051419876515865326,0.0451499754562974,-0.006269901059567928,-8.007045835256577e-07,-0.0008302025962620974,-0.001068216748535633,-0.0012129787355661392,-0.0013432204723358154,-0.0018144818022847176,0.0
val_L|L|s0,val_L|L|s0|m4,4,g0_after,g49_after,0.05176262208260596,0.045567904599010944,-0.006194717483595014,-7.790513336658478e-07,-0.0008550521451979876,-0.0010128975845873356,-0.0014683911576867104,-0.0010734694078564644,-0.0017841281369328499,0.0
val_L|L|s0,val_L|L|s0|m4,4,g0_after,g74_before,0.05503138550557196,0.04852771945297718,-0.006503666052594781,-7.471535354852676e-07,-0.0006591042038053274,-0.0014776692260056734,-0.0012481552548706532,-0.0010824515484273434,-0.0020355386659502983,0.0
val_L|L|s0,val_L|L|s0|m4,4,g0_after,g74_after,0.05502046598121524,0.04853751277551055,-0.006482953205704689,-7.41099938750267e-07,-0.0006639864295721054,-0.0014621049631386995,-0.001414325088262558,-0.0010604411363601685,-0.0018813544884324074,0.0
val_L|L|s0,val_L|L|s0|m4,4,g0_after,g99_before,0.05585940973833203,0.0494321221485734,-0.006427287589758635,-7.308553904294968e-07,-0.0008483363781124353,-0.001173427328467369,-0.0014574010856449604,-0.0010338807478547096,-0.0019135111942887306,0.0
val_L|L|s0,val_L|L|s0|m4,4,g0_after,g99_after,0.05585941253229976,0.04943209933117032,-0.0064273132011294365,-7.301568984985352e-07,-0.0008483459241688251,-0.0011734501458704472,-0.0014573782682418823,-0.0010338928550481796,-0.0019135158509016037,0.0
val_L|L|s0,val_L|L|s0|m4,4,g24_before,g24_after,-0.0055590360425412655,-0.004919792525470257,0.0006392435170710087,7.35744833946228e-08,0.0001858137547969818,0.00020033447071909904,-0.0001269797794520855,0.00019099703058600426,0.00018900446593761444,0.0
val_L|L|s0,val_L|L|s0|m4,4,g24_before,g49_before,-0.0113904750905931,-0.010377841535955667,0.001012633554637432,6.030313670635223e-08,0.0003228324931114912,0.0002223416231572628,4.819268360733986e-05,-1.4713499695062637e-05,0.0004339199513196945,0.0
val_L|L|s0,val_L|L|s0|m4,4,g24_before,g49_after,-0.011047729523852468,-0.00995991239324212,0.0010878171306103468,8.195638656616211e-08,0.000297982944175601,0.0002776607871055603,-0.00020721973851323128,0.0002550375647842884,0.0004642736166715622,0.0
val_L|L|s0,val_L|L|s0|m4,4,g24_before,g74_before,-0.007778966100886464,-0.007000097539275885,0.0007788685616105795,1.1385418474674225e-07,0.0004939308855682611,-0.00018711085431277752,1.3016164302825928e-05,0.0002460554242134094,0.00021286308765411377,0.0
val_L|L|s0,val_L|L|s0|m4,4,g24_before,g74_after,-0.007789885625243187,-0.0069903042167425156,0.0007995814085006714,1.1990778148174286e-07,0.0004890486598014832,-0.00017154659144580364,-0.0001531536690890789,0.00026806583628058434,0.0003670472651720047,0.0
val_L|L|s0,val_L|L|s0|m4,4,g24_before,g99_before,-0.006950941868126392,-0.0060956948436796665,0.0008552470244467258,1.3015232980251312e-07,0.0003046987112611532,0.00011713104322552681,-0.00019622966647148132,0.00029462622478604317,0.00033489055931568146,0.0
val_L|L|s0,val_L|L|s0|m4,4,g24_before,g99_after,-0.0069509390741586685,-0.006095717661082745,0.0008552214130759239,1.3085082173347473e-07,0.0003046891652047634,0.00011710822582244873,-0.00019620684906840324,0.00029461411759257317,0.0003348859027028084,0.0
val_L|L|s0,val_L|L|s0|m4,4,g24_after,g49_before,-0.005831439048051834,-0.005458049010485411,0.0003733900375664234,-1.3271346688270569e-08,0.0001370187383145094,2.2007152438163757e-05,0.00017517246305942535,-0.0002057105302810669,0.0002449154853820801,0.0
val_L|L|s0,val_L|L|s0|m4,4,g24_after,g49_after,-0.005488693481311202,-0.005040119867771864,0.0004485736135393381,8.381903171539307e-09,0.0001121691893786192,7.732631638646126e-05,-8.023995906114578e-05,6.404053419828415e-05,0.00027526915073394775,0.0
val_L|L|s0,val_L|L|s0|m4,4,g24_after,g74_before,-0.0022199300583451986,-0.002080305013805628,0.0001396250445395708,4.0279701352119446e-08,0.00030811713077127934,-0.00038744532503187656,0.00013999594375491142,5.505839362740517e-05,2.385862171649933e-05,0.0
val_L|L|s0,val_L|L|s0|m4,4,g24_after,g74_after,-0.0022308495827019215,-0.0020705116912722588,0.0001603378914296627,4.6333298087120056e-08,0.00030323490500450134,-0.0003718810621649027,-2.6173889636993408e-05,7.706880569458008e-05,0.00017804279923439026,0.0
val_L|L|s0,val_L|L|s0|m4,4,g24_after,g99_before,-0.0013919058255851269,-0.0011759023182094097,0.00021600350737571716,5.657784640789032e-08,0.00011888495646417141,-8.320342749357224e-05,-6.924988701939583e-05,0.00010362919420003891,0.00014588609337806702,0.0
val_L|L|s0,val_L|L|s0|m4,4,g24_after,g99_after,-0.001391903031617403,-0.0011759251356124878,0.00021597789600491524,5.727633833885193e-08,0.0001188754104077816,-8.322624489665031e-05,-6.922706961631775e-05,0.00010361708700656891,0.00014588143676519394,0.0
val_L|L|s0,val_L|L|s0|m4,4,g49_before,g49_after,0.00034274556674063206,0.00041792914271354675,7.51835759729147e-05,2.1653249859809875e-08,-2.4849548935890198e-05,5.53191639482975e-05,-0.00025541242212057114,0.00026975106447935104,3.0353665351867676e-05,0.0
val_L|L|s0,val_L|L|s0|m4,4,g49_before,g74_before,0.0036115089897066355,0.003377743996679783,-0.0002337649930268526,5.3551048040390015e-08,0.00017109839245676994,-0.0004094524774700403,-3.517651930451393e-05,0.00026076892390847206,-0.00022105686366558075,0.0
val_L|L|s0,val_L|L|s0|m4,4,g49_before,g74_after,0.0036005894653499126,0.003387537319213152,-0.0002130521461367607,5.960464477539063e-08,0.00016621616668999195,-0.00039388821460306644,-0.00020134635269641876,0.00028277933597564697,-6.687268614768982e-05,0.0
val_L|L|s0,val_L|L|s0|m4,4,g49_before,g99_before,0.004439533222466707,0.004282146692276001,-0.00015738653019070625,6.984919309616089e-08,-1.8133781850337982e-05,-0.00010521057993173599,-0.0002444223500788212,0.0003093397244811058,-9.902939200401306e-05,0.0
val_L|L|s0,val_L|L|s0|m4,4,g49_before,g99_after,0.004439536016434431,0.004282123874872923,-0.00015741214156150818,7.05476850271225e-08,-1.814332790672779e-05,-0.00010523339733481407,-0.0002443995326757431,0.0003093276172876358,-9.903404861688614e-05,0.0
val_L|L|s0,val_L|L|s0|m4,4,g49_after,g74_before,0.0032687634229660034,0.002959814853966236,-0.0003089485689997673,3.189779818058014e-08,0.00019594794139266014,-0.0004647716414183378,0.0002202359028160572,-8.982140570878983e-06,-0.0002514105290174484,0.0
val_L|L|s0,val_L|L|s0|m4,4,g49_after,g74_after,0.0032578438986092806,0.002969608176499605,-0.0002882357221096754,3.795139491558075e-08,0.00019106571562588215,-0.00044920737855136395,5.4066069424152374e-05,1.3028271496295929e-05,-9.72263514995575e-05,0.0
val_L|L|s0,val_L|L|s0|m4,4,g49_after,g99_before,0.004096787655726075,0.0038642175495624542,-0.00023257010616362095,4.819594323635101e-08,6.7157670855522156e-06,-0.0001605297438800335,1.0990072041749954e-05,3.958866000175476e-05,-0.00012938305735588074,0.0
val_L|L|s0,val_L|L|s0|m4,4,g49_after,g99_after,0.004096790449693799,0.003864194732159376,-0.00023259571753442287,4.889443516731262e-08,6.706221029162407e-06,-0.00016055256128311157,1.1012889444828033e-05,3.957655280828476e-05,-0.00012938771396875381,0.0
val_L|L|s0,val_L|L|s0|m4,4,g74_before,g74_after,-1.0919524356722832e-05,9.793322533369064e-06,2.0712846890091896e-05,6.05359673500061e-09,-4.882225766777992e-06,1.5564262866973877e-05,-0.00016616983339190483,2.201041206717491e-05,0.00015418417751789093,0.0
val_L|L|s0,val_L|L|s0|m4,4,g74_before,g99_before,0.0008280242327600718,0.0009044026955962181,7.637846283614635e-05,1.6298145055770874e-08,-0.00018923217430710793,0.00030424189753830433,-0.00020924583077430725,4.857080057263374e-05,0.00012202747166156769,0.0
val_L|L|s0,val_L|L|s0|m4,4,g74_before,g99_after,0.0008280270267277956,0.00090437987819314,7.635285146534443e-05,1.6996636986732483e-08,-0.00018924172036349773,0.00030421908013522625,-0.00020922301337122917,4.855869337916374e-05,0.00012202281504869461,0.0
val_L|L|s0,val_L|L|s0|m4,4,g74_after,g99_before,0.0008389437571167946,0.000894609373062849,5.566561594605446e-05,1.0244548320770264e-08,-0.00018434994854032993,0.00028867763467133045,-4.307599738240242e-05,2.6560388505458832e-05,-3.215670585632324e-05,0.0
val_L|L|s0,val_L|L|s0|m4,4,g74_after,g99_after,0.0008389465510845184,0.000894586555659771,5.564000457525253e-05,1.0943040251731873e-08,-0.00018435949459671974,0.00028865481726825237,-4.305317997932434e-05,2.654828131198883e-05,-3.216136246919632e-05,0.0
val_L|L|s0,val_L|L|s0|m4,4,g99_before,g99_after,2.7939677238464355e-09,-2.2817403078079224e-08,-2.561137080192566e-08,6.984919309616089e-10,-9.546056389808655e-09,-2.2817403078079224e-08,2.2817403078079224e-08,-1.210719347000122e-08,-4.6566128730773926e-09,0.0
val_L|L|s1,val_L|L|s1|m2,2,g0_before,g0_after,0.0906008705496788,0.06287747621536255,-0.027723394334316254,-2.080574631690979e-05,-0.022128786891698837,0.005064547061920166,-0.009629011154174805,9.638816118240356e-05,-0.0011057257652282715,0.0
val_L|L|s1,val_L|L|s1|m2,2,g0_before,g24_before,0.003558218479156494,0.004381565377116203,0.0008233468979597092,-2.5704503059387207e-07,0.000831926241517067,-0.00023685023188591003,-0.0003595314919948578,0.0002424977719783783,0.0003455616533756256,0.0
val_L|L|s1,val_L|L|s1|m2,2,g0_before,g24_after,0.0041470006108284,0.004779927432537079,0.0006329268217086792,-2.3469328880310059e-07,0.0008271113038063049,-0.0003460049629211426,-0.0003654845058917999,0.00023244135081768036,0.0002850983291864395,0.0
val_L|L|s1,val_L|L|s1|m2,2,g0_before,g49_before,0.011830070056021214,0.011559989303350449,-0.0002700807526707649,-5.8673322200775146e-08,0.0006150137633085251,-0.000954948365688324,-8.236244320869446e-05,0.0002275826409459114,-7.530767470598221e-05,0.0
val_L|L|s1,val_L|L|s1|m2,2,g0_before,g49_after,0.006053101271390915,0.005701145157217979,-0.0003519561141729355,-7.543712854385376e-08,0.0005878377705812454,-0.0009780116379261017,-7.320661097764969e-05,0.00017478782683610916,-6.328802555799484e-05,0.0
val_L|L|s1,val_L|L|s1|m2,2,g0_before,g74_before,0.0037411367520689964,0.003431570716202259,-0.00030956603586673737,-7.264316082000732e-08,0.0006205709651112556,-0.0009888485074043274,-0.00010296236723661423,0.00025218259543180466,-9.043607860803604e-05,0.0
val_L|L|s1,val_L|L|s1|m2,2,g0_before,g74_after,0.0037258826196193695,0.003406492993235588,-0.00031938962638378143,-7.729977369308472e-08,0.0006279489025473595,-0.001000971533358097,-0.00010361243039369583,0.0002498272806406021,-9.250454604625702e-05,0.0
val_L|L|s1,val_L|L|s1|m2,2,g0_before,g99_before,0.0032180147245526314,0.002835119143128395,-0.0003828955814242363,-8.940696716308594e-08,0.0006411001086235046,-0.0010396391153335571,-9.912718087434769e-05,0.00022959522902965546,-0.00011473521590232849,0.0
val_L|L|s1,val_L|L|s1|m2,2,g0_before,g99_after,0.0032179877161979675,0.0028350967913866043,-0.0003828909248113632,-8.66129994392395e-08,0.0006411038339138031,-0.0010396474972367287,-9.912624955177307e-05,0.00022960267961025238,-0.00011473707854747772,0.0
val_L|L|s1,val_L|L|s1|m2,2,g0_after,g24_before,-0.08704265207052231,-0.058495910838246346,0.028546741232275963,2.0548701286315918e-05,0.022960713133215904,-0.005301397293806076,0.009269479662179947,0.00014610961079597473,0.001451287418603897,0.0
val_L|L|s1,val_L|L|s1|m2,2,g0_after,g24_after,-0.0864538699388504,-0.05809754878282547,0.028356321156024933,2.057105302810669e-05,0.022955898195505142,-0.005410552024841309,0.009263526648283005,0.0001360531896352768,0.001390824094414711,0.0
val_L|L|s1,val_L|L|s1|m2,2,g0_after,g49_before,-0.07877080049365759,-0.0513174869120121,0.02745331358164549,2.0747072994709015e-05,0.022743800655007362,-0.00601949542760849,0.00954664871096611,0.00013119447976350784,0.0010304180905222893,0.0
val_L|L|s1,val_L|L|s1|m2,2,g0_after,g49_after,-0.08454776927828789,-0.05717633105814457,0.027371438220143318,2.0730309188365936e-05,0.022716624662280083,-0.006042558699846268,0.009555804543197155,7.83996656537056e-05,0.0010424377396702766,0.0
val_L|L|s1,val_L|L|s1|m2,2,g0_after,g74_before,-0.0868597337976098,-0.05944590549916029,0.027413828298449516,2.0733103156089783e-05,0.022749357856810093,-0.006053395569324493,0.00952604878693819,0.0001557944342494011,0.0010152896866202354,0.0
val_L|L|s1,val_L|L|s1|m2,2,g0_after,g74_after,-0.08687498793005943,-0.05947098322212696,0.027404004707932472,2.0728446543216705e-05,0.022756735794246197,-0.006065518595278263,0.009525398723781109,0.00015343911945819855,0.0010132212191820145,0.0
val_L|L|s1,val_L|L|s1|m2,2,g0_after,g99_before,-0.08738285582512617,-0.060042357072234154,0.027340498752892017,2.0716339349746704e-05,0.022769887000322342,-0.006104186177253723,0.009529883973300457,0.0001332070678472519,0.000990990549325943,0.0
val_L|L|s1,val_L|L|s1|m2,2,g0_after,g99_after,-0.08738288283348083,-0.060042379423975945,0.02734050340950489,2.071913331747055e-05,0.02276989072561264,-0.006104194559156895,0.009529884904623032,0.00013321451842784882,0.0009909886866807938,0.0
val_L|L|s1,val_L|L|s1|m2,2,g24_before,g24_after,0.0005887821316719055,0.00039836205542087555,-0.00019042007625102997,2.2351741790771484e-08,-4.814937710762024e-06,-0.00010915473103523254,-5.953013896942139e-06,-1.0056421160697937e-05,-6.0463324189186096e-05,0.0
val_L|L|s1,val_L|L|s1|m2,2,g24_before,g49_before,0.00827185157686472,0.007178423926234245,-0.001093427650630474,1.9837170839309692e-07,-0.00021691247820854187,-0.0007180981338024139,0.00027716904878616333,-1.4915131032466888e-05,-0.0004208693280816078,0.0
val_L|L|s1,val_L|L|s1|m2,2,g24_before,g49_after,0.0024948827922344208,0.0013195797801017761,-0.0011753030121326447,1.816079020500183e-07,-0.00024408847093582153,-0.0007411614060401917,0.0002863248810172081,-6.770994514226913e-05,-0.00040884967893362045,0.0
val_L|L|s1,val_L|L|s1|m2,2,g24_before,g74_before,0.0001829182729125023,-0.0009499946609139442,-0.0011329129338264465,1.8440186977386475e-07,-0.0002113552764058113,-0.0007519982755184174,0.00025656912475824356,9.684823453426361e-06,-0.00043599773198366165,0.0
val_L|L|s1,val_L|L|s1|m2,2,g24_before,g74_after,0.00016766414046287537,-0.0009750723838806152,-0.0011427365243434906,1.7974525690078735e-07,-0.0002039773389697075,-0.000764121301472187,0.00025591906160116196,7.329508662223816e-06,-0.00043806619942188263,0.0
val_L|L|s1,val_L|L|s1|m2,2,g24_before,g99_before,-0.00034020375460386276,-0.0015464462339878082,-0.0012062424793839455,1.6763806343078613e-07,-0.00019082613289356232,-0.0008027888834476471,0.0002604043111205101,-1.290254294872284e-05,-0.0004602968692779541,0.0
val_L|L|s1,val_L|L|s1|m2,2,g24_before,g99_after,-0.0003402307629585266,-0.001546468585729599,-0.0012062378227710724,1.7043203115463257e-07,-0.00019082240760326385,-0.0008027972653508186,0.0002604052424430847,-1.2895092368125916e-05,-0.00046029873192310333,0.0
val_L|L|s1,val_L|L|s1|m2,2,g24_after,g49_before,0.007683069445192814,0.00678006187081337,-0.0009030075743794441,1.7601996660232544e-07,-0.00021209754049777985,-0.0006089434027671814,0.00028312206268310547,-4.858709871768951e-06,-0.0003604060038924217,0.0
val_L|L|s1,val_L|L|s1|m2,2,g24_after,g49_after,0.0019061006605625153,0.0009212177246809006,-0.0009848829358816147,1.5925616025924683e-07,-0.0002392735332250595,-0.0006320066750049591,0.00029227789491415024,-5.76535239815712e-05,-0.00034838635474443436,0.0
val_L|L|s1,val_L|L|s1|m2,2,g24_after,g74_before,-0.00040586385875940323,-0.0013483567163348198,-0.0009424928575754166,1.6205012798309326e-07,-0.00020654033869504929,-0.0006428435444831848,0.0002625221386551857,1.9741244614124298e-05,-0.00037553440779447556,0.0
val_L|L|s1,val_L|L|s1|m2,2,g24_after,g74_after,-0.00042111799120903015,-0.0013734344393014908,-0.0009523164480924606,1.5739351511001587e-07,-0.00019916240125894547,-0.0006549665704369545,0.0002618720754981041,1.7385929822921753e-05,-0.00037760287523269653,0.0
val_L|L|s1,val_L|L|s1|m2,2,g24_after,g99_before,-0.0009289858862757683,-0.0019448082894086838,-0.0010158224031329155,1.4528632164001465e-07,-0.0001860111951828003,-0.0006936341524124146,0.00026635732501745224,-2.8461217880249023e-06,-0.000399833545088768,0.0
val_L|L|s1,val_L|L|s1|m2,2,g24_after,g99_after,-0.0009290128946304321,-0.0019448306411504745,-0.0010158177465200424,1.4808028936386108e-07,-0.00018600746989250183,-0.0006936425343155861,0.00026635825634002686,-2.8386712074279785e-06,-0.00039983540773391724,0.0
val_L|L|s1,val_L|L|s1|m2,2,g49_before,g49_after,-0.005776968784630299,-0.005858844146132469,-8.187536150217056e-05,-1.6763806343078613e-08,-2.7175992727279663e-05,-2.306327223777771e-05,9.15583223104477e-06,-5.2794814109802246e-05,1.2019649147987366e-05,0.0
val_L|L|s1,val_L|L|s1|m2,2,g49_before,g74_before,-0.008088933303952217,-0.00812841858714819,-3.948528319597244e-05,-1.3969838619232178e-08,5.55720180273056e-06,-3.390014171600342e-05,-2.059992402791977e-05,2.459995448589325e-05,-1.5128403902053833e-05,0.0
val_L|L|s1,val_L|L|s1|m2,2,g49_before,g74_after,-0.008104187436401844,-0.00815349631011486,-4.930887371301651e-05,-1.862645149230957e-08,1.2935139238834381e-05,-4.60231676697731e-05,-2.1249987185001373e-05,2.2244639694690704e-05,-1.719687134027481e-05,0.0
val_L|L|s1,val_L|L|s1|m2,2,g49_before,g99_before,-0.008612055331468582,-0.008724870160222054,-0.00011281482875347137,-3.073364496231079e-08,2.6086345314979553e-05,-8.469074964523315e-05,-1.676473766565323e-05,2.012588083744049e-06,-3.942754119634628e-05,0.0
val_L|L|s1,val_L|L|s1|m2,2,g49_before,g99_after,-0.008612082339823246,-0.008724892511963844,-0.0001128101721405983,-2.7939677238464355e-08,2.6090070605278015e-05,-8.46991315484047e-05,-1.6763806343078613e-05,2.020038664340973e-06,-3.9429403841495514e-05,0.0
val_L|L|s1,val_L|L|s1|m2,2,g49_after,g74_before,-0.0023119645193219185,-0.0022695744410157204,4.239007830619812e-05,2.7939677238464355e-09,3.2733194530010223e-05,-1.0836869478225708e-05,-2.975575625896454e-05,7.73947685956955e-05,-2.71480530500412e-05,0.0
val_L|L|s1,val_L|L|s1|m2,2,g49_after,g74_after,-0.0023272186517715454,-0.0022946521639823914,3.256648778915405e-05,-1.862645149230957e-09,4.0111131966114044e-05,-2.2959895431995392e-05,-3.0405819416046143e-05,7.503945380449295e-05,-2.9216520488262177e-05,0.0
val_L|L|s1,val_L|L|s1|m2,2,g49_after,g99_before,-0.0028350865468382835,-0.0028660260140895844,-3.093946725130081e-05,-1.3969838619232178e-08,5.3262338042259216e-05,-6.162747740745544e-05,-2.5920569896697998e-05,5.4807402193546295e-05,-5.144719034433365e-05,0.0
val_L|L|s1,val_L|L|s1|m2,2,g49_after,g99_after,-0.0028351135551929474,-0.002866048365831375,-3.0934810638427734e-05,-1.1175870895385742e-08,5.326606333255768e-05,-6.163585931062698e-05,-2.5919638574123383e-05,5.481485277414322e-05,-5.144905298948288e-05,0.0
val_L|L|s1,val_L|L|s1|m2,2,g74_before,g74_after,-1.5254132449626923e-05,-2.507772296667099e-05,-9.823590517044067e-06,-4.6566128730773926e-09,7.377937436103821e-06,-1.2123025953769684e-05,-6.50063157081604e-07,-2.355314791202545e-06,-2.0684674382209778e-06,0.0
val_L|L|s1,val_L|L|s1|m2,2,g74_before,g99_before,-0.000523122027516365,-0.000596451573073864,-7.332954555749893e-05,-1.6763806343078613e-08,2.0529143512248993e-05,-5.0790607929229736e-05,3.8351863622665405e-06,-2.25873664021492e-05,-2.429913729429245e-05,0.0
val_L|L|s1,val_L|L|s1|m2,2,g74_before,g99_after,-0.0005231490358710289,-0.0005964739248156548,-7.332488894462585e-05,-1.3969838619232178e-08,2.0532868802547455e-05,-5.0798989832401276e-05,3.836117684841156e-06,-2.2579915821552277e-05,-2.430099993944168e-05,0.0
val_L|L|s1,val_L|L|s1|m2,2,g74_after,g99_before,-0.0005078678950667381,-0.000571373850107193,-6.350595504045486e-05,-1.210719347000122e-08,1.3151206076145172e-05,-3.866758197546005e-05,4.4852495193481445e-06,-2.0232051610946655e-05,-2.2230669856071472e-05,0.0
val_L|L|s1,val_L|L|s1|m2,2,g74_after,g99_after,-0.000507894903421402,-0.0005713962018489838,-6.350129842758179e-05,-9.313225746154785e-09,1.3154931366443634e-05,-3.867596387863159e-05,4.48618084192276e-06,-2.022460103034973e-05,-2.2232532501220703e-05,0.0
val_L|L|s1,val_L|L|s1|m2,2,g99_before,g99_after,-2.7008354663848877e-08,-2.2351741790771484e-08,4.6566128730773926e-09,2.7939677238464355e-09,3.725290298461914e-09,-8.381903171539307e-09,9.313225746154785e-10,7.450580596923828e-09,-1.862645149230957e-09,0.0
val_L|L|s1,val_L|L|s1|m4,4,g0_before,g0_after,-0.01407773420214653,-0.0048039816319942474,0.009273752570152283,-1.1883676052093506e-06,0.0008220113813877106,0.001909688115119934,0.004168737679719925,0.0008354820311069489,0.0015390217304229736,0.0
val_L|L|s1,val_L|L|s1|m4,4,g0_before,g24_before,0.01362257543951273,0.016022823750972748,0.002400248311460018,-1.4528632164001465e-07,7.62520357966423e-05,0.0005549127236008644,0.0005450723692774773,0.0009331684559583664,0.0002909880131483078,0.0
val_L|L|s1,val_L|L|s1|m4,4,g0_before,g24_after,0.015077070333063602,0.016986561939120293,0.0019094916060566902,-1.1082738637924194e-07,4.963669925928116e-05,0.000328737311065197,0.0004545869305729866,0.0008670659735798836,0.00020957551896572113,0.0
val_L|L|s1,val_L|L|s1|m4,4,g0_before,g49_before,0.011591472662985325,0.014353773556649685,0.00276230089366436,-1.6763806343078613e-07,0.00021932553499937057,0.00031952932476997375,0.0008337758481502533,0.0010474156588315964,0.00034242216497659683,0.0
val_L|L|s1,val_L|L|s1|m4,4,g0_before,g49_after,0.011428133584558964,0.014219795353710651,0.0027916617691516876,-1.7043203115463257e-07,0.00023751519620418549,0.00032514240592718124,0.0008458318188786507,0.001021064817905426,0.00036227796226739883,0.0
val_L|L|s1,val_L|L|s1|m4,4,g0_before,g74_before,0.011087968479841948,0.014287545345723629,0.0031995768658816814,-1.8347054719924927e-07,0.00020456081256270409,0.0006097564473748207,0.000896042212843895,0.0010483460500836372,0.0004410548135638237,0.0
val_L|L|s1,val_L|L|s1|m4,4,g0_before,g74_after,0.011074785143136978,0.014256858732551336,0.003182073589414358,-1.7881393432617188e-07,0.00020534126088023186,0.0006051845848560333,0.0008863024413585663,0.0010462459176778793,0.0004391781985759735,0.0
val_L|L|s1,val_L|L|s1|m4,4,g0_before,g99_before,0.001020326279103756,0.004163261502981186,0.00314293522387743,-1.7182901501655579e-07,0.0002108789049088955,0.0006198864430189133,0.0008552577346563339,0.0010518021881580353,0.00040528178215026855,0.0
val_L|L|s1,val_L|L|s1|m4,4,g0_before,g99_after,0.001020308118313551,0.004163259640336037,0.0031429515220224857,-1.7229467630386353e-07,0.00021088728681206703,0.000619892030954361,0.0008552558720111847,0.0010518059134483337,0.00040528271347284317,0.0
val_L|L|s1,val_L|L|s1|m4,4,g0_after,g24_before,0.02770030964165926,0.020826805382966995,-0.0068735042586922646,1.043081283569336e-06,-0.0007457593455910683,-0.0013547753915190697,-0.0036236653104424477,9.768642485141754e-05,-0.0012480337172746658,0.0
val_L|L|s1,val_L|L|s1|m4,4,g0_after,g24_after,0.029154804535210133,0.02179054357111454,-0.0073642609640955925,1.0775402188301086e-06,-0.0007723746821284294,-0.001580950804054737,-0.0037141507491469383,3.158394247293472e-05,-0.0013294462114572525,0.0
val_L|L|s1,val_L|L|s1|m4,4,g0_after,g49_before,0.025669206865131855,0.019157755188643932,-0.006511451676487923,1.0207295417785645e-06,-0.00060268584638834,-0.0015901587903499603,-0.0033349618315696716,0.00021193362772464752,-0.0011965995654463768,0.0
val_L|L|s1,val_L|L|s1|m4,4,g0_after,g49_after,0.025505867786705494,0.0190237769857049,-0.006482090801000595,1.017935574054718e-06,-0.0005844961851835251,-0.0015845457091927528,-0.0033229058608412743,0.00018558278679847717,-0.0011767437681555748,0.0
val_L|L|s1,val_L|L|s1|m4,4,g0_after,g74_before,0.025165702681988478,0.019091526977717876,-0.006074175704270601,1.0048970580101013e-06,-0.0006174505688250065,-0.0012999316677451134,-0.00327269546687603,0.00021286401897668839,-0.00109796691685915,0.0
val_L|L|s1,val_L|L|s1|m4,4,g0_after,g74_after,0.02515251934528351,0.019060840364545584,-0.006091678980737925,1.0095536708831787e-06,-0.0006166701205074787,-0.0013045035302639008,-0.0032824352383613586,0.00021076388657093048,-0.0010998435318470001,0.0
val_L|L|s1,val_L|L|s1|m4,4,g0_after,g99_before,0.015098060481250286,0.008967243134975433,-0.006130817346274853,1.0165385901927948e-06,-0.0006111324764788151,-0.0012898016721010208,-0.003313479945063591,0.00021632015705108643,-0.001133739948272705,0.0
val_L|L|s1,val_L|L|s1|m4,4,g0_after,g99_after,0.015098042320460081,0.008967241272330284,-0.006130801048129797,1.016072928905487e-06,-0.0006111240945756435,-0.0012897960841655731,-0.0033134818077087402,0.0002163238823413849,-0.0011337390169501305,0.0
val_L|L|s1,val_L|L|s1|m4,4,g24_before,g24_after,0.0014544948935508728,0.0009637381881475449,-0.0004907567054033279,3.4458935260772705e-08,-2.6615336537361145e-05,-0.00022617541253566742,-9.048543870449066e-05,-6.610248237848282e-05,-8.141249418258667e-05,0.0
val_L|L|s1,val_L|L|s1|m4,4,g24_before,g49_before,-0.002031102776527405,-0.001669050194323063,0.0003620525822043419,-2.2351741790771484e-08,0.00014307349920272827,-0.00023538339883089066,0.00028870347887277603,0.00011424720287322998,5.143415182828903e-05,0.0
val_L|L|s1,val_L|L|s1|m4,4,g24_before,g49_after,-0.002194441854953766,-0.0018030283972620964,0.00039141345769166946,-2.514570951461792e-08,0.00016126316040754318,-0.00022977031767368317,0.0003007594496011734,8.789636194705963e-05,7.128994911909103e-05,0.0
val_L|L|s1,val_L|L|s1|m4,4,g24_before,g74_before,-0.002534606959670782,-0.0017352784052491188,0.0007993285544216633,-3.818422555923462e-08,0.00012830877676606178,5.48437237739563e-05,0.0003509698435664177,0.00011517759412527084,0.0001500668004155159,0.0
val_L|L|s1,val_L|L|s1|m4,4,g24_before,g74_after,-0.0025477902963757515,-0.0017659650184214115,0.00078182527795434,-3.3527612686157227e-08,0.00012908922508358955,5.0271861255168915e-05,0.000341230072081089,0.00011307746171951294,0.0001481901854276657,0.0
val_L|L|s1,val_L|L|s1|m4,4,g24_before,g99_before,-0.012602249160408974,-0.011859562247991562,0.0007426869124174118,-2.6542693376541138e-08,0.0001346268691122532,6.497371941804886e-05,0.00031018536537885666,0.00011863373219966888,0.00011429376900196075,0.0
val_L|L|s1,val_L|L|s1|m4,4,g24_before,g99_after,-0.012602267321199179,-0.011859564110636711,0.0007427032105624676,-2.7008354663848877e-08,0.00013463525101542473,6.497930735349655e-05,0.00031018350273370743,0.00011863745748996735,0.00011429470032453537,0.0
val_L|L|s1,val_L|L|s1|m4,4,g24_after,g49_before,-0.0034855976700782776,-0.0026327883824706078,0.0008528092876076698,-5.681067705154419e-08,0.00016968883574008942,-9.207986295223236e-06,0.0003791889175772667,0.0001803496852517128,0.0001328466460108757,0.0
val_L|L|s1,val_L|L|s1|m4,4,g24_after,g49_after,-0.0036489367485046387,-0.0027667665854096413,0.0008821701630949974,-5.960464477539063e-08,0.00018787849694490433,-3.594905138015747e-06,0.00039124488830566406,0.00015399884432554245,0.0001527024433016777,0.0
val_L|L|s1,val_L|L|s1|m4,4,g24_after,g74_before,-0.003989101853221655,-0.0026990165933966637,0.0012900852598249912,-7.264316082000732e-08,0.00015492411330342293,0.0002810191363096237,0.00044145528227090836,0.00018128007650375366,0.00023147929459810257,0.0
val_L|L|s1,val_L|L|s1|m4,4,g24_after,g74_after,-0.004002285189926624,-0.0027297032065689564,0.001272581983357668,-6.798654794692993e-08,0.0001557045616209507,0.00027644727379083633,0.0004317155107855797,0.00017917994409799576,0.00022960267961025238,0.0
val_L|L|s1,val_L|L|s1|m4,4,g24_after,g99_before,-0.014056744053959846,-0.012823300436139107,0.0012334436178207397,-6.100162863731384e-08,0.00016124220564961433,0.0002911491319537163,0.0004006708040833473,0.0001847362145781517,0.00019570626318454742,0.0
val_L|L|s1,val_L|L|s1|m4,4,g24_after,g99_after,-0.014056762214750051,-0.012823302298784256,0.0012334599159657955,-6.146728992462158e-08,0.00016125058755278587,0.00029115471988916397,0.0004006689414381981,0.00018473993986845016,0.00019570719450712204,0.0
val_L|L|s1,val_L|L|s1|m4,4,g49_before,g49_after,-0.00016333907842636108,-0.0001339782029390335,2.9360875487327576e-05,-2.7939677238464355e-09,1.818966120481491e-05,5.613081157207489e-06,1.205597072839737e-05,-2.635084092617035e-05,1.9855797290802002e-05,0.0
val_L|L|s1,val_L|L|s1|m4,4,g49_before,g74_before,-0.0005035041831433773,-6.622821092605591e-05,0.0004372759722173214,-1.5832483768463135e-08,-1.4764722436666489e-05,0.00029022712260484695,6.226636469364166e-05,9.30391252040863e-07,9.863264858722687e-05,0.0
val_L|L|s1,val_L|L|s1|m4,4,g49_before,g74_after,-0.0005166875198483467,-9.691482409834862e-05,0.0004197726957499981,-1.1175870895385742e-08,-1.3984274119138718e-05,0.00028565526008605957,5.252659320831299e-05,-1.169741153717041e-06,9.675603359937668e-05,0.0
val_L|L|s1,val_L|L|s1|m4,4,g49_before,g99_before,-0.010571146383881569,-0.010190512053668499,0.0003806343302130699,-4.190951585769653e-09,-8.446630090475082e-06,0.0003003571182489395,2.1481886506080627e-05,4.386529326438904e-06,6.285961717367172e-05,0.0
val_L|L|s1,val_L|L|s1|m4,4,g49_before,g99_after,-0.010571164544671774,-0.010190513916313648,0.0003806506283581257,-4.6566128730773926e-09,-8.438248187303543e-06,0.0003003627061843872,2.1480023860931396e-05,4.390254616737366e-06,6.286054849624634e-05,0.0
val_L|L|s1,val_L|L|s1|m4,4,g49_after,g74_before,-0.0003401651047170162,6.77499920129776e-05,0.0004079150967299938,-1.30385160446167e-08,-3.29543836414814e-05,0.00028461404144763947,5.021039396524429e-05,2.7281232178211212e-05,7.877685129642487e-05,0.0
val_L|L|s1,val_L|L|s1|m4,4,g49_after,g74_after,-0.0003533484414219856,3.706337884068489e-05,0.0003904118202626705,-8.381903171539307e-09,-3.217393532395363e-05,0.0002800421789288521,4.047062247991562e-05,2.5181099772453308e-05,7.690023630857468e-05,0.0
val_L|L|s1,val_L|L|s1|m4,4,g49_after,g99_before,-0.010407807305455208,-0.010056533850729465,0.00035127345472574234,-1.3969838619232178e-09,-2.6636291295289993e-05,0.000294744037091732,9.425915777683258e-06,3.073737025260925e-05,4.300381988286972e-05,0.0
val_L|L|s1,val_L|L|s1|m4,4,g49_after,g99_after,-0.010407825466245413,-0.010056535713374615,0.0003512897528707981,-1.862645149230957e-09,-2.6627909392118454e-05,0.0002947496250271797,9.424053132534027e-06,3.0741095542907715e-05,4.3004751205444336e-05,0.0
val_L|L|s1,val_L|L|s1|m4,4,g74_before,g74_after,-1.3183336704969406e-05,-3.068661317229271e-05,-1.7503276467323303e-05,4.6566128730773926e-09,7.80448317527771e-07,-4.571862518787384e-06,-9.739771485328674e-06,-2.100132405757904e-06,-1.8766149878501892e-06,0.0
val_L|L|s1,val_L|L|s1|m4,4,g74_before,g99_before,-0.010067642200738192,-0.010124283842742443,-5.664164200425148e-05,1.1641532182693481e-08,6.318092346191406e-06,1.012999564409256e-05,-4.0784478187561035e-05,3.4561380743980408e-06,-3.5773031413555145e-05,0.0
val_L|L|s1,val_L|L|s1|m4,4,g74_before,g99_after,-0.010067660361528397,-0.010124285705387592,-5.662534385919571e-05,1.1175870895385742e-08,6.3264742493629456e-06,1.0135583579540253e-05,-4.0786340832710266e-05,3.4598633646965027e-06,-3.577210009098053e-05,0.0
val_L|L|s1,val_L|L|s1|m4,4,g74_after,g99_before,-0.010054458864033222,-0.01009359722957015,-3.913836553692818e-05,6.984919309616089e-09,5.537644028663635e-06,1.4701858162879944e-05,-3.104470670223236e-05,5.556270480155945e-06,-3.3896416425704956e-05,0.0
val_L|L|s1,val_L|L|s1|m4,4,g74_after,g99_after,-0.010054477024823427,-0.0100935990922153,-3.9122067391872406e-05,6.51925802230835e-09,5.5460259318351746e-06,1.4707446098327637e-05,-3.104656934738159e-05,5.559995770454407e-06,-3.389548510313034e-05,0.0
val_L|L|s1,val_L|L|s1|m4,4,g99_before,g99_after,-1.816079020500183e-08,-1.862645149230957e-09,1.6298145055770874e-08,-4.656612873077393e-10,8.381903171539307e-09,5.587935447692871e-09,-1.862645149230957e-09,3.725290298461914e-09,9.313225746154785e-10,0.0
val_L|L|s2,val_L|L|s2|m2,2,g0_before,g0_after,-0.032217398285865784,-0.029614336788654327,0.0026030614972114563,7.972121238708496e-07,0.0006871297955513,0.0010761432349681854,0.0014101602137088776,0.0019018426537513733,-0.002473011612892151,0.0
val_L|L|s2,val_L|L|s2|m2,2,g0_before,g24_before,-0.009211387485265732,-0.010884962975978851,-0.0016735754907131195,4.6798959374427795e-07,-0.0007129847072064877,-0.0012080492451786995,-0.0005503548309206963,0.0006446470506489277,0.00015269825235009193,0.0
val_L|L|s2,val_L|L|s2|m2,2,g0_before,g24_after,-0.01225276943296194,-0.014513036236166954,-0.0022602668032050133,6.896443665027618e-07,-0.0006975387223064899,-0.001424493733793497,-0.0004966570995748043,0.0003026556223630905,5.5077485740184784e-05,0.0
val_L|L|s2,val_L|L|s2|m2,2,g0_before,g49_before,-0.009704490657895803,-0.011486366391181946,-0.0017818757332861423,3.487803041934967e-07,-0.000525142066180706,-0.0010132919996976852,-0.00036881957203149796,0.0006650015711784363,-0.0005399724468588829,0.0
val_L|L|s2,val_L|L|s2|m2,2,g0_before,g49_after,-0.010585216339677572,-0.012666646391153336,-0.0020814300514757633,3.809109330177307e-07,-0.0006562727503478527,-0.001089995726943016,-0.00043750787153840065,0.0004822518676519394,-0.00038028648123145103,0.0
val_L|L|s2,val_L|L|s2|m2,2,g0_before,g74_before,-0.009724127128720284,-0.011682042852044106,-0.001957915723323822,3.473833203315735e-07,-0.0003782929852604866,-0.0013883034698665142,-0.0002612825483083725,0.000551955308765173,-0.00048233941197395325,0.0
val_L|L|s2,val_L|L|s2|m2,2,g0_before,g74_after,-0.00971417035907507,-0.011655095033347607,-0.0019409246742725372,3.403984010219574e-07,-0.00037424685433506966,-0.001385838259011507,-0.00025456957519054413,0.0005519227124750614,-0.0004785330966114998,0.0
val_L|L|s2,val_L|L|s2|m2,2,g0_before,g99_before,-0.00970131391659379,-0.011650738772004843,-0.0019494248554110527,3.450550138950348e-07,-0.0004031187854707241,-0.0013342858292162418,-0.00027341069653630257,0.0005323160439729691,-0.0004712706431746483,0.0
val_L|L|s2,val_L|L|s2|m2,2,g0_before,g99_after,-0.009701317176222801,-0.011650742031633854,-0.0019494248554110527,3.534369170665741e-07,-0.0004031355492770672,-0.0013342848978936672,-0.00027340371161699295,0.0005323179066181183,-0.0004712720401585102,0.0
val_L|L|s2,val_L|L|s2|m2,2,g0_after,g24_before,0.023006010800600052,0.018729373812675476,-0.004276636987924576,-3.2922253012657166e-07,-0.0014001145027577877,-0.002284192480146885,-0.001960515044629574,-0.0012571956031024456,0.002625709865242243,0.0
val_L|L|s2,val_L|L|s2|m2,2,g0_after,g24_after,0.019964628852903843,0.015101300552487373,-0.00486332830041647,-1.0756775736808777e-07,-0.00138466851785779,-0.0025006369687616825,-0.0019068173132836819,-0.0015991870313882828,0.0025280890986323357,0.0
val_L|L|s2,val_L|L|s2|m2,2,g0_after,g49_before,0.02251290762796998,0.01812797039747238,-0.004384937230497599,-4.484318196773529e-07,-0.001212271861732006,-0.0020894352346658707,-0.0017789797857403755,-0.001236841082572937,0.001933039166033268,0.0
val_L|L|s2,val_L|L|s2|m2,2,g0_after,g49_after,0.02163218194618821,0.016947690397500992,-0.00468449154868722,-4.163011908531189e-07,-0.0013434025458991528,-0.0021661389619112015,-0.0018476680852472782,-0.001419590786099434,0.0020927251316607,0.0
val_L|L|s2,val_L|L|s2|m2,2,g0_after,g74_before,0.0224932711571455,0.017932293936610222,-0.004560977220535278,-4.498288035392761e-07,-0.0010654227808117867,-0.0024644467048346996,-0.00167144276201725,-0.0013498873449862003,0.0019906722009181976,0.0
val_L|L|s2,val_L|L|s2|m2,2,g0_after,g74_after,0.022503227926790714,0.01795924175530672,-0.0045439861714839935,-4.568137228488922e-07,-0.0010613766498863697,-0.0024619814939796925,-0.0016647297888994217,-0.0013499199412763119,0.001994478516280651,0.0
val_L|L|s2,val_L|L|s2|m2,2,g0_after,g99_before,0.022516084369271994,0.017963598016649485,-0.004552486352622509,-4.521571099758148e-07,-0.0010902485810220242,-0.0024104290641844273,-0.0016835709102451801,-0.0013695266097784042,0.0020017409697175026,0.0
val_L|L|s2,val_L|L|s2|m2,2,g0_after,g99_after,0.022516081109642982,0.017963594757020473,-0.004552486352622509,-4.437752068042755e-07,-0.0010902653448283672,-0.0024104281328618526,-0.0016835639253258705,-0.001369524747133255,0.0020017395727336407,0.0
val_L|L|s2,val_L|L|s2|m2,2,g24_before,g24_after,-0.003041381947696209,-0.0036280732601881027,-0.0005866913124918938,2.2165477275848389e-07,1.544598489999771e-05,-0.0002164444886147976,5.369773134589195e-05,-0.0003419914282858372,-9.762076660990715e-05,0.0
val_L|L|s2,val_L|L|s2|m2,2,g24_before,g49_before,-0.0004931031726300716,-0.0006014034152030945,-0.00010830024257302284,-1.1920928955078125e-07,0.00018784264102578163,0.00019475724548101425,0.0001815352588891983,2.035452052950859e-05,-0.0006926706992089748,0.0
val_L|L|s2,val_L|L|s2|m2,2,g24_before,g49_after,-0.0013738288544118404,-0.0017816834151744843,-0.0004078545607626438,-8.707866072654724e-08,5.671195685863495e-05,0.00011805351823568344,0.00011284695938229561,-0.0001623951829969883,-0.000532984733581543,0.0
val_L|L|s2,val_L|L|s2|m2,2,g24_before,g74_before,-0.0005127396434545517,-0.0007970798760652542,-0.0002843402326107025,-1.2060627341270447e-07,0.00033469172194600105,-0.0001802542246878147,0.00028907228261232376,-9.269174188375473e-05,-0.0006350376643240452,0.0
val_L|L|s2,val_L|L|s2|m2,2,g24_before,g74_after,-0.0005027828738093376,-0.0007701320573687553,-0.0002673491835594177,-1.2759119272232056e-07,0.000338737852871418,-0.00017778901383280754,0.00029578525573015213,-9.272433817386627e-05,-0.0006312313489615917,0.0
val_L|L|s2,val_L|L|s2|m2,2,g24_before,g99_before,-0.0004899264313280582,-0.0007657757960259914,-0.0002758493646979332,-1.2293457984924316e-07,0.00030986592173576355,-0.00012623658403754234,0.0002769441343843937,-0.00011233100667595863,-0.0006239688955247402,0.0
val_L|L|s2,val_L|L|s2|m2,2,g24_before,g99_after,-0.0004899296909570694,-0.0007657790556550026,-0.0002758493646979332,-1.1455267667770386e-07,0.00030984915792942047,-0.00012623565271496773,0.0002769511193037033,-0.0001123291440308094,-0.0006239702925086021,0.0
val_L|L|s2,val_L|L|s2|m2,2,g24_after,g49_before,0.0025482787750661373,0.0030266698449850082,0.0004783910699188709,-3.4086406230926514e-07,0.00017239665612578392,0.00041120173409581184,0.00012783752754330635,0.00036234594881534576,-0.0005950499325990677,0.0
val_L|L|s2,val_L|L|s2|m2,2,g24_after,g49_after,0.0016675530932843685,0.0018463898450136185,0.00017883675172924995,-3.0873343348503113e-07,4.126597195863724e-05,0.00033449800685048103,5.9149228036403656e-05,0.00017959624528884888,-0.0004353639669716358,0.0
val_L|L|s2,val_L|L|s2|m2,2,g24_after,g74_before,0.0025286423042416573,0.0028309933841228485,0.00030235107988119125,-3.4226104617118835e-07,0.00031924573704600334,3.619026392698288e-05,0.0002353745512664318,0.00024929968640208244,-0.000537416897714138,0.0
val_L|L|s2,val_L|L|s2|m2,2,g24_after,g74_after,0.0025385990738868713,0.0028579412028193474,0.00031934212893247604,-3.4924596548080444e-07,0.0003232918679714203,3.865547478199005e-05,0.00024208752438426018,0.0002492670901119709,-0.0005336105823516846,0.0
val_L|L|s2,val_L|L|s2|m2,2,g24_after,g99_before,0.0025514555163681507,0.0028622974641621113,0.00031084194779396057,-3.4458935260772705e-07,0.00029441993683576584,9.020790457725525e-05,0.00022324640303850174,0.00022966042160987854,-0.0005263481289148331,0.0
val_L|L|s2,val_L|L|s2|m2,2,g24_after,g99_after,0.0025514522567391396,0.0028622942045331,0.00031084194779396057,-3.3620744943618774e-07,0.00029440317302942276,9.020883589982986e-05,0.00022325338795781136,0.00022966228425502777,-0.000526349525898695,0.0
val_L|L|s2,val_L|L|s2|m2,2,g49_before,g49_after,-0.0008807256817817688,-0.0011802799999713898,-0.00029955431818962097,3.213062882423401e-08,-0.00013113068416714668,-7.670372724533081e-05,-6.86882995069027e-05,-0.0001827497035264969,0.00015968596562743187,0.0
val_L|L|s2,val_L|L|s2|m2,2,g49_before,g74_before,-1.9636470824480057e-05,-0.00019567646086215973,-0.00017603999003767967,-1.3969838619232178e-09,0.00014684908092021942,-0.00037501147016882896,0.00010753702372312546,-0.00011304626241326332,5.763303488492966e-05,0.0
val_L|L|s2,val_L|L|s2|m2,2,g49_before,g74_after,-9.679701179265976e-06,-0.00016872864216566086,-0.00015904894098639488,-8.381903171539307e-09,0.00015089521184563637,-0.0003725462593138218,0.00011424999684095383,-0.00011307885870337486,6.143935024738312e-05,0.0
val_L|L|s2,val_L|L|s2|m2,2,g49_before,g99_before,3.1767413020133972e-06,-0.00016437238082289696,-0.00016754912212491035,-3.725290298461914e-09,0.00012202328070998192,-0.0003209938295185566,9.540887549519539e-05,-0.00013268552720546722,6.870180368423462e-05,0.0
val_L|L|s2,val_L|L|s2|m2,2,g49_before,g99_after,3.173481673002243e-06,-0.0001643756404519081,-0.00016754912212491035,4.6566128730773926e-09,0.00012200651690363884,-0.000320992898195982,9.5415860414505e-05,-0.000132683664560318,6.87004067003727e-05,0.0
val_L|L|s2,val_L|L|s2|m2,2,g49_after,g74_before,0.0008610892109572887,0.00098460353910923,0.0001235143281519413,-3.3527612686157227e-08,0.0002779797650873661,-0.00029830774292349815,0.00017622532323002815,6.970344111323357e-05,-0.00010205293074250221,0.0
val_L|L|s2,val_L|L|s2|m2,2,g49_after,g74_after,0.0008710459806025028,0.001011551357805729,0.0001405053772032261,-4.0512531995773315e-08,0.00028202589601278305,-0.000295842532068491,0.00018293829634785652,6.967084482312202e-05,-9.824661538004875e-05,0.0
val_L|L|s2,val_L|L|s2|m2,2,g49_after,g99_before,0.0008839024230837822,0.0010159076191484928,0.00013200519606471062,-3.585591912269592e-08,0.0002531539648771286,-0.0002442901022732258,0.00016409717500209808,5.006417632102966e-05,-9.098416194319725e-05,0.0
val_L|L|s2,val_L|L|s2|m2,2,g49_after,g99_after,0.000883899163454771,0.0010159043595194817,0.00013200519606471062,-2.7474015951156616e-08,0.0002531372010707855,-0.00024428917095065117,0.0001641041599214077,5.0066038966178894e-05,-9.098555892705917e-05,0.0
val_L|L|s2,val_L|L|s2|m2,2,g74_before,g74_after,9.95676964521408e-06,2.694781869649887e-05,1.699104905128479e-05,-6.984919309616089e-09,4.046130925416946e-06,2.4652108550071716e-06,6.712973117828369e-06,-3.259629011154175e-08,3.8063153624534607e-06,0.0
val_L|L|s2,val_L|L|s2|m2,2,g74_before,g99_before,2.2813212126493454e-05,3.130408003926277e-05,8.490867912769318e-06,-2.3283064365386963e-09,-2.4825800210237503e-05,5.401764065027237e-05,-1.2128148227930069e-05,-1.9639264792203903e-05,1.1068768799304962e-05,0.0
val_L|L|s2,val_L|L|s2|m2,2,g74_before,g99_after,2.28099524974823e-05,3.130082041025162e-05,8.490867912769318e-06,6.05359673500061e-09,-2.484256401658058e-05,5.4018571972846985e-05,-1.2121163308620453e-05,-1.9637402147054672e-05,1.1067371815443039e-05,0.0
val_L|L|s2,val_L|L|s2|m2,2,g74_after,g99_before,1.2856442481279373e-05,4.356261342763901e-06,-8.500181138515472e-06,4.6566128730773926e-09,-2.887193113565445e-05,5.15524297952652e-05,-1.8841121345758438e-05,-1.960666850209236e-05,7.2624534368515015e-06,0.0
val_L|L|s2,val_L|L|s2|m2,2,g74_after,g99_after,1.2853182852268219e-05,4.353001713752747e-06,-8.500181138515472e-06,1.30385160446167e-08,-2.8888694941997528e-05,5.155336111783981e-05,-1.8834136426448822e-05,-1.960480585694313e-05,7.261056452989578e-06,0.0
val_L|L|s2,val_L|L|s2|m2,2,g99_before,g99_after,-3.259629011154175e-09,-3.259629011154175e-09,0.0,8.381903171539307e-09,-1.6763806343078613e-08,9.313225746154785e-10,6.984919309616089e-09,1.862645149230957e-09,-1.3969838619232178e-09,0.0
val_L|L|s2,val_L|L|s2|m4,4,g0_before,g0_after,-0.024726063013076782,-0.010662488639354706,0.014063574373722076,-1.5273690223693848e-06,0.0036333613097667694,0.004001479595899582,0.0025261789560317993,0.001951552927494049,0.001952528953552246,0.0
val_L|L|s2,val_L|L|s2|m4,4,g0_before,g24_before,-0.014740941114723682,-0.013716732151806355,0.0010242089629173279,-5.038455128669739e-07,0.0014344635419547558,0.002010530326515436,0.0004132455214858055,-4.204269498586655e-05,-0.002791483886539936,0.0
val_L|L|s2,val_L|L|s2|m4,4,g0_before,g24_after,-0.013411220628768206,-0.010898939333856106,0.0025122812949121,-6.244517862796783e-07,0.002103959210216999,0.0017966348677873611,0.0010897107422351837,0.00038834381848573685,-0.0028657428920269012,0.0
val_L|L|s2,val_L|L|s2|m4,4,g0_before,g49_before,-0.01645313622429967,-0.013407700695097446,0.003045435529202223,-4.0140002965927124e-07,0.002063109539449215,0.001902346033602953,0.0010629445314407349,0.0005739321932196617,-0.0025564953684806824,0.0
val_L|L|s2,val_L|L|s2|m4,4,g0_before,g49_after,-0.017852647695690393,-0.015079747885465622,0.0027728998102247715,-3.5762786865234375e-07,0.0025904285721480846,0.0011207899078726768,0.0010830555111169815,0.0005652979016304016,-0.0025863144546747208,0.0
val_L|L|s2,val_L|L|s2|m4,4,g0_before,g74_before,-0.0154825528152287,-0.012592166662216187,0.002890386153012514,-1.126900315284729e-07,0.0022186143323779106,0.0015092832036316395,0.0012785950675606728,0.00039617065340280533,-0.0025121644139289856,0.0
val_L|L|s2,val_L|L|s2|m4,4,g0_before,g74_after,-0.015651722438633442,-0.012789244763553143,0.0028624776750802994,-1.0849907994270325e-07,0.0022105365060269833,0.001508636400103569,0.0012760264798998833,0.00038605742156505585,-0.0025186706334352493,0.0
val_L|L|s2,val_L|L|s2|m4,4,g0_before,g99_before,-0.018031323328614235,-0.01526246964931488,0.0027688536792993546,-7.729977369308472e-08,0.0021787788718938828,0.0012931209057569504,0.0015535084530711174,0.00032859668135643005,-0.002585073933005333,0.0
val_L|L|s2,val_L|L|s2|m4,4,g0_before,g99_after,-0.01803133776411414,-0.015262458473443985,0.0027688792906701565,-7.031485438346863e-08,0.0021787709556519985,0.0012931344099342823,0.001553528942167759,0.0003285985440015793,-0.002585083246231079,0.0
val_L|L|s2,val_L|L|s2|m4,4,g0_after,g24_before,0.0099851218983531,-0.0030542435124516487,-0.013039365410804749,1.0235235095024109e-06,-0.0021988977678120136,-0.0019909492693841457,-0.002112933434545994,-0.0019935956224799156,-0.004744012840092182,0.0
val_L|L|s2,val_L|L|s2|m4,4,g0_after,g24_after,0.011314842384308577,-0.0002364506945014,-0.011551293078809977,9.029172360897064e-07,-0.0015294020995497704,-0.0022048447281122208,-0.0014364682137966156,-0.0015632091090083122,-0.004818271845579147,0.0
val_L|L|s2,val_L|L|s2|m4,4,g0_after,g49_before,0.008272926788777113,-0.0027452120557427406,-0.011018138844519854,1.1259689927101135e-06,-0.0015702517703175545,-0.002099133562296629,-0.0014632344245910645,-0.0013776207342743874,-0.0045090243220329285,0.0
val_L|L|s2,val_L|L|s2|m4,4,g0_after,g49_after,0.006873415317386389,-0.004417259246110916,-0.011290674563497305,1.169741153717041e-06,-0.0010429327376186848,-0.002880689688026905,-0.0014431234449148178,-0.0013862550258636475,-0.004538843408226967,0.0
val_L|L|s2,val_L|L|s2|m4,4,g0_after,g74_before,0.009243510197848082,-0.0019296780228614807,-0.011173188220709562,1.4146789908409119e-06,-0.0014147469773888588,-0.0024921963922679424,-0.0012475838884711266,-0.0015553822740912437,-0.004464693367481232,0.0
val_L|L|s2,val_L|L|s2|m4,4,g0_after,g74_after,0.00907434057444334,-0.0021267561241984367,-0.011201096698641777,1.4188699424266815e-06,-0.0014228248037397861,-0.002492843195796013,-0.001250152476131916,-0.0015654955059289932,-0.004471199586987495,0.0
val_L|L|s2,val_L|L|s2|m4,4,g0_after,g99_before,0.006694739684462547,-0.0045999810099601746,-0.011294720694422722,1.4500692486763e-06,-0.0014545824378728867,-0.0027083586901426315,-0.0009726705029606819,-0.001622956246137619,-0.004537602886557579,0.0
val_L|L|s2,val_L|L|s2|m4,4,g0_after,g99_after,0.006694725248962641,-0.004599969834089279,-0.01129469508305192,1.4570541679859161e-06,-0.0014545903541147709,-0.0027083451859652996,-0.0009726500138640404,-0.0016229543834924698,-0.004537612199783325,0.0
val_L|L|s2,val_L|L|s2|m4,4,g24_before,g24_after,0.0013297204859554768,0.0028177928179502487,0.001488072331994772,-1.2060627341270447e-07,0.0006694956682622433,-0.00021389545872807503,0.0006764652207493782,0.0004303865134716034,-7.425900548696518e-05,0.0
val_L|L|s2,val_L|L|s2|m4,4,g24_before,g49_before,-0.0017121951095759869,0.0003090314567089081,0.002021226566284895,1.0244548320770264e-07,0.0006286459974944592,-0.00010818429291248322,0.0006496990099549294,0.0006159748882055283,0.0002349885180592537,0.0
val_L|L|s2,val_L|L|s2|m4,4,g24_before,g49_after,-0.003111706580966711,-0.0013630157336592674,0.0017486908473074436,1.4621764421463013e-07,0.0011559650301933289,-0.0008897404186427593,0.000669809989631176,0.0006073405966162682,0.0002051694318652153,0.0
val_L|L|s2,val_L|L|s2|m4,4,g24_before,g74_before,-0.0007416117005050182,0.001124565489590168,0.0018661771900951862,3.91155481338501e-07,0.0007841507904231548,-0.0005012471228837967,0.0008653495460748672,0.0004382133483886719,0.00027931947261095047,0.0
val_L|L|s2,val_L|L|s2|m4,4,g24_before,g74_after,-0.0009107813239097595,0.000927487388253212,0.0018382687121629715,3.9534643292427063e-07,0.0007760729640722275,-0.0005018939264118671,0.0008627809584140778,0.0004281001165509224,0.00027281325310468674,0.0
val_L|L|s2,val_L|L|s2|m4,4,g24_before,g99_before,-0.0032903822138905525,-0.0015457374975085258,0.0017446447163820267,4.2654573917388916e-07,0.000744315329939127,-0.0007174094207584858,0.0011402629315853119,0.0003706393763422966,0.00020640995353460312,0.0
val_L|L|s2,val_L|L|s2|m4,4,g24_before,g99_after,-0.003290396649390459,-0.0015457263216376305,0.0017446703277528286,4.3353065848350525e-07,0.0007443074136972427,-0.0007173959165811539,0.0011402834206819534,0.00037064123898744583,0.00020640064030885696,0.0
val_L|L|s2,val_L|L|s2|m4,4,g24_after,g49_before,-0.0030419155955314636,-0.0025087613612413406,0.000533154234290123,2.230517566204071e-07,-4.084967076778412e-05,0.00010571116581559181,-2.6766210794448853e-05,0.00018558837473392487,0.00030924752354621887,0.0
val_L|L|s2,val_L|L|s2|m4,4,g24_after,g49_after,-0.004441427066922188,-0.004180808551609516,0.00026061851531267166,2.668239176273346e-07,0.0004864693619310856,-0.0006758449599146843,-6.6552311182022095e-06,0.00017695408314466476,0.0002794284373521805,0.0
val_L|L|s2,val_L|L|s2|m4,4,g24_after,g74_before,-0.002071332186460495,-0.0016932273283600807,0.0003781048581004143,5.117617547512054e-07,0.00011465512216091156,-0.00028735166415572166,0.00018888432532548904,7.826834917068481e-06,0.00035357847809791565,0.0
val_L|L|s2,val_L|L|s2|m4,4,g24_after,g74_after,-0.0022405018098652363,-0.0018903054296970367,0.00035019638016819954,5.159527063369751e-07,0.00010657729580998421,-0.0002879984676837921,0.00018631573766469955,-2.2863969206809998e-06,0.0003470722585916519,0.0
val_L|L|s2,val_L|L|s2|m4,4,g24_after,g99_before,-0.004620102699846029,-0.004363530315458775,0.0002565723843872547,5.471520125865936e-07,7.48196616768837e-05,-0.0005035139620304108,0.0004637977108359337,-5.974713712930679e-05,0.0002806689590215683,0.0
val_L|L|s2,val_L|L|s2|m4,4,g24_after,g99_after,-0.004620117135345936,-0.004363519139587879,0.00025659799575805664,5.541369318962097e-07,7.481174543499947e-05,-0.0005035004578530788,0.0004638181999325752,-5.974527448415756e-05,0.00028065964579582214,0.0
val_L|L|s2,val_L|L|s2|m4,4,g49_before,g49_after,-0.0013995114713907242,-0.0016720471903681755,-0.0002725357189774513,4.377216100692749e-08,0.0005273190326988697,-0.0007815561257302761,2.0110979676246643e-05,-8.634291589260101e-06,-2.981908619403839e-05,0.0
val_L|L|s2,val_L|L|s2|m4,4,g49_before,g74_before,0.0009705834090709686,0.0008155340328812599,-0.0001550493761897087,2.8870999813079834e-07,0.00015550479292869568,-0.0003930628299713135,0.0002156505361199379,-0.00017776153981685638,4.433095455169678e-05,0.0
val_L|L|s2,val_L|L|s2|m4,4,g49_before,g74_after,0.0008014137856662273,0.0006184559315443039,-0.00018295785412192345,2.92900949716568e-07,0.00014742696657776833,-0.0003937096334993839,0.0002130819484591484,-0.00018787477165460587,3.7824735045433044e-05,0.0
val_L|L|s2,val_L|L|s2|m4,4,g49_before,g99_before,-0.0015781871043145657,-0.001854768954217434,-0.00027658184990286827,3.241002559661865e-07,0.00011566933244466782,-0.0006092251278460026,0.0004905639216303825,-0.00024533551186323166,-2.8578564524650574e-05,0.0
val_L|L|s2,val_L|L|s2|m4,4,g49_before,g99_after,-0.0015782015398144722,-0.0018547577783465385,-0.00027655623853206635,3.310851752758026e-07,0.00011566141620278358,-0.0006092116236686707,0.0004905844107270241,-0.00024533364921808243,-2.858787775039673e-05,0.0
val_L|L|s2,val_L|L|s2|m4,4,g49_after,g74_before,0.002370094880461693,0.0024875812232494354,0.00011748634278774261,2.4493783712387085e-07,-0.000371814239770174,0.00038849329575896263,0.00019553955644369125,-0.00016912724822759628,7.415004074573517e-05,0.0
val_L|L|s2,val_L|L|s2|m4,4,g49_after,g74_after,0.0022009252570569515,0.0022905031219124794,8.957786485552788e-05,2.491287887096405e-07,-0.0003798920661211014,0.0003878464922308922,0.00019297096878290176,-0.00017924048006534576,6.764382123947144e-05,0.0
val_L|L|s2,val_L|L|s2|m4,4,g49_after,g99_before,-0.00017867563292384148,-0.00018272176384925842,-4.046130925416946e-06,2.8032809495925903e-07,-0.0004116497002542019,0.00017233099788427353,0.0004704529419541359,-0.00023670122027397156,1.2405216693878174e-06,0.0
val_L|L|s2,val_L|L|s2|m4,4,g49_after,g99_after,-0.00017869006842374802,-0.00018271058797836304,-4.020519554615021e-06,2.873130142688751e-07,-0.0004116576164960861,0.00017234450206160545,0.00047047343105077744,-0.00023669935762882233,1.2312084436416626e-06,0.0
val_L|L|s2,val_L|L|s2|m4,4,g74_before,g74_after,-0.0001691696234047413,-0.00019707810133695602,-2.7908477932214737e-05,4.190951585769653e-09,-8.077826350927353e-06,-6.468035280704498e-07,-2.5685876607894897e-06,-1.0113231837749481e-05,-6.506219506263733e-06,0.0
val_L|L|s2,val_L|L|s2|m4,4,g74_before,g99_before,-0.0025487705133855343,-0.002670302987098694,-0.00012153247371315956,3.5390257835388184e-08,-3.983546048402786e-05,-0.0002161622978746891,0.00027491338551044464,-6.757397204637527e-05,-7.290951907634735e-05,0.0
val_L|L|s2,val_L|L|s2|m4,4,g74_before,g99_after,-0.002548784948885441,-0.0026702918112277985,-0.00012150686234235764,4.237517714500427e-08,-3.9843376725912094e-05,-0.00021614879369735718,0.0002749338746070862,-6.757210940122604e-05,-7.29188323020935e-05,0.0
val_L|L|s2,val_L|L|s2|m4,4,g74_after,g99_before,-0.002379600889980793,-0.002473224885761738,-9.362399578094482e-05,3.119930624961853e-08,-3.175763413310051e-05,-0.00021551549434661865,0.00027748197317123413,-5.7460740208625793e-05,-6.640329957008362e-05,0.0
val_L|L|s2,val_L|L|s2|m4,4,g74_after,g99_after,-0.0023796153254806995,-0.0024732137098908424,-9.35983844101429e-05,3.818422555923462e-08,-3.176555037498474e-05,-0.00021550199016928673,0.00027750246226787567,-5.745887756347656e-05,-6.641261279582977e-05,0.0
val_L|L|s2,val_L|L|s2|m4,4,g99_before,g99_after,-1.4435499906539917e-08,1.1175870895385742e-08,2.561137080192566e-08,6.984919309616089e-09,-7.916241884231567e-09,1.3504177331924438e-08,2.0489096641540527e-08,1.862645149230957e-09,-9.313225746154785e-09,0.0
