phase,split,run_path,action_unit_version,arm,encoder_version,environment_metric_abs_error,model_version,mpc_iter,native_same_version_cost_abs_error,native_same_version_cost_online,native_same_version_cost_replay,objective_version,oracle_wall_s,passed,predictor_version,prefix_environment_actions,prefix_model_actions,proprio_max_abs_error,real_history_id,rgb_exact_pixel_match_rate,rgb_max_abs_error,rgb_mean_abs_error,run_id,sample_id,seed,shape,sidecar,state_max_abs_error
development,val_T,D:\EV-TTT\adajepa_official_51d8665\artifacts\development\val_T_frozen_n3,pushobj_norm_envapi_v1,FROZEN,0,"{""state_dist"": 0.0, ""success"": 0.0}",0,0,0.0,0.7687517404556274,0.7687517404556274,0,0.003707600000000255,True,0,0,0,0.0,s0_history_mpc0,1.0,0,0.0,dev_valT_frozen_n3,0,1,T,D:\EV-TTT\adajepa_official_51d8665\artifacts\development\val_T_frozen_n3\oracle\sample_000\s0_history_mpc0_anchor.npz,0.0
development,val_T,D:\EV-TTT\adajepa_official_51d8665\artifacts\development\val_T_frozen_n3,pushobj_norm_envapi_v1,FROZEN,0,"{""state_dist"": 0.0, ""success"": 0.0}",0,1,0.0,0.5075474977493286,0.5075474977493286,0,0.014581200000000294,True,0,5,1,0.0,s0_history_mpc1,1.0,0,0.0,dev_valT_frozen_n3,0,1,T,D:\EV-TTT\adajepa_official_51d8665\artifacts\development\val_T_frozen_n3\oracle\sample_000\s0_history_mpc1_anchor.npz,0.0
development,val_T,D:\EV-TTT\adajepa_official_51d8665\artifacts\development\val_T_frozen_n3,pushobj_norm_envapi_v1,FROZEN,0,"{""state_dist"": 0.0, ""success"": 0.0}",0,2,0.0,0.29073724150657654,0.29073724150657654,0,0.031297700000003204,True,0,10,2,0.0,s0_history_mpc2,1.0,0,0.0,dev_valT_frozen_n3,0,1,T,D:\EV-TTT\adajepa_official_51d8665\artifacts\development\val_T_frozen_n3\oracle\sample_000\s0_history_mpc2_anchor.npz,0.0
development,val_T,D:\EV-TTT\adajepa_official_51d8665\artifacts\development\val_T_frozen_n3,pushobj_norm_envapi_v1,FROZEN,0,"{""state_dist"": 0.0, ""success"": 0.0}",0,3,0.0,0.12177351117134094,0.12177351117134094,0,0.048617400000001254,True,0,15,3,0.0,s0_history_mpc3,1.0,0,0.0,dev_valT_frozen_n3,0,1,T,D:\EV-TTT\adajepa_official_51d8665\artifacts\development\val_T_frozen_n3\oracle\sample_000\s0_history_mpc3_anchor.npz,0.0
development,val_T,D:\EV-TTT\adajepa_official_51d8665\artifacts\development\val_T_frozen_n3,pushobj_norm_envapi_v1,FROZEN,0,"{""state_dist"": 0.0, ""success"": 0.0}",0,4,0.0,0.09058825671672821,0.09058825671672821,0,0.06883189999999928,True,0,20,4,0.0,s0_history_mpc4,1.0,0,0.0,dev_valT_frozen_n3,0,1,T,D:\EV-TTT\adajepa_official_51d8665\artifacts\development\val_T_frozen_n3\oracle\sample_000\s0_history_mpc4_anchor.npz,0.0
development,val_T,D:\EV-TTT\adajepa_official_51d8665\artifacts\development\val_T_frozen_n3,pushobj_norm_envapi_v1,FROZEN,0,"{""state_dist"": 0.0, ""success"": 0.0}",0,5,0.0,0.11203299462795258,0.11203299462795258,0,0.0804227999999938,True,0,25,5,0.0,s0_history_mpc5,1.0,0,0.0,dev_valT_frozen_n3,0,1,T,D:\EV-TTT\adajepa_official_51d8665\artifacts\development\val_T_frozen_n3\oracle\sample_000\s0_history_mpc5_anchor.npz,0.0
development,val_T,D:\EV-TTT\adajepa_official_51d8665\artifacts\development\val_T_frozen_n3,pushobj_norm_envapi_v1,FROZEN,0,"{""state_dist"": 0.0, ""success"": 0.0}",0,6,0.0,0.04044196009635925,0.04044196009635925,0,0.09335060000000084,True,0,30,6,0.0,s0_history_mpc6,1.0,0,0.0,dev_valT_frozen_n3,0,1,T,D:\EV-TTT\adajepa_official_51d8665\artifacts\development\val_T_frozen_n3\oracle\sample_000\s0_history_mpc6_anchor.npz,0.0
development,val_T,D:\EV-TTT\adajepa_official_51d8665\artifacts\development\val_T_frozen_n3,pushobj_norm_envapi_v1,FROZEN,0,"{""state_dist"": 0.0, ""success"": 0.0}",0,7,0.0,0.03241047263145447,0.03241047263145447,0,0.10858230000000191,True,0,35,7,0.0,s0_history_mpc7,1.0,0,0.0,dev_valT_frozen_n3,0,1,T,D:\EV-TTT\adajepa_official_51d8665\artifacts\development\val_T_frozen_n3\oracle\sample_000\s0_history_mpc7_anchor.npz,0.0
development,val_T,D:\EV-TTT\adajepa_official_51d8665\artifacts\development\val_T_frozen_n3,pushobj_norm_envapi_v1,FROZEN,0,"{""state_dist"": 0.0, ""success"": 0.0}",0,8,0.0,0.032064445316791534,0.032064445316791534,0,0.12067049999998858,True,0,40,8,0.0,s0_history_mpc8,1.0,0,0.0,dev_valT_frozen_n3,0,1,T,D:\EV-TTT\adajepa_official_51d8665\artifacts\development\val_T_frozen_n3\oracle\sample_000\s0_history_mpc8_anchor.npz,0.0
development,val_T,D:\EV-TTT\adajepa_official_51d8665\artifacts\development\val_T_frozen_n3,pushobj_norm_envapi_v1,FROZEN,0,"{""state_dist"": 0.0, ""success"": 0.0}",0,9,0.0,0.030406691133975983,0.030406691133975983,0,0.13336650000000816,True,0,45,9,0.0,s0_history_mpc9,1.0,0,0.0,dev_valT_frozen_n3,0,1,T,D:\EV-TTT\adajepa_official_51d8665\artifacts\development\val_T_frozen_n3\oracle\sample_000\s0_history_mpc9_anchor.npz,0.0
development,val_T,D:\EV-TTT\adajepa_official_51d8665\artifacts\development\val_T_frozen_n3,pushobj_norm_envapi_v1,FROZEN,0,"{""state_dist"": 0.0, ""success"": 0.0}",0,10,0.0,0.030453220009803772,0.030453220009803772,0,0.14059480000000235,True,0,50,10,0.0,s0_history_mpc10,1.0,0,0.0,dev_valT_frozen_n3,0,1,T,D:\EV-TTT\adajepa_official_51d8665\artifacts\development\val_T_frozen_n3\oracle\sample_000\s0_history_mpc10_anchor.npz,0.0
development,val_T,D:\EV-TTT\adajepa_official_51d8665\artifacts\development\val_T_frozen_n3,pushobj_norm_envapi_v1,FROZEN,0,"{""state_dist"": 0.0, ""success"": 0.0}",0,11,0.0,0.030250610783696175,0.030250610783696175,0,0.14617459999999483,True,0,55,11,0.0,s0_history_mpc11,1.0,0,0.0,dev_valT_frozen_n3,0,1,T,D:\EV-TTT\adajepa_official_51d8665\artifacts\development\val_T_frozen_n3\oracle\sample_000\s0_history_mpc11_anchor.npz,0.0
development,val_T,D:\EV-TTT\adajepa_official_51d8665\artifacts\development\val_T_frozen_n3,pushobj_norm_envapi_v1,FROZEN,0,"{""state_dist"": 0.0, ""success"": 0.0}",0,12,0.0,0.03284575417637825,0.03284575417637825,0,0.15059939999999017,True,0,60,12,0.0,s0_history_mpc12,1.0,0,0.0,dev_valT_frozen_n3,0,1,T,D:\EV-TTT\adajepa_official_51d8665\artifacts\development\val_T_frozen_n3\oracle\sample_000\s0_history_mpc12_anchor.npz,0.0
development,val_T,D:\EV-TTT\adajepa_official_51d8665\artifacts\development\val_T_frozen_n3,pushobj_norm_envapi_v1,FROZEN,0,"{""state_dist"": 0.0, ""success"": 0.0}",0,13,0.0,0.0315948948264122,0.0315948948264122,0,0.16574939999999572,True,0,65,13,0.0,s0_history_mpc13,1.0,0,0.0,dev_valT_frozen_n3,0,1,T,D:\EV-TTT\adajepa_official_51d8665\artifacts\development\val_T_frozen_n3\oracle\sample_000\s0_history_mpc13_anchor.npz,0.0
development,val_T,D:\EV-TTT\adajepa_official_51d8665\artifacts\development\val_T_frozen_n3,pushobj_norm_envapi_v1,FROZEN,0,"{""state_dist"": 0.0, ""success"": 0.0}",0,14,0.0,0.0317649319767952,0.0317649319767952,0,0.17561220000000333,True,0,70,14,0.0,s0_history_mpc14,1.0,0,0.0,dev_valT_frozen_n3,0,1,T,D:\EV-TTT\adajepa_official_51d8665\artifacts\development\val_T_frozen_n3\oracle\sample_000\s0_history_mpc14_anchor.npz,0.0
development,val_T,D:\EV-TTT\adajepa_official_51d8665\artifacts\development\val_T_frozen_n3,pushobj_norm_envapi_v1,FROZEN,0,"{""state_dist"": 0.0, ""success"": 0.0}",0,15,0.0,0.03149832412600517,0.03149832412600517,0,0.18595229999999674,True,0,75,15,0.0,s0_history_mpc15,1.0,0,0.0,dev_valT_frozen_n3,0,1,T,D:\EV-TTT\adajepa_official_51d8665\artifacts\development\val_T_frozen_n3\oracle\sample_000\s0_history_mpc15_anchor.npz,0.0
development,val_T,D:\EV-TTT\adajepa_official_51d8665\artifacts\development\val_T_frozen_n3,pushobj_norm_envapi_v1,FROZEN,0,"{""state_dist"": 0.0, ""success"": 0.0}",0,16,0.0,0.032774243503808975,0.032774243503808975,0,0.1950377000000003,True,0,80,16,0.0,s0_history_mpc16,1.0,0,0.0,dev_valT_frozen_n3,0,1,T,D:\EV-TTT\adajepa_official_51d8665\artifacts\development\val_T_frozen_n3\oracle\sample_000\s0_history_mpc16_anchor.npz,0.0
development,val_T,D:\EV-TTT\adajepa_official_51d8665\artifacts\development\val_T_frozen_n3,pushobj_norm_envapi_v1,FROZEN,0,"{""state_dist"": 0.0, ""success"": 0.0}",0,17,0.0,0.03126700595021248,0.03126700595021248,0,0.21341639999999984,True,0,85,17,0.0,s0_history_mpc17,1.0,0,0.0,dev_valT_frozen_n3,0,1,T,D:\EV-TTT\adajepa_official_51d8665\artifacts\development\val_T_frozen_n3\oracle\sample_000\s0_history_mpc17_anchor.npz,0.0
development,val_T,D:\EV-TTT\adajepa_official_51d8665\artifacts\development\val_T_frozen_n3,pushobj_norm_envapi_v1,FROZEN,0,"{""state_dist"": 0.0, ""success"": 0.0}",0,18,0.0,0.03172741085290909,0.03172741085290909,0,0.21124530000000163,True,0,90,18,0.0,s0_history_mpc18,1.0,0,0.0,dev_valT_frozen_n3,0,1,T,D:\EV-TTT\adajepa_official_51d8665\artifacts\development\val_T_frozen_n3\oracle\sample_000\s0_history_mpc18_anchor.npz,0.0
development,val_T,D:\EV-TTT\adajepa_official_51d8665\artifacts\development\val_T_frozen_n3,pushobj_norm_envapi_v1,FROZEN,0,"{""state_dist"": 0.0, ""success"": 0.0}",0,19,0.0,0.03219251334667206,0.03219251334667206,0,0.2376265999999987,True,0,95,19,0.0,s0_history_mpc19,1.0,0,0.0,dev_valT_frozen_n3,0,1,T,D:\EV-TTT\adajepa_official_51d8665\artifacts\development\val_T_frozen_n3\oracle\sample_000\s0_history_mpc19_anchor.npz,0.0
development,val_T,D:\EV-TTT\adajepa_official_51d8665\artifacts\development\val_T_frozen_n3,pushobj_norm_envapi_v1,FROZEN,0,"{""state_dist"": 0.0, ""success"": 0.0}",0,0,0.0,0.06896054744720459,0.06896054744720459,0,0.0030842999999833864,True,0,0,0,0.0,s1_history_mpc0,1.0,0,0.0,dev_valT_frozen_n3,1,101,T,D:\EV-TTT\adajepa_official_51d8665\artifacts\development\val_T_frozen_n3\oracle\sample_001\s1_history_mpc0_anchor.npz,0.0
development,val_T,D:\EV-TTT\adajepa_official_51d8665\artifacts\development\val_T_frozen_n3,pushobj_norm_envapi_v1,FROZEN,0,"{""state_dist"": 0.0, ""success"": 0.0}",0,1,0.0,0.04448016360402107,0.04448016360402107,0,0.018645399999996926,True,0,5,1,0.0,s1_history_mpc1,1.0,0,0.0,dev_valT_frozen_n3,1,101,T,D:\EV-TTT\adajepa_official_51d8665\artifacts\development\val_T_frozen_n3\oracle\sample_001\s1_history_mpc1_anchor.npz,0.0
development,val_T,D:\EV-TTT\adajepa_official_51d8665\artifacts\development\val_T_frozen_n3,pushobj_norm_envapi_v1,FROZEN,0,"{""state_dist"": 0.0, ""success"": 0.0}",0,2,0.0,0.035319916903972626,0.035319916903972626,0,0.02905160000000251,True,0,10,2,0.0,s1_history_mpc2,1.0,0,0.0,dev_valT_frozen_n3,1,101,T,D:\EV-TTT\adajepa_official_51d8665\artifacts\development\val_T_frozen_n3\oracle\sample_001\s1_history_mpc2_anchor.npz,0.0
development,val_T,D:\EV-TTT\adajepa_official_51d8665\artifacts\development\val_T_frozen_n3,pushobj_norm_envapi_v1,FROZEN,0,"{""state_dist"": 0.0, ""success"": 0.0}",0,3,0.0,0.04477204382419586,0.04477204382419586,0,0.04761579999998844,True,0,15,3,0.0,s1_history_mpc3,1.0,0,0.0,dev_valT_frozen_n3,1,101,T,D:\EV-TTT\adajepa_official_51d8665\artifacts\development\val_T_frozen_n3\oracle\sample_001\s1_history_mpc3_anchor.npz,0.0
development,val_T,D:\EV-TTT\adajepa_official_51d8665\artifacts\development\val_T_frozen_n3,pushobj_norm_envapi_v1,FROZEN,0,"{""state_dist"": 0.0, ""success"": 0.0}",0,4,0.0,0.05687359720468521,0.05687359720468521,0,0.06448299999999563,True,0,20,4,0.0,s1_history_mpc4,1.0,0,0.0,dev_valT_frozen_n3,1,101,T,D:\EV-TTT\adajepa_official_51d8665\artifacts\development\val_T_frozen_n3\oracle\sample_001\s1_history_mpc4_anchor.npz,0.0
development,val_T,D:\EV-TTT\adajepa_official_51d8665\artifacts\development\val_T_frozen_n3,pushobj_norm_envapi_v1,FROZEN,0,"{""state_dist"": 0.0, ""success"": 0.0}",0,5,0.0,0.03743905574083328,0.03743905574083328,0,0.08725899999998887,True,0,25,5,0.0,s1_history_mpc5,1.0,0,0.0,dev_valT_frozen_n3,1,101,T,D:\EV-TTT\adajepa_official_51d8665\artifacts\development\val_T_frozen_n3\oracle\sample_001\s1_history_mpc5_anchor.npz,0.0
development,val_T,D:\EV-TTT\adajepa_official_51d8665\artifacts\development\val_T_frozen_n3,pushobj_norm_envapi_v1,FROZEN,0,"{""state_dist"": 0.0, ""success"": 0.0}",0,0,0.0,3.1055209636688232,3.1055209636688232,0,0.0027310000000113632,True,0,0,0,0.0,s2_history_mpc0,1.0,0,0.0,dev_valT_frozen_n3,2,201,T,D:\EV-TTT\adajepa_official_51d8665\artifacts\development\val_T_frozen_n3\oracle\sample_002\s2_history_mpc0_anchor.npz,0.0
development,val_T,D:\EV-TTT\adajepa_official_51d8665\artifacts\development\val_T_frozen_n3,pushobj_norm_envapi_v1,FROZEN,0,"{""state_dist"": 0.0, ""success"": 0.0}",0,1,0.0,2.423819065093994,2.423819065093994,0,0.020966299999997773,True,0,5,1,0.0,s2_history_mpc1,1.0,0,0.0,dev_valT_frozen_n3,2,201,T,D:\EV-TTT\adajepa_official_51d8665\artifacts\development\val_T_frozen_n3\oracle\sample_002\s2_history_mpc1_anchor.npz,0.0
development,val_T,D:\EV-TTT\adajepa_official_51d8665\artifacts\development\val_T_frozen_n3,pushobj_norm_envapi_v1,FROZEN,0,"{""state_dist"": 0.0, ""success"": 0.0}",0,2,0.0,1.5909640789031982,1.5909640789031982,0,0.03700420000001259,True,0,10,2,0.0,s2_history_mpc2,1.0,0,0.0,dev_valT_frozen_n3,2,201,T,D:\EV-TTT\adajepa_official_51d8665\artifacts\development\val_T_frozen_n3\oracle\sample_002\s2_history_mpc2_anchor.npz,0.0
development,val_T,D:\EV-TTT\adajepa_official_51d8665\artifacts\development\val_T_frozen_n3,pushobj_norm_envapi_v1,FROZEN,0,"{""state_dist"": 0.0, ""success"": 0.0}",0,3,0.0,0.9424833059310913,0.9424833059310913,0,0.0584801999999911,True,0,15,3,0.0,s2_history_mpc3,1.0,0,0.0,dev_valT_frozen_n3,2,201,T,D:\EV-TTT\adajepa_official_51d8665\artifacts\development\val_T_frozen_n3\oracle\sample_002\s2_history_mpc3_anchor.npz,0.0
development,val_T,D:\EV-TTT\adajepa_official_51d8665\artifacts\development\val_T_frozen_n3,pushobj_norm_envapi_v1,FROZEN,0,"{""state_dist"": 0.0, ""success"": 0.0}",0,4,0.0,0.4808773100376129,0.4808773100376129,0,0.08287949999999,True,0,20,4,0.0,s2_history_mpc4,1.0,0,0.0,dev_valT_frozen_n3,2,201,T,D:\EV-TTT\adajepa_official_51d8665\artifacts\development\val_T_frozen_n3\oracle\sample_002\s2_history_mpc4_anchor.npz,0.0
development,val_T,D:\EV-TTT\adajepa_official_51d8665\artifacts\development\val_T_frozen_n3,pushobj_norm_envapi_v1,FROZEN,0,"{""state_dist"": 0.0, ""success"": 0.0}",0,5,0.0,0.11049607396125793,0.11049607396125793,0,0.09345100000001594,True,0,25,5,0.0,s2_history_mpc5,1.0,0,0.0,dev_valT_frozen_n3,2,201,T,D:\EV-TTT\adajepa_official_51d8665\artifacts\development\val_T_frozen_n3\oracle\sample_002\s2_history_mpc5_anchor.npz,0.0
development,val_T,D:\EV-TTT\adajepa_official_51d8665\artifacts\development\val_T_official_n3_attempt2,pushobj_norm_envapi_v1,OFFICIAL_ADAJEPA,0,"{""state_dist"": 0.0, ""success"": 0.0}",0,0,0.0,0.7687517404556274,0.7687517404556274,0,0.003967599999999294,True,0,0,0,0.0,s0_history_mpc0,1.0,0,0.0,dev_valT_official_n3,0,1,T,D:\EV-TTT\adajepa_official_51d8665\artifacts\development\val_T_official_n3_attempt2\oracle\sample_000\s0_history_mpc0_anchor.npz,0.0
development,val_T,D:\EV-TTT\adajepa_official_51d8665\artifacts\development\val_T_official_n3_attempt2,pushobj_norm_envapi_v1,OFFICIAL_ADAJEPA,1,"{""state_dist"": 0.0, ""success"": 0.0}",1,1,0.0,0.5076594352722168,0.5076594352722168,0,0.021327299999999383,True,1,5,1,0.0,s0_history_mpc1,1.0,0,0.0,dev_valT_official_n3,0,1,T,D:\EV-TTT\adajepa_official_51d8665\artifacts\development\val_T_official_n3_attempt2\oracle\sample_000\s0_history_mpc1_anchor.npz,0.0
development,val_T,D:\EV-TTT\adajepa_official_51d8665\artifacts\development\val_T_official_n3_attempt2,pushobj_norm_envapi_v1,OFFICIAL_ADAJEPA,2,"{""state_dist"": 0.0, ""success"": 0.0}",2,2,0.0,0.28032028675079346,0.28032028675079346,0,0.035598999999997716,True,2,10,2,0.0,s0_history_mpc2,1.0,0,0.0,dev_valT_official_n3,0,1,T,D:\EV-TTT\adajepa_official_51d8665\artifacts\development\val_T_official_n3_attempt2\oracle\sample_000\s0_history_mpc2_anchor.npz,0.0
development,val_T,D:\EV-TTT\adajepa_official_51d8665\artifacts\development\val_T_official_n3_attempt2,pushobj_norm_envapi_v1,OFFICIAL_ADAJEPA,3,"{""state_dist"": 0.0, ""success"": 0.0}",3,3,0.0,0.14120818674564362,0.14120818674564362,0,0.05449769999999887,True,3,15,3,0.0,s0_history_mpc3,1.0,0,0.0,dev_valT_official_n3,0,1,T,D:\EV-TTT\adajepa_official_51d8665\artifacts\development\val_T_official_n3_attempt2\oracle\sample_000\s0_history_mpc3_anchor.npz,0.0
development,val_T,D:\EV-TTT\adajepa_official_51d8665\artifacts\development\val_T_official_n3_attempt2,pushobj_norm_envapi_v1,OFFICIAL_ADAJEPA,4,"{""state_dist"": 0.0, ""success"": 0.0}",4,4,0.0,0.11157406121492386,0.11157406121492386,0,0.0665805000000006,True,4,20,4,0.0,s0_history_mpc4,1.0,0,0.0,dev_valT_official_n3,0,1,T,D:\EV-TTT\adajepa_official_51d8665\artifacts\development\val_T_official_n3_attempt2\oracle\sample_000\s0_history_mpc4_anchor.npz,0.0
development,val_T,D:\EV-TTT\adajepa_official_51d8665\artifacts\development\val_T_official_n3_attempt2,pushobj_norm_envapi_v1,OFFICIAL_ADAJEPA,5,"{""state_dist"": 0.0, ""success"": 0.0}",5,5,0.0,0.11343424022197723,0.11343424022197723,0,0.08284929999999946,True,5,25,5,0.0,s0_history_mpc5,1.0,0,0.0,dev_valT_official_n3,0,1,T,D:\EV-TTT\adajepa_official_51d8665\artifacts\development\val_T_official_n3_attempt2\oracle\sample_000\s0_history_mpc5_anchor.npz,0.0
development,val_T,D:\EV-TTT\adajepa_official_51d8665\artifacts\development\val_T_official_n3_attempt2,pushobj_norm_envapi_v1,OFFICIAL_ADAJEPA,6,"{""state_dist"": 0.0, ""success"": 0.0}",6,6,0.0,0.04537954553961754,0.04537954553961754,0,0.10351659999999896,True,6,30,6,0.0,s0_history_mpc6,1.0,0,0.0,dev_valT_official_n3,0,1,T,D:\EV-TTT\adajepa_official_51d8665\artifacts\development\val_T_official_n3_attempt2\oracle\sample_000\s0_history_mpc6_anchor.npz,0.0
development,val_T,D:\EV-TTT\adajepa_official_51d8665\artifacts\development\val_T_official_n3_attempt2,pushobj_norm_envapi_v1,OFFICIAL_ADAJEPA,7,"{""state_dist"": 0.0, ""success"": 0.0}",7,7,0.0,0.019929924979805946,0.019929924979805946,0,0.11820829999999205,True,7,35,7,0.0,s0_history_mpc7,1.0,0,0.0,dev_valT_official_n3,0,1,T,D:\EV-TTT\adajepa_official_51d8665\artifacts\development\val_T_official_n3_attempt2\oracle\sample_000\s0_history_mpc7_anchor.npz,0.0
development,val_T,D:\EV-TTT\adajepa_official_51d8665\artifacts\development\val_T_official_n3_attempt2,pushobj_norm_envapi_v1,OFFICIAL_ADAJEPA,8,"{""state_dist"": 0.0, ""success"": 0.0}",8,8,0.0,0.02761930599808693,0.02761930599808693,0,0.12287699999998836,True,8,40,8,0.0,s0_history_mpc8,1.0,0,0.0,dev_valT_official_n3,0,1,T,D:\EV-TTT\adajepa_official_51d8665\artifacts\development\val_T_official_n3_attempt2\oracle\sample_000\s0_history_mpc8_anchor.npz,0.0
development,val_T,D:\EV-TTT\adajepa_official_51d8665\artifacts\development\val_T_official_n3_attempt2,pushobj_norm_envapi_v1,OFFICIAL_ADAJEPA,9,"{""state_dist"": 0.0, ""success"": 0.0}",9,9,0.0,0.0215347558259964,0.0215347558259964,0,0.13670050000000344,True,9,45,9,0.0,s0_history_mpc9,1.0,0,0.0,dev_valT_official_n3,0,1,T,D:\EV-TTT\adajepa_official_51d8665\artifacts\development\val_T_official_n3_attempt2\oracle\sample_000\s0_history_mpc9_anchor.npz,0.0
development,val_T,D:\EV-TTT\adajepa_official_51d8665\artifacts\development\val_T_official_n3_attempt2,pushobj_norm_envapi_v1,OFFICIAL_ADAJEPA,10,"{""state_dist"": 0.0, ""success"": 0.0}",10,10,0.0,0.021868867799639702,0.021868867799639702,0,0.14571519999999794,True,10,50,10,0.0,s0_history_mpc10,1.0,0,0.0,dev_valT_official_n3,0,1,T,D:\EV-TTT\adajepa_official_51d8665\artifacts\development\val_T_official_n3_attempt2\oracle\sample_000\s0_history_mpc10_anchor.npz,0.0
development,val_T,D:\EV-TTT\adajepa_official_51d8665\artifacts\development\val_T_official_n3_attempt2,pushobj_norm_envapi_v1,OFFICIAL_ADAJEPA,0,"{""state_dist"": 0.0, ""success"": 0.0}",0,0,0.0,0.06896054744720459,0.06896054744720459,0,0.002617400000005432,True,0,0,0,0.0,s1_history_mpc0,1.0,0,0.0,dev_valT_official_n3,1,101,T,D:\EV-TTT\adajepa_official_51d8665\artifacts\development\val_T_official_n3_attempt2\oracle\sample_001\s1_history_mpc0_anchor.npz,0.0
development,val_T,D:\EV-TTT\adajepa_official_51d8665\artifacts\development\val_T_official_n3_attempt2,pushobj_norm_envapi_v1,OFFICIAL_ADAJEPA,1,"{""state_dist"": 0.0, ""success"": 0.0}",1,1,0.0,0.04451018571853638,0.04451018571853638,0,0.018839500000012777,True,1,5,1,0.0,s1_history_mpc1,1.0,0,0.0,dev_valT_official_n3,1,101,T,D:\EV-TTT\adajepa_official_51d8665\artifacts\development\val_T_official_n3_attempt2\oracle\sample_001\s1_history_mpc1_anchor.npz,0.0
development,val_T,D:\EV-TTT\adajepa_official_51d8665\artifacts\development\val_T_official_n3_attempt2,pushobj_norm_envapi_v1,OFFICIAL_ADAJEPA,2,"{""state_dist"": 0.0, ""success"": 0.0}",2,2,0.0,0.038231879472732544,0.038231879472732544,0,0.0395298999999909,True,2,10,2,0.0,s1_history_mpc2,1.0,0,0.0,dev_valT_official_n3,1,101,T,D:\EV-TTT\adajepa_official_51d8665\artifacts\development\val_T_official_n3_attempt2\oracle\sample_001\s1_history_mpc2_anchor.npz,0.0
development,val_T,D:\EV-TTT\adajepa_official_51d8665\artifacts\development\val_T_official_n3_attempt2,pushobj_norm_envapi_v1,OFFICIAL_ADAJEPA,3,"{""state_dist"": 0.0, ""success"": 0.0}",3,3,0.0,0.03957921266555786,0.03957921266555786,0,0.0466754999999921,True,3,15,3,0.0,s1_history_mpc3,1.0,0,0.0,dev_valT_official_n3,1,101,T,D:\EV-TTT\adajepa_official_51d8665\artifacts\development\val_T_official_n3_attempt2\oracle\sample_001\s1_history_mpc3_anchor.npz,0.0
development,val_T,D:\EV-TTT\adajepa_official_51d8665\artifacts\development\val_T_official_n3_attempt2,pushobj_norm_envapi_v1,OFFICIAL_ADAJEPA,4,"{""state_dist"": 0.0, ""success"": 0.0}",4,4,0.0,0.058146022260189056,0.058146022260189056,0,0.07070260000000417,True,4,20,4,0.0,s1_history_mpc4,1.0,0,0.0,dev_valT_official_n3,1,101,T,D:\EV-TTT\adajepa_official_51d8665\artifacts\development\val_T_official_n3_attempt2\oracle\sample_001\s1_history_mpc4_anchor.npz,0.0
development,val_T,D:\EV-TTT\adajepa_official_51d8665\artifacts\development\val_T_official_n3_attempt2,pushobj_norm_envapi_v1,OFFICIAL_ADAJEPA,5,"{""state_dist"": 0.0, ""success"": 0.0}",5,5,0.0,0.04969867318868637,0.04969867318868637,0,0.0858353000000136,True,5,25,5,0.0,s1_history_mpc5,1.0,0,0.0,dev_valT_official_n3,1,101,T,D:\EV-TTT\adajepa_official_51d8665\artifacts\development\val_T_official_n3_attempt2\oracle\sample_001\s1_history_mpc5_anchor.npz,0.0
development,val_T,D:\EV-TTT\adajepa_official_51d8665\artifacts\development\val_T_official_n3_attempt2,pushobj_norm_envapi_v1,OFFICIAL_ADAJEPA,0,"{""state_dist"": 0.0, ""success"": 0.0}",0,0,0.0,3.1055209636688232,3.1055209636688232,0,0.0026370000000213167,True,0,0,0,0.0,s2_history_mpc0,1.0,0,0.0,dev_valT_official_n3,2,201,T,D:\EV-TTT\adajepa_official_51d8665\artifacts\development\val_T_official_n3_attempt2\oracle\sample_002\s2_history_mpc0_anchor.npz,0.0
development,val_T,D:\EV-TTT\adajepa_official_51d8665\artifacts\development\val_T_official_n3_attempt2,pushobj_norm_envapi_v1,OFFICIAL_ADAJEPA,1,"{""state_dist"": 0.0, ""success"": 0.0}",1,1,0.0,2.4362130165100098,2.4362130165100098,0,0.017858300000000327,True,1,5,1,0.0,s2_history_mpc1,1.0,0,0.0,dev_valT_official_n3,2,201,T,D:\EV-TTT\adajepa_official_51d8665\artifacts\development\val_T_official_n3_attempt2\oracle\sample_002\s2_history_mpc1_anchor.npz,0.0
development,val_T,D:\EV-TTT\adajepa_official_51d8665\artifacts\development\val_T_official_n3_attempt2,pushobj_norm_envapi_v1,OFFICIAL_ADAJEPA,2,"{""state_dist"": 0.0, ""success"": 0.0}",2,2,0.0,1.6149871349334717,1.6149871349334717,0,0.03595669999998563,True,2,10,2,0.0,s2_history_mpc2,1.0,0,0.0,dev_valT_official_n3,2,201,T,D:\EV-TTT\adajepa_official_51d8665\artifacts\development\val_T_official_n3_attempt2\oracle\sample_002\s2_history_mpc2_anchor.npz,0.0
development,val_T,D:\EV-TTT\adajepa_official_51d8665\artifacts\development\val_T_official_n3_attempt2,pushobj_norm_envapi_v1,OFFICIAL_ADAJEPA,3,"{""state_dist"": 0.0, ""success"": 0.0}",3,3,0.0,0.9491124749183655,0.9491124749183655,0,0.06681389999999965,True,3,15,3,0.0,s2_history_mpc3,1.0,0,0.0,dev_valT_official_n3,2,201,T,D:\EV-TTT\adajepa_official_51d8665\artifacts\development\val_T_official_n3_attempt2\oracle\sample_002\s2_history_mpc3_anchor.npz,0.0
development,val_T,D:\EV-TTT\adajepa_official_51d8665\artifacts\development\val_T_official_n3_attempt2,pushobj_norm_envapi_v1,OFFICIAL_ADAJEPA,4,"{""state_dist"": 0.0, ""success"": 0.0}",4,4,0.0,0.4291945993900299,0.4291945993900299,0,0.0675436000000218,True,4,20,4,0.0,s2_history_mpc4,1.0,0,0.0,dev_valT_official_n3,2,201,T,D:\EV-TTT\adajepa_official_51d8665\artifacts\development\val_T_official_n3_attempt2\oracle\sample_002\s2_history_mpc4_anchor.npz,0.0
development,val_T,D:\EV-TTT\adajepa_official_51d8665\artifacts\development\val_T_official_n3_attempt2,pushobj_norm_envapi_v1,OFFICIAL_ADAJEPA,5,"{""state_dist"": 0.0, ""success"": 0.0}",5,5,0.0,0.09782634675502777,0.09782634675502777,0,0.08118480000001682,True,5,25,5,0.0,s2_history_mpc5,1.0,0,0.0,dev_valT_official_n3,2,201,T,D:\EV-TTT\adajepa_official_51d8665\artifacts\development\val_T_official_n3_attempt2\oracle\sample_002\s2_history_mpc5_anchor.npz,0.0
development,val_T,D:\EV-TTT\adajepa_official_51d8665\artifacts\development\val_T_official_n3_attempt2,pushobj_norm_envapi_v1,OFFICIAL_ADAJEPA,6,"{""state_dist"": 0.0, ""success"": 0.0}",6,6,0.0,0.03415191173553467,0.03415191173553467,0,0.10834570000000099,True,6,30,6,0.0,s2_history_mpc6,1.0,0,0.0,dev_valT_official_n3,2,201,T,D:\EV-TTT\adajepa_official_51d8665\artifacts\development\val_T_official_n3_attempt2\oracle\sample_002\s2_history_mpc6_anchor.npz,0.0
development,val_T,D:\EV-TTT\adajepa_official_51d8665\artifacts\development\val_T_predictor_only_n3,pushobj_norm_envapi_v1,PREDICTOR_ONLY,0,"{""state_dist"": 0.0, ""success"": 0.0}",0,0,0.0,0.7687517404556274,0.7687517404556274,0,0.0038437000000008936,True,0,0,0,0.0,s0_history_mpc0,1.0,0,0.0,dev_valT_predictor_only_n3,0,1,T,D:\EV-TTT\adajepa_official_51d8665\artifacts\development\val_T_predictor_only_n3\oracle\sample_000\s0_history_mpc0_anchor.npz,0.0
development,val_T,D:\EV-TTT\adajepa_official_51d8665\artifacts\development\val_T_predictor_only_n3,pushobj_norm_envapi_v1,PREDICTOR_ONLY,0,"{""state_dist"": 0.0, ""success"": 0.0}",1,1,0.0,0.5075474977493286,0.5075474977493286,0,0.023258099999999615,True,1,5,1,0.0,s0_history_mpc1,1.0,0,0.0,dev_valT_predictor_only_n3,0,1,T,D:\EV-TTT\adajepa_official_51d8665\artifacts\development\val_T_predictor_only_n3\oracle\sample_000\s0_history_mpc1_anchor.npz,0.0
development,val_T,D:\EV-TTT\adajepa_official_51d8665\artifacts\development\val_T_predictor_only_n3,pushobj_norm_envapi_v1,PREDICTOR_ONLY,0,"{""state_dist"": 0.0, ""success"": 0.0}",2,2,0.0,0.28203338384628296,0.28203338384628296,0,0.035199999999999676,True,2,10,2,0.0,s0_history_mpc2,1.0,0,0.0,dev_valT_predictor_only_n3,0,1,T,D:\EV-TTT\adajepa_official_51d8665\artifacts\development\val_T_predictor_only_n3\oracle\sample_000\s0_history_mpc2_anchor.npz,0.0
development,val_T,D:\EV-TTT\adajepa_official_51d8665\artifacts\development\val_T_predictor_only_n3,pushobj_norm_envapi_v1,PREDICTOR_ONLY,0,"{""state_dist"": 0.0, ""success"": 0.0}",3,3,0.0,0.13555562496185303,0.13555562496185303,0,0.05795630000000074,True,3,15,3,0.0,s0_history_mpc3,1.0,0,0.0,dev_valT_predictor_only_n3,0,1,T,D:\EV-TTT\adajepa_official_51d8665\artifacts\development\val_T_predictor_only_n3\oracle\sample_000\s0_history_mpc3_anchor.npz,0.0
development,val_T,D:\EV-TTT\adajepa_official_51d8665\artifacts\development\val_T_predictor_only_n3,pushobj_norm_envapi_v1,PREDICTOR_ONLY,0,"{""state_dist"": 0.0, ""success"": 0.0}",4,4,0.0,0.1153763085603714,0.1153763085603714,0,0.0738416000000015,True,4,20,4,0.0,s0_history_mpc4,1.0,0,0.0,dev_valT_predictor_only_n3,0,1,T,D:\EV-TTT\adajepa_official_51d8665\artifacts\development\val_T_predictor_only_n3\oracle\sample_000\s0_history_mpc4_anchor.npz,0.0
development,val_T,D:\EV-TTT\adajepa_official_51d8665\artifacts\development\val_T_predictor_only_n3,pushobj_norm_envapi_v1,PREDICTOR_ONLY,0,"{""state_dist"": 0.0, ""success"": 0.0}",5,5,0.0,0.10471378266811371,0.10471378266811371,0,0.08117289999999855,True,5,25,5,0.0,s0_history_mpc5,1.0,0,0.0,dev_valT_predictor_only_n3,0,1,T,D:\EV-TTT\adajepa_official_51d8665\artifacts\development\val_T_predictor_only_n3\oracle\sample_000\s0_history_mpc5_anchor.npz,0.0
development,val_T,D:\EV-TTT\adajepa_official_51d8665\artifacts\development\val_T_predictor_only_n3,pushobj_norm_envapi_v1,PREDICTOR_ONLY,0,"{""state_dist"": 0.0, ""success"": 0.0}",6,6,0.0,0.035806119441986084,0.035806119441986084,0,0.10053279999999631,True,6,30,6,0.0,s0_history_mpc6,1.0,0,0.0,dev_valT_predictor_only_n3,0,1,T,D:\EV-TTT\adajepa_official_51d8665\artifacts\development\val_T_predictor_only_n3\oracle\sample_000\s0_history_mpc6_anchor.npz,0.0
development,val_T,D:\EV-TTT\adajepa_official_51d8665\artifacts\development\val_T_predictor_only_n3,pushobj_norm_envapi_v1,PREDICTOR_ONLY,0,"{""state_dist"": 0.0, ""success"": 0.0}",7,7,0.0,0.01955527439713478,0.01955527439713478,0,0.10829679999999087,True,7,35,7,0.0,s0_history_mpc7,1.0,0,0.0,dev_valT_predictor_only_n3,0,1,T,D:\EV-TTT\adajepa_official_51d8665\artifacts\development\val_T_predictor_only_n3\oracle\sample_000\s0_history_mpc7_anchor.npz,0.0
development,val_T,D:\EV-TTT\adajepa_official_51d8665\artifacts\development\val_T_predictor_only_n3,pushobj_norm_envapi_v1,PREDICTOR_ONLY,0,"{""state_dist"": 0.0, ""success"": 0.0}",8,8,0.0,0.020938703790307045,0.020938703790307045,0,0.12454960000000881,True,8,40,8,0.0,s0_history_mpc8,1.0,0,0.0,dev_valT_predictor_only_n3,0,1,T,D:\EV-TTT\adajepa_official_51d8665\artifacts\development\val_T_predictor_only_n3\oracle\sample_000\s0_history_mpc8_anchor.npz,0.0
development,val_T,D:\EV-TTT\adajepa_official_51d8665\artifacts\development\val_T_predictor_only_n3,pushobj_norm_envapi_v1,PREDICTOR_ONLY,0,"{""state_dist"": 0.0, ""success"": 0.0}",9,9,0.0,0.021425196900963783,0.021425196900963783,0,0.14888030000000185,True,9,45,9,0.0,s0_history_mpc9,1.0,0,0.0,dev_valT_predictor_only_n3,0,1,T,D:\EV-TTT\adajepa_official_51d8665\artifacts\development\val_T_predictor_only_n3\oracle\sample_000\s0_history_mpc9_anchor.npz,0.0
development,val_T,D:\EV-TTT\adajepa_official_51d8665\artifacts\development\val_T_predictor_only_n3,pushobj_norm_envapi_v1,PREDICTOR_ONLY,0,"{""state_dist"": 0.0, ""success"": 0.0}",10,10,0.0,0.020426874980330467,0.020426874980330467,0,0.15555429999999149,True,10,50,10,0.0,s0_history_mpc10,1.0,0,0.0,dev_valT_predictor_only_n3,0,1,T,D:\EV-TTT\adajepa_official_51d8665\artifacts\development\val_T_predictor_only_n3\oracle\sample_000\s0_history_mpc10_anchor.npz,0.0
development,val_T,D:\EV-TTT\adajepa_official_51d8665\artifacts\development\val_T_predictor_only_n3,pushobj_norm_envapi_v1,PREDICTOR_ONLY,0,"{""state_dist"": 0.0, ""success"": 0.0}",0,0,0.0,0.06896054744720459,0.06896054744720459,0,0.0029046000000079175,True,0,0,0,0.0,s1_history_mpc0,1.0,0,0.0,dev_valT_predictor_only_n3,1,101,T,D:\EV-TTT\adajepa_official_51d8665\artifacts\development\val_T_predictor_only_n3\oracle\sample_001\s1_history_mpc0_anchor.npz,0.0
development,val_T,D:\EV-TTT\adajepa_official_51d8665\artifacts\development\val_T_predictor_only_n3,pushobj_norm_envapi_v1,PREDICTOR_ONLY,0,"{""state_dist"": 0.0, ""success"": 0.0}",1,1,0.0,0.04448016360402107,0.04448016360402107,0,0.021614500000012526,True,1,5,1,0.0,s1_history_mpc1,1.0,0,0.0,dev_valT_predictor_only_n3,1,101,T,D:\EV-TTT\adajepa_official_51d8665\artifacts\development\val_T_predictor_only_n3\oracle\sample_001\s1_history_mpc1_anchor.npz,0.0
development,val_T,D:\EV-TTT\adajepa_official_51d8665\artifacts\development\val_T_predictor_only_n3,pushobj_norm_envapi_v1,PREDICTOR_ONLY,0,"{""state_dist"": 0.0, ""success"": 0.0}",0,0,0.0,3.1055209636688232,3.1055209636688232,0,0.0034835999999955902,True,0,0,0,0.0,s2_history_mpc0,1.0,0,0.0,dev_valT_predictor_only_n3,2,201,T,D:\EV-TTT\adajepa_official_51d8665\artifacts\development\val_T_predictor_only_n3\oracle\sample_002\s2_history_mpc0_anchor.npz,0.0
development,val_T,D:\EV-TTT\adajepa_official_51d8665\artifacts\development\val_T_predictor_only_n3,pushobj_norm_envapi_v1,PREDICTOR_ONLY,0,"{""state_dist"": 0.0, ""success"": 0.0}",1,1,0.0,2.423819065093994,2.423819065093994,0,0.018039100000009967,True,1,5,1,0.0,s2_history_mpc1,1.0,0,0.0,dev_valT_predictor_only_n3,2,201,T,D:\EV-TTT\adajepa_official_51d8665\artifacts\development\val_T_predictor_only_n3\oracle\sample_002\s2_history_mpc1_anchor.npz,0.0
development,val_T,D:\EV-TTT\adajepa_official_51d8665\artifacts\development\val_T_predictor_only_n3,pushobj_norm_envapi_v1,PREDICTOR_ONLY,0,"{""state_dist"": 0.0, ""success"": 0.0}",2,2,0.0,1.5888590812683105,1.5888590812683105,0,0.03815080000001103,True,2,10,2,0.0,s2_history_mpc2,1.0,0,0.0,dev_valT_predictor_only_n3,2,201,T,D:\EV-TTT\adajepa_official_51d8665\artifacts\development\val_T_predictor_only_n3\oracle\sample_002\s2_history_mpc2_anchor.npz,0.0
development,val_T,D:\EV-TTT\adajepa_official_51d8665\artifacts\development\val_T_predictor_only_n3,pushobj_norm_envapi_v1,PREDICTOR_ONLY,0,"{""state_dist"": 0.0, ""success"": 0.0}",3,3,0.0,0.9610105752944946,0.9610105752944946,0,0.05923959999998374,True,3,15,3,0.0,s2_history_mpc3,1.0,0,0.0,dev_valT_predictor_only_n3,2,201,T,D:\EV-TTT\adajepa_official_51d8665\artifacts\development\val_T_predictor_only_n3\oracle\sample_002\s2_history_mpc3_anchor.npz,0.0
development,val_T,D:\EV-TTT\adajepa_official_51d8665\artifacts\development\val_T_predictor_only_n3,pushobj_norm_envapi_v1,PREDICTOR_ONLY,0,"{""state_dist"": 0.0, ""success"": 0.0}",4,4,0.0,0.44403207302093506,0.44403207302093506,0,0.07519709999999691,True,4,20,4,0.0,s2_history_mpc4,1.0,0,0.0,dev_valT_predictor_only_n3,2,201,T,D:\EV-TTT\adajepa_official_51d8665\artifacts\development\val_T_predictor_only_n3\oracle\sample_002\s2_history_mpc4_anchor.npz,0.0
development,val_T,D:\EV-TTT\adajepa_official_51d8665\artifacts\development\val_T_predictor_only_n3,pushobj_norm_envapi_v1,PREDICTOR_ONLY,0,"{""state_dist"": 0.0, ""success"": 0.0}",5,5,0.0,0.09062498807907104,0.09062498807907104,0,0.09710330000001477,True,5,25,5,0.0,s2_history_mpc5,1.0,0,0.0,dev_valT_predictor_only_n3,2,201,T,D:\EV-TTT\adajepa_official_51d8665\artifacts\development\val_T_predictor_only_n3\oracle\sample_002\s2_history_mpc5_anchor.npz,0.0
development,val_L,D:\EV-TTT\adajepa_official_51d8665\artifacts\development\val_L_frozen_n3,pushobj_norm_envapi_v1,FROZEN,0,"{""state_dist"": 0.0, ""success"": 0.0}",0,0,0.0,3.588385820388794,3.588385820388794,0,0.0030143000000002473,True,0,0,0,0.0,s0_history_mpc0,1.0,0,0.0,dev_valL_frozen_n3,0,1,L,D:\EV-TTT\adajepa_official_51d8665\artifacts\development\val_L_frozen_n3\oracle\sample_000\s0_history_mpc0_anchor.npz,0.0
development,val_L,D:\EV-TTT\adajepa_official_51d8665\artifacts\development\val_L_frozen_n3,pushobj_norm_envapi_v1,FROZEN,0,"{""state_dist"": 0.0, ""success"": 0.0}",0,1,0.0,2.9360716342926025,2.9360716342926025,0,0.01890990000000059,True,0,5,1,0.0,s0_history_mpc1,1.0,0,0.0,dev_valL_frozen_n3,0,1,L,D:\EV-TTT\adajepa_official_51d8665\artifacts\development\val_L_frozen_n3\oracle\sample_000\s0_history_mpc1_anchor.npz,0.0
development,val_L,D:\EV-TTT\adajepa_official_51d8665\artifacts\development\val_L_frozen_n3,pushobj_norm_envapi_v1,FROZEN,0,"{""state_dist"": 0.0, ""success"": 0.0}",0,2,0.0,2.2840652465820312,2.2840652465820312,0,0.037407000000001744,True,0,10,2,0.0,s0_history_mpc2,1.0,0,0.0,dev_valL_frozen_n3,0,1,L,D:\EV-TTT\adajepa_official_51d8665\artifacts\development\val_L_frozen_n3\oracle\sample_000\s0_history_mpc2_anchor.npz,0.0
development,val_L,D:\EV-TTT\adajepa_official_51d8665\artifacts\development\val_L_frozen_n3,pushobj_norm_envapi_v1,FROZEN,0,"{""state_dist"": 0.0, ""success"": 0.0}",0,3,0.0,1.356879472732544,1.356879472732544,0,0.052201799999998855,True,0,15,3,0.0,s0_history_mpc3,1.0,0,0.0,dev_valL_frozen_n3,0,1,L,D:\EV-TTT\adajepa_official_51d8665\artifacts\development\val_L_frozen_n3\oracle\sample_000\s0_history_mpc3_anchor.npz,0.0
development,val_L,D:\EV-TTT\adajepa_official_51d8665\artifacts\development\val_L_frozen_n3,pushobj_norm_envapi_v1,FROZEN,0,"{""state_dist"": 0.0, ""success"": 0.0}",0,4,0.0,0.5403964519500732,0.5403964519500732,0,0.07946319999999929,True,0,20,4,0.0,s0_history_mpc4,1.0,0,0.0,dev_valL_frozen_n3,0,1,L,D:\EV-TTT\adajepa_official_51d8665\artifacts\development\val_L_frozen_n3\oracle\sample_000\s0_history_mpc4_anchor.npz,0.0
development,val_L,D:\EV-TTT\adajepa_official_51d8665\artifacts\development\val_L_frozen_n3,pushobj_norm_envapi_v1,FROZEN,0,"{""state_dist"": 0.0, ""success"": 0.0}",0,5,0.0,0.09652795642614365,0.09652795642614365,0,0.08342220000000111,True,0,25,5,0.0,s0_history_mpc5,1.0,0,0.0,dev_valL_frozen_n3,0,1,L,D:\EV-TTT\adajepa_official_51d8665\artifacts\development\val_L_frozen_n3\oracle\sample_000\s0_history_mpc5_anchor.npz,0.0
development,val_L,D:\EV-TTT\adajepa_official_51d8665\artifacts\development\val_L_frozen_n3,pushobj_norm_envapi_v1,FROZEN,0,"{""state_dist"": 0.0, ""success"": 0.0}",0,0,0.0,3.321049690246582,3.321049690246582,0,0.002714700000005621,True,0,0,0,0.0,s1_history_mpc0,1.0,0,0.0,dev_valL_frozen_n3,1,101,L,D:\EV-TTT\adajepa_official_51d8665\artifacts\development\val_L_frozen_n3\oracle\sample_001\s1_history_mpc0_anchor.npz,0.0
development,val_L,D:\EV-TTT\adajepa_official_51d8665\artifacts\development\val_L_frozen_n3,pushobj_norm_envapi_v1,FROZEN,0,"{""state_dist"": 0.0, ""success"": 0.0}",0,1,0.0,2.467390298843384,2.467390298843384,0,0.02243519999999677,True,0,5,1,0.0,s1_history_mpc1,1.0,0,0.0,dev_valL_frozen_n3,1,101,L,D:\EV-TTT\adajepa_official_51d8665\artifacts\development\val_L_frozen_n3\oracle\sample_001\s1_history_mpc1_anchor.npz,0.0
development,val_L,D:\EV-TTT\adajepa_official_51d8665\artifacts\development\val_L_frozen_n3,pushobj_norm_envapi_v1,FROZEN,0,"{""state_dist"": 0.0, ""success"": 0.0}",0,2,0.0,1.9366824626922607,1.9366824626922607,0,0.03555719999999951,True,0,10,2,0.0,s1_history_mpc2,1.0,0,0.0,dev_valL_frozen_n3,1,101,L,D:\EV-TTT\adajepa_official_51d8665\artifacts\development\val_L_frozen_n3\oracle\sample_001\s1_history_mpc2_anchor.npz,0.0
development,val_L,D:\EV-TTT\adajepa_official_51d8665\artifacts\development\val_L_frozen_n3,pushobj_norm_envapi_v1,FROZEN,0,"{""state_dist"": 0.0, ""success"": 0.0}",0,3,0.0,1.4228596687316895,1.4228596687316895,0,0.05434559999999067,True,0,15,3,0.0,s1_history_mpc3,1.0,0,0.0,dev_valL_frozen_n3,1,101,L,D:\EV-TTT\adajepa_official_51d8665\artifacts\development\val_L_frozen_n3\oracle\sample_001\s1_history_mpc3_anchor.npz,0.0
development,val_L,D:\EV-TTT\adajepa_official_51d8665\artifacts\development\val_L_frozen_n3,pushobj_norm_envapi_v1,FROZEN,0,"{""state_dist"": 0.0, ""success"": 0.0}",0,4,0.0,0.8393767476081848,0.8393767476081848,0,0.06828920000000949,True,0,20,4,0.0,s1_history_mpc4,1.0,0,0.0,dev_valL_frozen_n3,1,101,L,D:\EV-TTT\adajepa_official_51d8665\artifacts\development\val_L_frozen_n3\oracle\sample_001\s1_history_mpc4_anchor.npz,0.0
development,val_L,D:\EV-TTT\adajepa_official_51d8665\artifacts\development\val_L_frozen_n3,pushobj_norm_envapi_v1,FROZEN,0,"{""state_dist"": 0.0, ""success"": 0.0}",0,5,0.0,0.2370598018169403,0.2370598018169403,0,0.09366129999999373,True,0,25,5,0.0,s1_history_mpc5,1.0,0,0.0,dev_valL_frozen_n3,1,101,L,D:\EV-TTT\adajepa_official_51d8665\artifacts\development\val_L_frozen_n3\oracle\sample_001\s1_history_mpc5_anchor.npz,0.0
development,val_L,D:\EV-TTT\adajepa_official_51d8665\artifacts\development\val_L_frozen_n3,pushobj_norm_envapi_v1,FROZEN,0,"{""state_dist"": 0.0, ""success"": 0.0}",0,0,0.0,1.0498584508895874,1.0498584508895874,0,0.0028151000000065096,True,0,0,0,0.0,s2_history_mpc0,1.0,0,0.0,dev_valL_frozen_n3,2,201,L,D:\EV-TTT\adajepa_official_51d8665\artifacts\development\val_L_frozen_n3\oracle\sample_002\s2_history_mpc0_anchor.npz,0.0
development,val_L,D:\EV-TTT\adajepa_official_51d8665\artifacts\development\val_L_frozen_n3,pushobj_norm_envapi_v1,FROZEN,0,"{""state_dist"": 0.0, ""success"": 0.0}",0,1,0.0,0.7811133861541748,0.7811133861541748,0,0.01932240000000718,True,0,5,1,0.0,s2_history_mpc1,1.0,0,0.0,dev_valL_frozen_n3,2,201,L,D:\EV-TTT\adajepa_official_51d8665\artifacts\development\val_L_frozen_n3\oracle\sample_002\s2_history_mpc1_anchor.npz,0.0
development,val_L,D:\EV-TTT\adajepa_official_51d8665\artifacts\development\val_L_frozen_n3,pushobj_norm_envapi_v1,FROZEN,0,"{""state_dist"": 0.0, ""success"": 0.0}",0,2,0.0,0.5410816073417664,0.5410816073417664,0,0.0310022000000032,True,0,10,2,0.0,s2_history_mpc2,1.0,0,0.0,dev_valL_frozen_n3,2,201,L,D:\EV-TTT\adajepa_official_51d8665\artifacts\development\val_L_frozen_n3\oracle\sample_002\s2_history_mpc2_anchor.npz,0.0
development,val_L,D:\EV-TTT\adajepa_official_51d8665\artifacts\development\val_L_frozen_n3,pushobj_norm_envapi_v1,FROZEN,0,"{""state_dist"": 0.0, ""success"": 0.0}",0,3,0.0,0.3788544237613678,0.3788544237613678,0,0.05529129999999327,True,0,15,3,0.0,s2_history_mpc3,1.0,0,0.0,dev_valL_frozen_n3,2,201,L,D:\EV-TTT\adajepa_official_51d8665\artifacts\development\val_L_frozen_n3\oracle\sample_002\s2_history_mpc3_anchor.npz,0.0
development,val_L,D:\EV-TTT\adajepa_official_51d8665\artifacts\development\val_L_frozen_n3,pushobj_norm_envapi_v1,FROZEN,0,"{""state_dist"": 0.0, ""success"": 0.0}",0,4,0.0,0.22632145881652832,0.22632145881652832,0,0.07194750000002159,True,0,20,4,0.0,s2_history_mpc4,1.0,0,0.0,dev_valL_frozen_n3,2,201,L,D:\EV-TTT\adajepa_official_51d8665\artifacts\development\val_L_frozen_n3\oracle\sample_002\s2_history_mpc4_anchor.npz,0.0
development,val_L,D:\EV-TTT\adajepa_official_51d8665\artifacts\development\val_L_frozen_n3,pushobj_norm_envapi_v1,FROZEN,0,"{""state_dist"": 0.0, ""success"": 0.0}",0,5,0.0,0.19368629157543182,0.19368629157543182,0,0.0763213000000178,True,0,25,5,0.0,s2_history_mpc5,1.0,0,0.0,dev_valL_frozen_n3,2,201,L,D:\EV-TTT\adajepa_official_51d8665\artifacts\development\val_L_frozen_n3\oracle\sample_002\s2_history_mpc5_anchor.npz,0.0
development,val_L,D:\EV-TTT\adajepa_official_51d8665\artifacts\development\val_L_frozen_n3,pushobj_norm_envapi_v1,FROZEN,0,"{""state_dist"": 0.0, ""success"": 0.0}",0,6,0.0,0.02523627132177353,0.02523627132177353,0,0.10161690000001045,True,0,30,6,0.0,s2_history_mpc6,1.0,0,0.0,dev_valL_frozen_n3,2,201,L,D:\EV-TTT\adajepa_official_51d8665\artifacts\development\val_L_frozen_n3\oracle\sample_002\s2_history_mpc6_anchor.npz,0.0
development,val_L,D:\EV-TTT\adajepa_official_51d8665\artifacts\development\val_L_frozen_n3,pushobj_norm_envapi_v1,FROZEN,0,"{""state_dist"": 0.0, ""success"": 0.0}",0,7,0.0,0.016551446169614792,0.016551446169614792,0,0.11280209999998192,True,0,35,7,0.0,s2_history_mpc7,1.0,0,0.0,dev_valL_frozen_n3,2,201,L,D:\EV-TTT\adajepa_official_51d8665\artifacts\development\val_L_frozen_n3\oracle\sample_002\s2_history_mpc7_anchor.npz,0.0
development,val_L,D:\EV-TTT\adajepa_official_51d8665\artifacts\development\val_L_frozen_n3,pushobj_norm_envapi_v1,FROZEN,0,"{""state_dist"": 0.0, ""success"": 0.0}",0,8,0.0,0.01800023950636387,0.01800023950636387,0,0.12820609999999988,True,0,40,8,0.0,s2_history_mpc8,1.0,0,0.0,dev_valL_frozen_n3,2,201,L,D:\EV-TTT\adajepa_official_51d8665\artifacts\development\val_L_frozen_n3\oracle\sample_002\s2_history_mpc8_anchor.npz,0.0
development,val_L,D:\EV-TTT\adajepa_official_51d8665\artifacts\development\val_L_frozen_n3,pushobj_norm_envapi_v1,FROZEN,0,"{""state_dist"": 0.0, ""success"": 0.0}",0,9,0.0,0.019873207435011864,0.019873207435011864,0,0.13912489999998456,True,0,45,9,0.0,s2_history_mpc9,1.0,0,0.0,dev_valL_frozen_n3,2,201,L,D:\EV-TTT\adajepa_official_51d8665\artifacts\development\val_L_frozen_n3\oracle\sample_002\s2_history_mpc9_anchor.npz,0.0
development,val_L,D:\EV-TTT\adajepa_official_51d8665\artifacts\development\val_L_frozen_n3,pushobj_norm_envapi_v1,FROZEN,0,"{""state_dist"": 0.0, ""success"": 0.0}",0,10,0.0,0.01955258660018444,0.01955258660018444,0,0.150968000000006,True,0,50,10,0.0,s2_history_mpc10,1.0,0,0.0,dev_valL_frozen_n3,2,201,L,D:\EV-TTT\adajepa_official_51d8665\artifacts\development\val_L_frozen_n3\oracle\sample_002\s2_history_mpc10_anchor.npz,0.0
development,val_L,D:\EV-TTT\adajepa_official_51d8665\artifacts\development\val_L_frozen_n3,pushobj_norm_envapi_v1,FROZEN,0,"{""state_dist"": 0.0, ""success"": 0.0}",0,11,0.0,0.019485384225845337,0.019485384225845337,0,0.16677129999999352,True,0,55,11,0.0,s2_history_mpc11,1.0,0,0.0,dev_valL_frozen_n3,2,201,L,D:\EV-TTT\adajepa_official_51d8665\artifacts\development\val_L_frozen_n3\oracle\sample_002\s2_history_mpc11_anchor.npz,0.0
development,val_L,D:\EV-TTT\adajepa_official_51d8665\artifacts\development\val_L_frozen_n3,pushobj_norm_envapi_v1,FROZEN,0,"{""state_dist"": 0.0, ""success"": 0.0}",0,12,0.0,0.019313622266054153,0.019313622266054153,0,0.16679469999999696,True,0,60,12,0.0,s2_history_mpc12,1.0,0,0.0,dev_valL_frozen_n3,2,201,L,D:\EV-TTT\adajepa_official_51d8665\artifacts\development\val_L_frozen_n3\oracle\sample_002\s2_history_mpc12_anchor.npz,0.0
development,val_L,D:\EV-TTT\adajepa_official_51d8665\artifacts\development\val_L_frozen_n3,pushobj_norm_envapi_v1,FROZEN,0,"{""state_dist"": 0.0, ""success"": 0.0}",0,13,0.0,0.019058791920542717,0.019058791920542717,0,0.187949500000002,True,0,65,13,0.0,s2_history_mpc13,1.0,0,0.0,dev_valL_frozen_n3,2,201,L,D:\EV-TTT\adajepa_official_51d8665\artifacts\development\val_L_frozen_n3\oracle\sample_002\s2_history_mpc13_anchor.npz,0.0
development,val_L,D:\EV-TTT\adajepa_official_51d8665\artifacts\development\val_L_frozen_n3,pushobj_norm_envapi_v1,FROZEN,0,"{""state_dist"": 0.0, ""success"": 0.0}",0,14,0.0,0.019599394872784615,0.019599394872784615,0,0.1870102999999972,True,0,70,14,0.0,s2_history_mpc14,1.0,0,0.0,dev_valL_frozen_n3,2,201,L,D:\EV-TTT\adajepa_official_51d8665\artifacts\development\val_L_frozen_n3\oracle\sample_002\s2_history_mpc14_anchor.npz,0.0
development,val_L,D:\EV-TTT\adajepa_official_51d8665\artifacts\development\val_L_frozen_n3,pushobj_norm_envapi_v1,FROZEN,0,"{""state_dist"": 0.0, ""success"": 0.0}",0,15,0.0,0.01931844651699066,0.01931844651699066,0,0.21572989999998526,True,0,75,15,0.0,s2_history_mpc15,1.0,0,0.0,dev_valL_frozen_n3,2,201,L,D:\EV-TTT\adajepa_official_51d8665\artifacts\development\val_L_frozen_n3\oracle\sample_002\s2_history_mpc15_anchor.npz,0.0
development,val_L,D:\EV-TTT\adajepa_official_51d8665\artifacts\development\val_L_frozen_n3,pushobj_norm_envapi_v1,FROZEN,0,"{""state_dist"": 0.0, ""success"": 0.0}",0,16,0.0,0.0196797177195549,0.0196797177195549,0,0.2186026000000254,True,0,80,16,0.0,s2_history_mpc16,1.0,0,0.0,dev_valL_frozen_n3,2,201,L,D:\EV-TTT\adajepa_official_51d8665\artifacts\development\val_L_frozen_n3\oracle\sample_002\s2_history_mpc16_anchor.npz,0.0
development,val_L,D:\EV-TTT\adajepa_official_51d8665\artifacts\development\val_L_frozen_n3,pushobj_norm_envapi_v1,FROZEN,0,"{""state_dist"": 0.0, ""success"": 0.0}",0,17,0.0,0.019417453557252884,0.019417453557252884,0,0.23275889999999322,True,0,85,17,0.0,s2_history_mpc17,1.0,0,0.0,dev_valL_frozen_n3,2,201,L,D:\EV-TTT\adajepa_official_51d8665\artifacts\development\val_L_frozen_n3\oracle\sample_002\s2_history_mpc17_anchor.npz,0.0
development,val_L,D:\EV-TTT\adajepa_official_51d8665\artifacts\development\val_L_frozen_n3,pushobj_norm_envapi_v1,FROZEN,0,"{""state_dist"": 0.0, ""success"": 0.0}",0,18,0.0,0.019156014546751976,0.019156014546751976,0,0.24642710000000534,True,0,90,18,0.0,s2_history_mpc18,1.0,0,0.0,dev_valL_frozen_n3,2,201,L,D:\EV-TTT\adajepa_official_51d8665\artifacts\development\val_L_frozen_n3\oracle\sample_002\s2_history_mpc18_anchor.npz,0.0
development,val_L,D:\EV-TTT\adajepa_official_51d8665\artifacts\development\val_L_frozen_n3,pushobj_norm_envapi_v1,FROZEN,0,"{""state_dist"": 0.0, ""success"": 0.0}",0,19,0.0,0.019628221169114113,0.019628221169114113,0,0.24191039999999475,True,0,95,19,0.0,s2_history_mpc19,1.0,0,0.0,dev_valL_frozen_n3,2,201,L,D:\EV-TTT\adajepa_official_51d8665\artifacts\development\val_L_frozen_n3\oracle\sample_002\s2_history_mpc19_anchor.npz,0.0
development,val_L,D:\EV-TTT\adajepa_official_51d8665\artifacts\development\val_L_official_n3,pushobj_norm_envapi_v1,OFFICIAL_ADAJEPA,0,"{""state_dist"": 0.0, ""success"": 0.0}",0,0,0.0,3.588385820388794,3.588385820388794,0,0.003075799999999518,True,0,0,0,0.0,s0_history_mpc0,1.0,0,0.0,dev_valL_official_n3,0,1,L,D:\EV-TTT\adajepa_official_51d8665\artifacts\development\val_L_official_n3\oracle\sample_000\s0_history_mpc0_anchor.npz,0.0
development,val_L,D:\EV-TTT\adajepa_official_51d8665\artifacts\development\val_L_official_n3,pushobj_norm_envapi_v1,OFFICIAL_ADAJEPA,1,"{""state_dist"": 0.0, ""success"": 0.0}",1,1,0.0,2.933211326599121,2.933211326599121,0,0.024428200000002676,True,1,5,1,0.0,s0_history_mpc1,1.0,0,0.0,dev_valL_official_n3,0,1,L,D:\EV-TTT\adajepa_official_51d8665\artifacts\development\val_L_official_n3\oracle\sample_000\s0_history_mpc1_anchor.npz,0.0
development,val_L,D:\EV-TTT\adajepa_official_51d8665\artifacts\development\val_L_official_n3,pushobj_norm_envapi_v1,OFFICIAL_ADAJEPA,2,"{""state_dist"": 0.0, ""success"": 0.0}",2,2,0.0,2.275073528289795,2.275073528289795,0,0.041175400000000195,True,2,10,2,0.0,s0_history_mpc2,1.0,0,0.0,dev_valL_official_n3,0,1,L,D:\EV-TTT\adajepa_official_51d8665\artifacts\development\val_L_official_n3\oracle\sample_000\s0_history_mpc2_anchor.npz,0.0
development,val_L,D:\EV-TTT\adajepa_official_51d8665\artifacts\development\val_L_official_n3,pushobj_norm_envapi_v1,OFFICIAL_ADAJEPA,3,"{""state_dist"": 0.0, ""success"": 0.0}",3,3,0.0,1.3188786506652832,1.3188786506652832,0,0.05783380000000449,True,3,15,3,0.0,s0_history_mpc3,1.0,0,0.0,dev_valL_official_n3,0,1,L,D:\EV-TTT\adajepa_official_51d8665\artifacts\development\val_L_official_n3\oracle\sample_000\s0_history_mpc3_anchor.npz,0.0
development,val_L,D:\EV-TTT\adajepa_official_51d8665\artifacts\development\val_L_official_n3,pushobj_norm_envapi_v1,OFFICIAL_ADAJEPA,4,"{""state_dist"": 0.0, ""success"": 0.0}",4,4,0.0,0.5044364929199219,0.5044364929199219,0,0.07997600000000205,True,4,20,4,0.0,s0_history_mpc4,1.0,0,0.0,dev_valL_official_n3,0,1,L,D:\EV-TTT\adajepa_official_51d8665\artifacts\development\val_L_official_n3\oracle\sample_000\s0_history_mpc4_anchor.npz,0.0
development,val_L,D:\EV-TTT\adajepa_official_51d8665\artifacts\development\val_L_official_n3,pushobj_norm_envapi_v1,OFFICIAL_ADAJEPA,5,"{""state_dist"": 0.0, ""success"": 0.0}",5,5,0.0,0.07564511895179749,0.07564511895179749,0,0.08388550000000095,True,5,25,5,0.0,s0_history_mpc5,1.0,0,0.0,dev_valL_official_n3,0,1,L,D:\EV-TTT\adajepa_official_51d8665\artifacts\development\val_L_official_n3\oracle\sample_000\s0_history_mpc5_anchor.npz,0.0
development,val_L,D:\EV-TTT\adajepa_official_51d8665\artifacts\development\val_L_official_n3,pushobj_norm_envapi_v1,OFFICIAL_ADAJEPA,0,"{""state_dist"": 0.0, ""success"": 0.0}",0,0,0.0,3.321049690246582,3.321049690246582,0,0.003486999999999796,True,0,0,0,0.0,s1_history_mpc0,1.0,0,0.0,dev_valL_official_n3,1,101,L,D:\EV-TTT\adajepa_official_51d8665\artifacts\development\val_L_official_n3\oracle\sample_001\s1_history_mpc0_anchor.npz,0.0
development,val_L,D:\EV-TTT\adajepa_official_51d8665\artifacts\development\val_L_official_n3,pushobj_norm_envapi_v1,OFFICIAL_ADAJEPA,1,"{""state_dist"": 0.0, ""success"": 0.0}",1,1,0.0,2.466041088104248,2.466041088104248,0,0.0231931000000003,True,1,5,1,0.0,s1_history_mpc1,1.0,0,0.0,dev_valL_official_n3,1,101,L,D:\EV-TTT\adajepa_official_51d8665\artifacts\development\val_L_official_n3\oracle\sample_001\s1_history_mpc1_anchor.npz,0.0
development,val_L,D:\EV-TTT\adajepa_official_51d8665\artifacts\development\val_L_official_n3,pushobj_norm_envapi_v1,OFFICIAL_ADAJEPA,2,"{""state_dist"": 0.0, ""success"": 0.0}",2,2,0.0,1.8387811183929443,1.8387811183929443,0,0.03768180000000143,True,2,10,2,0.0,s1_history_mpc2,1.0,0,0.0,dev_valL_official_n3,1,101,L,D:\EV-TTT\adajepa_official_51d8665\artifacts\development\val_L_official_n3\oracle\sample_001\s1_history_mpc2_anchor.npz,0.0
development,val_L,D:\EV-TTT\adajepa_official_51d8665\artifacts\development\val_L_official_n3,pushobj_norm_envapi_v1,OFFICIAL_ADAJEPA,3,"{""state_dist"": 0.0, ""success"": 0.0}",3,3,0.0,1.2087138891220093,1.2087138891220093,0,0.05671089999999879,True,3,15,3,0.0,s1_history_mpc3,1.0,0,0.0,dev_valL_official_n3,1,101,L,D:\EV-TTT\adajepa_official_51d8665\artifacts\development\val_L_official_n3\oracle\sample_001\s1_history_mpc3_anchor.npz,0.0
development,val_L,D:\EV-TTT\adajepa_official_51d8665\artifacts\development\val_L_official_n3,pushobj_norm_envapi_v1,OFFICIAL_ADAJEPA,4,"{""state_dist"": 0.0, ""success"": 0.0}",4,4,0.0,0.8178344964981079,0.8178344964981079,0,0.06621869999999319,True,4,20,4,0.0,s1_history_mpc4,1.0,0,0.0,dev_valL_official_n3,1,101,L,D:\EV-TTT\adajepa_official_51d8665\artifacts\development\val_L_official_n3\oracle\sample_001\s1_history_mpc4_anchor.npz,0.0
development,val_L,D:\EV-TTT\adajepa_official_51d8665\artifacts\development\val_L_official_n3,pushobj_norm_envapi_v1,OFFICIAL_ADAJEPA,5,"{""state_dist"": 0.0, ""success"": 0.0}",5,5,0.0,0.3561311364173889,0.3561311364173889,0,0.08581500000001085,True,5,25,5,0.0,s1_history_mpc5,1.0,0,0.0,dev_valL_official_n3,1,101,L,D:\EV-TTT\adajepa_official_51d8665\artifacts\development\val_L_official_n3\oracle\sample_001\s1_history_mpc5_anchor.npz,0.0
development,val_L,D:\EV-TTT\adajepa_official_51d8665\artifacts\development\val_L_official_n3,pushobj_norm_envapi_v1,OFFICIAL_ADAJEPA,0,"{""state_dist"": 0.0, ""success"": 0.0}",0,0,0.0,1.0498584508895874,1.0498584508895874,0,0.0031855000000007294,True,0,0,0,0.0,s2_history_mpc0,1.0,0,0.0,dev_valL_official_n3,2,201,L,D:\EV-TTT\adajepa_official_51d8665\artifacts\development\val_L_official_n3\oracle\sample_002\s2_history_mpc0_anchor.npz,0.0
development,val_L,D:\EV-TTT\adajepa_official_51d8665\artifacts\development\val_L_official_n3,pushobj_norm_envapi_v1,OFFICIAL_ADAJEPA,1,"{""state_dist"": 0.0, ""success"": 0.0}",1,1,0.0,0.7819873094558716,0.7819873094558716,0,0.0197159999999883,True,1,5,1,0.0,s2_history_mpc1,1.0,0,0.0,dev_valL_official_n3,2,201,L,D:\EV-TTT\adajepa_official_51d8665\artifacts\development\val_L_official_n3\oracle\sample_002\s2_history_mpc1_anchor.npz,0.0
development,val_L,D:\EV-TTT\adajepa_official_51d8665\artifacts\development\val_L_official_n3,pushobj_norm_envapi_v1,OFFICIAL_ADAJEPA,2,"{""state_dist"": 0.0, ""success"": 0.0}",2,2,0.0,0.48950666189193726,0.48950666189193726,0,0.035046500000007086,True,2,10,2,0.0,s2_history_mpc2,1.0,0,0.0,dev_valL_official_n3,2,201,L,D:\EV-TTT\adajepa_official_51d8665\artifacts\development\val_L_official_n3\oracle\sample_002\s2_history_mpc2_anchor.npz,0.0
development,val_L,D:\EV-TTT\adajepa_official_51d8665\artifacts\development\val_L_official_n3,pushobj_norm_envapi_v1,OFFICIAL_ADAJEPA,3,"{""state_dist"": 0.0, ""success"": 0.0}",3,3,0.0,0.32013142108917236,0.32013142108917236,0,0.05378419999999551,True,3,15,3,0.0,s2_history_mpc3,1.0,0,0.0,dev_valL_official_n3,2,201,L,D:\EV-TTT\adajepa_official_51d8665\artifacts\development\val_L_official_n3\oracle\sample_002\s2_history_mpc3_anchor.npz,0.0
development,val_L,D:\EV-TTT\adajepa_official_51d8665\artifacts\development\val_L_official_n3,pushobj_norm_envapi_v1,OFFICIAL_ADAJEPA,4,"{""state_dist"": 0.0, ""success"": 0.0}",4,4,0.0,0.20395532250404358,0.20395532250404358,0,0.07716519999999605,True,4,20,4,0.0,s2_history_mpc4,1.0,0,0.0,dev_valL_official_n3,2,201,L,D:\EV-TTT\adajepa_official_51d8665\artifacts\development\val_L_official_n3\oracle\sample_002\s2_history_mpc4_anchor.npz,0.0
development,val_L,D:\EV-TTT\adajepa_official_51d8665\artifacts\development\val_L_official_n3,pushobj_norm_envapi_v1,OFFICIAL_ADAJEPA,5,"{""state_dist"": 0.0, ""success"": 0.0}",5,5,0.0,0.2242802381515503,0.2242802381515503,0,0.0948105999999882,True,5,25,5,0.0,s2_history_mpc5,1.0,0,0.0,dev_valL_official_n3,2,201,L,D:\EV-TTT\adajepa_official_51d8665\artifacts\development\val_L_official_n3\oracle\sample_002\s2_history_mpc5_anchor.npz,0.0
development,val_L,D:\EV-TTT\adajepa_official_51d8665\artifacts\development\val_L_official_n3,pushobj_norm_envapi_v1,OFFICIAL_ADAJEPA,6,"{""state_dist"": 0.0, ""success"": 0.0}",6,6,0.0,0.025732172653079033,0.025732172653079033,0,0.11124530000000732,True,6,30,6,0.0,s2_history_mpc6,1.0,0,0.0,dev_valL_official_n3,2,201,L,D:\EV-TTT\adajepa_official_51d8665\artifacts\development\val_L_official_n3\oracle\sample_002\s2_history_mpc6_anchor.npz,0.0
development,val_L,D:\EV-TTT\adajepa_official_51d8665\artifacts\development\val_L_official_n3,pushobj_norm_envapi_v1,OFFICIAL_ADAJEPA,7,"{""state_dist"": 0.0, ""success"": 0.0}",7,7,0.0,0.015590688213706017,0.015590688213706017,0,0.11751979999999662,True,7,35,7,0.0,s2_history_mpc7,1.0,0,0.0,dev_valL_official_n3,2,201,L,D:\EV-TTT\adajepa_official_51d8665\artifacts\development\val_L_official_n3\oracle\sample_002\s2_history_mpc7_anchor.npz,0.0
development,val_L,D:\EV-TTT\adajepa_official_51d8665\artifacts\development\val_L_official_n3,pushobj_norm_envapi_v1,OFFICIAL_ADAJEPA,8,"{""state_dist"": 0.0, ""success"": 0.0}",8,8,0.0,0.015073753893375397,0.015073753893375397,0,0.13579559999999447,True,8,40,8,0.0,s2_history_mpc8,1.0,0,0.0,dev_valL_official_n3,2,201,L,D:\EV-TTT\adajepa_official_51d8665\artifacts\development\val_L_official_n3\oracle\sample_002\s2_history_mpc8_anchor.npz,0.0
development,val_L,D:\EV-TTT\adajepa_official_51d8665\artifacts\development\val_L_predictor_only_n3,pushobj_norm_envapi_v1,PREDICTOR_ONLY,0,"{""state_dist"": 0.0, ""success"": 0.0}",0,0,0.0,3.588385820388794,3.588385820388794,0,0.0028484999999989213,True,0,0,0,0.0,s0_history_mpc0,1.0,0,0.0,dev_valL_predictor_only_n3,0,1,L,D:\EV-TTT\adajepa_official_51d8665\artifacts\development\val_L_predictor_only_n3\oracle\sample_000\s0_history_mpc0_anchor.npz,0.0
development,val_L,D:\EV-TTT\adajepa_official_51d8665\artifacts\development\val_L_predictor_only_n3,pushobj_norm_envapi_v1,PREDICTOR_ONLY,0,"{""state_dist"": 0.0, ""success"": 0.0}",1,1,0.0,2.9360716342926025,2.9360716342926025,0,0.020247000000001236,True,1,5,1,0.0,s0_history_mpc1,1.0,0,0.0,dev_valL_predictor_only_n3,0,1,L,D:\EV-TTT\adajepa_official_51d8665\artifacts\development\val_L_predictor_only_n3\oracle\sample_000\s0_history_mpc1_anchor.npz,0.0
development,val_L,D:\EV-TTT\adajepa_official_51d8665\artifacts\development\val_L_predictor_only_n3,pushobj_norm_envapi_v1,PREDICTOR_ONLY,0,"{""state_dist"": 0.0, ""success"": 0.0}",2,2,0.0,2.2496373653411865,2.2496373653411865,0,0.03670699999999982,True,2,10,2,0.0,s0_history_mpc2,1.0,0,0.0,dev_valL_predictor_only_n3,0,1,L,D:\EV-TTT\adajepa_official_51d8665\artifacts\development\val_L_predictor_only_n3\oracle\sample_000\s0_history_mpc2_anchor.npz,0.0
development,val_L,D:\EV-TTT\adajepa_official_51d8665\artifacts\development\val_L_predictor_only_n3,pushobj_norm_envapi_v1,PREDICTOR_ONLY,0,"{""state_dist"": 0.0, ""success"": 0.0}",3,3,0.0,1.3132028579711914,1.3132028579711914,0,0.0559695999999974,True,3,15,3,0.0,s0_history_mpc3,1.0,0,0.0,dev_valL_predictor_only_n3,0,1,L,D:\EV-TTT\adajepa_official_51d8665\artifacts\development\val_L_predictor_only_n3\oracle\sample_000\s0_history_mpc3_anchor.npz,0.0
development,val_L,D:\EV-TTT\adajepa_official_51d8665\artifacts\development\val_L_predictor_only_n3,pushobj_norm_envapi_v1,PREDICTOR_ONLY,0,"{""state_dist"": 0.0, ""success"": 0.0}",4,4,0.0,0.47506219148635864,0.47506219148635864,0,0.07683870000000326,True,4,20,4,0.0,s0_history_mpc4,1.0,0,0.0,dev_valL_predictor_only_n3,0,1,L,D:\EV-TTT\adajepa_official_51d8665\artifacts\development\val_L_predictor_only_n3\oracle\sample_000\s0_history_mpc4_anchor.npz,0.0
development,val_L,D:\EV-TTT\adajepa_official_51d8665\artifacts\development\val_L_predictor_only_n3,pushobj_norm_envapi_v1,PREDICTOR_ONLY,0,"{""state_dist"": 0.0, ""success"": 0.0}",5,5,0.0,0.05231821537017822,0.05231821537017822,0,0.08987370000000539,True,5,25,5,0.0,s0_history_mpc5,1.0,0,0.0,dev_valL_predictor_only_n3,0,1,L,D:\EV-TTT\adajepa_official_51d8665\artifacts\development\val_L_predictor_only_n3\oracle\sample_000\s0_history_mpc5_anchor.npz,0.0
development,val_L,D:\EV-TTT\adajepa_official_51d8665\artifacts\development\val_L_predictor_only_n3,pushobj_norm_envapi_v1,PREDICTOR_ONLY,0,"{""state_dist"": 0.0, ""success"": 0.0}",0,0,0.0,3.321049690246582,3.321049690246582,0,0.003774900000003356,True,0,0,0,0.0,s1_history_mpc0,1.0,0,0.0,dev_valL_predictor_only_n3,1,101,L,D:\EV-TTT\adajepa_official_51d8665\artifacts\development\val_L_predictor_only_n3\oracle\sample_001\s1_history_mpc0_anchor.npz,0.0
development,val_L,D:\EV-TTT\adajepa_official_51d8665\artifacts\development\val_L_predictor_only_n3,pushobj_norm_envapi_v1,PREDICTOR_ONLY,0,"{""state_dist"": 0.0, ""success"": 0.0}",1,1,0.0,2.467390298843384,2.467390298843384,0,0.019377899999994952,True,1,5,1,0.0,s1_history_mpc1,1.0,0,0.0,dev_valL_predictor_only_n3,1,101,L,D:\EV-TTT\adajepa_official_51d8665\artifacts\development\val_L_predictor_only_n3\oracle\sample_001\s1_history_mpc1_anchor.npz,0.0
development,val_L,D:\EV-TTT\adajepa_official_51d8665\artifacts\development\val_L_predictor_only_n3,pushobj_norm_envapi_v1,PREDICTOR_ONLY,0,"{""state_dist"": 0.0, ""success"": 0.0}",2,2,0.0,1.8164970874786377,1.8164970874786377,0,0.040092700000002424,True,2,10,2,0.0,s1_history_mpc2,1.0,0,0.0,dev_valL_predictor_only_n3,1,101,L,D:\EV-TTT\adajepa_official_51d8665\artifacts\development\val_L_predictor_only_n3\oracle\sample_001\s1_history_mpc2_anchor.npz,0.0
development,val_L,D:\EV-TTT\adajepa_official_51d8665\artifacts\development\val_L_predictor_only_n3,pushobj_norm_envapi_v1,PREDICTOR_ONLY,0,"{""state_dist"": 0.0, ""success"": 0.0}",3,3,0.0,1.176065444946289,1.176065444946289,0,0.04995110000000125,True,3,15,3,0.0,s1_history_mpc3,1.0,0,0.0,dev_valL_predictor_only_n3,1,101,L,D:\EV-TTT\adajepa_official_51d8665\artifacts\development\val_L_predictor_only_n3\oracle\sample_001\s1_history_mpc3_anchor.npz,0.0
development,val_L,D:\EV-TTT\adajepa_official_51d8665\artifacts\development\val_L_predictor_only_n3,pushobj_norm_envapi_v1,PREDICTOR_ONLY,0,"{""state_dist"": 0.0, ""success"": 0.0}",4,4,0.0,0.7718960642814636,0.7718960642814636,0,0.07216499999999826,True,4,20,4,0.0,s1_history_mpc4,1.0,0,0.0,dev_valL_predictor_only_n3,1,101,L,D:\EV-TTT\adajepa_official_51d8665\artifacts\development\val_L_predictor_only_n3\oracle\sample_001\s1_history_mpc4_anchor.npz,0.0
development,val_L,D:\EV-TTT\adajepa_official_51d8665\artifacts\development\val_L_predictor_only_n3,pushobj_norm_envapi_v1,PREDICTOR_ONLY,0,"{""state_dist"": 0.0, ""success"": 0.0}",5,5,0.0,0.30483996868133545,0.30483996868133545,0,0.09732019999999864,True,5,25,5,0.0,s1_history_mpc5,1.0,0,0.0,dev_valL_predictor_only_n3,1,101,L,D:\EV-TTT\adajepa_official_51d8665\artifacts\development\val_L_predictor_only_n3\oracle\sample_001\s1_history_mpc5_anchor.npz,0.0
development,val_L,D:\EV-TTT\adajepa_official_51d8665\artifacts\development\val_L_predictor_only_n3,pushobj_norm_envapi_v1,PREDICTOR_ONLY,0,"{""state_dist"": 0.0, ""success"": 0.0}",0,0,0.0,1.0498584508895874,1.0498584508895874,0,0.0023194000000046344,True,0,0,0,0.0,s2_history_mpc0,1.0,0,0.0,dev_valL_predictor_only_n3,2,201,L,D:\EV-TTT\adajepa_official_51d8665\artifacts\development\val_L_predictor_only_n3\oracle\sample_002\s2_history_mpc0_anchor.npz,0.0
development,val_L,D:\EV-TTT\adajepa_official_51d8665\artifacts\development\val_L_predictor_only_n3,pushobj_norm_envapi_v1,PREDICTOR_ONLY,0,"{""state_dist"": 0.0, ""success"": 0.0}",1,1,0.0,0.7811133861541748,0.7811133861541748,0,0.020805800000005092,True,1,5,1,0.0,s2_history_mpc1,1.0,0,0.0,dev_valL_predictor_only_n3,2,201,L,D:\EV-TTT\adajepa_official_51d8665\artifacts\development\val_L_predictor_only_n3\oracle\sample_002\s2_history_mpc1_anchor.npz,0.0
development,val_L,D:\EV-TTT\adajepa_official_51d8665\artifacts\development\val_L_predictor_only_n3,pushobj_norm_envapi_v1,PREDICTOR_ONLY,0,"{""state_dist"": 0.0, ""success"": 0.0}",2,2,0.0,0.49306970834732056,0.49306970834732056,0,0.03479379999998855,True,2,10,2,0.0,s2_history_mpc2,1.0,0,0.0,dev_valL_predictor_only_n3,2,201,L,D:\EV-TTT\adajepa_official_51d8665\artifacts\development\val_L_predictor_only_n3\oracle\sample_002\s2_history_mpc2_anchor.npz,0.0
development,val_L,D:\EV-TTT\adajepa_official_51d8665\artifacts\development\val_L_predictor_only_n3,pushobj_norm_envapi_v1,PREDICTOR_ONLY,0,"{""state_dist"": 0.0, ""success"": 0.0}",3,3,0.0,0.32640594244003296,0.32640594244003296,0,0.05857790000000307,True,3,15,3,0.0,s2_history_mpc3,1.0,0,0.0,dev_valL_predictor_only_n3,2,201,L,D:\EV-TTT\adajepa_official_51d8665\artifacts\development\val_L_predictor_only_n3\oracle\sample_002\s2_history_mpc3_anchor.npz,0.0
development,val_L,D:\EV-TTT\adajepa_official_51d8665\artifacts\development\val_L_predictor_only_n3,pushobj_norm_envapi_v1,PREDICTOR_ONLY,0,"{""state_dist"": 0.0, ""success"": 0.0}",4,4,0.0,0.22468261420726776,0.22468261420726776,0,0.07492209999998067,True,4,20,4,0.0,s2_history_mpc4,1.0,0,0.0,dev_valL_predictor_only_n3,2,201,L,D:\EV-TTT\adajepa_official_51d8665\artifacts\development\val_L_predictor_only_n3\oracle\sample_002\s2_history_mpc4_anchor.npz,0.0
development,val_L,D:\EV-TTT\adajepa_official_51d8665\artifacts\development\val_L_predictor_only_n3,pushobj_norm_envapi_v1,PREDICTOR_ONLY,0,"{""state_dist"": 0.0, ""success"": 0.0}",5,5,0.0,0.20220600068569183,0.20220600068569183,0,0.09225040000001172,True,5,25,5,0.0,s2_history_mpc5,1.0,0,0.0,dev_valL_predictor_only_n3,2,201,L,D:\EV-TTT\adajepa_official_51d8665\artifacts\development\val_L_predictor_only_n3\oracle\sample_002\s2_history_mpc5_anchor.npz,0.0
development,val_L,D:\EV-TTT\adajepa_official_51d8665\artifacts\development\val_L_predictor_only_n3,pushobj_norm_envapi_v1,PREDICTOR_ONLY,0,"{""state_dist"": 0.0, ""success"": 0.0}",6,6,0.0,0.02881428226828575,0.02881428226828575,0,0.11222290000000612,True,6,30,6,0.0,s2_history_mpc6,1.0,0,0.0,dev_valL_predictor_only_n3,2,201,L,D:\EV-TTT\adajepa_official_51d8665\artifacts\development\val_L_predictor_only_n3\oracle\sample_002\s2_history_mpc6_anchor.npz,0.0
development,val_L,D:\EV-TTT\adajepa_official_51d8665\artifacts\development\val_L_predictor_only_n3,pushobj_norm_envapi_v1,PREDICTOR_ONLY,0,"{""state_dist"": 0.0, ""success"": 0.0}",7,7,0.0,0.013944348320364952,0.013944348320364952,0,0.11988779999998656,True,7,35,7,0.0,s2_history_mpc7,1.0,0,0.0,dev_valL_predictor_only_n3,2,201,L,D:\EV-TTT\adajepa_official_51d8665\artifacts\development\val_L_predictor_only_n3\oracle\sample_002\s2_history_mpc7_anchor.npz,0.0
ood,val_I,D:\EV-TTT\adajepa_official_51d8665\artifacts\ood\val_I_frozen_n5_attempt2,pushobj_norm_envapi_v1,FROZEN,0,"{""state_dist"": 0.0, ""success"": 0.0}",0,0,0.0,1.0656778812408447,1.0656778812408447,0,0.002966200000001251,True,0,0,0,0.0,s0_history_mpc0,1.0,0,0.0,ood_valI_frozen_n5_attempt2,0,1,I,D:\EV-TTT\adajepa_official_51d8665\artifacts\ood\val_I_frozen_n5_attempt2\oracle\sample_000\s0_history_mpc0_anchor.npz,0.0
ood,val_I,D:\EV-TTT\adajepa_official_51d8665\artifacts\ood\val_I_frozen_n5_attempt2,pushobj_norm_envapi_v1,FROZEN,0,"{""state_dist"": 0.0, ""success"": 0.0}",0,1,0.0,0.6831445097923279,0.6831445097923279,0,0.019202599999999848,True,0,5,1,0.0,s0_history_mpc1,1.0,0,0.0,ood_valI_frozen_n5_attempt2,0,1,I,D:\EV-TTT\adajepa_official_51d8665\artifacts\ood\val_I_frozen_n5_attempt2\oracle\sample_000\s0_history_mpc1_anchor.npz,0.0
ood,val_I,D:\EV-TTT\adajepa_official_51d8665\artifacts\ood\val_I_frozen_n5_attempt2,pushobj_norm_envapi_v1,FROZEN,0,"{""state_dist"": 0.0, ""success"": 0.0}",0,2,0.0,0.33519670367240906,0.33519670367240906,0,0.03356210000000104,True,0,10,2,0.0,s0_history_mpc2,1.0,0,0.0,ood_valI_frozen_n5_attempt2,0,1,I,D:\EV-TTT\adajepa_official_51d8665\artifacts\ood\val_I_frozen_n5_attempt2\oracle\sample_000\s0_history_mpc2_anchor.npz,0.0
ood,val_I,D:\EV-TTT\adajepa_official_51d8665\artifacts\ood\val_I_frozen_n5_attempt2,pushobj_norm_envapi_v1,FROZEN,0,"{""state_dist"": 0.0, ""success"": 0.0}",0,3,0.0,0.1562006175518036,0.1562006175518036,0,0.047228599999996845,True,0,15,3,0.0,s0_history_mpc3,1.0,0,0.0,ood_valI_frozen_n5_attempt2,0,1,I,D:\EV-TTT\adajepa_official_51d8665\artifacts\ood\val_I_frozen_n5_attempt2\oracle\sample_000\s0_history_mpc3_anchor.npz,0.0
ood,val_I,D:\EV-TTT\adajepa_official_51d8665\artifacts\ood\val_I_frozen_n5_attempt2,pushobj_norm_envapi_v1,FROZEN,0,"{""state_dist"": 0.0, ""success"": 0.0}",0,4,0.0,0.1946241855621338,0.1946241855621338,0,0.06472289999999958,True,0,20,4,0.0,s0_history_mpc4,1.0,0,0.0,ood_valI_frozen_n5_attempt2,0,1,I,D:\EV-TTT\adajepa_official_51d8665\artifacts\ood\val_I_frozen_n5_attempt2\oracle\sample_000\s0_history_mpc4_anchor.npz,0.0
ood,val_I,D:\EV-TTT\adajepa_official_51d8665\artifacts\ood\val_I_frozen_n5_attempt2,pushobj_norm_envapi_v1,FROZEN,0,"{""state_dist"": 0.0, ""success"": 0.0}",0,5,0.0,0.24017761647701263,0.24017761647701263,0,0.09118070000000245,True,0,25,5,0.0,s0_history_mpc5,1.0,0,0.0,ood_valI_frozen_n5_attempt2,0,1,I,D:\EV-TTT\adajepa_official_51d8665\artifacts\ood\val_I_frozen_n5_attempt2\oracle\sample_000\s0_history_mpc5_anchor.npz,0.0
ood,val_I,D:\EV-TTT\adajepa_official_51d8665\artifacts\ood\val_I_frozen_n5_attempt2,pushobj_norm_envapi_v1,FROZEN,0,"{""state_dist"": 0.0, ""success"": 0.0}",0,6,0.0,0.13169489800930023,0.13169489800930023,0,0.1027714999999958,True,0,30,6,0.0,s0_history_mpc6,1.0,0,0.0,ood_valI_frozen_n5_attempt2,0,1,I,D:\EV-TTT\adajepa_official_51d8665\artifacts\ood\val_I_frozen_n5_attempt2\oracle\sample_000\s0_history_mpc6_anchor.npz,0.0
ood,val_I,D:\EV-TTT\adajepa_official_51d8665\artifacts\ood\val_I_frozen_n5_attempt2,pushobj_norm_envapi_v1,FROZEN,0,"{""state_dist"": 0.0, ""success"": 0.0}",0,7,0.0,0.06366103887557983,0.06366103887557983,0,0.10886399999999696,True,0,35,7,0.0,s0_history_mpc7,1.0,0,0.0,ood_valI_frozen_n5_attempt2,0,1,I,D:\EV-TTT\adajepa_official_51d8665\artifacts\ood\val_I_frozen_n5_attempt2\oracle\sample_000\s0_history_mpc7_anchor.npz,0.0
ood,val_I,D:\EV-TTT\adajepa_official_51d8665\artifacts\ood\val_I_frozen_n5_attempt2,pushobj_norm_envapi_v1,FROZEN,0,"{""state_dist"": 0.0, ""success"": 0.0}",0,8,0.0,0.04535350203514099,0.04535350203514099,0,0.11622979999999927,True,0,40,8,0.0,s0_history_mpc8,1.0,0,0.0,ood_valI_frozen_n5_attempt2,0,1,I,D:\EV-TTT\adajepa_official_51d8665\artifacts\ood\val_I_frozen_n5_attempt2\oracle\sample_000\s0_history_mpc8_anchor.npz,0.0
ood,val_I,D:\EV-TTT\adajepa_official_51d8665\artifacts\ood\val_I_frozen_n5_attempt2,pushobj_norm_envapi_v1,FROZEN,0,"{""state_dist"": 0.0, ""success"": 0.0}",0,9,0.0,0.05324995517730713,0.05324995517730713,0,0.1249300000000062,True,0,45,9,0.0,s0_history_mpc9,1.0,0,0.0,ood_valI_frozen_n5_attempt2,0,1,I,D:\EV-TTT\adajepa_official_51d8665\artifacts\ood\val_I_frozen_n5_attempt2\oracle\sample_000\s0_history_mpc9_anchor.npz,0.0
ood,val_I,D:\EV-TTT\adajepa_official_51d8665\artifacts\ood\val_I_frozen_n5_attempt2,pushobj_norm_envapi_v1,FROZEN,0,"{""state_dist"": 0.0, ""success"": 0.0}",0,10,0.0,0.059417858719825745,0.059417858719825745,0,0.14140290000000277,True,0,50,10,0.0,s0_history_mpc10,1.0,0,0.0,ood_valI_frozen_n5_attempt2,0,1,I,D:\EV-TTT\adajepa_official_51d8665\artifacts\ood\val_I_frozen_n5_attempt2\oracle\sample_000\s0_history_mpc10_anchor.npz,0.0
ood,val_I,D:\EV-TTT\adajepa_official_51d8665\artifacts\ood\val_I_frozen_n5_attempt2,pushobj_norm_envapi_v1,FROZEN,0,"{""state_dist"": 0.0, ""success"": 0.0}",0,11,0.0,0.056785449385643005,0.056785449385643005,0,0.1600759000000096,True,0,55,11,0.0,s0_history_mpc11,1.0,0,0.0,ood_valI_frozen_n5_attempt2,0,1,I,D:\EV-TTT\adajepa_official_51d8665\artifacts\ood\val_I_frozen_n5_attempt2\oracle\sample_000\s0_history_mpc11_anchor.npz,0.0
ood,val_I,D:\EV-TTT\adajepa_official_51d8665\artifacts\ood\val_I_frozen_n5_attempt2,pushobj_norm_envapi_v1,FROZEN,0,"{""state_dist"": 0.0, ""success"": 0.0}",0,12,0.0,0.05484513193368912,0.05484513193368912,0,0.16404849999999271,True,0,60,12,0.0,s0_history_mpc12,1.0,0,0.0,ood_valI_frozen_n5_attempt2,0,1,I,D:\EV-TTT\adajepa_official_51d8665\artifacts\ood\val_I_frozen_n5_attempt2\oracle\sample_000\s0_history_mpc12_anchor.npz,0.0
ood,val_I,D:\EV-TTT\adajepa_official_51d8665\artifacts\ood\val_I_frozen_n5_attempt2,pushobj_norm_envapi_v1,FROZEN,0,"{""state_dist"": 0.0, ""success"": 0.0}",0,13,0.0,0.05474194139242172,0.05474194139242172,0,0.16791570000000888,True,0,65,13,0.0,s0_history_mpc13,1.0,0,0.0,ood_valI_frozen_n5_attempt2,0,1,I,D:\EV-TTT\adajepa_official_51d8665\artifacts\ood\val_I_frozen_n5_attempt2\oracle\sample_000\s0_history_mpc13_anchor.npz,0.0
ood,val_I,D:\EV-TTT\adajepa_official_51d8665\artifacts\ood\val_I_frozen_n5_attempt2,pushobj_norm_envapi_v1,FROZEN,0,"{""state_dist"": 0.0, ""success"": 0.0}",0,14,0.0,0.05456487834453583,0.05456487834453583,0,0.1812504999999902,True,0,70,14,0.0,s0_history_mpc14,1.0,0,0.0,ood_valI_frozen_n5_attempt2,0,1,I,D:\EV-TTT\adajepa_official_51d8665\artifacts\ood\val_I_frozen_n5_attempt2\oracle\sample_000\s0_history_mpc14_anchor.npz,0.0
ood,val_I,D:\EV-TTT\adajepa_official_51d8665\artifacts\ood\val_I_frozen_n5_attempt2,pushobj_norm_envapi_v1,FROZEN,0,"{""state_dist"": 0.0, ""success"": 0.0}",0,15,0.0,0.054614581167697906,0.054614581167697906,0,0.19154839999998785,True,0,75,15,0.0,s0_history_mpc15,1.0,0,0.0,ood_valI_frozen_n5_attempt2,0,1,I,D:\EV-TTT\adajepa_official_51d8665\artifacts\ood\val_I_frozen_n5_attempt2\oracle\sample_000\s0_history_mpc15_anchor.npz,0.0
ood,val_I,D:\EV-TTT\adajepa_official_51d8665\artifacts\ood\val_I_frozen_n5_attempt2,pushobj_norm_envapi_v1,FROZEN,0,"{""state_dist"": 0.0, ""success"": 0.0}",0,16,0.0,0.054925765842199326,0.054925765842199326,0,0.20520419999999717,True,0,80,16,0.0,s0_history_mpc16,1.0,0,0.0,ood_valI_frozen_n5_attempt2,0,1,I,D:\EV-TTT\adajepa_official_51d8665\artifacts\ood\val_I_frozen_n5_attempt2\oracle\sample_000\s0_history_mpc16_anchor.npz,0.0
ood,val_I,D:\EV-TTT\adajepa_official_51d8665\artifacts\ood\val_I_frozen_n5_attempt2,pushobj_norm_envapi_v1,FROZEN,0,"{""state_dist"": 0.0, ""success"": 0.0}",0,17,0.0,0.054385438561439514,0.054385438561439514,0,0.200613699999991,True,0,85,17,0.0,s0_history_mpc17,1.0,0,0.0,ood_valI_frozen_n5_attempt2,0,1,I,D:\EV-TTT\adajepa_official_51d8665\artifacts\ood\val_I_frozen_n5_attempt2\oracle\sample_000\s0_history_mpc17_anchor.npz,0.0
ood,val_I,D:\EV-TTT\adajepa_official_51d8665\artifacts\ood\val_I_frozen_n5_attempt2,pushobj_norm_envapi_v1,FROZEN,0,"{""state_dist"": 0.0, ""success"": 0.0}",0,18,0.0,0.055721014738082886,0.055721014738082886,0,0.21993969999999763,True,0,90,18,0.0,s0_history_mpc18,1.0,0,0.0,ood_valI_frozen_n5_attempt2,0,1,I,D:\EV-TTT\adajepa_official_51d8665\artifacts\ood\val_I_frozen_n5_attempt2\oracle\sample_000\s0_history_mpc18_anchor.npz,0.0
ood,val_I,D:\EV-TTT\adajepa_official_51d8665\artifacts\ood\val_I_frozen_n5_attempt2,pushobj_norm_envapi_v1,FROZEN,0,"{""state_dist"": 0.0, ""success"": 0.0}",0,19,0.0,0.05323268845677376,0.05323268845677376,0,0.22518199999998956,True,0,95,19,0.0,s0_history_mpc19,1.0,0,0.0,ood_valI_frozen_n5_attempt2,0,1,I,D:\EV-TTT\adajepa_official_51d8665\artifacts\ood\val_I_frozen_n5_attempt2\oracle\sample_000\s0_history_mpc19_anchor.npz,0.0
ood,val_I,D:\EV-TTT\adajepa_official_51d8665\artifacts\ood\val_I_frozen_n5_attempt2,pushobj_norm_envapi_v1,FROZEN,0,"{""state_dist"": 0.0, ""success"": 0.0}",0,0,0.0,2.0177295207977295,2.0177295207977295,0,0.0025949000000196065,True,0,0,0,0.0,s1_history_mpc0,1.0,0,0.0,ood_valI_frozen_n5_attempt2,1,101,I,D:\EV-TTT\adajepa_official_51d8665\artifacts\ood\val_I_frozen_n5_attempt2\oracle\sample_001\s1_history_mpc0_anchor.npz,0.0
ood,val_I,D:\EV-TTT\adajepa_official_51d8665\artifacts\ood\val_I_frozen_n5_attempt2,pushobj_norm_envapi_v1,FROZEN,0,"{""state_dist"": 0.0, ""success"": 0.0}",0,1,0.0,1.375318169593811,1.375318169593811,0,0.01831129999999348,True,0,5,1,0.0,s1_history_mpc1,1.0,0,0.0,ood_valI_frozen_n5_attempt2,1,101,I,D:\EV-TTT\adajepa_official_51d8665\artifacts\ood\val_I_frozen_n5_attempt2\oracle\sample_001\s1_history_mpc1_anchor.npz,0.0
ood,val_I,D:\EV-TTT\adajepa_official_51d8665\artifacts\ood\val_I_frozen_n5_attempt2,pushobj_norm_envapi_v1,FROZEN,0,"{""state_dist"": 0.0, ""success"": 0.0}",0,2,0.0,0.440650999546051,0.440650999546051,0,0.039169999999984384,True,0,10,2,0.0,s1_history_mpc2,1.0,0,0.0,ood_valI_frozen_n5_attempt2,1,101,I,D:\EV-TTT\adajepa_official_51d8665\artifacts\ood\val_I_frozen_n5_attempt2\oracle\sample_001\s1_history_mpc2_anchor.npz,0.0
ood,val_I,D:\EV-TTT\adajepa_official_51d8665\artifacts\ood\val_I_frozen_n5_attempt2,pushobj_norm_envapi_v1,FROZEN,0,"{""state_dist"": 0.0, ""success"": 0.0}",0,3,0.0,0.18584775924682617,0.18584775924682617,0,0.04168189999998617,True,0,15,3,0.0,s1_history_mpc3,1.0,0,0.0,ood_valI_frozen_n5_attempt2,1,101,I,D:\EV-TTT\adajepa_official_51d8665\artifacts\ood\val_I_frozen_n5_attempt2\oracle\sample_001\s1_history_mpc3_anchor.npz,0.0
ood,val_I,D:\EV-TTT\adajepa_official_51d8665\artifacts\ood\val_I_frozen_n5_attempt2,pushobj_norm_envapi_v1,FROZEN,0,"{""state_dist"": 0.0, ""success"": 0.0}",0,4,0.0,0.19221040606498718,0.19221040606498718,0,0.06927479999998809,True,0,20,4,0.0,s1_history_mpc4,1.0,0,0.0,ood_valI_frozen_n5_attempt2,1,101,I,D:\EV-TTT\adajepa_official_51d8665\artifacts\ood\val_I_frozen_n5_attempt2\oracle\sample_001\s1_history_mpc4_anchor.npz,0.0
ood,val_I,D:\EV-TTT\adajepa_official_51d8665\artifacts\ood\val_I_frozen_n5_attempt2,pushobj_norm_envapi_v1,FROZEN,0,"{""state_dist"": 0.0, ""success"": 0.0}",0,5,0.0,0.2366473376750946,0.2366473376750946,0,0.08412160000000313,True,0,25,5,0.0,s1_history_mpc5,1.0,0,0.0,ood_valI_frozen_n5_attempt2,1,101,I,D:\EV-TTT\adajepa_official_51d8665\artifacts\ood\val_I_frozen_n5_attempt2\oracle\sample_001\s1_history_mpc5_anchor.npz,0.0
ood,val_I,D:\EV-TTT\adajepa_official_51d8665\artifacts\ood\val_I_frozen_n5_attempt2,pushobj_norm_envapi_v1,FROZEN,0,"{""state_dist"": 0.0, ""success"": 0.0}",0,6,0.0,0.1741977483034134,0.1741977483034134,0,0.0955626999999879,True,0,30,6,0.0,s1_history_mpc6,1.0,0,0.0,ood_valI_frozen_n5_attempt2,1,101,I,D:\EV-TTT\adajepa_official_51d8665\artifacts\ood\val_I_frozen_n5_attempt2\oracle\sample_001\s1_history_mpc6_anchor.npz,0.0
ood,val_I,D:\EV-TTT\adajepa_official_51d8665\artifacts\ood\val_I_frozen_n5_attempt2,pushobj_norm_envapi_v1,FROZEN,0,"{""state_dist"": 0.0, ""success"": 0.0}",0,7,0.0,0.05181843042373657,0.05181843042373657,0,0.10551179999998794,True,0,35,7,0.0,s1_history_mpc7,1.0,0,0.0,ood_valI_frozen_n5_attempt2,1,101,I,D:\EV-TTT\adajepa_official_51d8665\artifacts\ood\val_I_frozen_n5_attempt2\oracle\sample_001\s1_history_mpc7_anchor.npz,0.0
ood,val_I,D:\EV-TTT\adajepa_official_51d8665\artifacts\ood\val_I_frozen_n5_attempt2,pushobj_norm_envapi_v1,FROZEN,0,"{""state_dist"": 0.0, ""success"": 0.0}",0,8,0.0,0.04698172211647034,0.04698172211647034,0,0.1166868999999906,True,0,40,8,0.0,s1_history_mpc8,1.0,0,0.0,ood_valI_frozen_n5_attempt2,1,101,I,D:\EV-TTT\adajepa_official_51d8665\artifacts\ood\val_I_frozen_n5_attempt2\oracle\sample_001\s1_history_mpc8_anchor.npz,0.0
ood,val_I,D:\EV-TTT\adajepa_official_51d8665\artifacts\ood\val_I_frozen_n5_attempt2,pushobj_norm_envapi_v1,FROZEN,0,"{""state_dist"": 0.0, ""success"": 0.0}",0,9,0.0,0.04861303046345711,0.04861303046345711,0,0.1225418000000218,True,0,45,9,0.0,s1_history_mpc9,1.0,0,0.0,ood_valI_frozen_n5_attempt2,1,101,I,D:\EV-TTT\adajepa_official_51d8665\artifacts\ood\val_I_frozen_n5_attempt2\oracle\sample_001\s1_history_mpc9_anchor.npz,0.0
ood,val_I,D:\EV-TTT\adajepa_official_51d8665\artifacts\ood\val_I_frozen_n5_attempt2,pushobj_norm_envapi_v1,FROZEN,0,"{""state_dist"": 0.0, ""success"": 0.0}",0,10,0.0,0.05009486526250839,0.05009486526250839,0,0.14623160000002144,True,0,50,10,0.0,s1_history_mpc10,1.0,0,0.0,ood_valI_frozen_n5_attempt2,1,101,I,D:\EV-TTT\adajepa_official_51d8665\artifacts\ood\val_I_frozen_n5_attempt2\oracle\sample_001\s1_history_mpc10_anchor.npz,0.0
ood,val_I,D:\EV-TTT\adajepa_official_51d8665\artifacts\ood\val_I_frozen_n5_attempt2,pushobj_norm_envapi_v1,FROZEN,0,"{""state_dist"": 0.0, ""success"": 0.0}",0,11,0.0,0.04811987280845642,0.04811987280845642,0,0.15298519999998916,True,0,55,11,0.0,s1_history_mpc11,1.0,0,0.0,ood_valI_frozen_n5_attempt2,1,101,I,D:\EV-TTT\adajepa_official_51d8665\artifacts\ood\val_I_frozen_n5_attempt2\oracle\sample_001\s1_history_mpc11_anchor.npz,0.0
ood,val_I,D:\EV-TTT\adajepa_official_51d8665\artifacts\ood\val_I_frozen_n5_attempt2,pushobj_norm_envapi_v1,FROZEN,0,"{""state_dist"": 0.0, ""success"": 0.0}",0,12,0.0,0.04730198532342911,0.04730198532342911,0,0.1590912000000344,True,0,60,12,0.0,s1_history_mpc12,1.0,0,0.0,ood_valI_frozen_n5_attempt2,1,101,I,D:\EV-TTT\adajepa_official_51d8665\artifacts\ood\val_I_frozen_n5_attempt2\oracle\sample_001\s1_history_mpc12_anchor.npz,0.0
ood,val_I,D:\EV-TTT\adajepa_official_51d8665\artifacts\ood\val_I_frozen_n5_attempt2,pushobj_norm_envapi_v1,FROZEN,0,"{""state_dist"": 0.0, ""success"": 0.0}",0,13,0.0,0.0491972342133522,0.0491972342133522,0,0.1760345000000143,True,0,65,13,0.0,s1_history_mpc13,1.0,0,0.0,ood_valI_frozen_n5_attempt2,1,101,I,D:\EV-TTT\adajepa_official_51d8665\artifacts\ood\val_I_frozen_n5_attempt2\oracle\sample_001\s1_history_mpc13_anchor.npz,0.0
ood,val_I,D:\EV-TTT\adajepa_official_51d8665\artifacts\ood\val_I_frozen_n5_attempt2,pushobj_norm_envapi_v1,FROZEN,0,"{""state_dist"": 0.0, ""success"": 0.0}",0,14,0.0,0.047648217529058456,0.047648217529058456,0,0.1838922000000025,True,0,70,14,0.0,s1_history_mpc14,1.0,0,0.0,ood_valI_frozen_n5_attempt2,1,101,I,D:\EV-TTT\adajepa_official_51d8665\artifacts\ood\val_I_frozen_n5_attempt2\oracle\sample_001\s1_history_mpc14_anchor.npz,0.0
ood,val_I,D:\EV-TTT\adajepa_official_51d8665\artifacts\ood\val_I_frozen_n5_attempt2,pushobj_norm_envapi_v1,FROZEN,0,"{""state_dist"": 0.0, ""success"": 0.0}",0,15,0.0,0.048128336668014526,0.048128336668014526,0,0.19277209999995648,True,0,75,15,0.0,s1_history_mpc15,1.0,0,0.0,ood_valI_frozen_n5_attempt2,1,101,I,D:\EV-TTT\adajepa_official_51d8665\artifacts\ood\val_I_frozen_n5_attempt2\oracle\sample_001\s1_history_mpc15_anchor.npz,0.0
ood,val_I,D:\EV-TTT\adajepa_official_51d8665\artifacts\ood\val_I_frozen_n5_attempt2,pushobj_norm_envapi_v1,FROZEN,0,"{""state_dist"": 0.0, ""success"": 0.0}",0,16,0.0,0.04901310056447983,0.04901310056447983,0,0.20397090000000162,True,0,80,16,0.0,s1_history_mpc16,1.0,0,0.0,ood_valI_frozen_n5_attempt2,1,101,I,D:\EV-TTT\adajepa_official_51d8665\artifacts\ood\val_I_frozen_n5_attempt2\oracle\sample_001\s1_history_mpc16_anchor.npz,0.0
ood,val_I,D:\EV-TTT\adajepa_official_51d8665\artifacts\ood\val_I_frozen_n5_attempt2,pushobj_norm_envapi_v1,FROZEN,0,"{""state_dist"": 0.0, ""success"": 0.0}",0,17,0.0,0.048443328589200974,0.048443328589200974,0,0.20889600000003838,True,0,85,17,0.0,s1_history_mpc17,1.0,0,0.0,ood_valI_frozen_n5_attempt2,1,101,I,D:\EV-TTT\adajepa_official_51d8665\artifacts\ood\val_I_frozen_n5_attempt2\oracle\sample_001\s1_history_mpc17_anchor.npz,0.0
ood,val_I,D:\EV-TTT\adajepa_official_51d8665\artifacts\ood\val_I_frozen_n5_attempt2,pushobj_norm_envapi_v1,FROZEN,0,"{""state_dist"": 0.0, ""success"": 0.0}",0,18,0.0,0.04894382506608963,0.04894382506608963,0,0.21690269999999146,True,0,90,18,0.0,s1_history_mpc18,1.0,0,0.0,ood_valI_frozen_n5_attempt2,1,101,I,D:\EV-TTT\adajepa_official_51d8665\artifacts\ood\val_I_frozen_n5_attempt2\oracle\sample_001\s1_history_mpc18_anchor.npz,0.0
ood,val_I,D:\EV-TTT\adajepa_official_51d8665\artifacts\ood\val_I_frozen_n5_attempt2,pushobj_norm_envapi_v1,FROZEN,0,"{""state_dist"": 0.0, ""success"": 0.0}",0,19,0.0,0.0480094850063324,0.0480094850063324,0,0.22516489999998157,True,0,95,19,0.0,s1_history_mpc19,1.0,0,0.0,ood_valI_frozen_n5_attempt2,1,101,I,D:\EV-TTT\adajepa_official_51d8665\artifacts\ood\val_I_frozen_n5_attempt2\oracle\sample_001\s1_history_mpc19_anchor.npz,0.0
ood,val_I,D:\EV-TTT\adajepa_official_51d8665\artifacts\ood\val_I_frozen_n5_attempt2,pushobj_norm_envapi_v1,FROZEN,0,"{""state_dist"": 0.0, ""success"": 0.0}",0,0,0.0,3.0808122158050537,3.0808122158050537,0,0.0031364000000166925,True,0,0,0,0.0,s2_history_mpc0,1.0,0,0.0,ood_valI_frozen_n5_attempt2,2,201,I,D:\EV-TTT\adajepa_official_51d8665\artifacts\ood\val_I_frozen_n5_attempt2\oracle\sample_002\s2_history_mpc0_anchor.npz,0.0
ood,val_I,D:\EV-TTT\adajepa_official_51d8665\artifacts\ood\val_I_frozen_n5_attempt2,pushobj_norm_envapi_v1,FROZEN,0,"{""state_dist"": 0.0, ""success"": 0.0}",0,1,0.0,2.6715033054351807,2.6715033054351807,0,0.020760999999993146,True,0,5,1,0.0,s2_history_mpc1,1.0,0,0.0,ood_valI_frozen_n5_attempt2,2,201,I,D:\EV-TTT\adajepa_official_51d8665\artifacts\ood\val_I_frozen_n5_attempt2\oracle\sample_002\s2_history_mpc1_anchor.npz,0.0
ood,val_I,D:\EV-TTT\adajepa_official_51d8665\artifacts\ood\val_I_frozen_n5_attempt2,pushobj_norm_envapi_v1,FROZEN,0,"{""state_dist"": 0.0, ""success"": 0.0}",0,2,0.0,1.8155620098114014,1.8155620098114014,0,0.032884899999999107,True,0,10,2,0.0,s2_history_mpc2,1.0,0,0.0,ood_valI_frozen_n5_attempt2,2,201,I,D:\EV-TTT\adajepa_official_51d8665\artifacts\ood\val_I_frozen_n5_attempt2\oracle\sample_002\s2_history_mpc2_anchor.npz,0.0
ood,val_I,D:\EV-TTT\adajepa_official_51d8665\artifacts\ood\val_I_frozen_n5_attempt2,pushobj_norm_envapi_v1,FROZEN,0,"{""state_dist"": 0.0, ""success"": 0.0}",0,3,0.0,0.8325768113136292,0.8325768113136292,0,0.049017099999957736,True,0,15,3,0.0,s2_history_mpc3,1.0,0,0.0,ood_valI_frozen_n5_attempt2,2,201,I,D:\EV-TTT\adajepa_official_51d8665\artifacts\ood\val_I_frozen_n5_attempt2\oracle\sample_002\s2_history_mpc3_anchor.npz,0.0
ood,val_I,D:\EV-TTT\adajepa_official_51d8665\artifacts\ood\val_I_frozen_n5_attempt2,pushobj_norm_envapi_v1,FROZEN,0,"{""state_dist"": 0.0, ""success"": 0.0}",0,4,0.0,0.18501712381839752,0.18501712381839752,0,0.07323619999999664,True,0,20,4,0.0,s2_history_mpc4,1.0,0,0.0,ood_valI_frozen_n5_attempt2,2,201,I,D:\EV-TTT\adajepa_official_51d8665\artifacts\ood\val_I_frozen_n5_attempt2\oracle\sample_002\s2_history_mpc4_anchor.npz,0.0
ood,val_I,D:\EV-TTT\adajepa_official_51d8665\artifacts\ood\val_I_frozen_n5_attempt2,pushobj_norm_envapi_v1,FROZEN,0,"{""state_dist"": 0.0, ""success"": 0.0}",0,5,0.0,0.6017959117889404,0.6017959117889404,0,0.08875380000000632,True,0,25,5,0.0,s2_history_mpc5,1.0,0,0.0,ood_valI_frozen_n5_attempt2,2,201,I,D:\EV-TTT\adajepa_official_51d8665\artifacts\ood\val_I_frozen_n5_attempt2\oracle\sample_002\s2_history_mpc5_anchor.npz,0.0
ood,val_I,D:\EV-TTT\adajepa_official_51d8665\artifacts\ood\val_I_frozen_n5_attempt2,pushobj_norm_envapi_v1,FROZEN,0,"{""state_dist"": 0.0, ""success"": 0.0}",0,6,0.0,0.6591653823852539,0.6591653823852539,0,0.09818720000004078,True,0,30,6,0.0,s2_history_mpc6,1.0,0,0.0,ood_valI_frozen_n5_attempt2,2,201,I,D:\EV-TTT\adajepa_official_51d8665\artifacts\ood\val_I_frozen_n5_attempt2\oracle\sample_002\s2_history_mpc6_anchor.npz,0.0
ood,val_I,D:\EV-TTT\adajepa_official_51d8665\artifacts\ood\val_I_frozen_n5_attempt2,pushobj_norm_envapi_v1,FROZEN,0,"{""state_dist"": 0.0, ""success"": 0.0}",0,7,0.0,0.3122885525226593,0.3122885525226593,0,0.10488390000000436,True,0,35,7,0.0,s2_history_mpc7,1.0,0,0.0,ood_valI_frozen_n5_attempt2,2,201,I,D:\EV-TTT\adajepa_official_51d8665\artifacts\ood\val_I_frozen_n5_attempt2\oracle\sample_002\s2_history_mpc7_anchor.npz,0.0
ood,val_I,D:\EV-TTT\adajepa_official_51d8665\artifacts\ood\val_I_frozen_n5_attempt2,pushobj_norm_envapi_v1,FROZEN,0,"{""state_dist"": 0.0, ""success"": 0.0}",0,8,0.0,0.20592474937438965,0.20592474937438965,0,0.12186220000000958,True,0,40,8,0.0,s2_history_mpc8,1.0,0,0.0,ood_valI_frozen_n5_attempt2,2,201,I,D:\EV-TTT\adajepa_official_51d8665\artifacts\ood\val_I_frozen_n5_attempt2\oracle\sample_002\s2_history_mpc8_anchor.npz,0.0
ood,val_I,D:\EV-TTT\adajepa_official_51d8665\artifacts\ood\val_I_frozen_n5_attempt2,pushobj_norm_envapi_v1,FROZEN,0,"{""state_dist"": 0.0, ""success"": 0.0}",0,9,0.0,0.2502223253250122,0.2502223253250122,0,0.1307185000000004,True,0,45,9,0.0,s2_history_mpc9,1.0,0,0.0,ood_valI_frozen_n5_attempt2,2,201,I,D:\EV-TTT\adajepa_official_51d8665\artifacts\ood\val_I_frozen_n5_attempt2\oracle\sample_002\s2_history_mpc9_anchor.npz,0.0
ood,val_I,D:\EV-TTT\adajepa_official_51d8665\artifacts\ood\val_I_frozen_n5_attempt2,pushobj_norm_envapi_v1,FROZEN,0,"{""state_dist"": 0.0, ""success"": 0.0}",0,10,0.0,0.4029327929019928,0.4029327929019928,0,0.14318910000002916,True,0,50,10,0.0,s2_history_mpc10,1.0,0,0.0,ood_valI_frozen_n5_attempt2,2,201,I,D:\EV-TTT\adajepa_official_51d8665\artifacts\ood\val_I_frozen_n5_attempt2\oracle\sample_002\s2_history_mpc10_anchor.npz,0.0
ood,val_I,D:\EV-TTT\adajepa_official_51d8665\artifacts\ood\val_I_frozen_n5_attempt2,pushobj_norm_envapi_v1,FROZEN,0,"{""state_dist"": 0.0, ""success"": 0.0}",0,11,0.0,0.6449371576309204,0.6449371576309204,0,0.14948849999996128,True,0,55,11,0.0,s2_history_mpc11,1.0,0,0.0,ood_valI_frozen_n5_attempt2,2,201,I,D:\EV-TTT\adajepa_official_51d8665\artifacts\ood\val_I_frozen_n5_attempt2\oracle\sample_002\s2_history_mpc11_anchor.npz,0.0
ood,val_I,D:\EV-TTT\adajepa_official_51d8665\artifacts\ood\val_I_frozen_n5_attempt2,pushobj_norm_envapi_v1,FROZEN,0,"{""state_dist"": 0.0, ""success"": 0.0}",0,12,0.0,0.18577711284160614,0.18577711284160614,0,0.15306590000000142,True,0,60,12,0.0,s2_history_mpc12,1.0,0,0.0,ood_valI_frozen_n5_attempt2,2,201,I,D:\EV-TTT\adajepa_official_51d8665\artifacts\ood\val_I_frozen_n5_attempt2\oracle\sample_002\s2_history_mpc12_anchor.npz,0.0
ood,val_I,D:\EV-TTT\adajepa_official_51d8665\artifacts\ood\val_I_frozen_n5_attempt2,pushobj_norm_envapi_v1,FROZEN,0,"{""state_dist"": 0.0, ""success"": 0.0}",0,13,0.0,0.2588617503643036,0.2588617503643036,0,0.16632670000001326,True,0,65,13,0.0,s2_history_mpc13,1.0,0,0.0,ood_valI_frozen_n5_attempt2,2,201,I,D:\EV-TTT\adajepa_official_51d8665\artifacts\ood\val_I_frozen_n5_attempt2\oracle\sample_002\s2_history_mpc13_anchor.npz,0.0
ood,val_I,D:\EV-TTT\adajepa_official_51d8665\artifacts\ood\val_I_frozen_n5_attempt2,pushobj_norm_envapi_v1,FROZEN,0,"{""state_dist"": 0.0, ""success"": 0.0}",0,14,0.0,0.40149709582328796,0.40149709582328796,0,0.19312959999996338,True,0,70,14,0.0,s2_history_mpc14,1.0,0,0.0,ood_valI_frozen_n5_attempt2,2,201,I,D:\EV-TTT\adajepa_official_51d8665\artifacts\ood\val_I_frozen_n5_attempt2\oracle\sample_002\s2_history_mpc14_anchor.npz,0.0
ood,val_I,D:\EV-TTT\adajepa_official_51d8665\artifacts\ood\val_I_frozen_n5_attempt2,pushobj_norm_envapi_v1,FROZEN,0,"{""state_dist"": 0.0, ""success"": 0.0}",0,15,0.0,0.576094388961792,0.576094388961792,0,0.20051029999996217,True,0,75,15,0.0,s2_history_mpc15,1.0,0,0.0,ood_valI_frozen_n5_attempt2,2,201,I,D:\EV-TTT\adajepa_official_51d8665\artifacts\ood\val_I_frozen_n5_attempt2\oracle\sample_002\s2_history_mpc15_anchor.npz,0.0
ood,val_I,D:\EV-TTT\adajepa_official_51d8665\artifacts\ood\val_I_frozen_n5_attempt2,pushobj_norm_envapi_v1,FROZEN,0,"{""state_dist"": 0.0, ""success"": 0.0}",0,16,0.0,0.1923491656780243,0.1923491656780243,0,0.1979630999999813,True,0,80,16,0.0,s2_history_mpc16,1.0,0,0.0,ood_valI_frozen_n5_attempt2,2,201,I,D:\EV-TTT\adajepa_official_51d8665\artifacts\ood\val_I_frozen_n5_attempt2\oracle\sample_002\s2_history_mpc16_anchor.npz,0.0
ood,val_I,D:\EV-TTT\adajepa_official_51d8665\artifacts\ood\val_I_frozen_n5_attempt2,pushobj_norm_envapi_v1,FROZEN,0,"{""state_dist"": 0.0, ""success"": 0.0}",0,17,0.0,0.2610519826412201,0.2610519826412201,0,0.2244929999999954,True,0,85,17,0.0,s2_history_mpc17,1.0,0,0.0,ood_valI_frozen_n5_attempt2,2,201,I,D:\EV-TTT\adajepa_official_51d8665\artifacts\ood\val_I_frozen_n5_attempt2\oracle\sample_002\s2_history_mpc17_anchor.npz,0.0
ood,val_I,D:\EV-TTT\adajepa_official_51d8665\artifacts\ood\val_I_frozen_n5_attempt2,pushobj_norm_envapi_v1,FROZEN,0,"{""state_dist"": 0.0, ""success"": 0.0}",0,18,0.0,0.4040699601173401,0.4040699601173401,0,0.21802020000006905,True,0,90,18,0.0,s2_history_mpc18,1.0,0,0.0,ood_valI_frozen_n5_attempt2,2,201,I,D:\EV-TTT\adajepa_official_51d8665\artifacts\ood\val_I_frozen_n5_attempt2\oracle\sample_002\s2_history_mpc18_anchor.npz,0.0
ood,val_I,D:\EV-TTT\adajepa_official_51d8665\artifacts\ood\val_I_frozen_n5_attempt2,pushobj_norm_envapi_v1,FROZEN,0,"{""state_dist"": 0.0, ""success"": 0.0}",0,19,0.0,0.6597117185592651,0.6597117185592651,0,0.22582859999999982,True,0,95,19,0.0,s2_history_mpc19,1.0,0,0.0,ood_valI_frozen_n5_attempt2,2,201,I,D:\EV-TTT\adajepa_official_51d8665\artifacts\ood\val_I_frozen_n5_attempt2\oracle\sample_002\s2_history_mpc19_anchor.npz,0.0
ood,val_I,D:\EV-TTT\adajepa_official_51d8665\artifacts\ood\val_I_frozen_n5_attempt2,pushobj_norm_envapi_v1,FROZEN,0,"{""state_dist"": 0.0, ""success"": 0.0}",0,0,0.0,1.358063817024231,1.358063817024231,0,0.003203500000040549,True,0,0,0,0.0,s3_history_mpc0,1.0,0,0.0,ood_valI_frozen_n5_attempt2,3,301,I,D:\EV-TTT\adajepa_official_51d8665\artifacts\ood\val_I_frozen_n5_attempt2\oracle\sample_003\s3_history_mpc0_anchor.npz,0.0
ood,val_I,D:\EV-TTT\adajepa_official_51d8665\artifacts\ood\val_I_frozen_n5_attempt2,pushobj_norm_envapi_v1,FROZEN,0,"{""state_dist"": 0.0, ""success"": 0.0}",0,1,0.0,0.9748684167861938,0.9748684167861938,0,0.020671900000024834,True,0,5,1,0.0,s3_history_mpc1,1.0,0,0.0,ood_valI_frozen_n5_attempt2,3,301,I,D:\EV-TTT\adajepa_official_51d8665\artifacts\ood\val_I_frozen_n5_attempt2\oracle\sample_003\s3_history_mpc1_anchor.npz,0.0
ood,val_I,D:\EV-TTT\adajepa_official_51d8665\artifacts\ood\val_I_frozen_n5_attempt2,pushobj_norm_envapi_v1,FROZEN,0,"{""state_dist"": 0.0, ""success"": 0.0}",0,2,0.0,0.5267624258995056,0.5267624258995056,0,0.04000229999996918,True,0,10,2,0.0,s3_history_mpc2,1.0,0,0.0,ood_valI_frozen_n5_attempt2,3,301,I,D:\EV-TTT\adajepa_official_51d8665\artifacts\ood\val_I_frozen_n5_attempt2\oracle\sample_003\s3_history_mpc2_anchor.npz,0.0
ood,val_I,D:\EV-TTT\adajepa_official_51d8665\artifacts\ood\val_I_frozen_n5_attempt2,pushobj_norm_envapi_v1,FROZEN,0,"{""state_dist"": 0.0, ""success"": 0.0}",0,3,0.0,0.32083019614219666,0.32083019614219666,0,0.04578460000004725,True,0,15,3,0.0,s3_history_mpc3,1.0,0,0.0,ood_valI_frozen_n5_attempt2,3,301,I,D:\EV-TTT\adajepa_official_51d8665\artifacts\ood\val_I_frozen_n5_attempt2\oracle\sample_003\s3_history_mpc3_anchor.npz,0.0
ood,val_I,D:\EV-TTT\adajepa_official_51d8665\artifacts\ood\val_I_frozen_n5_attempt2,pushobj_norm_envapi_v1,FROZEN,0,"{""state_dist"": 0.0, ""success"": 0.0}",0,4,0.0,0.4163452088832855,0.4163452088832855,0,0.06118740000010803,True,0,20,4,0.0,s3_history_mpc4,1.0,0,0.0,ood_valI_frozen_n5_attempt2,3,301,I,D:\EV-TTT\adajepa_official_51d8665\artifacts\ood\val_I_frozen_n5_attempt2\oracle\sample_003\s3_history_mpc4_anchor.npz,0.0
ood,val_I,D:\EV-TTT\adajepa_official_51d8665\artifacts\ood\val_I_frozen_n5_attempt2,pushobj_norm_envapi_v1,FROZEN,0,"{""state_dist"": 0.0, ""success"": 0.0}",0,5,0.0,0.36782756447792053,0.36782756447792053,0,0.08331400000008671,True,0,25,5,0.0,s3_history_mpc5,1.0,0,0.0,ood_valI_frozen_n5_attempt2,3,301,I,D:\EV-TTT\adajepa_official_51d8665\artifacts\ood\val_I_frozen_n5_attempt2\oracle\sample_003\s3_history_mpc5_anchor.npz,0.0
ood,val_I,D:\EV-TTT\adajepa_official_51d8665\artifacts\ood\val_I_frozen_n5_attempt2,pushobj_norm_envapi_v1,FROZEN,0,"{""state_dist"": 0.0, ""success"": 0.0}",0,6,0.0,0.09725603461265564,0.09725603461265564,0,0.09811400000000958,True,0,30,6,0.0,s3_history_mpc6,1.0,0,0.0,ood_valI_frozen_n5_attempt2,3,301,I,D:\EV-TTT\adajepa_official_51d8665\artifacts\ood\val_I_frozen_n5_attempt2\oracle\sample_003\s3_history_mpc6_anchor.npz,0.0
ood,val_I,D:\EV-TTT\adajepa_official_51d8665\artifacts\ood\val_I_frozen_n5_attempt2,pushobj_norm_envapi_v1,FROZEN,0,"{""state_dist"": 0.0, ""success"": 0.0}",0,7,0.0,0.12043120712041855,0.12043120712041855,0,0.12241230000006453,True,0,35,7,0.0,s3_history_mpc7,1.0,0,0.0,ood_valI_frozen_n5_attempt2,3,301,I,D:\EV-TTT\adajepa_official_51d8665\artifacts\ood\val_I_frozen_n5_attempt2\oracle\sample_003\s3_history_mpc7_anchor.npz,0.0
ood,val_I,D:\EV-TTT\adajepa_official_51d8665\artifacts\ood\val_I_frozen_n5_attempt2,pushobj_norm_envapi_v1,FROZEN,0,"{""state_dist"": 0.0, ""success"": 0.0}",0,8,0.0,0.04253515601158142,0.04253515601158142,0,0.12620670000001155,True,0,40,8,0.0,s3_history_mpc8,1.0,0,0.0,ood_valI_frozen_n5_attempt2,3,301,I,D:\EV-TTT\adajepa_official_51d8665\artifacts\ood\val_I_frozen_n5_attempt2\oracle\sample_003\s3_history_mpc8_anchor.npz,0.0
ood,val_I,D:\EV-TTT\adajepa_official_51d8665\artifacts\ood\val_I_frozen_n5_attempt2,pushobj_norm_envapi_v1,FROZEN,0,"{""state_dist"": 0.0, ""success"": 0.0}",0,9,0.0,0.04509706795215607,0.04509706795215607,0,0.1360735000000659,True,0,45,9,0.0,s3_history_mpc9,1.0,0,0.0,ood_valI_frozen_n5_attempt2,3,301,I,D:\EV-TTT\adajepa_official_51d8665\artifacts\ood\val_I_frozen_n5_attempt2\oracle\sample_003\s3_history_mpc9_anchor.npz,0.0
ood,val_I,D:\EV-TTT\adajepa_official_51d8665\artifacts\ood\val_I_frozen_n5_attempt2,pushobj_norm_envapi_v1,FROZEN,0,"{""state_dist"": 0.0, ""success"": 0.0}",0,10,0.0,0.04517430439591408,0.04517430439591408,0,0.13634920000004058,True,0,50,10,0.0,s3_history_mpc10,1.0,0,0.0,ood_valI_frozen_n5_attempt2,3,301,I,D:\EV-TTT\adajepa_official_51d8665\artifacts\ood\val_I_frozen_n5_attempt2\oracle\sample_003\s3_history_mpc10_anchor.npz,0.0
ood,val_I,D:\EV-TTT\adajepa_official_51d8665\artifacts\ood\val_I_frozen_n5_attempt2,pushobj_norm_envapi_v1,FROZEN,0,"{""state_dist"": 0.0, ""success"": 0.0}",0,11,0.0,0.046549372375011444,0.046549372375011444,0,0.1524723999999651,True,0,55,11,0.0,s3_history_mpc11,1.0,0,0.0,ood_valI_frozen_n5_attempt2,3,301,I,D:\EV-TTT\adajepa_official_51d8665\artifacts\ood\val_I_frozen_n5_attempt2\oracle\sample_003\s3_history_mpc11_anchor.npz,0.0
ood,val_I,D:\EV-TTT\adajepa_official_51d8665\artifacts\ood\val_I_frozen_n5_attempt2,pushobj_norm_envapi_v1,FROZEN,0,"{""state_dist"": 0.0, ""success"": 0.0}",0,12,0.0,0.04717917740345001,0.04717917740345001,0,0.1616698999999926,True,0,60,12,0.0,s3_history_mpc12,1.0,0,0.0,ood_valI_frozen_n5_attempt2,3,301,I,D:\EV-TTT\adajepa_official_51d8665\artifacts\ood\val_I_frozen_n5_attempt2\oracle\sample_003\s3_history_mpc12_anchor.npz,0.0
ood,val_I,D:\EV-TTT\adajepa_official_51d8665\artifacts\ood\val_I_frozen_n5_attempt2,pushobj_norm_envapi_v1,FROZEN,0,"{""state_dist"": 0.0, ""success"": 0.0}",0,13,0.0,0.04748755693435669,0.04748755693435669,0,0.18694119999997838,True,0,65,13,0.0,s3_history_mpc13,1.0,0,0.0,ood_valI_frozen_n5_attempt2,3,301,I,D:\EV-TTT\adajepa_official_51d8665\artifacts\ood\val_I_frozen_n5_attempt2\oracle\sample_003\s3_history_mpc13_anchor.npz,0.0
ood,val_I,D:\EV-TTT\adajepa_official_51d8665\artifacts\ood\val_I_frozen_n5_attempt2,pushobj_norm_envapi_v1,FROZEN,0,"{""state_dist"": 0.0, ""success"": 0.0}",0,14,0.0,0.04921054467558861,0.04921054467558861,0,0.17585850000000391,True,0,70,14,0.0,s3_history_mpc14,1.0,0,0.0,ood_valI_frozen_n5_attempt2,3,301,I,D:\EV-TTT\adajepa_official_51d8665\artifacts\ood\val_I_frozen_n5_attempt2\oracle\sample_003\s3_history_mpc14_anchor.npz,0.0
ood,val_I,D:\EV-TTT\adajepa_official_51d8665\artifacts\ood\val_I_frozen_n5_attempt2,pushobj_norm_envapi_v1,FROZEN,0,"{""state_dist"": 0.0, ""success"": 0.0}",0,15,0.0,0.04729046672582626,0.04729046672582626,0,0.1974264000000403,True,0,75,15,0.0,s3_history_mpc15,1.0,0,0.0,ood_valI_frozen_n5_attempt2,3,301,I,D:\EV-TTT\adajepa_official_51d8665\artifacts\ood\val_I_frozen_n5_attempt2\oracle\sample_003\s3_history_mpc15_anchor.npz,0.0
ood,val_I,D:\EV-TTT\adajepa_official_51d8665\artifacts\ood\val_I_frozen_n5_attempt2,pushobj_norm_envapi_v1,FROZEN,0,"{""state_dist"": 0.0, ""success"": 0.0}",0,16,0.0,0.046759527176618576,0.046759527176618576,0,0.2001217000000679,True,0,80,16,0.0,s3_history_mpc16,1.0,0,0.0,ood_valI_frozen_n5_attempt2,3,301,I,D:\EV-TTT\adajepa_official_51d8665\artifacts\ood\val_I_frozen_n5_attempt2\oracle\sample_003\s3_history_mpc16_anchor.npz,0.0
ood,val_I,D:\EV-TTT\adajepa_official_51d8665\artifacts\ood\val_I_frozen_n5_attempt2,pushobj_norm_envapi_v1,FROZEN,0,"{""state_dist"": 0.0, ""success"": 0.0}",0,17,0.0,0.04685813561081886,0.04685813561081886,0,0.2138816000000361,True,0,85,17,0.0,s3_history_mpc17,1.0,0,0.0,ood_valI_frozen_n5_attempt2,3,301,I,D:\EV-TTT\adajepa_official_51d8665\artifacts\ood\val_I_frozen_n5_attempt2\oracle\sample_003\s3_history_mpc17_anchor.npz,0.0
ood,val_I,D:\EV-TTT\adajepa_official_51d8665\artifacts\ood\val_I_frozen_n5_attempt2,pushobj_norm_envapi_v1,FROZEN,0,"{""state_dist"": 0.0, ""success"": 0.0}",0,18,0.0,0.0494881272315979,0.0494881272315979,0,0.2216588999999658,True,0,90,18,0.0,s3_history_mpc18,1.0,0,0.0,ood_valI_frozen_n5_attempt2,3,301,I,D:\EV-TTT\adajepa_official_51d8665\artifacts\ood\val_I_frozen_n5_attempt2\oracle\sample_003\s3_history_mpc18_anchor.npz,0.0
ood,val_I,D:\EV-TTT\adajepa_official_51d8665\artifacts\ood\val_I_frozen_n5_attempt2,pushobj_norm_envapi_v1,FROZEN,0,"{""state_dist"": 0.0, ""success"": 0.0}",0,19,0.0,0.047718677669763565,0.047718677669763565,0,0.24790389999998297,True,0,95,19,0.0,s3_history_mpc19,1.0,0,0.0,ood_valI_frozen_n5_attempt2,3,301,I,D:\EV-TTT\adajepa_official_51d8665\artifacts\ood\val_I_frozen_n5_attempt2\oracle\sample_003\s3_history_mpc19_anchor.npz,0.0
ood,val_I,D:\EV-TTT\adajepa_official_51d8665\artifacts\ood\val_I_frozen_n5_attempt2,pushobj_norm_envapi_v1,FROZEN,0,"{""state_dist"": 0.0, ""success"": 0.0}",0,0,0.0,2.8145127296447754,2.8145127296447754,0,0.002336599999921418,True,0,0,0,0.0,s4_history_mpc0,1.0,0,0.0,ood_valI_frozen_n5_attempt2,4,401,I,D:\EV-TTT\adajepa_official_51d8665\artifacts\ood\val_I_frozen_n5_attempt2\oracle\sample_004\s4_history_mpc0_anchor.npz,0.0
ood,val_I,D:\EV-TTT\adajepa_official_51d8665\artifacts\ood\val_I_frozen_n5_attempt2,pushobj_norm_envapi_v1,FROZEN,0,"{""state_dist"": 0.0, ""success"": 0.0}",0,1,0.0,2.0651559829711914,2.0651559829711914,0,0.019795700000031502,True,0,5,1,0.0,s4_history_mpc1,1.0,0,0.0,ood_valI_frozen_n5_attempt2,4,401,I,D:\EV-TTT\adajepa_official_51d8665\artifacts\ood\val_I_frozen_n5_attempt2\oracle\sample_004\s4_history_mpc1_anchor.npz,0.0
ood,val_I,D:\EV-TTT\adajepa_official_51d8665\artifacts\ood\val_I_frozen_n5_attempt2,pushobj_norm_envapi_v1,FROZEN,0,"{""state_dist"": 0.0, ""success"": 0.0}",0,2,0.0,1.6161142587661743,1.6161142587661743,0,0.03614750000008371,True,0,10,2,0.0,s4_history_mpc2,1.0,0,0.0,ood_valI_frozen_n5_attempt2,4,401,I,D:\EV-TTT\adajepa_official_51d8665\artifacts\ood\val_I_frozen_n5_attempt2\oracle\sample_004\s4_history_mpc2_anchor.npz,0.0
ood,val_I,D:\EV-TTT\adajepa_official_51d8665\artifacts\ood\val_I_frozen_n5_attempt2,pushobj_norm_envapi_v1,FROZEN,0,"{""state_dist"": 0.0, ""success"": 0.0}",0,3,0.0,0.7922410368919373,0.7922410368919373,0,0.0530873000000156,True,0,15,3,0.0,s4_history_mpc3,1.0,0,0.0,ood_valI_frozen_n5_attempt2,4,401,I,D:\EV-TTT\adajepa_official_51d8665\artifacts\ood\val_I_frozen_n5_attempt2\oracle\sample_004\s4_history_mpc3_anchor.npz,0.0
ood,val_I,D:\EV-TTT\adajepa_official_51d8665\artifacts\ood\val_I_frozen_n5_attempt2,pushobj_norm_envapi_v1,FROZEN,0,"{""state_dist"": 0.0, ""success"": 0.0}",0,4,0.0,0.38836368918418884,0.38836368918418884,0,0.07207249999999021,True,0,20,4,0.0,s4_history_mpc4,1.0,0,0.0,ood_valI_frozen_n5_attempt2,4,401,I,D:\EV-TTT\adajepa_official_51d8665\artifacts\ood\val_I_frozen_n5_attempt2\oracle\sample_004\s4_history_mpc4_anchor.npz,0.0
ood,val_I,D:\EV-TTT\adajepa_official_51d8665\artifacts\ood\val_I_frozen_n5_attempt2,pushobj_norm_envapi_v1,FROZEN,0,"{""state_dist"": 0.0, ""success"": 0.0}",0,5,0.0,0.16441744565963745,0.16441744565963745,0,0.08054270000002361,True,0,25,5,0.0,s4_history_mpc5,1.0,0,0.0,ood_valI_frozen_n5_attempt2,4,401,I,D:\EV-TTT\adajepa_official_51d8665\artifacts\ood\val_I_frozen_n5_attempt2\oracle\sample_004\s4_history_mpc5_anchor.npz,0.0
ood,val_I,D:\EV-TTT\adajepa_official_51d8665\artifacts\ood\val_I_frozen_n5_attempt2,pushobj_norm_envapi_v1,FROZEN,0,"{""state_dist"": 0.0, ""success"": 0.0}",0,6,0.0,0.07289400696754456,0.07289400696754456,0,0.10087909999992917,True,0,30,6,0.0,s4_history_mpc6,1.0,0,0.0,ood_valI_frozen_n5_attempt2,4,401,I,D:\EV-TTT\adajepa_official_51d8665\artifacts\ood\val_I_frozen_n5_attempt2\oracle\sample_004\s4_history_mpc6_anchor.npz,0.0
ood,val_I,D:\EV-TTT\adajepa_official_51d8665\artifacts\ood\val_I_frozen_n5_attempt2,pushobj_norm_envapi_v1,FROZEN,0,"{""state_dist"": 0.0, ""success"": 0.0}",0,7,0.0,0.06418223679065704,0.06418223679065704,0,0.10995700000000852,True,0,35,7,0.0,s4_history_mpc7,1.0,0,0.0,ood_valI_frozen_n5_attempt2,4,401,I,D:\EV-TTT\adajepa_official_51d8665\artifacts\ood\val_I_frozen_n5_attempt2\oracle\sample_004\s4_history_mpc7_anchor.npz,0.0
ood,val_I,D:\EV-TTT\adajepa_official_51d8665\artifacts\ood\val_I_frozen_n5_attempt2,pushobj_norm_envapi_v1,FROZEN,0,"{""state_dist"": 0.0, ""success"": 0.0}",0,8,0.0,0.0625884160399437,0.0625884160399437,0,0.1171051000000034,True,0,40,8,0.0,s4_history_mpc8,1.0,0,0.0,ood_valI_frozen_n5_attempt2,4,401,I,D:\EV-TTT\adajepa_official_51d8665\artifacts\ood\val_I_frozen_n5_attempt2\oracle\sample_004\s4_history_mpc8_anchor.npz,0.0
ood,val_I,D:\EV-TTT\adajepa_official_51d8665\artifacts\ood\val_I_frozen_n5_attempt2,pushobj_norm_envapi_v1,FROZEN,0,"{""state_dist"": 0.0, ""success"": 0.0}",0,9,0.0,0.06254830956459045,0.06254830956459045,0,0.13174100000003364,True,0,45,9,0.0,s4_history_mpc9,1.0,0,0.0,ood_valI_frozen_n5_attempt2,4,401,I,D:\EV-TTT\adajepa_official_51d8665\artifacts\ood\val_I_frozen_n5_attempt2\oracle\sample_004\s4_history_mpc9_anchor.npz,0.0
ood,val_I,D:\EV-TTT\adajepa_official_51d8665\artifacts\ood\val_I_frozen_n5_attempt2,pushobj_norm_envapi_v1,FROZEN,0,"{""state_dist"": 0.0, ""success"": 0.0}",0,10,0.0,0.061812758445739746,0.061812758445739746,0,0.14786040000001321,True,0,50,10,0.0,s4_history_mpc10,1.0,0,0.0,ood_valI_frozen_n5_attempt2,4,401,I,D:\EV-TTT\adajepa_official_51d8665\artifacts\ood\val_I_frozen_n5_attempt2\oracle\sample_004\s4_history_mpc10_anchor.npz,0.0
ood,val_I,D:\EV-TTT\adajepa_official_51d8665\artifacts\ood\val_I_frozen_n5_attempt2,pushobj_norm_envapi_v1,FROZEN,0,"{""state_dist"": 0.0, ""success"": 0.0}",0,11,0.0,0.06212429702281952,0.06212429702281952,0,0.14875749999998789,True,0,55,11,0.0,s4_history_mpc11,1.0,0,0.0,ood_valI_frozen_n5_attempt2,4,401,I,D:\EV-TTT\adajepa_official_51d8665\artifacts\ood\val_I_frozen_n5_attempt2\oracle\sample_004\s4_history_mpc11_anchor.npz,0.0
ood,val_I,D:\EV-TTT\adajepa_official_51d8665\artifacts\ood\val_I_frozen_n5_attempt2,pushobj_norm_envapi_v1,FROZEN,0,"{""state_dist"": 0.0, ""success"": 0.0}",0,12,0.0,0.06060095876455307,0.06060095876455307,0,0.15848930000004202,True,0,60,12,0.0,s4_history_mpc12,1.0,0,0.0,ood_valI_frozen_n5_attempt2,4,401,I,D:\EV-TTT\adajepa_official_51d8665\artifacts\ood\val_I_frozen_n5_attempt2\oracle\sample_004\s4_history_mpc12_anchor.npz,0.0
ood,val_I,D:\EV-TTT\adajepa_official_51d8665\artifacts\ood\val_I_frozen_n5_attempt2,pushobj_norm_envapi_v1,FROZEN,0,"{""state_dist"": 0.0, ""success"": 0.0}",0,13,0.0,0.061005935072898865,0.061005935072898865,0,0.16938940000000002,True,0,65,13,0.0,s4_history_mpc13,1.0,0,0.0,ood_valI_frozen_n5_attempt2,4,401,I,D:\EV-TTT\adajepa_official_51d8665\artifacts\ood\val_I_frozen_n5_attempt2\oracle\sample_004\s4_history_mpc13_anchor.npz,0.0
ood,val_I,D:\EV-TTT\adajepa_official_51d8665\artifacts\ood\val_I_frozen_n5_attempt2,pushobj_norm_envapi_v1,FROZEN,0,"{""state_dist"": 0.0, ""success"": 0.0}",0,14,0.0,0.062333084642887115,0.062333084642887115,0,0.18153240000003734,True,0,70,14,0.0,s4_history_mpc14,1.0,0,0.0,ood_valI_frozen_n5_attempt2,4,401,I,D:\EV-TTT\adajepa_official_51d8665\artifacts\ood\val_I_frozen_n5_attempt2\oracle\sample_004\s4_history_mpc14_anchor.npz,0.0
ood,val_I,D:\EV-TTT\adajepa_official_51d8665\artifacts\ood\val_I_frozen_n5_attempt2,pushobj_norm_envapi_v1,FROZEN,0,"{""state_dist"": 0.0, ""success"": 0.0}",0,15,0.0,0.062178708612918854,0.062178708612918854,0,0.20824530000004415,True,0,75,15,0.0,s4_history_mpc15,1.0,0,0.0,ood_valI_frozen_n5_attempt2,4,401,I,D:\EV-TTT\adajepa_official_51d8665\artifacts\ood\val_I_frozen_n5_attempt2\oracle\sample_004\s4_history_mpc15_anchor.npz,0.0
ood,val_I,D:\EV-TTT\adajepa_official_51d8665\artifacts\ood\val_I_frozen_n5_attempt2,pushobj_norm_envapi_v1,FROZEN,0,"{""state_dist"": 0.0, ""success"": 0.0}",0,16,0.0,0.06148076057434082,0.06148076057434082,0,0.19712520000007316,True,0,80,16,0.0,s4_history_mpc16,1.0,0,0.0,ood_valI_frozen_n5_attempt2,4,401,I,D:\EV-TTT\adajepa_official_51d8665\artifacts\ood\val_I_frozen_n5_attempt2\oracle\sample_004\s4_history_mpc16_anchor.npz,0.0
ood,val_I,D:\EV-TTT\adajepa_official_51d8665\artifacts\ood\val_I_frozen_n5_attempt2,pushobj_norm_envapi_v1,FROZEN,0,"{""state_dist"": 0.0, ""success"": 0.0}",0,17,0.0,0.06251288205385208,0.06251288205385208,0,0.2077055999999402,True,0,85,17,0.0,s4_history_mpc17,1.0,0,0.0,ood_valI_frozen_n5_attempt2,4,401,I,D:\EV-TTT\adajepa_official_51d8665\artifacts\ood\val_I_frozen_n5_attempt2\oracle\sample_004\s4_history_mpc17_anchor.npz,0.0
ood,val_I,D:\EV-TTT\adajepa_official_51d8665\artifacts\ood\val_I_frozen_n5_attempt2,pushobj_norm_envapi_v1,FROZEN,0,"{""state_dist"": 0.0, ""success"": 0.0}",0,18,0.0,0.06145743280649185,0.06145743280649185,0,0.21908689999997932,True,0,90,18,0.0,s4_history_mpc18,1.0,0,0.0,ood_valI_frozen_n5_attempt2,4,401,I,D:\EV-TTT\adajepa_official_51d8665\artifacts\ood\val_I_frozen_n5_attempt2\oracle\sample_004\s4_history_mpc18_anchor.npz,0.0
ood,val_I,D:\EV-TTT\adajepa_official_51d8665\artifacts\ood\val_I_frozen_n5_attempt2,pushobj_norm_envapi_v1,FROZEN,0,"{""state_dist"": 0.0, ""success"": 0.0}",0,19,0.0,0.06092635542154312,0.06092635542154312,0,0.22851759999991827,True,0,95,19,0.0,s4_history_mpc19,1.0,0,0.0,ood_valI_frozen_n5_attempt2,4,401,I,D:\EV-TTT\adajepa_official_51d8665\artifacts\ood\val_I_frozen_n5_attempt2\oracle\sample_004\s4_history_mpc19_anchor.npz,0.0
ood,val_I,D:\EV-TTT\adajepa_official_51d8665\artifacts\ood\val_I_official_n5,pushobj_norm_envapi_v1,OFFICIAL_ADAJEPA,0,"{""state_dist"": 0.0, ""success"": 0.0}",0,0,0.0,1.0656778812408447,1.0656778812408447,0,0.0028918999999998363,True,0,0,0,0.0,s0_history_mpc0,1.0,0,0.0,ood_valI_official_n5,0,1,I,D:\EV-TTT\adajepa_official_51d8665\artifacts\ood\val_I_official_n5\oracle\sample_000\s0_history_mpc0_anchor.npz,0.0
ood,val_I,D:\EV-TTT\adajepa_official_51d8665\artifacts\ood\val_I_official_n5,pushobj_norm_envapi_v1,OFFICIAL_ADAJEPA,1,"{""state_dist"": 0.0, ""success"": 0.0}",1,1,0.0,0.6840905547142029,0.6840905547142029,0,0.014120600000001815,True,1,5,1,0.0,s0_history_mpc1,1.0,0,0.0,ood_valI_official_n5,0,1,I,D:\EV-TTT\adajepa_official_51d8665\artifacts\ood\val_I_official_n5\oracle\sample_000\s0_history_mpc1_anchor.npz,0.0
ood,val_I,D:\EV-TTT\adajepa_official_51d8665\artifacts\ood\val_I_official_n5,pushobj_norm_envapi_v1,OFFICIAL_ADAJEPA,2,"{""state_dist"": 0.0, ""success"": 0.0}",2,2,0.0,0.40615883469581604,0.40615883469581604,0,0.03388960000000196,True,2,10,2,0.0,s0_history_mpc2,1.0,0,0.0,ood_valI_official_n5,0,1,I,D:\EV-TTT\adajepa_official_51d8665\artifacts\ood\val_I_official_n5\oracle\sample_000\s0_history_mpc2_anchor.npz,0.0
ood,val_I,D:\EV-TTT\adajepa_official_51d8665\artifacts\ood\val_I_official_n5,pushobj_norm_envapi_v1,OFFICIAL_ADAJEPA,3,"{""state_dist"": 0.0, ""success"": 0.0}",3,3,0.0,0.1843799650669098,0.1843799650669098,0,0.05980490000000316,True,3,15,3,0.0,s0_history_mpc3,1.0,0,0.0,ood_valI_official_n5,0,1,I,D:\EV-TTT\adajepa_official_51d8665\artifacts\ood\val_I_official_n5\oracle\sample_000\s0_history_mpc3_anchor.npz,0.0
ood,val_I,D:\EV-TTT\adajepa_official_51d8665\artifacts\ood\val_I_official_n5,pushobj_norm_envapi_v1,OFFICIAL_ADAJEPA,4,"{""state_dist"": 0.0, ""success"": 0.0}",4,4,0.0,0.13817745447158813,0.13817745447158813,0,0.07586260000000067,True,4,20,4,0.0,s0_history_mpc4,1.0,0,0.0,ood_valI_official_n5,0,1,I,D:\EV-TTT\adajepa_official_51d8665\artifacts\ood\val_I_official_n5\oracle\sample_000\s0_history_mpc4_anchor.npz,0.0
ood,val_I,D:\EV-TTT\adajepa_official_51d8665\artifacts\ood\val_I_official_n5,pushobj_norm_envapi_v1,OFFICIAL_ADAJEPA,5,"{""state_dist"": 0.0, ""success"": 0.0}",5,5,0.0,0.38347697257995605,0.38347697257995605,0,0.09194859999999494,True,5,25,5,0.0,s0_history_mpc5,1.0,0,0.0,ood_valI_official_n5,0,1,I,D:\EV-TTT\adajepa_official_51d8665\artifacts\ood\val_I_official_n5\oracle\sample_000\s0_history_mpc5_anchor.npz,0.0
ood,val_I,D:\EV-TTT\adajepa_official_51d8665\artifacts\ood\val_I_official_n5,pushobj_norm_envapi_v1,OFFICIAL_ADAJEPA,6,"{""state_dist"": 0.0, ""success"": 0.0}",6,6,0.0,0.1423751413822174,0.1423751413822174,0,0.10084709999999575,True,6,30,6,0.0,s0_history_mpc6,1.0,0,0.0,ood_valI_official_n5,0,1,I,D:\EV-TTT\adajepa_official_51d8665\artifacts\ood\val_I_official_n5\oracle\sample_000\s0_history_mpc6_anchor.npz,0.0
ood,val_I,D:\EV-TTT\adajepa_official_51d8665\artifacts\ood\val_I_official_n5,pushobj_norm_envapi_v1,OFFICIAL_ADAJEPA,7,"{""state_dist"": 0.0, ""success"": 0.0}",7,7,0.0,0.08043113350868225,0.08043113350868225,0,0.11189439999999706,True,7,35,7,0.0,s0_history_mpc7,1.0,0,0.0,ood_valI_official_n5,0,1,I,D:\EV-TTT\adajepa_official_51d8665\artifacts\ood\val_I_official_n5\oracle\sample_000\s0_history_mpc7_anchor.npz,0.0
ood,val_I,D:\EV-TTT\adajepa_official_51d8665\artifacts\ood\val_I_official_n5,pushobj_norm_envapi_v1,OFFICIAL_ADAJEPA,8,"{""state_dist"": 0.0, ""success"": 0.0}",8,8,0.0,0.05603860691189766,0.05603860691189766,0,0.12050150000000315,True,8,40,8,0.0,s0_history_mpc8,1.0,0,0.0,ood_valI_official_n5,0,1,I,D:\EV-TTT\adajepa_official_51d8665\artifacts\ood\val_I_official_n5\oracle\sample_000\s0_history_mpc8_anchor.npz,0.0
ood,val_I,D:\EV-TTT\adajepa_official_51d8665\artifacts\ood\val_I_official_n5,pushobj_norm_envapi_v1,OFFICIAL_ADAJEPA,9,"{""state_dist"": 0.0, ""success"": 0.0}",9,9,0.0,0.04607640951871872,0.04607640951871872,0,0.1346113000000031,True,9,45,9,0.0,s0_history_mpc9,1.0,0,0.0,ood_valI_official_n5,0,1,I,D:\EV-TTT\adajepa_official_51d8665\artifacts\ood\val_I_official_n5\oracle\sample_000\s0_history_mpc9_anchor.npz,0.0
ood,val_I,D:\EV-TTT\adajepa_official_51d8665\artifacts\ood\val_I_official_n5,pushobj_norm_envapi_v1,OFFICIAL_ADAJEPA,10,"{""state_dist"": 0.0, ""success"": 0.0}",10,10,0.0,0.046288009732961655,0.046288009732961655,0,0.1450985999999972,True,10,50,10,0.0,s0_history_mpc10,1.0,0,0.0,ood_valI_official_n5,0,1,I,D:\EV-TTT\adajepa_official_51d8665\artifacts\ood\val_I_official_n5\oracle\sample_000\s0_history_mpc10_anchor.npz,0.0
ood,val_I,D:\EV-TTT\adajepa_official_51d8665\artifacts\ood\val_I_official_n5,pushobj_norm_envapi_v1,OFFICIAL_ADAJEPA,11,"{""state_dist"": 0.0, ""success"": 0.0}",11,11,0.0,0.048555608838796616,0.048555608838796616,0,0.15422959999999364,True,11,55,11,0.0,s0_history_mpc11,1.0,0,0.0,ood_valI_official_n5,0,1,I,D:\EV-TTT\adajepa_official_51d8665\artifacts\ood\val_I_official_n5\oracle\sample_000\s0_history_mpc11_anchor.npz,0.0
ood,val_I,D:\EV-TTT\adajepa_official_51d8665\artifacts\ood\val_I_official_n5,pushobj_norm_envapi_v1,OFFICIAL_ADAJEPA,12,"{""state_dist"": 0.0, ""success"": 0.0}",12,12,0.0,0.03787582367658615,0.03787582367658615,0,0.1679708000000062,True,12,60,12,0.0,s0_history_mpc12,1.0,0,0.0,ood_valI_official_n5,0,1,I,D:\EV-TTT\adajepa_official_51d8665\artifacts\ood\val_I_official_n5\oracle\sample_000\s0_history_mpc12_anchor.npz,0.0
ood,val_I,D:\EV-TTT\adajepa_official_51d8665\artifacts\ood\val_I_official_n5,pushobj_norm_envapi_v1,OFFICIAL_ADAJEPA,13,"{""state_dist"": 0.0, ""success"": 0.0}",13,13,0.0,0.031905896961688995,0.031905896961688995,0,0.17065500000001066,True,13,65,13,0.0,s0_history_mpc13,1.0,0,0.0,ood_valI_official_n5,0,1,I,D:\EV-TTT\adajepa_official_51d8665\artifacts\ood\val_I_official_n5\oracle\sample_000\s0_history_mpc13_anchor.npz,0.0
ood,val_I,D:\EV-TTT\adajepa_official_51d8665\artifacts\ood\val_I_official_n5,pushobj_norm_envapi_v1,OFFICIAL_ADAJEPA,14,"{""state_dist"": 0.0, ""success"": 0.0}",14,14,0.0,0.03072514757514,0.03072514757514,0,0.17733419999999,True,14,70,14,0.0,s0_history_mpc14,1.0,0,0.0,ood_valI_official_n5,0,1,I,D:\EV-TTT\adajepa_official_51d8665\artifacts\ood\val_I_official_n5\oracle\sample_000\s0_history_mpc14_anchor.npz,0.0
ood,val_I,D:\EV-TTT\adajepa_official_51d8665\artifacts\ood\val_I_official_n5,pushobj_norm_envapi_v1,OFFICIAL_ADAJEPA,15,"{""state_dist"": 0.0, ""success"": 0.0}",15,15,0.0,0.0320918895304203,0.0320918895304203,0,0.1959562000000119,True,15,75,15,0.0,s0_history_mpc15,1.0,0,0.0,ood_valI_official_n5,0,1,I,D:\EV-TTT\adajepa_official_51d8665\artifacts\ood\val_I_official_n5\oracle\sample_000\s0_history_mpc15_anchor.npz,0.0
ood,val_I,D:\EV-TTT\adajepa_official_51d8665\artifacts\ood\val_I_official_n5,pushobj_norm_envapi_v1,OFFICIAL_ADAJEPA,16,"{""state_dist"": 0.0, ""success"": 0.0}",16,16,0.0,0.03192983567714691,0.03192983567714691,0,0.20459299999998848,True,16,80,16,0.0,s0_history_mpc16,1.0,0,0.0,ood_valI_official_n5,0,1,I,D:\EV-TTT\adajepa_official_51d8665\artifacts\ood\val_I_official_n5\oracle\sample_000\s0_history_mpc16_anchor.npz,0.0
ood,val_I,D:\EV-TTT\adajepa_official_51d8665\artifacts\ood\val_I_official_n5,pushobj_norm_envapi_v1,OFFICIAL_ADAJEPA,17,"{""state_dist"": 0.0, ""success"": 0.0}",17,17,0.0,0.032954730093479156,0.032954730093479156,0,0.2019574999999918,True,17,85,17,0.0,s0_history_mpc17,1.0,0,0.0,ood_valI_official_n5,0,1,I,D:\EV-TTT\adajepa_official_51d8665\artifacts\ood\val_I_official_n5\oracle\sample_000\s0_history_mpc17_anchor.npz,0.0
ood,val_I,D:\EV-TTT\adajepa_official_51d8665\artifacts\ood\val_I_official_n5,pushobj_norm_envapi_v1,OFFICIAL_ADAJEPA,18,"{""state_dist"": 0.0, ""success"": 0.0}",18,18,0.0,0.03209763392806053,0.03209763392806053,0,0.23406589999999028,True,18,90,18,0.0,s0_history_mpc18,1.0,0,0.0,ood_valI_official_n5,0,1,I,D:\EV-TTT\adajepa_official_51d8665\artifacts\ood\val_I_official_n5\oracle\sample_000\s0_history_mpc18_anchor.npz,0.0
ood,val_I,D:\EV-TTT\adajepa_official_51d8665\artifacts\ood\val_I_official_n5,pushobj_norm_envapi_v1,OFFICIAL_ADAJEPA,19,"{""state_dist"": 0.0, ""success"": 0.0}",19,19,0.0,0.03348517045378685,0.03348517045378685,0,0.23177119999999718,True,19,95,19,0.0,s0_history_mpc19,1.0,0,0.0,ood_valI_official_n5,0,1,I,D:\EV-TTT\adajepa_official_51d8665\artifacts\ood\val_I_official_n5\oracle\sample_000\s0_history_mpc19_anchor.npz,0.0
ood,val_I,D:\EV-TTT\adajepa_official_51d8665\artifacts\ood\val_I_official_n5,pushobj_norm_envapi_v1,OFFICIAL_ADAJEPA,0,"{""state_dist"": 0.0, ""success"": 0.0}",0,0,0.0,2.0177295207977295,2.0177295207977295,0,0.002583700000002409,True,0,0,0,0.0,s1_history_mpc0,1.0,0,0.0,ood_valI_official_n5,1,101,I,D:\EV-TTT\adajepa_official_51d8665\artifacts\ood\val_I_official_n5\oracle\sample_001\s1_history_mpc0_anchor.npz,0.0
ood,val_I,D:\EV-TTT\adajepa_official_51d8665\artifacts\ood\val_I_official_n5,pushobj_norm_envapi_v1,OFFICIAL_ADAJEPA,1,"{""state_dist"": 0.0, ""success"": 0.0}",1,1,0.0,1.3772926330566406,1.3772926330566406,0,0.01889020000001551,True,1,5,1,0.0,s1_history_mpc1,1.0,0,0.0,ood_valI_official_n5,1,101,I,D:\EV-TTT\adajepa_official_51d8665\artifacts\ood\val_I_official_n5\oracle\sample_001\s1_history_mpc1_anchor.npz,0.0
ood,val_I,D:\EV-TTT\adajepa_official_51d8665\artifacts\ood\val_I_official_n5,pushobj_norm_envapi_v1,OFFICIAL_ADAJEPA,2,"{""state_dist"": 0.0, ""success"": 0.0}",2,2,0.0,0.4616737961769104,0.4616737961769104,0,0.039514400000001615,True,2,10,2,0.0,s1_history_mpc2,1.0,0,0.0,ood_valI_official_n5,1,101,I,D:\EV-TTT\adajepa_official_51d8665\artifacts\ood\val_I_official_n5\oracle\sample_001\s1_history_mpc2_anchor.npz,0.0
ood,val_I,D:\EV-TTT\adajepa_official_51d8665\artifacts\ood\val_I_official_n5,pushobj_norm_envapi_v1,OFFICIAL_ADAJEPA,3,"{""state_dist"": 0.0, ""success"": 0.0}",3,3,0.0,0.15386229753494263,0.15386229753494263,0,0.05210660000000189,True,3,15,3,0.0,s1_history_mpc3,1.0,0,0.0,ood_valI_official_n5,1,101,I,D:\EV-TTT\adajepa_official_51d8665\artifacts\ood\val_I_official_n5\oracle\sample_001\s1_history_mpc3_anchor.npz,0.0
ood,val_I,D:\EV-TTT\adajepa_official_51d8665\artifacts\ood\val_I_official_n5,pushobj_norm_envapi_v1,OFFICIAL_ADAJEPA,4,"{""state_dist"": 0.0, ""success"": 0.0}",4,4,0.0,0.1713218092918396,0.1713218092918396,0,0.06652629999999249,True,4,20,4,0.0,s1_history_mpc4,1.0,0,0.0,ood_valI_official_n5,1,101,I,D:\EV-TTT\adajepa_official_51d8665\artifacts\ood\val_I_official_n5\oracle\sample_001\s1_history_mpc4_anchor.npz,0.0
ood,val_I,D:\EV-TTT\adajepa_official_51d8665\artifacts\ood\val_I_official_n5,pushobj_norm_envapi_v1,OFFICIAL_ADAJEPA,5,"{""state_dist"": 0.0, ""success"": 0.0}",5,5,0.0,0.23109504580497742,0.23109504580497742,0,0.08437710000001175,True,5,25,5,0.0,s1_history_mpc5,1.0,0,0.0,ood_valI_official_n5,1,101,I,D:\EV-TTT\adajepa_official_51d8665\artifacts\ood\val_I_official_n5\oracle\sample_001\s1_history_mpc5_anchor.npz,0.0
ood,val_I,D:\EV-TTT\adajepa_official_51d8665\artifacts\ood\val_I_official_n5,pushobj_norm_envapi_v1,OFFICIAL_ADAJEPA,6,"{""state_dist"": 0.0, ""success"": 0.0}",6,6,0.0,0.11445534229278564,0.11445534229278564,0,0.09924610000001621,True,6,30,6,0.0,s1_history_mpc6,1.0,0,0.0,ood_valI_official_n5,1,101,I,D:\EV-TTT\adajepa_official_51d8665\artifacts\ood\val_I_official_n5\oracle\sample_001\s1_history_mpc6_anchor.npz,0.0
ood,val_I,D:\EV-TTT\adajepa_official_51d8665\artifacts\ood\val_I_official_n5,pushobj_norm_envapi_v1,OFFICIAL_ADAJEPA,0,"{""state_dist"": 0.0, ""success"": 0.0}",0,0,0.0,3.0808122158050537,3.0808122158050537,0,0.0033433000000115953,True,0,0,0,0.0,s2_history_mpc0,1.0,0,0.0,ood_valI_official_n5,2,201,I,D:\EV-TTT\adajepa_official_51d8665\artifacts\ood\val_I_official_n5\oracle\sample_002\s2_history_mpc0_anchor.npz,0.0
ood,val_I,D:\EV-TTT\adajepa_official_51d8665\artifacts\ood\val_I_official_n5,pushobj_norm_envapi_v1,OFFICIAL_ADAJEPA,1,"{""state_dist"": 0.0, ""success"": 0.0}",1,1,0.0,2.682426929473877,2.682426929473877,0,0.023122299999982943,True,1,5,1,0.0,s2_history_mpc1,1.0,0,0.0,ood_valI_official_n5,2,201,I,D:\EV-TTT\adajepa_official_51d8665\artifacts\ood\val_I_official_n5\oracle\sample_002\s2_history_mpc1_anchor.npz,0.0
ood,val_I,D:\EV-TTT\adajepa_official_51d8665\artifacts\ood\val_I_official_n5,pushobj_norm_envapi_v1,OFFICIAL_ADAJEPA,2,"{""state_dist"": 0.0, ""success"": 0.0}",2,2,0.0,1.8070464134216309,1.8070464134216309,0,0.03280900000004294,True,2,10,2,0.0,s2_history_mpc2,1.0,0,0.0,ood_valI_official_n5,2,201,I,D:\EV-TTT\adajepa_official_51d8665\artifacts\ood\val_I_official_n5\oracle\sample_002\s2_history_mpc2_anchor.npz,0.0
ood,val_I,D:\EV-TTT\adajepa_official_51d8665\artifacts\ood\val_I_official_n5,pushobj_norm_envapi_v1,OFFICIAL_ADAJEPA,3,"{""state_dist"": 0.0, ""success"": 0.0}",3,3,0.0,0.8751662373542786,0.8751662373542786,0,0.055201299999964704,True,3,15,3,0.0,s2_history_mpc3,1.0,0,0.0,ood_valI_official_n5,2,201,I,D:\EV-TTT\adajepa_official_51d8665\artifacts\ood\val_I_official_n5\oracle\sample_002\s2_history_mpc3_anchor.npz,0.0
ood,val_I,D:\EV-TTT\adajepa_official_51d8665\artifacts\ood\val_I_official_n5,pushobj_norm_envapi_v1,OFFICIAL_ADAJEPA,4,"{""state_dist"": 0.0, ""success"": 0.0}",4,4,0.0,0.21943554282188416,0.21943554282188416,0,0.07510089999999536,True,4,20,4,0.0,s2_history_mpc4,1.0,0,0.0,ood_valI_official_n5,2,201,I,D:\EV-TTT\adajepa_official_51d8665\artifacts\ood\val_I_official_n5\oracle\sample_002\s2_history_mpc4_anchor.npz,0.0
ood,val_I,D:\EV-TTT\adajepa_official_51d8665\artifacts\ood\val_I_official_n5,pushobj_norm_envapi_v1,OFFICIAL_ADAJEPA,5,"{""state_dist"": 0.0, ""success"": 0.0}",5,5,0.0,0.8092436790466309,0.8092436790466309,0,0.08086880000001884,True,5,25,5,0.0,s2_history_mpc5,1.0,0,0.0,ood_valI_official_n5,2,201,I,D:\EV-TTT\adajepa_official_51d8665\artifacts\ood\val_I_official_n5\oracle\sample_002\s2_history_mpc5_anchor.npz,0.0
ood,val_I,D:\EV-TTT\adajepa_official_51d8665\artifacts\ood\val_I_official_n5,pushobj_norm_envapi_v1,OFFICIAL_ADAJEPA,6,"{""state_dist"": 0.0, ""success"": 0.0}",6,6,0.0,0.8796976804733276,0.8796976804733276,0,0.09955279999996947,True,6,30,6,0.0,s2_history_mpc6,1.0,0,0.0,ood_valI_official_n5,2,201,I,D:\EV-TTT\adajepa_official_51d8665\artifacts\ood\val_I_official_n5\oracle\sample_002\s2_history_mpc6_anchor.npz,0.0
ood,val_I,D:\EV-TTT\adajepa_official_51d8665\artifacts\ood\val_I_official_n5,pushobj_norm_envapi_v1,OFFICIAL_ADAJEPA,7,"{""state_dist"": 0.0, ""success"": 0.0}",7,7,0.0,0.2933098375797272,0.2933098375797272,0,0.11678580000000238,True,7,35,7,0.0,s2_history_mpc7,1.0,0,0.0,ood_valI_official_n5,2,201,I,D:\EV-TTT\adajepa_official_51d8665\artifacts\ood\val_I_official_n5\oracle\sample_002\s2_history_mpc7_anchor.npz,0.0
ood,val_I,D:\EV-TTT\adajepa_official_51d8665\artifacts\ood\val_I_official_n5,pushobj_norm_envapi_v1,OFFICIAL_ADAJEPA,8,"{""state_dist"": 0.0, ""success"": 0.0}",8,8,0.0,0.2708470821380615,0.2708470821380615,0,0.11751599999996643,True,8,40,8,0.0,s2_history_mpc8,1.0,0,0.0,ood_valI_official_n5,2,201,I,D:\EV-TTT\adajepa_official_51d8665\artifacts\ood\val_I_official_n5\oracle\sample_002\s2_history_mpc8_anchor.npz,0.0
ood,val_I,D:\EV-TTT\adajepa_official_51d8665\artifacts\ood\val_I_official_n5,pushobj_norm_envapi_v1,OFFICIAL_ADAJEPA,9,"{""state_dist"": 0.0, ""success"": 0.0}",9,9,0.0,0.3595668077468872,0.3595668077468872,0,0.13535880000000589,True,9,45,9,0.0,s2_history_mpc9,1.0,0,0.0,ood_valI_official_n5,2,201,I,D:\EV-TTT\adajepa_official_51d8665\artifacts\ood\val_I_official_n5\oracle\sample_002\s2_history_mpc9_anchor.npz,0.0
ood,val_I,D:\EV-TTT\adajepa_official_51d8665\artifacts\ood\val_I_official_n5,pushobj_norm_envapi_v1,OFFICIAL_ADAJEPA,10,"{""state_dist"": 0.0, ""success"": 0.0}",10,10,0.0,1.0075205564498901,1.0075205564498901,0,0.1393997999999783,True,10,50,10,0.0,s2_history_mpc10,1.0,0,0.0,ood_valI_official_n5,2,201,I,D:\EV-TTT\adajepa_official_51d8665\artifacts\ood\val_I_official_n5\oracle\sample_002\s2_history_mpc10_anchor.npz,0.0
ood,val_I,D:\EV-TTT\adajepa_official_51d8665\artifacts\ood\val_I_official_n5,pushobj_norm_envapi_v1,OFFICIAL_ADAJEPA,11,"{""state_dist"": 0.0, ""success"": 0.0}",11,11,0.0,0.3286462128162384,0.3286462128162384,0,0.15155290000001287,True,11,55,11,0.0,s2_history_mpc11,1.0,0,0.0,ood_valI_official_n5,2,201,I,D:\EV-TTT\adajepa_official_51d8665\artifacts\ood\val_I_official_n5\oracle\sample_002\s2_history_mpc11_anchor.npz,0.0
ood,val_I,D:\EV-TTT\adajepa_official_51d8665\artifacts\ood\val_I_official_n5,pushobj_norm_envapi_v1,OFFICIAL_ADAJEPA,12,"{""state_dist"": 0.0, ""success"": 0.0}",12,12,0.0,0.36819684505462646,0.36819684505462646,0,0.15962370000005421,True,12,60,12,0.0,s2_history_mpc12,1.0,0,0.0,ood_valI_official_n5,2,201,I,D:\EV-TTT\adajepa_official_51d8665\artifacts\ood\val_I_official_n5\oracle\sample_002\s2_history_mpc12_anchor.npz,0.0
ood,val_I,D:\EV-TTT\adajepa_official_51d8665\artifacts\ood\val_I_official_n5,pushobj_norm_envapi_v1,OFFICIAL_ADAJEPA,13,"{""state_dist"": 0.0, ""success"": 0.0}",13,13,0.0,0.3647100627422333,0.3647100627422333,0,0.16597309999997378,True,13,65,13,0.0,s2_history_mpc13,1.0,0,0.0,ood_valI_official_n5,2,201,I,D:\EV-TTT\adajepa_official_51d8665\artifacts\ood\val_I_official_n5\oracle\sample_002\s2_history_mpc13_anchor.npz,0.0
ood,val_I,D:\EV-TTT\adajepa_official_51d8665\artifacts\ood\val_I_official_n5,pushobj_norm_envapi_v1,OFFICIAL_ADAJEPA,14,"{""state_dist"": 0.0, ""success"": 0.0}",14,14,0.0,0.3649895191192627,0.3649895191192627,0,0.18808230000001913,True,14,70,14,0.0,s2_history_mpc14,1.0,0,0.0,ood_valI_official_n5,2,201,I,D:\EV-TTT\adajepa_official_51d8665\artifacts\ood\val_I_official_n5\oracle\sample_002\s2_history_mpc14_anchor.npz,0.0
ood,val_I,D:\EV-TTT\adajepa_official_51d8665\artifacts\ood\val_I_official_n5,pushobj_norm_envapi_v1,OFFICIAL_ADAJEPA,15,"{""state_dist"": 0.0, ""success"": 0.0}",15,15,0.0,0.39370596408843994,0.39370596408843994,0,0.19109650000001466,True,15,75,15,0.0,s2_history_mpc15,1.0,0,0.0,ood_valI_official_n5,2,201,I,D:\EV-TTT\adajepa_official_51d8665\artifacts\ood\val_I_official_n5\oracle\sample_002\s2_history_mpc15_anchor.npz,0.0
ood,val_I,D:\EV-TTT\adajepa_official_51d8665\artifacts\ood\val_I_official_n5,pushobj_norm_envapi_v1,OFFICIAL_ADAJEPA,16,"{""state_dist"": 0.0, ""success"": 0.0}",16,16,0.0,0.40767359733581543,0.40767359733581543,0,0.20046930000000884,True,16,80,16,0.0,s2_history_mpc16,1.0,0,0.0,ood_valI_official_n5,2,201,I,D:\EV-TTT\adajepa_official_51d8665\artifacts\ood\val_I_official_n5\oracle\sample_002\s2_history_mpc16_anchor.npz,0.0
ood,val_I,D:\EV-TTT\adajepa_official_51d8665\artifacts\ood\val_I_official_n5,pushobj_norm_envapi_v1,OFFICIAL_ADAJEPA,17,"{""state_dist"": 0.0, ""success"": 0.0}",17,17,0.0,0.4173520505428314,0.4173520505428314,0,0.21661139999997658,True,17,85,17,0.0,s2_history_mpc17,1.0,0,0.0,ood_valI_official_n5,2,201,I,D:\EV-TTT\adajepa_official_51d8665\artifacts\ood\val_I_official_n5\oracle\sample_002\s2_history_mpc17_anchor.npz,0.0
ood,val_I,D:\EV-TTT\adajepa_official_51d8665\artifacts\ood\val_I_official_n5,pushobj_norm_envapi_v1,OFFICIAL_ADAJEPA,18,"{""state_dist"": 0.0, ""success"": 0.0}",18,18,0.0,0.42122340202331543,0.42122340202331543,0,0.21526230000000623,True,18,90,18,0.0,s2_history_mpc18,1.0,0,0.0,ood_valI_official_n5,2,201,I,D:\EV-TTT\adajepa_official_51d8665\artifacts\ood\val_I_official_n5\oracle\sample_002\s2_history_mpc18_anchor.npz,0.0
ood,val_I,D:\EV-TTT\adajepa_official_51d8665\artifacts\ood\val_I_official_n5,pushobj_norm_envapi_v1,OFFICIAL_ADAJEPA,19,"{""state_dist"": 0.0, ""success"": 0.0}",19,19,0.0,0.3975476026535034,0.3975476026535034,0,0.22898939999998902,True,19,95,19,0.0,s2_history_mpc19,1.0,0,0.0,ood_valI_official_n5,2,201,I,D:\EV-TTT\adajepa_official_51d8665\artifacts\ood\val_I_official_n5\oracle\sample_002\s2_history_mpc19_anchor.npz,0.0
ood,val_I,D:\EV-TTT\adajepa_official_51d8665\artifacts\ood\val_I_official_n5,pushobj_norm_envapi_v1,OFFICIAL_ADAJEPA,0,"{""state_dist"": 0.0, ""success"": 0.0}",0,0,0.0,1.358063817024231,1.358063817024231,0,0.0032623000000171487,True,0,0,0,0.0,s3_history_mpc0,1.0,0,0.0,ood_valI_official_n5,3,301,I,D:\EV-TTT\adajepa_official_51d8665\artifacts\ood\val_I_official_n5\oracle\sample_003\s3_history_mpc0_anchor.npz,0.0
ood,val_I,D:\EV-TTT\adajepa_official_51d8665\artifacts\ood\val_I_official_n5,pushobj_norm_envapi_v1,OFFICIAL_ADAJEPA,1,"{""state_dist"": 0.0, ""success"": 0.0}",1,1,0.0,0.9727954864501953,0.9727954864501953,0,0.020786600000008093,True,1,5,1,0.0,s3_history_mpc1,1.0,0,0.0,ood_valI_official_n5,3,301,I,D:\EV-TTT\adajepa_official_51d8665\artifacts\ood\val_I_official_n5\oracle\sample_003\s3_history_mpc1_anchor.npz,0.0
ood,val_I,D:\EV-TTT\adajepa_official_51d8665\artifacts\ood\val_I_official_n5,pushobj_norm_envapi_v1,OFFICIAL_ADAJEPA,2,"{""state_dist"": 0.0, ""success"": 0.0}",2,2,0.0,0.49924707412719727,0.49924707412719727,0,0.039259899999990466,True,2,10,2,0.0,s3_history_mpc2,1.0,0,0.0,ood_valI_official_n5,3,301,I,D:\EV-TTT\adajepa_official_51d8665\artifacts\ood\val_I_official_n5\oracle\sample_003\s3_history_mpc2_anchor.npz,0.0
ood,val_I,D:\EV-TTT\adajepa_official_51d8665\artifacts\ood\val_I_official_n5,pushobj_norm_envapi_v1,OFFICIAL_ADAJEPA,3,"{""state_dist"": 0.0, ""success"": 0.0}",3,3,0.0,0.27347055077552795,0.27347055077552795,0,0.05422099999998409,True,3,15,3,0.0,s3_history_mpc3,1.0,0,0.0,ood_valI_official_n5,3,301,I,D:\EV-TTT\adajepa_official_51d8665\artifacts\ood\val_I_official_n5\oracle\sample_003\s3_history_mpc3_anchor.npz,0.0
ood,val_I,D:\EV-TTT\adajepa_official_51d8665\artifacts\ood\val_I_official_n5,pushobj_norm_envapi_v1,OFFICIAL_ADAJEPA,4,"{""state_dist"": 0.0, ""success"": 0.0}",4,4,0.0,0.31709057092666626,0.31709057092666626,0,0.07358300000004192,True,4,20,4,0.0,s3_history_mpc4,1.0,0,0.0,ood_valI_official_n5,3,301,I,D:\EV-TTT\adajepa_official_51d8665\artifacts\ood\val_I_official_n5\oracle\sample_003\s3_history_mpc4_anchor.npz,0.0
ood,val_I,D:\EV-TTT\adajepa_official_51d8665\artifacts\ood\val_I_official_n5,pushobj_norm_envapi_v1,OFFICIAL_ADAJEPA,5,"{""state_dist"": 0.0, ""success"": 0.0}",5,5,0.0,0.4479888081550598,0.4479888081550598,0,0.08567769999996244,True,5,25,5,0.0,s3_history_mpc5,1.0,0,0.0,ood_valI_official_n5,3,301,I,D:\EV-TTT\adajepa_official_51d8665\artifacts\ood\val_I_official_n5\oracle\sample_003\s3_history_mpc5_anchor.npz,0.0
ood,val_I,D:\EV-TTT\adajepa_official_51d8665\artifacts\ood\val_I_official_n5,pushobj_norm_envapi_v1,OFFICIAL_ADAJEPA,6,"{""state_dist"": 0.0, ""success"": 0.0}",6,6,0.0,0.21489334106445312,0.21489334106445312,0,0.10178849999999784,True,6,30,6,0.0,s3_history_mpc6,1.0,0,0.0,ood_valI_official_n5,3,301,I,D:\EV-TTT\adajepa_official_51d8665\artifacts\ood\val_I_official_n5\oracle\sample_003\s3_history_mpc6_anchor.npz,0.0
ood,val_I,D:\EV-TTT\adajepa_official_51d8665\artifacts\ood\val_I_official_n5,pushobj_norm_envapi_v1,OFFICIAL_ADAJEPA,7,"{""state_dist"": 0.0, ""success"": 0.0}",7,7,0.0,0.09551457315683365,0.09551457315683365,0,0.10956920000000991,True,7,35,7,0.0,s3_history_mpc7,1.0,0,0.0,ood_valI_official_n5,3,301,I,D:\EV-TTT\adajepa_official_51d8665\artifacts\ood\val_I_official_n5\oracle\sample_003\s3_history_mpc7_anchor.npz,0.0
ood,val_I,D:\EV-TTT\adajepa_official_51d8665\artifacts\ood\val_I_official_n5,pushobj_norm_envapi_v1,OFFICIAL_ADAJEPA,8,"{""state_dist"": 0.0, ""success"": 0.0}",8,8,0.0,0.11403673887252808,0.11403673887252808,0,0.12138800000002448,True,8,40,8,0.0,s3_history_mpc8,1.0,0,0.0,ood_valI_official_n5,3,301,I,D:\EV-TTT\adajepa_official_51d8665\artifacts\ood\val_I_official_n5\oracle\sample_003\s3_history_mpc8_anchor.npz,0.0
ood,val_I,D:\EV-TTT\adajepa_official_51d8665\artifacts\ood\val_I_official_n5,pushobj_norm_envapi_v1,OFFICIAL_ADAJEPA,9,"{""state_dist"": 0.0, ""success"": 0.0}",9,9,0.0,0.0734625831246376,0.0734625831246376,0,0.12210749999997006,True,9,45,9,0.0,s3_history_mpc9,1.0,0,0.0,ood_valI_official_n5,3,301,I,D:\EV-TTT\adajepa_official_51d8665\artifacts\ood\val_I_official_n5\oracle\sample_003\s3_history_mpc9_anchor.npz,0.0
ood,val_I,D:\EV-TTT\adajepa_official_51d8665\artifacts\ood\val_I_official_n5,pushobj_norm_envapi_v1,OFFICIAL_ADAJEPA,10,"{""state_dist"": 0.0, ""success"": 0.0}",10,10,0.0,0.19852566719055176,0.19852566719055176,0,0.14783340000002454,True,10,50,10,0.0,s3_history_mpc10,1.0,0,0.0,ood_valI_official_n5,3,301,I,D:\EV-TTT\adajepa_official_51d8665\artifacts\ood\val_I_official_n5\oracle\sample_003\s3_history_mpc10_anchor.npz,0.0
ood,val_I,D:\EV-TTT\adajepa_official_51d8665\artifacts\ood\val_I_official_n5,pushobj_norm_envapi_v1,OFFICIAL_ADAJEPA,11,"{""state_dist"": 0.0, ""success"": 0.0}",11,11,0.0,0.3113606572151184,0.3113606572151184,0,0.1453402999999298,True,11,55,11,0.0,s3_history_mpc11,1.0,0,0.0,ood_valI_official_n5,3,301,I,D:\EV-TTT\adajepa_official_51d8665\artifacts\ood\val_I_official_n5\oracle\sample_003\s3_history_mpc11_anchor.npz,0.0
ood,val_I,D:\EV-TTT\adajepa_official_51d8665\artifacts\ood\val_I_official_n5,pushobj_norm_envapi_v1,OFFICIAL_ADAJEPA,12,"{""state_dist"": 0.0, ""success"": 0.0}",12,12,0.0,0.3133886456489563,0.3133886456489563,0,0.16928069999994477,True,12,60,12,0.0,s3_history_mpc12,1.0,0,0.0,ood_valI_official_n5,3,301,I,D:\EV-TTT\adajepa_official_51d8665\artifacts\ood\val_I_official_n5\oracle\sample_003\s3_history_mpc12_anchor.npz,0.0
ood,val_I,D:\EV-TTT\adajepa_official_51d8665\artifacts\ood\val_I_official_n5,pushobj_norm_envapi_v1,OFFICIAL_ADAJEPA,13,"{""state_dist"": 0.0, ""success"": 0.0}",13,13,0.0,0.23130160570144653,0.23130160570144653,0,0.1682459999999537,True,13,65,13,0.0,s3_history_mpc13,1.0,0,0.0,ood_valI_official_n5,3,301,I,D:\EV-TTT\adajepa_official_51d8665\artifacts\ood\val_I_official_n5\oracle\sample_003\s3_history_mpc13_anchor.npz,0.0
ood,val_I,D:\EV-TTT\adajepa_official_51d8665\artifacts\ood\val_I_official_n5,pushobj_norm_envapi_v1,OFFICIAL_ADAJEPA,14,"{""state_dist"": 0.0, ""success"": 0.0}",14,14,0.0,0.20639950037002563,0.20639950037002563,0,0.1821053999999549,True,14,70,14,0.0,s3_history_mpc14,1.0,0,0.0,ood_valI_official_n5,3,301,I,D:\EV-TTT\adajepa_official_51d8665\artifacts\ood\val_I_official_n5\oracle\sample_003\s3_history_mpc14_anchor.npz,0.0
ood,val_I,D:\EV-TTT\adajepa_official_51d8665\artifacts\ood\val_I_official_n5,pushobj_norm_envapi_v1,OFFICIAL_ADAJEPA,15,"{""state_dist"": 0.0, ""success"": 0.0}",15,15,0.0,0.35337749123573303,0.35337749123573303,0,0.18838439999990442,True,15,75,15,0.0,s3_history_mpc15,1.0,0,0.0,ood_valI_official_n5,3,301,I,D:\EV-TTT\adajepa_official_51d8665\artifacts\ood\val_I_official_n5\oracle\sample_003\s3_history_mpc15_anchor.npz,0.0
ood,val_I,D:\EV-TTT\adajepa_official_51d8665\artifacts\ood\val_I_official_n5,pushobj_norm_envapi_v1,OFFICIAL_ADAJEPA,16,"{""state_dist"": 0.0, ""success"": 0.0}",16,16,0.0,0.24256494641304016,0.24256494641304016,0,0.20024269999998978,True,16,80,16,0.0,s3_history_mpc16,1.0,0,0.0,ood_valI_official_n5,3,301,I,D:\EV-TTT\adajepa_official_51d8665\artifacts\ood\val_I_official_n5\oracle\sample_003\s3_history_mpc16_anchor.npz,0.0
ood,val_I,D:\EV-TTT\adajepa_official_51d8665\artifacts\ood\val_I_official_n5,pushobj_norm_envapi_v1,OFFICIAL_ADAJEPA,17,"{""state_dist"": 0.0, ""success"": 0.0}",17,17,0.0,0.12698307633399963,0.12698307633399963,0,0.20018180000010943,True,17,85,17,0.0,s3_history_mpc17,1.0,0,0.0,ood_valI_official_n5,3,301,I,D:\EV-TTT\adajepa_official_51d8665\artifacts\ood\val_I_official_n5\oracle\sample_003\s3_history_mpc17_anchor.npz,0.0
ood,val_I,D:\EV-TTT\adajepa_official_51d8665\artifacts\ood\val_I_official_n5,pushobj_norm_envapi_v1,OFFICIAL_ADAJEPA,18,"{""state_dist"": 0.0, ""success"": 0.0}",18,18,0.0,0.1313270926475525,0.1313270926475525,0,0.21062300000005507,True,18,90,18,0.0,s3_history_mpc18,1.0,0,0.0,ood_valI_official_n5,3,301,I,D:\EV-TTT\adajepa_official_51d8665\artifacts\ood\val_I_official_n5\oracle\sample_003\s3_history_mpc18_anchor.npz,0.0
ood,val_I,D:\EV-TTT\adajepa_official_51d8665\artifacts\ood\val_I_official_n5,pushobj_norm_envapi_v1,OFFICIAL_ADAJEPA,19,"{""state_dist"": 0.0, ""success"": 0.0}",19,19,0.0,0.14896588027477264,0.14896588027477264,0,0.22828019999997196,True,19,95,19,0.0,s3_history_mpc19,1.0,0,0.0,ood_valI_official_n5,3,301,I,D:\EV-TTT\adajepa_official_51d8665\artifacts\ood\val_I_official_n5\oracle\sample_003\s3_history_mpc19_anchor.npz,0.0
ood,val_I,D:\EV-TTT\adajepa_official_51d8665\artifacts\ood\val_I_official_n5,pushobj_norm_envapi_v1,OFFICIAL_ADAJEPA,0,"{""state_dist"": 0.0, ""success"": 0.0}",0,0,0.0,2.8145127296447754,2.8145127296447754,0,0.003151399999978821,True,0,0,0,0.0,s4_history_mpc0,1.0,0,0.0,ood_valI_official_n5,4,401,I,D:\EV-TTT\adajepa_official_51d8665\artifacts\ood\val_I_official_n5\oracle\sample_004\s4_history_mpc0_anchor.npz,0.0
ood,val_I,D:\EV-TTT\adajepa_official_51d8665\artifacts\ood\val_I_official_n5,pushobj_norm_envapi_v1,OFFICIAL_ADAJEPA,1,"{""state_dist"": 0.0, ""success"": 0.0}",1,1,0.0,2.0651650428771973,2.0651650428771973,0,0.020645600000079867,True,1,5,1,0.0,s4_history_mpc1,1.0,0,0.0,ood_valI_official_n5,4,401,I,D:\EV-TTT\adajepa_official_51d8665\artifacts\ood\val_I_official_n5\oracle\sample_004\s4_history_mpc1_anchor.npz,0.0
ood,val_I,D:\EV-TTT\adajepa_official_51d8665\artifacts\ood\val_I_official_n5,pushobj_norm_envapi_v1,OFFICIAL_ADAJEPA,2,"{""state_dist"": 0.0, ""success"": 0.0}",2,2,0.0,1.5966260433197021,1.5966260433197021,0,0.03807319999998526,True,2,10,2,0.0,s4_history_mpc2,1.0,0,0.0,ood_valI_official_n5,4,401,I,D:\EV-TTT\adajepa_official_51d8665\artifacts\ood\val_I_official_n5\oracle\sample_004\s4_history_mpc2_anchor.npz,0.0
ood,val_I,D:\EV-TTT\adajepa_official_51d8665\artifacts\ood\val_I_official_n5,pushobj_norm_envapi_v1,OFFICIAL_ADAJEPA,3,"{""state_dist"": 0.0, ""success"": 0.0}",3,3,0.0,0.8067513108253479,0.8067513108253479,0,0.048494099999970786,True,3,15,3,0.0,s4_history_mpc3,1.0,0,0.0,ood_valI_official_n5,4,401,I,D:\EV-TTT\adajepa_official_51d8665\artifacts\ood\val_I_official_n5\oracle\sample_004\s4_history_mpc3_anchor.npz,0.0
ood,val_I,D:\EV-TTT\adajepa_official_51d8665\artifacts\ood\val_I_official_n5,pushobj_norm_envapi_v1,OFFICIAL_ADAJEPA,4,"{""state_dist"": 0.0, ""success"": 0.0}",4,4,0.0,0.4167262017726898,0.4167262017726898,0,0.0709630000000061,True,4,20,4,0.0,s4_history_mpc4,1.0,0,0.0,ood_valI_official_n5,4,401,I,D:\EV-TTT\adajepa_official_51d8665\artifacts\ood\val_I_official_n5\oracle\sample_004\s4_history_mpc4_anchor.npz,0.0
ood,val_I,D:\EV-TTT\adajepa_official_51d8665\artifacts\ood\val_I_official_n5,pushobj_norm_envapi_v1,OFFICIAL_ADAJEPA,5,"{""state_dist"": 0.0, ""success"": 0.0}",5,5,0.0,0.14061182737350464,0.14061182737350464,0,0.08546910000006847,True,5,25,5,0.0,s4_history_mpc5,1.0,0,0.0,ood_valI_official_n5,4,401,I,D:\EV-TTT\adajepa_official_51d8665\artifacts\ood\val_I_official_n5\oracle\sample_004\s4_history_mpc5_anchor.npz,0.0
ood,val_I,D:\EV-TTT\adajepa_official_51d8665\artifacts\ood\val_I_official_n5,pushobj_norm_envapi_v1,OFFICIAL_ADAJEPA,6,"{""state_dist"": 0.0, ""success"": 0.0}",6,6,0.0,0.0473245307803154,0.0473245307803154,0,0.09346660000005613,True,6,30,6,0.0,s4_history_mpc6,1.0,0,0.0,ood_valI_official_n5,4,401,I,D:\EV-TTT\adajepa_official_51d8665\artifacts\ood\val_I_official_n5\oracle\sample_004\s4_history_mpc6_anchor.npz,0.0
ood,val_I,D:\EV-TTT\adajepa_official_51d8665\artifacts\ood\val_I_official_n5,pushobj_norm_envapi_v1,OFFICIAL_ADAJEPA,7,"{""state_dist"": 0.0, ""success"": 0.0}",7,7,0.0,0.03719669580459595,0.03719669580459595,0,0.10741329999996196,True,7,35,7,0.0,s4_history_mpc7,1.0,0,0.0,ood_valI_official_n5,4,401,I,D:\EV-TTT\adajepa_official_51d8665\artifacts\ood\val_I_official_n5\oracle\sample_004\s4_history_mpc7_anchor.npz,0.0
ood,val_I,D:\EV-TTT\adajepa_official_51d8665\artifacts\ood\val_I_official_n5,pushobj_norm_envapi_v1,OFFICIAL_ADAJEPA,8,"{""state_dist"": 0.0, ""success"": 0.0}",8,8,0.0,0.05630069971084595,0.05630069971084595,0,0.11613790000001245,True,8,40,8,0.0,s4_history_mpc8,1.0,0,0.0,ood_valI_official_n5,4,401,I,D:\EV-TTT\adajepa_official_51d8665\artifacts\ood\val_I_official_n5\oracle\sample_004\s4_history_mpc8_anchor.npz,0.0
ood,val_I,D:\EV-TTT\adajepa_official_51d8665\artifacts\ood\val_I_official_n5,pushobj_norm_envapi_v1,OFFICIAL_ADAJEPA,9,"{""state_dist"": 0.0, ""success"": 0.0}",9,9,0.0,0.02775672823190689,0.02775672823190689,0,0.135533599999917,True,9,45,9,0.0,s4_history_mpc9,1.0,0,0.0,ood_valI_official_n5,4,401,I,D:\EV-TTT\adajepa_official_51d8665\artifacts\ood\val_I_official_n5\oracle\sample_004\s4_history_mpc9_anchor.npz,0.0
ood,val_I,D:\EV-TTT\adajepa_official_51d8665\artifacts\ood\val_I_official_n5,pushobj_norm_envapi_v1,OFFICIAL_ADAJEPA,10,"{""state_dist"": 0.0, ""success"": 0.0}",10,10,0.0,0.054046764969825745,0.054046764969825745,0,0.14389749999998003,True,10,50,10,0.0,s4_history_mpc10,1.0,0,0.0,ood_valI_official_n5,4,401,I,D:\EV-TTT\adajepa_official_51d8665\artifacts\ood\val_I_official_n5\oracle\sample_004\s4_history_mpc10_anchor.npz,0.0
ood,val_I,D:\EV-TTT\adajepa_official_51d8665\artifacts\ood\val_I_official_n5,pushobj_norm_envapi_v1,OFFICIAL_ADAJEPA,11,"{""state_dist"": 0.0, ""success"": 0.0}",11,11,0.0,0.06236599385738373,0.06236599385738373,0,0.15285879999998997,True,11,55,11,0.0,s4_history_mpc11,1.0,0,0.0,ood_valI_official_n5,4,401,I,D:\EV-TTT\adajepa_official_51d8665\artifacts\ood\val_I_official_n5\oracle\sample_004\s4_history_mpc11_anchor.npz,0.0
ood,val_I,D:\EV-TTT\adajepa_official_51d8665\artifacts\ood\val_I_official_n5,pushobj_norm_envapi_v1,OFFICIAL_ADAJEPA,12,"{""state_dist"": 0.0, ""success"": 0.0}",12,12,0.0,0.04686334729194641,0.04686334729194641,0,0.1565778000000364,True,12,60,12,0.0,s4_history_mpc12,1.0,0,0.0,ood_valI_official_n5,4,401,I,D:\EV-TTT\adajepa_official_51d8665\artifacts\ood\val_I_official_n5\oracle\sample_004\s4_history_mpc12_anchor.npz,0.0
ood,val_I,D:\EV-TTT\adajepa_official_51d8665\artifacts\ood\val_I_official_n5,pushobj_norm_envapi_v1,OFFICIAL_ADAJEPA,13,"{""state_dist"": 0.0, ""success"": 0.0}",13,13,0.0,0.062097348272800446,0.062097348272800446,0,0.17731270000001587,True,13,65,13,0.0,s4_history_mpc13,1.0,0,0.0,ood_valI_official_n5,4,401,I,D:\EV-TTT\adajepa_official_51d8665\artifacts\ood\val_I_official_n5\oracle\sample_004\s4_history_mpc13_anchor.npz,0.0
ood,val_I,D:\EV-TTT\adajepa_official_51d8665\artifacts\ood\val_I_official_n5,pushobj_norm_envapi_v1,OFFICIAL_ADAJEPA,14,"{""state_dist"": 0.0, ""success"": 0.0}",14,14,0.0,0.06474049389362335,0.06474049389362335,0,0.17836250000004839,True,14,70,14,0.0,s4_history_mpc14,1.0,0,0.0,ood_valI_official_n5,4,401,I,D:\EV-TTT\adajepa_official_51d8665\artifacts\ood\val_I_official_n5\oracle\sample_004\s4_history_mpc14_anchor.npz,0.0
ood,val_I,D:\EV-TTT\adajepa_official_51d8665\artifacts\ood\val_I_official_n5,pushobj_norm_envapi_v1,OFFICIAL_ADAJEPA,15,"{""state_dist"": 0.0, ""success"": 0.0}",15,15,0.0,0.06533227860927582,0.06533227860927582,0,0.1880001000000675,True,15,75,15,0.0,s4_history_mpc15,1.0,0,0.0,ood_valI_official_n5,4,401,I,D:\EV-TTT\adajepa_official_51d8665\artifacts\ood\val_I_official_n5\oracle\sample_004\s4_history_mpc15_anchor.npz,0.0
ood,val_I,D:\EV-TTT\adajepa_official_51d8665\artifacts\ood\val_I_official_n5,pushobj_norm_envapi_v1,OFFICIAL_ADAJEPA,16,"{""state_dist"": 0.0, ""success"": 0.0}",16,16,0.0,0.06236712634563446,0.06236712634563446,0,0.20207140000002255,True,16,80,16,0.0,s4_history_mpc16,1.0,0,0.0,ood_valI_official_n5,4,401,I,D:\EV-TTT\adajepa_official_51d8665\artifacts\ood\val_I_official_n5\oracle\sample_004\s4_history_mpc16_anchor.npz,0.0
ood,val_I,D:\EV-TTT\adajepa_official_51d8665\artifacts\ood\val_I_official_n5,pushobj_norm_envapi_v1,OFFICIAL_ADAJEPA,17,"{""state_dist"": 0.0, ""success"": 0.0}",17,17,0.0,0.067289799451828,0.067289799451828,0,0.220186500000068,True,17,85,17,0.0,s4_history_mpc17,1.0,0,0.0,ood_valI_official_n5,4,401,I,D:\EV-TTT\adajepa_official_51d8665\artifacts\ood\val_I_official_n5\oracle\sample_004\s4_history_mpc17_anchor.npz,0.0
ood,val_I,D:\EV-TTT\adajepa_official_51d8665\artifacts\ood\val_I_official_n5,pushobj_norm_envapi_v1,OFFICIAL_ADAJEPA,18,"{""state_dist"": 0.0, ""success"": 0.0}",18,18,0.0,0.07476817071437836,0.07476817071437836,0,0.22342570000000705,True,18,90,18,0.0,s4_history_mpc18,1.0,0,0.0,ood_valI_official_n5,4,401,I,D:\EV-TTT\adajepa_official_51d8665\artifacts\ood\val_I_official_n5\oracle\sample_004\s4_history_mpc18_anchor.npz,0.0
ood,val_I,D:\EV-TTT\adajepa_official_51d8665\artifacts\ood\val_I_official_n5,pushobj_norm_envapi_v1,OFFICIAL_ADAJEPA,19,"{""state_dist"": 0.0, ""success"": 0.0}",19,19,0.0,0.07067794352769852,0.07067794352769852,0,0.23062310000000252,True,19,95,19,0.0,s4_history_mpc19,1.0,0,0.0,ood_valI_official_n5,4,401,I,D:\EV-TTT\adajepa_official_51d8665\artifacts\ood\val_I_official_n5\oracle\sample_004\s4_history_mpc19_anchor.npz,0.0
ood,val_I,D:\EV-TTT\adajepa_official_51d8665\artifacts\ood\val_I_predictor_only_n5,pushobj_norm_envapi_v1,PREDICTOR_ONLY,0,"{""state_dist"": 0.0, ""success"": 0.0}",0,0,0.0,1.0656778812408447,1.0656778812408447,0,0.0033439999999984593,True,0,0,0,0.0,s0_history_mpc0,1.0,0,0.0,ood_valI_predictor_only_n5,0,1,I,D:\EV-TTT\adajepa_official_51d8665\artifacts\ood\val_I_predictor_only_n5\oracle\sample_000\s0_history_mpc0_anchor.npz,0.0
ood,val_I,D:\EV-TTT\adajepa_official_51d8665\artifacts\ood\val_I_predictor_only_n5,pushobj_norm_envapi_v1,PREDICTOR_ONLY,0,"{""state_dist"": 0.0, ""success"": 0.0}",1,1,0.0,0.6831445097923279,0.6831445097923279,0,0.020233799999999746,True,1,5,1,0.0,s0_history_mpc1,1.0,0,0.0,ood_valI_predictor_only_n5,0,1,I,D:\EV-TTT\adajepa_official_51d8665\artifacts\ood\val_I_predictor_only_n5\oracle\sample_000\s0_history_mpc1_anchor.npz,0.0
ood,val_I,D:\EV-TTT\adajepa_official_51d8665\artifacts\ood\val_I_predictor_only_n5,pushobj_norm_envapi_v1,PREDICTOR_ONLY,0,"{""state_dist"": 0.0, ""success"": 0.0}",2,2,0.0,0.4228653311729431,0.4228653311729431,0,0.03324810000000156,True,2,10,2,0.0,s0_history_mpc2,1.0,0,0.0,ood_valI_predictor_only_n5,0,1,I,D:\EV-TTT\adajepa_official_51d8665\artifacts\ood\val_I_predictor_only_n5\oracle\sample_000\s0_history_mpc2_anchor.npz,0.0
ood,val_I,D:\EV-TTT\adajepa_official_51d8665\artifacts\ood\val_I_predictor_only_n5,pushobj_norm_envapi_v1,PREDICTOR_ONLY,0,"{""state_dist"": 0.0, ""success"": 0.0}",3,3,0.0,0.2241140902042389,0.2241140902042389,0,0.046873700000006124,True,3,15,3,0.0,s0_history_mpc3,1.0,0,0.0,ood_valI_predictor_only_n5,0,1,I,D:\EV-TTT\adajepa_official_51d8665\artifacts\ood\val_I_predictor_only_n5\oracle\sample_000\s0_history_mpc3_anchor.npz,0.0
ood,val_I,D:\EV-TTT\adajepa_official_51d8665\artifacts\ood\val_I_predictor_only_n5,pushobj_norm_envapi_v1,PREDICTOR_ONLY,0,"{""state_dist"": 0.0, ""success"": 0.0}",4,4,0.0,0.16383086144924164,0.16383086144924164,0,0.06845709999999627,True,4,20,4,0.0,s0_history_mpc4,1.0,0,0.0,ood_valI_predictor_only_n5,0,1,I,D:\EV-TTT\adajepa_official_51d8665\artifacts\ood\val_I_predictor_only_n5\oracle\sample_000\s0_history_mpc4_anchor.npz,0.0
ood,val_I,D:\EV-TTT\adajepa_official_51d8665\artifacts\ood\val_I_predictor_only_n5,pushobj_norm_envapi_v1,PREDICTOR_ONLY,0,"{""state_dist"": 0.0, ""success"": 0.0}",5,5,0.0,0.399044394493103,0.399044394493103,0,0.09234420000000654,True,5,25,5,0.0,s0_history_mpc5,1.0,0,0.0,ood_valI_predictor_only_n5,0,1,I,D:\EV-TTT\adajepa_official_51d8665\artifacts\ood\val_I_predictor_only_n5\oracle\sample_000\s0_history_mpc5_anchor.npz,0.0
ood,val_I,D:\EV-TTT\adajepa_official_51d8665\artifacts\ood\val_I_predictor_only_n5,pushobj_norm_envapi_v1,PREDICTOR_ONLY,0,"{""state_dist"": 0.0, ""success"": 0.0}",6,6,0.0,0.13276199996471405,0.13276199996471405,0,0.1021816999999956,True,6,30,6,0.0,s0_history_mpc6,1.0,0,0.0,ood_valI_predictor_only_n5,0,1,I,D:\EV-TTT\adajepa_official_51d8665\artifacts\ood\val_I_predictor_only_n5\oracle\sample_000\s0_history_mpc6_anchor.npz,0.0
ood,val_I,D:\EV-TTT\adajepa_official_51d8665\artifacts\ood\val_I_predictor_only_n5,pushobj_norm_envapi_v1,PREDICTOR_ONLY,0,"{""state_dist"": 0.0, ""success"": 0.0}",7,7,0.0,0.07937554270029068,0.07937554270029068,0,0.11344449999999995,True,7,35,7,0.0,s0_history_mpc7,1.0,0,0.0,ood_valI_predictor_only_n5,0,1,I,D:\EV-TTT\adajepa_official_51d8665\artifacts\ood\val_I_predictor_only_n5\oracle\sample_000\s0_history_mpc7_anchor.npz,0.0
ood,val_I,D:\EV-TTT\adajepa_official_51d8665\artifacts\ood\val_I_predictor_only_n5,pushobj_norm_envapi_v1,PREDICTOR_ONLY,0,"{""state_dist"": 0.0, ""success"": 0.0}",8,8,0.0,0.056614696979522705,0.056614696979522705,0,0.11757790000000057,True,8,40,8,0.0,s0_history_mpc8,1.0,0,0.0,ood_valI_predictor_only_n5,0,1,I,D:\EV-TTT\adajepa_official_51d8665\artifacts\ood\val_I_predictor_only_n5\oracle\sample_000\s0_history_mpc8_anchor.npz,0.0
ood,val_I,D:\EV-TTT\adajepa_official_51d8665\artifacts\ood\val_I_predictor_only_n5,pushobj_norm_envapi_v1,PREDICTOR_ONLY,0,"{""state_dist"": 0.0, ""success"": 0.0}",9,9,0.0,0.050570741295814514,0.050570741295814514,0,0.12342569999999853,True,9,45,9,0.0,s0_history_mpc9,1.0,0,0.0,ood_valI_predictor_only_n5,0,1,I,D:\EV-TTT\adajepa_official_51d8665\artifacts\ood\val_I_predictor_only_n5\oracle\sample_000\s0_history_mpc9_anchor.npz,0.0
ood,val_I,D:\EV-TTT\adajepa_official_51d8665\artifacts\ood\val_I_predictor_only_n5,pushobj_norm_envapi_v1,PREDICTOR_ONLY,0,"{""state_dist"": 0.0, ""success"": 0.0}",10,10,0.0,0.047415900975465775,0.047415900975465775,0,0.1393776000000031,True,10,50,10,0.0,s0_history_mpc10,1.0,0,0.0,ood_valI_predictor_only_n5,0,1,I,D:\EV-TTT\adajepa_official_51d8665\artifacts\ood\val_I_predictor_only_n5\oracle\sample_000\s0_history_mpc10_anchor.npz,0.0
ood,val_I,D:\EV-TTT\adajepa_official_51d8665\artifacts\ood\val_I_predictor_only_n5,pushobj_norm_envapi_v1,PREDICTOR_ONLY,0,"{""state_dist"": 0.0, ""success"": 0.0}",11,11,0.0,0.04216456040740013,0.04216456040740013,0,0.15066139999998995,True,11,55,11,0.0,s0_history_mpc11,1.0,0,0.0,ood_valI_predictor_only_n5,0,1,I,D:\EV-TTT\adajepa_official_51d8665\artifacts\ood\val_I_predictor_only_n5\oracle\sample_000\s0_history_mpc11_anchor.npz,0.0
ood,val_I,D:\EV-TTT\adajepa_official_51d8665\artifacts\ood\val_I_predictor_only_n5,pushobj_norm_envapi_v1,PREDICTOR_ONLY,0,"{""state_dist"": 0.0, ""success"": 0.0}",12,12,0.0,0.03301205858588219,0.03301205858588219,0,0.1691165999999953,True,12,60,12,0.0,s0_history_mpc12,1.0,0,0.0,ood_valI_predictor_only_n5,0,1,I,D:\EV-TTT\adajepa_official_51d8665\artifacts\ood\val_I_predictor_only_n5\oracle\sample_000\s0_history_mpc12_anchor.npz,0.0
ood,val_I,D:\EV-TTT\adajepa_official_51d8665\artifacts\ood\val_I_predictor_only_n5,pushobj_norm_envapi_v1,PREDICTOR_ONLY,0,"{""state_dist"": 0.0, ""success"": 0.0}",13,13,0.0,0.032123539596796036,0.032123539596796036,0,0.1691967999999946,True,13,65,13,0.0,s0_history_mpc13,1.0,0,0.0,ood_valI_predictor_only_n5,0,1,I,D:\EV-TTT\adajepa_official_51d8665\artifacts\ood\val_I_predictor_only_n5\oracle\sample_000\s0_history_mpc13_anchor.npz,0.0
ood,val_I,D:\EV-TTT\adajepa_official_51d8665\artifacts\ood\val_I_predictor_only_n5,pushobj_norm_envapi_v1,PREDICTOR_ONLY,0,"{""state_dist"": 0.0, ""success"": 0.0}",14,14,0.0,0.034138161689043045,0.034138161689043045,0,0.16907619999997792,True,14,70,14,0.0,s0_history_mpc14,1.0,0,0.0,ood_valI_predictor_only_n5,0,1,I,D:\EV-TTT\adajepa_official_51d8665\artifacts\ood\val_I_predictor_only_n5\oracle\sample_000\s0_history_mpc14_anchor.npz,0.0
ood,val_I,D:\EV-TTT\adajepa_official_51d8665\artifacts\ood\val_I_predictor_only_n5,pushobj_norm_envapi_v1,PREDICTOR_ONLY,0,"{""state_dist"": 0.0, ""success"": 0.0}",15,15,0.0,0.03173212707042694,0.03173212707042694,0,0.20215590000000816,True,15,75,15,0.0,s0_history_mpc15,1.0,0,0.0,ood_valI_predictor_only_n5,0,1,I,D:\EV-TTT\adajepa_official_51d8665\artifacts\ood\val_I_predictor_only_n5\oracle\sample_000\s0_history_mpc15_anchor.npz,0.0
ood,val_I,D:\EV-TTT\adajepa_official_51d8665\artifacts\ood\val_I_predictor_only_n5,pushobj_norm_envapi_v1,PREDICTOR_ONLY,0,"{""state_dist"": 0.0, ""success"": 0.0}",16,16,0.0,0.03153647854924202,0.03153647854924202,0,0.2032355999999993,True,16,80,16,0.0,s0_history_mpc16,1.0,0,0.0,ood_valI_predictor_only_n5,0,1,I,D:\EV-TTT\adajepa_official_51d8665\artifacts\ood\val_I_predictor_only_n5\oracle\sample_000\s0_history_mpc16_anchor.npz,0.0
ood,val_I,D:\EV-TTT\adajepa_official_51d8665\artifacts\ood\val_I_predictor_only_n5,pushobj_norm_envapi_v1,PREDICTOR_ONLY,0,"{""state_dist"": 0.0, ""success"": 0.0}",17,17,0.0,0.03171665966510773,0.03171665966510773,0,0.21049679999998716,True,17,85,17,0.0,s0_history_mpc17,1.0,0,0.0,ood_valI_predictor_only_n5,0,1,I,D:\EV-TTT\adajepa_official_51d8665\artifacts\ood\val_I_predictor_only_n5\oracle\sample_000\s0_history_mpc17_anchor.npz,0.0
ood,val_I,D:\EV-TTT\adajepa_official_51d8665\artifacts\ood\val_I_predictor_only_n5,pushobj_norm_envapi_v1,PREDICTOR_ONLY,0,"{""state_dist"": 0.0, ""success"": 0.0}",18,18,0.0,0.029754983261227608,0.029754983261227608,0,0.2161121000000037,True,18,90,18,0.0,s0_history_mpc18,1.0,0,0.0,ood_valI_predictor_only_n5,0,1,I,D:\EV-TTT\adajepa_official_51d8665\artifacts\ood\val_I_predictor_only_n5\oracle\sample_000\s0_history_mpc18_anchor.npz,0.0
ood,val_I,D:\EV-TTT\adajepa_official_51d8665\artifacts\ood\val_I_predictor_only_n5,pushobj_norm_envapi_v1,PREDICTOR_ONLY,0,"{""state_dist"": 0.0, ""success"": 0.0}",19,19,0.0,0.028098225593566895,0.028098225593566895,0,0.23426699999998846,True,19,95,19,0.0,s0_history_mpc19,1.0,0,0.0,ood_valI_predictor_only_n5,0,1,I,D:\EV-TTT\adajepa_official_51d8665\artifacts\ood\val_I_predictor_only_n5\oracle\sample_000\s0_history_mpc19_anchor.npz,0.0
ood,val_I,D:\EV-TTT\adajepa_official_51d8665\artifacts\ood\val_I_predictor_only_n5,pushobj_norm_envapi_v1,PREDICTOR_ONLY,0,"{""state_dist"": 0.0, ""success"": 0.0}",0,0,0.0,2.0177295207977295,2.0177295207977295,0,0.0029159999999990305,True,0,0,0,0.0,s1_history_mpc0,1.0,0,0.0,ood_valI_predictor_only_n5,1,101,I,D:\EV-TTT\adajepa_official_51d8665\artifacts\ood\val_I_predictor_only_n5\oracle\sample_001\s1_history_mpc0_anchor.npz,0.0
ood,val_I,D:\EV-TTT\adajepa_official_51d8665\artifacts\ood\val_I_predictor_only_n5,pushobj_norm_envapi_v1,PREDICTOR_ONLY,0,"{""state_dist"": 0.0, ""success"": 0.0}",1,1,0.0,1.375318169593811,1.375318169593811,0,0.020247800000021243,True,1,5,1,0.0,s1_history_mpc1,1.0,0,0.0,ood_valI_predictor_only_n5,1,101,I,D:\EV-TTT\adajepa_official_51d8665\artifacts\ood\val_I_predictor_only_n5\oracle\sample_001\s1_history_mpc1_anchor.npz,0.0
ood,val_I,D:\EV-TTT\adajepa_official_51d8665\artifacts\ood\val_I_predictor_only_n5,pushobj_norm_envapi_v1,PREDICTOR_ONLY,0,"{""state_dist"": 0.0, ""success"": 0.0}",2,2,0.0,0.4616650342941284,0.4616650342941284,0,0.03600639999999089,True,2,10,2,0.0,s1_history_mpc2,1.0,0,0.0,ood_valI_predictor_only_n5,1,101,I,D:\EV-TTT\adajepa_official_51d8665\artifacts\ood\val_I_predictor_only_n5\oracle\sample_001\s1_history_mpc2_anchor.npz,0.0
ood,val_I,D:\EV-TTT\adajepa_official_51d8665\artifacts\ood\val_I_predictor_only_n5,pushobj_norm_envapi_v1,PREDICTOR_ONLY,0,"{""state_dist"": 0.0, ""success"": 0.0}",3,3,0.0,0.14736361801624298,0.14736361801624298,0,0.05123869999999897,True,3,15,3,0.0,s1_history_mpc3,1.0,0,0.0,ood_valI_predictor_only_n5,1,101,I,D:\EV-TTT\adajepa_official_51d8665\artifacts\ood\val_I_predictor_only_n5\oracle\sample_001\s1_history_mpc3_anchor.npz,0.0
ood,val_I,D:\EV-TTT\adajepa_official_51d8665\artifacts\ood\val_I_predictor_only_n5,pushobj_norm_envapi_v1,PREDICTOR_ONLY,0,"{""state_dist"": 0.0, ""success"": 0.0}",4,4,0.0,0.17268088459968567,0.17268088459968567,0,0.07465469999999641,True,4,20,4,0.0,s1_history_mpc4,1.0,0,0.0,ood_valI_predictor_only_n5,1,101,I,D:\EV-TTT\adajepa_official_51d8665\artifacts\ood\val_I_predictor_only_n5\oracle\sample_001\s1_history_mpc4_anchor.npz,0.0
ood,val_I,D:\EV-TTT\adajepa_official_51d8665\artifacts\ood\val_I_predictor_only_n5,pushobj_norm_envapi_v1,PREDICTOR_ONLY,0,"{""state_dist"": 0.0, ""success"": 0.0}",5,5,0.0,0.2437756061553955,0.2437756061553955,0,0.08990299999999252,True,5,25,5,0.0,s1_history_mpc5,1.0,0,0.0,ood_valI_predictor_only_n5,1,101,I,D:\EV-TTT\adajepa_official_51d8665\artifacts\ood\val_I_predictor_only_n5\oracle\sample_001\s1_history_mpc5_anchor.npz,0.0
ood,val_I,D:\EV-TTT\adajepa_official_51d8665\artifacts\ood\val_I_predictor_only_n5,pushobj_norm_envapi_v1,PREDICTOR_ONLY,0,"{""state_dist"": 0.0, ""success"": 0.0}",6,6,0.0,0.1318081170320511,0.1318081170320511,0,0.0969686999999908,True,6,30,6,0.0,s1_history_mpc6,1.0,0,0.0,ood_valI_predictor_only_n5,1,101,I,D:\EV-TTT\adajepa_official_51d8665\artifacts\ood\val_I_predictor_only_n5\oracle\sample_001\s1_history_mpc6_anchor.npz,0.0
ood,val_I,D:\EV-TTT\adajepa_official_51d8665\artifacts\ood\val_I_predictor_only_n5,pushobj_norm_envapi_v1,PREDICTOR_ONLY,0,"{""state_dist"": 0.0, ""success"": 0.0}",0,0,0.0,3.0808122158050537,3.0808122158050537,0,0.0030966999999861855,True,0,0,0,0.0,s2_history_mpc0,1.0,0,0.0,ood_valI_predictor_only_n5,2,201,I,D:\EV-TTT\adajepa_official_51d8665\artifacts\ood\val_I_predictor_only_n5\oracle\sample_002\s2_history_mpc0_anchor.npz,0.0
ood,val_I,D:\EV-TTT\adajepa_official_51d8665\artifacts\ood\val_I_predictor_only_n5,pushobj_norm_envapi_v1,PREDICTOR_ONLY,0,"{""state_dist"": 0.0, ""success"": 0.0}",1,1,0.0,2.6715033054351807,2.6715033054351807,0,0.02350440000000731,True,1,5,1,0.0,s2_history_mpc1,1.0,0,0.0,ood_valI_predictor_only_n5,2,201,I,D:\EV-TTT\adajepa_official_51d8665\artifacts\ood\val_I_predictor_only_n5\oracle\sample_002\s2_history_mpc1_anchor.npz,0.0
ood,val_I,D:\EV-TTT\adajepa_official_51d8665\artifacts\ood\val_I_predictor_only_n5,pushobj_norm_envapi_v1,PREDICTOR_ONLY,0,"{""state_dist"": 0.0, ""success"": 0.0}",2,2,0.0,1.825692892074585,1.825692892074585,0,0.03507249999995565,True,2,10,2,0.0,s2_history_mpc2,1.0,0,0.0,ood_valI_predictor_only_n5,2,201,I,D:\EV-TTT\adajepa_official_51d8665\artifacts\ood\val_I_predictor_only_n5\oracle\sample_002\s2_history_mpc2_anchor.npz,0.0
ood,val_I,D:\EV-TTT\adajepa_official_51d8665\artifacts\ood\val_I_predictor_only_n5,pushobj_norm_envapi_v1,PREDICTOR_ONLY,0,"{""state_dist"": 0.0, ""success"": 0.0}",3,3,0.0,0.8485205173492432,0.8485205173492432,0,0.0551768999999922,True,3,15,3,0.0,s2_history_mpc3,1.0,0,0.0,ood_valI_predictor_only_n5,2,201,I,D:\EV-TTT\adajepa_official_51d8665\artifacts\ood\val_I_predictor_only_n5\oracle\sample_002\s2_history_mpc3_anchor.npz,0.0
ood,val_I,D:\EV-TTT\adajepa_official_51d8665\artifacts\ood\val_I_predictor_only_n5,pushobj_norm_envapi_v1,PREDICTOR_ONLY,0,"{""state_dist"": 0.0, ""success"": 0.0}",4,4,0.0,0.28088369965553284,0.28088369965553284,0,0.07323220000000674,True,4,20,4,0.0,s2_history_mpc4,1.0,0,0.0,ood_valI_predictor_only_n5,2,201,I,D:\EV-TTT\adajepa_official_51d8665\artifacts\ood\val_I_predictor_only_n5\oracle\sample_002\s2_history_mpc4_anchor.npz,0.0
ood,val_I,D:\EV-TTT\adajepa_official_51d8665\artifacts\ood\val_I_predictor_only_n5,pushobj_norm_envapi_v1,PREDICTOR_ONLY,0,"{""state_dist"": 0.0, ""success"": 0.0}",5,5,0.0,0.6560622453689575,0.6560622453689575,0,0.08502690000000257,True,5,25,5,0.0,s2_history_mpc5,1.0,0,0.0,ood_valI_predictor_only_n5,2,201,I,D:\EV-TTT\adajepa_official_51d8665\artifacts\ood\val_I_predictor_only_n5\oracle\sample_002\s2_history_mpc5_anchor.npz,0.0
ood,val_I,D:\EV-TTT\adajepa_official_51d8665\artifacts\ood\val_I_predictor_only_n5,pushobj_norm_envapi_v1,PREDICTOR_ONLY,0,"{""state_dist"": 0.0, ""success"": 0.0}",6,6,0.0,0.6334624290466309,0.6334624290466309,0,0.1029431000000045,True,6,30,6,0.0,s2_history_mpc6,1.0,0,0.0,ood_valI_predictor_only_n5,2,201,I,D:\EV-TTT\adajepa_official_51d8665\artifacts\ood\val_I_predictor_only_n5\oracle\sample_002\s2_history_mpc6_anchor.npz,0.0
ood,val_I,D:\EV-TTT\adajepa_official_51d8665\artifacts\ood\val_I_predictor_only_n5,pushobj_norm_envapi_v1,PREDICTOR_ONLY,0,"{""state_dist"": 0.0, ""success"": 0.0}",7,7,0.0,0.4280509352684021,0.4280509352684021,0,0.11052910000000793,True,7,35,7,0.0,s2_history_mpc7,1.0,0,0.0,ood_valI_predictor_only_n5,2,201,I,D:\EV-TTT\adajepa_official_51d8665\artifacts\ood\val_I_predictor_only_n5\oracle\sample_002\s2_history_mpc7_anchor.npz,0.0
ood,val_I,D:\EV-TTT\adajepa_official_51d8665\artifacts\ood\val_I_predictor_only_n5,pushobj_norm_envapi_v1,PREDICTOR_ONLY,0,"{""state_dist"": 0.0, ""success"": 0.0}",8,8,0.0,1.0222008228302002,1.0222008228302002,0,0.1256913999999938,True,8,40,8,0.0,s2_history_mpc8,1.0,0,0.0,ood_valI_predictor_only_n5,2,201,I,D:\EV-TTT\adajepa_official_51d8665\artifacts\ood\val_I_predictor_only_n5\oracle\sample_002\s2_history_mpc8_anchor.npz,0.0
ood,val_I,D:\EV-TTT\adajepa_official_51d8665\artifacts\ood\val_I_predictor_only_n5,pushobj_norm_envapi_v1,PREDICTOR_ONLY,0,"{""state_dist"": 0.0, ""success"": 0.0}",9,9,0.0,0.731677770614624,0.731677770614624,0,0.1335938000000283,True,9,45,9,0.0,s2_history_mpc9,1.0,0,0.0,ood_valI_predictor_only_n5,2,201,I,D:\EV-TTT\adajepa_official_51d8665\artifacts\ood\val_I_predictor_only_n5\oracle\sample_002\s2_history_mpc9_anchor.npz,0.0
ood,val_I,D:\EV-TTT\adajepa_official_51d8665\artifacts\ood\val_I_predictor_only_n5,pushobj_norm_envapi_v1,PREDICTOR_ONLY,0,"{""state_dist"": 0.0, ""success"": 0.0}",10,10,0.0,0.32312485575675964,0.32312485575675964,0,0.14373760000000857,True,10,50,10,0.0,s2_history_mpc10,1.0,0,0.0,ood_valI_predictor_only_n5,2,201,I,D:\EV-TTT\adajepa_official_51d8665\artifacts\ood\val_I_predictor_only_n5\oracle\sample_002\s2_history_mpc10_anchor.npz,0.0
ood,val_I,D:\EV-TTT\adajepa_official_51d8665\artifacts\ood\val_I_predictor_only_n5,pushobj_norm_envapi_v1,PREDICTOR_ONLY,0,"{""state_dist"": 0.0, ""success"": 0.0}",11,11,0.0,0.30922600626945496,0.30922600626945496,0,0.17249739999999747,True,11,55,11,0.0,s2_history_mpc11,1.0,0,0.0,ood_valI_predictor_only_n5,2,201,I,D:\EV-TTT\adajepa_official_51d8665\artifacts\ood\val_I_predictor_only_n5\oracle\sample_002\s2_history_mpc11_anchor.npz,0.0
ood,val_I,D:\EV-TTT\adajepa_official_51d8665\artifacts\ood\val_I_predictor_only_n5,pushobj_norm_envapi_v1,PREDICTOR_ONLY,0,"{""state_dist"": 0.0, ""success"": 0.0}",12,12,0.0,0.2512126863002777,0.2512126863002777,0,0.15952160000000504,True,12,60,12,0.0,s2_history_mpc12,1.0,0,0.0,ood_valI_predictor_only_n5,2,201,I,D:\EV-TTT\adajepa_official_51d8665\artifacts\ood\val_I_predictor_only_n5\oracle\sample_002\s2_history_mpc12_anchor.npz,0.0
ood,val_I,D:\EV-TTT\adajepa_official_51d8665\artifacts\ood\val_I_predictor_only_n5,pushobj_norm_envapi_v1,PREDICTOR_ONLY,0,"{""state_dist"": 0.0, ""success"": 0.0}",13,13,0.0,0.2528853416442871,0.2528853416442871,0,0.16887180000003355,True,13,65,13,0.0,s2_history_mpc13,1.0,0,0.0,ood_valI_predictor_only_n5,2,201,I,D:\EV-TTT\adajepa_official_51d8665\artifacts\ood\val_I_predictor_only_n5\oracle\sample_002\s2_history_mpc13_anchor.npz,0.0
ood,val_I,D:\EV-TTT\adajepa_official_51d8665\artifacts\ood\val_I_predictor_only_n5,pushobj_norm_envapi_v1,PREDICTOR_ONLY,0,"{""state_dist"": 0.0, ""success"": 0.0}",14,14,0.0,0.33219870924949646,0.33219870924949646,0,0.17095169999998916,True,14,70,14,0.0,s2_history_mpc14,1.0,0,0.0,ood_valI_predictor_only_n5,2,201,I,D:\EV-TTT\adajepa_official_51d8665\artifacts\ood\val_I_predictor_only_n5\oracle\sample_002\s2_history_mpc14_anchor.npz,0.0
ood,val_I,D:\EV-TTT\adajepa_official_51d8665\artifacts\ood\val_I_predictor_only_n5,pushobj_norm_envapi_v1,PREDICTOR_ONLY,0,"{""state_dist"": 0.0, ""success"": 0.0}",15,15,0.0,1.254164218902588,1.254164218902588,0,0.1899622999999906,True,15,75,15,0.0,s2_history_mpc15,1.0,0,0.0,ood_valI_predictor_only_n5,2,201,I,D:\EV-TTT\adajepa_official_51d8665\artifacts\ood\val_I_predictor_only_n5\oracle\sample_002\s2_history_mpc15_anchor.npz,0.0
ood,val_I,D:\EV-TTT\adajepa_official_51d8665\artifacts\ood\val_I_predictor_only_n5,pushobj_norm_envapi_v1,PREDICTOR_ONLY,0,"{""state_dist"": 0.0, ""success"": 0.0}",16,16,0.0,0.34593069553375244,0.34593069553375244,0,0.20243579999998929,True,16,80,16,0.0,s2_history_mpc16,1.0,0,0.0,ood_valI_predictor_only_n5,2,201,I,D:\EV-TTT\adajepa_official_51d8665\artifacts\ood\val_I_predictor_only_n5\oracle\sample_002\s2_history_mpc16_anchor.npz,0.0
ood,val_I,D:\EV-TTT\adajepa_official_51d8665\artifacts\ood\val_I_predictor_only_n5,pushobj_norm_envapi_v1,PREDICTOR_ONLY,0,"{""state_dist"": 0.0, ""success"": 0.0}",17,17,0.0,0.334785521030426,0.334785521030426,0,0.20545920000000706,True,17,85,17,0.0,s2_history_mpc17,1.0,0,0.0,ood_valI_predictor_only_n5,2,201,I,D:\EV-TTT\adajepa_official_51d8665\artifacts\ood\val_I_predictor_only_n5\oracle\sample_002\s2_history_mpc17_anchor.npz,0.0
ood,val_I,D:\EV-TTT\adajepa_official_51d8665\artifacts\ood\val_I_predictor_only_n5,pushobj_norm_envapi_v1,PREDICTOR_ONLY,0,"{""state_dist"": 0.0, ""success"": 0.0}",18,18,0.0,0.3304626941680908,0.3304626941680908,0,0.21763709999999037,True,18,90,18,0.0,s2_history_mpc18,1.0,0,0.0,ood_valI_predictor_only_n5,2,201,I,D:\EV-TTT\adajepa_official_51d8665\artifacts\ood\val_I_predictor_only_n5\oracle\sample_002\s2_history_mpc18_anchor.npz,0.0
ood,val_I,D:\EV-TTT\adajepa_official_51d8665\artifacts\ood\val_I_predictor_only_n5,pushobj_norm_envapi_v1,PREDICTOR_ONLY,0,"{""state_dist"": 0.0, ""success"": 0.0}",19,19,0.0,0.32621198892593384,0.32621198892593384,0,0.23916330000002972,True,19,95,19,0.0,s2_history_mpc19,1.0,0,0.0,ood_valI_predictor_only_n5,2,201,I,D:\EV-TTT\adajepa_official_51d8665\artifacts\ood\val_I_predictor_only_n5\oracle\sample_002\s2_history_mpc19_anchor.npz,0.0
ood,val_I,D:\EV-TTT\adajepa_official_51d8665\artifacts\ood\val_I_predictor_only_n5,pushobj_norm_envapi_v1,PREDICTOR_ONLY,0,"{""state_dist"": 0.0, ""success"": 0.0}",0,0,0.0,1.358063817024231,1.358063817024231,0,0.002967500000011114,True,0,0,0,0.0,s3_history_mpc0,1.0,0,0.0,ood_valI_predictor_only_n5,3,301,I,D:\EV-TTT\adajepa_official_51d8665\artifacts\ood\val_I_predictor_only_n5\oracle\sample_003\s3_history_mpc0_anchor.npz,0.0
ood,val_I,D:\EV-TTT\adajepa_official_51d8665\artifacts\ood\val_I_predictor_only_n5,pushobj_norm_envapi_v1,PREDICTOR_ONLY,0,"{""state_dist"": 0.0, ""success"": 0.0}",1,1,0.0,0.9748684167861938,0.9748684167861938,0,0.017927400000019134,True,1,5,1,0.0,s3_history_mpc1,1.0,0,0.0,ood_valI_predictor_only_n5,3,301,I,D:\EV-TTT\adajepa_official_51d8665\artifacts\ood\val_I_predictor_only_n5\oracle\sample_003\s3_history_mpc1_anchor.npz,0.0
ood,val_I,D:\EV-TTT\adajepa_official_51d8665\artifacts\ood\val_I_predictor_only_n5,pushobj_norm_envapi_v1,PREDICTOR_ONLY,0,"{""state_dist"": 0.0, ""success"": 0.0}",2,2,0.0,0.5170923471450806,0.5170923471450806,0,0.0355946999999901,True,2,10,2,0.0,s3_history_mpc2,1.0,0,0.0,ood_valI_predictor_only_n5,3,301,I,D:\EV-TTT\adajepa_official_51d8665\artifacts\ood\val_I_predictor_only_n5\oracle\sample_003\s3_history_mpc2_anchor.npz,0.0
ood,val_I,D:\EV-TTT\adajepa_official_51d8665\artifacts\ood\val_I_predictor_only_n5,pushobj_norm_envapi_v1,PREDICTOR_ONLY,0,"{""state_dist"": 0.0, ""success"": 0.0}",3,3,0.0,0.33267179131507874,0.33267179131507874,0,0.05289650000003121,True,3,15,3,0.0,s3_history_mpc3,1.0,0,0.0,ood_valI_predictor_only_n5,3,301,I,D:\EV-TTT\adajepa_official_51d8665\artifacts\ood\val_I_predictor_only_n5\oracle\sample_003\s3_history_mpc3_anchor.npz,0.0
ood,val_I,D:\EV-TTT\adajepa_official_51d8665\artifacts\ood\val_I_predictor_only_n5,pushobj_norm_envapi_v1,PREDICTOR_ONLY,0,"{""state_dist"": 0.0, ""success"": 0.0}",4,4,0.0,0.5889813899993896,0.5889813899993896,0,0.06739619999996194,True,4,20,4,0.0,s3_history_mpc4,1.0,0,0.0,ood_valI_predictor_only_n5,3,301,I,D:\EV-TTT\adajepa_official_51d8665\artifacts\ood\val_I_predictor_only_n5\oracle\sample_003\s3_history_mpc4_anchor.npz,0.0
ood,val_I,D:\EV-TTT\adajepa_official_51d8665\artifacts\ood\val_I_predictor_only_n5,pushobj_norm_envapi_v1,PREDICTOR_ONLY,0,"{""state_dist"": 0.0, ""success"": 0.0}",5,5,0.0,0.6291957497596741,0.6291957497596741,0,0.08682479999998804,True,5,25,5,0.0,s3_history_mpc5,1.0,0,0.0,ood_valI_predictor_only_n5,3,301,I,D:\EV-TTT\adajepa_official_51d8665\artifacts\ood\val_I_predictor_only_n5\oracle\sample_003\s3_history_mpc5_anchor.npz,0.0
ood,val_I,D:\EV-TTT\adajepa_official_51d8665\artifacts\ood\val_I_predictor_only_n5,pushobj_norm_envapi_v1,PREDICTOR_ONLY,0,"{""state_dist"": 0.0, ""success"": 0.0}",6,6,0.0,0.22288349270820618,0.22288349270820618,0,0.09911360000000968,True,6,30,6,0.0,s3_history_mpc6,1.0,0,0.0,ood_valI_predictor_only_n5,3,301,I,D:\EV-TTT\adajepa_official_51d8665\artifacts\ood\val_I_predictor_only_n5\oracle\sample_003\s3_history_mpc6_anchor.npz,0.0
ood,val_I,D:\EV-TTT\adajepa_official_51d8665\artifacts\ood\val_I_predictor_only_n5,pushobj_norm_envapi_v1,PREDICTOR_ONLY,0,"{""state_dist"": 0.0, ""success"": 0.0}",7,7,0.0,0.15272551774978638,0.15272551774978638,0,0.11193610000003673,True,7,35,7,0.0,s3_history_mpc7,1.0,0,0.0,ood_valI_predictor_only_n5,3,301,I,D:\EV-TTT\adajepa_official_51d8665\artifacts\ood\val_I_predictor_only_n5\oracle\sample_003\s3_history_mpc7_anchor.npz,0.0
ood,val_I,D:\EV-TTT\adajepa_official_51d8665\artifacts\ood\val_I_predictor_only_n5,pushobj_norm_envapi_v1,PREDICTOR_ONLY,0,"{""state_dist"": 0.0, ""success"": 0.0}",8,8,0.0,0.0811406746506691,0.0811406746506691,0,0.12116819999999962,True,8,40,8,0.0,s3_history_mpc8,1.0,0,0.0,ood_valI_predictor_only_n5,3,301,I,D:\EV-TTT\adajepa_official_51d8665\artifacts\ood\val_I_predictor_only_n5\oracle\sample_003\s3_history_mpc8_anchor.npz,0.0
ood,val_I,D:\EV-TTT\adajepa_official_51d8665\artifacts\ood\val_I_predictor_only_n5,pushobj_norm_envapi_v1,PREDICTOR_ONLY,0,"{""state_dist"": 0.0, ""success"": 0.0}",9,9,0.0,0.11762566864490509,0.11762566864490509,0,0.13494670000000042,True,9,45,9,0.0,s3_history_mpc9,1.0,0,0.0,ood_valI_predictor_only_n5,3,301,I,D:\EV-TTT\adajepa_official_51d8665\artifacts\ood\val_I_predictor_only_n5\oracle\sample_003\s3_history_mpc9_anchor.npz,0.0
ood,val_I,D:\EV-TTT\adajepa_official_51d8665\artifacts\ood\val_I_predictor_only_n5,pushobj_norm_envapi_v1,PREDICTOR_ONLY,0,"{""state_dist"": 0.0, ""success"": 0.0}",10,10,0.0,0.07381805777549744,0.07381805777549744,0,0.1467509000000291,True,10,50,10,0.0,s3_history_mpc10,1.0,0,0.0,ood_valI_predictor_only_n5,3,301,I,D:\EV-TTT\adajepa_official_51d8665\artifacts\ood\val_I_predictor_only_n5\oracle\sample_003\s3_history_mpc10_anchor.npz,0.0
ood,val_I,D:\EV-TTT\adajepa_official_51d8665\artifacts\ood\val_I_predictor_only_n5,pushobj_norm_envapi_v1,PREDICTOR_ONLY,0,"{""state_dist"": 0.0, ""success"": 0.0}",11,11,0.0,0.15893220901489258,0.15893220901489258,0,0.14637199999992845,True,11,55,11,0.0,s3_history_mpc11,1.0,0,0.0,ood_valI_predictor_only_n5,3,301,I,D:\EV-TTT\adajepa_official_51d8665\artifacts\ood\val_I_predictor_only_n5\oracle\sample_003\s3_history_mpc11_anchor.npz,0.0
ood,val_I,D:\EV-TTT\adajepa_official_51d8665\artifacts\ood\val_I_predictor_only_n5,pushobj_norm_envapi_v1,PREDICTOR_ONLY,0,"{""state_dist"": 0.0, ""success"": 0.0}",12,12,0.0,0.3168618679046631,0.3168618679046631,0,0.1620461999999634,True,12,60,12,0.0,s3_history_mpc12,1.0,0,0.0,ood_valI_predictor_only_n5,3,301,I,D:\EV-TTT\adajepa_official_51d8665\artifacts\ood\val_I_predictor_only_n5\oracle\sample_003\s3_history_mpc12_anchor.npz,0.0
ood,val_I,D:\EV-TTT\adajepa_official_51d8665\artifacts\ood\val_I_predictor_only_n5,pushobj_norm_envapi_v1,PREDICTOR_ONLY,0,"{""state_dist"": 0.0, ""success"": 0.0}",13,13,0.0,0.3351556658744812,0.3351556658744812,0,0.17257890000007592,True,13,65,13,0.0,s3_history_mpc13,1.0,0,0.0,ood_valI_predictor_only_n5,3,301,I,D:\EV-TTT\adajepa_official_51d8665\artifacts\ood\val_I_predictor_only_n5\oracle\sample_003\s3_history_mpc13_anchor.npz,0.0
ood,val_I,D:\EV-TTT\adajepa_official_51d8665\artifacts\ood\val_I_predictor_only_n5,pushobj_norm_envapi_v1,PREDICTOR_ONLY,0,"{""state_dist"": 0.0, ""success"": 0.0}",14,14,0.0,0.3311014771461487,0.3311014771461487,0,0.17525230000001102,True,14,70,14,0.0,s3_history_mpc14,1.0,0,0.0,ood_valI_predictor_only_n5,3,301,I,D:\EV-TTT\adajepa_official_51d8665\artifacts\ood\val_I_predictor_only_n5\oracle\sample_003\s3_history_mpc14_anchor.npz,0.0
ood,val_I,D:\EV-TTT\adajepa_official_51d8665\artifacts\ood\val_I_predictor_only_n5,pushobj_norm_envapi_v1,PREDICTOR_ONLY,0,"{""state_dist"": 0.0, ""success"": 0.0}",15,15,0.0,0.43996769189834595,0.43996769189834595,0,0.18692429999998694,True,15,75,15,0.0,s3_history_mpc15,1.0,0,0.0,ood_valI_predictor_only_n5,3,301,I,D:\EV-TTT\adajepa_official_51d8665\artifacts\ood\val_I_predictor_only_n5\oracle\sample_003\s3_history_mpc15_anchor.npz,0.0
ood,val_I,D:\EV-TTT\adajepa_official_51d8665\artifacts\ood\val_I_predictor_only_n5,pushobj_norm_envapi_v1,PREDICTOR_ONLY,0,"{""state_dist"": 0.0, ""success"": 0.0}",16,16,0.0,0.34679102897644043,0.34679102897644043,0,0.21528590000002623,True,16,80,16,0.0,s3_history_mpc16,1.0,0,0.0,ood_valI_predictor_only_n5,3,301,I,D:\EV-TTT\adajepa_official_51d8665\artifacts\ood\val_I_predictor_only_n5\oracle\sample_003\s3_history_mpc16_anchor.npz,0.0
ood,val_I,D:\EV-TTT\adajepa_official_51d8665\artifacts\ood\val_I_predictor_only_n5,pushobj_norm_envapi_v1,PREDICTOR_ONLY,0,"{""state_dist"": 0.0, ""success"": 0.0}",17,17,0.0,0.3782174587249756,0.3782174587249756,0,0.20830950000004123,True,17,85,17,0.0,s3_history_mpc17,1.0,0,0.0,ood_valI_predictor_only_n5,3,301,I,D:\EV-TTT\adajepa_official_51d8665\artifacts\ood\val_I_predictor_only_n5\oracle\sample_003\s3_history_mpc17_anchor.npz,0.0
ood,val_I,D:\EV-TTT\adajepa_official_51d8665\artifacts\ood\val_I_predictor_only_n5,pushobj_norm_envapi_v1,PREDICTOR_ONLY,0,"{""state_dist"": 0.0, ""success"": 0.0}",18,18,0.0,0.3389614522457123,0.3389614522457123,0,0.2183880999999701,True,18,90,18,0.0,s3_history_mpc18,1.0,0,0.0,ood_valI_predictor_only_n5,3,301,I,D:\EV-TTT\adajepa_official_51d8665\artifacts\ood\val_I_predictor_only_n5\oracle\sample_003\s3_history_mpc18_anchor.npz,0.0
ood,val_I,D:\EV-TTT\adajepa_official_51d8665\artifacts\ood\val_I_predictor_only_n5,pushobj_norm_envapi_v1,PREDICTOR_ONLY,0,"{""state_dist"": 0.0, ""success"": 0.0}",19,19,0.0,0.2613663077354431,0.2613663077354431,0,0.2299775999999838,True,19,95,19,0.0,s3_history_mpc19,1.0,0,0.0,ood_valI_predictor_only_n5,3,301,I,D:\EV-TTT\adajepa_official_51d8665\artifacts\ood\val_I_predictor_only_n5\oracle\sample_003\s3_history_mpc19_anchor.npz,0.0
ood,val_I,D:\EV-TTT\adajepa_official_51d8665\artifacts\ood\val_I_predictor_only_n5,pushobj_norm_envapi_v1,PREDICTOR_ONLY,0,"{""state_dist"": 0.0, ""success"": 0.0}",0,0,0.0,2.8145127296447754,2.8145127296447754,0,0.0026020999999900596,True,0,0,0,0.0,s4_history_mpc0,1.0,0,0.0,ood_valI_predictor_only_n5,4,401,I,D:\EV-TTT\adajepa_official_51d8665\artifacts\ood\val_I_predictor_only_n5\oracle\sample_004\s4_history_mpc0_anchor.npz,0.0
ood,val_I,D:\EV-TTT\adajepa_official_51d8665\artifacts\ood\val_I_predictor_only_n5,pushobj_norm_envapi_v1,PREDICTOR_ONLY,0,"{""state_dist"": 0.0, ""success"": 0.0}",1,1,0.0,2.0651559829711914,2.0651559829711914,0,0.023229800000081013,True,1,5,1,0.0,s4_history_mpc1,1.0,0,0.0,ood_valI_predictor_only_n5,4,401,I,D:\EV-TTT\adajepa_official_51d8665\artifacts\ood\val_I_predictor_only_n5\oracle\sample_004\s4_history_mpc1_anchor.npz,0.0
ood,val_I,D:\EV-TTT\adajepa_official_51d8665\artifacts\ood\val_I_predictor_only_n5,pushobj_norm_envapi_v1,PREDICTOR_ONLY,0,"{""state_dist"": 0.0, ""success"": 0.0}",2,2,0.0,1.6062512397766113,1.6062512397766113,0,0.03902240000002166,True,2,10,2,0.0,s4_history_mpc2,1.0,0,0.0,ood_valI_predictor_only_n5,4,401,I,D:\EV-TTT\adajepa_official_51d8665\artifacts\ood\val_I_predictor_only_n5\oracle\sample_004\s4_history_mpc2_anchor.npz,0.0
ood,val_I,D:\EV-TTT\adajepa_official_51d8665\artifacts\ood\val_I_predictor_only_n5,pushobj_norm_envapi_v1,PREDICTOR_ONLY,0,"{""state_dist"": 0.0, ""success"": 0.0}",3,3,0.0,0.7987324595451355,0.7987324595451355,0,0.053920800000014424,True,3,15,3,0.0,s4_history_mpc3,1.0,0,0.0,ood_valI_predictor_only_n5,4,401,I,D:\EV-TTT\adajepa_official_51d8665\artifacts\ood\val_I_predictor_only_n5\oracle\sample_004\s4_history_mpc3_anchor.npz,0.0
ood,val_I,D:\EV-TTT\adajepa_official_51d8665\artifacts\ood\val_I_predictor_only_n5,pushobj_norm_envapi_v1,PREDICTOR_ONLY,0,"{""state_dist"": 0.0, ""success"": 0.0}",4,4,0.0,0.39457041025161743,0.39457041025161743,0,0.06503620000000865,True,4,20,4,0.0,s4_history_mpc4,1.0,0,0.0,ood_valI_predictor_only_n5,4,401,I,D:\EV-TTT\adajepa_official_51d8665\artifacts\ood\val_I_predictor_only_n5\oracle\sample_004\s4_history_mpc4_anchor.npz,0.0
ood,val_I,D:\EV-TTT\adajepa_official_51d8665\artifacts\ood\val_I_predictor_only_n5,pushobj_norm_envapi_v1,PREDICTOR_ONLY,0,"{""state_dist"": 0.0, ""success"": 0.0}",5,5,0.0,0.1400955766439438,0.1400955766439438,0,0.08837860000005548,True,5,25,5,0.0,s4_history_mpc5,1.0,0,0.0,ood_valI_predictor_only_n5,4,401,I,D:\EV-TTT\adajepa_official_51d8665\artifacts\ood\val_I_predictor_only_n5\oracle\sample_004\s4_history_mpc5_anchor.npz,0.0
ood,val_I,D:\EV-TTT\adajepa_official_51d8665\artifacts\ood\val_I_predictor_only_n5,pushobj_norm_envapi_v1,PREDICTOR_ONLY,0,"{""state_dist"": 0.0, ""success"": 0.0}",6,6,0.0,0.05219081789255142,0.05219081789255142,0,0.09978370000010273,True,6,30,6,0.0,s4_history_mpc6,1.0,0,0.0,ood_valI_predictor_only_n5,4,401,I,D:\EV-TTT\adajepa_official_51d8665\artifacts\ood\val_I_predictor_only_n5\oracle\sample_004\s4_history_mpc6_anchor.npz,0.0
ood,val_I,D:\EV-TTT\adajepa_official_51d8665\artifacts\ood\val_I_predictor_only_n5,pushobj_norm_envapi_v1,PREDICTOR_ONLY,0,"{""state_dist"": 0.0, ""success"": 0.0}",7,7,0.0,0.04535636305809021,0.04535636305809021,0,0.11410030000001825,True,7,35,7,0.0,s4_history_mpc7,1.0,0,0.0,ood_valI_predictor_only_n5,4,401,I,D:\EV-TTT\adajepa_official_51d8665\artifacts\ood\val_I_predictor_only_n5\oracle\sample_004\s4_history_mpc7_anchor.npz,0.0
ood,val_I,D:\EV-TTT\adajepa_official_51d8665\artifacts\ood\val_I_predictor_only_n5,pushobj_norm_envapi_v1,PREDICTOR_ONLY,0,"{""state_dist"": 0.0, ""success"": 0.0}",8,8,0.0,0.03865671157836914,0.03865671157836914,0,0.12282279999999446,True,8,40,8,0.0,s4_history_mpc8,1.0,0,0.0,ood_valI_predictor_only_n5,4,401,I,D:\EV-TTT\adajepa_official_51d8665\artifacts\ood\val_I_predictor_only_n5\oracle\sample_004\s4_history_mpc8_anchor.npz,0.0
ood,val_I,D:\EV-TTT\adajepa_official_51d8665\artifacts\ood\val_I_predictor_only_n5,pushobj_norm_envapi_v1,PREDICTOR_ONLY,0,"{""state_dist"": 0.0, ""success"": 0.0}",9,9,0.0,0.039310064166784286,0.039310064166784286,0,0.143607799999927,True,9,45,9,0.0,s4_history_mpc9,1.0,0,0.0,ood_valI_predictor_only_n5,4,401,I,D:\EV-TTT\adajepa_official_51d8665\artifacts\ood\val_I_predictor_only_n5\oracle\sample_004\s4_history_mpc9_anchor.npz,0.0
ood,val_I,D:\EV-TTT\adajepa_official_51d8665\artifacts\ood\val_I_predictor_only_n5,pushobj_norm_envapi_v1,PREDICTOR_ONLY,0,"{""state_dist"": 0.0, ""success"": 0.0}",10,10,0.0,0.0348362922668457,0.0348362922668457,0,0.15337879999992765,True,10,50,10,0.0,s4_history_mpc10,1.0,0,0.0,ood_valI_predictor_only_n5,4,401,I,D:\EV-TTT\adajepa_official_51d8665\artifacts\ood\val_I_predictor_only_n5\oracle\sample_004\s4_history_mpc10_anchor.npz,0.0
ood,val_I,D:\EV-TTT\adajepa_official_51d8665\artifacts\ood\val_I_predictor_only_n5,pushobj_norm_envapi_v1,PREDICTOR_ONLY,0,"{""state_dist"": 0.0, ""success"": 0.0}",11,11,0.0,0.030363399535417557,0.030363399535417557,0,0.14992580000000544,True,11,55,11,0.0,s4_history_mpc11,1.0,0,0.0,ood_valI_predictor_only_n5,4,401,I,D:\EV-TTT\adajepa_official_51d8665\artifacts\ood\val_I_predictor_only_n5\oracle\sample_004\s4_history_mpc11_anchor.npz,0.0
ood,val_I,D:\EV-TTT\adajepa_official_51d8665\artifacts\ood\val_I_predictor_only_n5,pushobj_norm_envapi_v1,PREDICTOR_ONLY,0,"{""state_dist"": 0.0, ""success"": 0.0}",12,12,0.0,0.02315353788435459,0.02315353788435459,0,0.16575470000009318,True,12,60,12,0.0,s4_history_mpc12,1.0,0,0.0,ood_valI_predictor_only_n5,4,401,I,D:\EV-TTT\adajepa_official_51d8665\artifacts\ood\val_I_predictor_only_n5\oracle\sample_004\s4_history_mpc12_anchor.npz,0.0
ood,val_I,D:\EV-TTT\adajepa_official_51d8665\artifacts\ood\val_I_predictor_only_n5,pushobj_norm_envapi_v1,PREDICTOR_ONLY,0,"{""state_dist"": 0.0, ""success"": 0.0}",13,13,0.0,0.039351243525743484,0.039351243525743484,0,0.1793100999999524,True,13,65,13,0.0,s4_history_mpc13,1.0,0,0.0,ood_valI_predictor_only_n5,4,401,I,D:\EV-TTT\adajepa_official_51d8665\artifacts\ood\val_I_predictor_only_n5\oracle\sample_004\s4_history_mpc13_anchor.npz,0.0
ood,val_I,D:\EV-TTT\adajepa_official_51d8665\artifacts\ood\val_I_predictor_only_n5,pushobj_norm_envapi_v1,PREDICTOR_ONLY,0,"{""state_dist"": 0.0, ""success"": 0.0}",14,14,0.0,0.04647013172507286,0.04647013172507286,0,0.18499099999996815,True,14,70,14,0.0,s4_history_mpc14,1.0,0,0.0,ood_valI_predictor_only_n5,4,401,I,D:\EV-TTT\adajepa_official_51d8665\artifacts\ood\val_I_predictor_only_n5\oracle\sample_004\s4_history_mpc14_anchor.npz,0.0
ood,val_I,D:\EV-TTT\adajepa_official_51d8665\artifacts\ood\val_I_predictor_only_n5,pushobj_norm_envapi_v1,PREDICTOR_ONLY,0,"{""state_dist"": 0.0, ""success"": 0.0}",15,15,0.0,0.03999356925487518,0.03999356925487518,0,0.19940059999998994,True,15,75,15,0.0,s4_history_mpc15,1.0,0,0.0,ood_valI_predictor_only_n5,4,401,I,D:\EV-TTT\adajepa_official_51d8665\artifacts\ood\val_I_predictor_only_n5\oracle\sample_004\s4_history_mpc15_anchor.npz,0.0
ood,val_I,D:\EV-TTT\adajepa_official_51d8665\artifacts\ood\val_I_predictor_only_n5,pushobj_norm_envapi_v1,PREDICTOR_ONLY,0,"{""state_dist"": 0.0, ""success"": 0.0}",16,16,0.0,0.045179806649684906,0.045179806649684906,0,0.2128374999999778,True,16,80,16,0.0,s4_history_mpc16,1.0,0,0.0,ood_valI_predictor_only_n5,4,401,I,D:\EV-TTT\adajepa_official_51d8665\artifacts\ood\val_I_predictor_only_n5\oracle\sample_004\s4_history_mpc16_anchor.npz,0.0
ood,val_I,D:\EV-TTT\adajepa_official_51d8665\artifacts\ood\val_I_predictor_only_n5,pushobj_norm_envapi_v1,PREDICTOR_ONLY,0,"{""state_dist"": 0.0, ""success"": 0.0}",17,17,0.0,0.04464901238679886,0.04464901238679886,0,0.2140813999999409,True,17,85,17,0.0,s4_history_mpc17,1.0,0,0.0,ood_valI_predictor_only_n5,4,401,I,D:\EV-TTT\adajepa_official_51d8665\artifacts\ood\val_I_predictor_only_n5\oracle\sample_004\s4_history_mpc17_anchor.npz,0.0
ood,val_I,D:\EV-TTT\adajepa_official_51d8665\artifacts\ood\val_I_predictor_only_n5,pushobj_norm_envapi_v1,PREDICTOR_ONLY,0,"{""state_dist"": 0.0, ""success"": 0.0}",18,18,0.0,0.04764508083462715,0.04764508083462715,0,0.21561989999997877,True,18,90,18,0.0,s4_history_mpc18,1.0,0,0.0,ood_valI_predictor_only_n5,4,401,I,D:\EV-TTT\adajepa_official_51d8665\artifacts\ood\val_I_predictor_only_n5\oracle\sample_004\s4_history_mpc18_anchor.npz,0.0
ood,val_I,D:\EV-TTT\adajepa_official_51d8665\artifacts\ood\val_I_predictor_only_n5,pushobj_norm_envapi_v1,PREDICTOR_ONLY,0,"{""state_dist"": 0.0, ""success"": 0.0}",19,19,0.0,0.049707431346178055,0.049707431346178055,0,0.2509357999999793,True,19,95,19,0.0,s4_history_mpc19,1.0,0,0.0,ood_valI_predictor_only_n5,4,401,I,D:\EV-TTT\adajepa_official_51d8665\artifacts\ood\val_I_predictor_only_n5\oracle\sample_004\s4_history_mpc19_anchor.npz,0.0
ood,val_small_tee,D:\EV-TTT\adajepa_official_51d8665\artifacts\ood\val_small_tee_frozen_n5,pushobj_norm_envapi_v1,FROZEN,0,"{""state_dist"": 0.0, ""success"": 0.0}",0,0,0.0,2.073692798614502,2.073692798614502,0,0.002308999999998562,True,0,0,0,0.0,s0_history_mpc0,1.0,0,0.0,ood_smalltee_frozen_n5,0,1,small_tee,D:\EV-TTT\adajepa_official_51d8665\artifacts\ood\val_small_tee_frozen_n5\oracle\sample_000\s0_history_mpc0_anchor.npz,0.0
ood,val_small_tee,D:\EV-TTT\adajepa_official_51d8665\artifacts\ood\val_small_tee_frozen_n5,pushobj_norm_envapi_v1,FROZEN,0,"{""state_dist"": 0.0, ""success"": 0.0}",0,1,0.0,1.543335199356079,1.543335199356079,0,0.019206300000000454,True,0,5,1,0.0,s0_history_mpc1,1.0,0,0.0,ood_smalltee_frozen_n5,0,1,small_tee,D:\EV-TTT\adajepa_official_51d8665\artifacts\ood\val_small_tee_frozen_n5\oracle\sample_000\s0_history_mpc1_anchor.npz,0.0
ood,val_small_tee,D:\EV-TTT\adajepa_official_51d8665\artifacts\ood\val_small_tee_frozen_n5,pushobj_norm_envapi_v1,FROZEN,0,"{""state_dist"": 0.0, ""success"": 0.0}",0,2,0.0,0.9874305129051208,0.9874305129051208,0,0.0340695999999987,True,0,10,2,0.0,s0_history_mpc2,1.0,0,0.0,ood_smalltee_frozen_n5,0,1,small_tee,D:\EV-TTT\adajepa_official_51d8665\artifacts\ood\val_small_tee_frozen_n5\oracle\sample_000\s0_history_mpc2_anchor.npz,0.0
ood,val_small_tee,D:\EV-TTT\adajepa_official_51d8665\artifacts\ood\val_small_tee_frozen_n5,pushobj_norm_envapi_v1,FROZEN,0,"{""state_dist"": 0.0, ""success"": 0.0}",0,3,0.0,0.5260031819343567,0.5260031819343567,0,0.0579783999999961,True,0,15,3,0.0,s0_history_mpc3,1.0,0,0.0,ood_smalltee_frozen_n5,0,1,small_tee,D:\EV-TTT\adajepa_official_51d8665\artifacts\ood\val_small_tee_frozen_n5\oracle\sample_000\s0_history_mpc3_anchor.npz,0.0
ood,val_small_tee,D:\EV-TTT\adajepa_official_51d8665\artifacts\ood\val_small_tee_frozen_n5,pushobj_norm_envapi_v1,FROZEN,0,"{""state_dist"": 0.0, ""success"": 0.0}",0,4,0.0,0.10669656097888947,0.10669656097888947,0,0.07379380000000424,True,0,20,4,0.0,s0_history_mpc4,1.0,0,0.0,ood_smalltee_frozen_n5,0,1,small_tee,D:\EV-TTT\adajepa_official_51d8665\artifacts\ood\val_small_tee_frozen_n5\oracle\sample_000\s0_history_mpc4_anchor.npz,0.0
ood,val_small_tee,D:\EV-TTT\adajepa_official_51d8665\artifacts\ood\val_small_tee_frozen_n5,pushobj_norm_envapi_v1,FROZEN,0,"{""state_dist"": 0.0, ""success"": 0.0}",0,0,0.0,2.8829236030578613,2.8829236030578613,0,0.003312000000001092,True,0,0,0,0.0,s1_history_mpc0,1.0,0,0.0,ood_smalltee_frozen_n5,1,101,small_tee,D:\EV-TTT\adajepa_official_51d8665\artifacts\ood\val_small_tee_frozen_n5\oracle\sample_001\s1_history_mpc0_anchor.npz,0.0
ood,val_small_tee,D:\EV-TTT\adajepa_official_51d8665\artifacts\ood\val_small_tee_frozen_n5,pushobj_norm_envapi_v1,FROZEN,0,"{""state_dist"": 0.0, ""success"": 0.0}",0,1,0.0,2.271268844604492,2.271268844604492,0,0.01889340000000317,True,0,5,1,0.0,s1_history_mpc1,1.0,0,0.0,ood_smalltee_frozen_n5,1,101,small_tee,D:\EV-TTT\adajepa_official_51d8665\artifacts\ood\val_small_tee_frozen_n5\oracle\sample_001\s1_history_mpc1_anchor.npz,0.0
ood,val_small_tee,D:\EV-TTT\adajepa_official_51d8665\artifacts\ood\val_small_tee_frozen_n5,pushobj_norm_envapi_v1,FROZEN,0,"{""state_dist"": 0.0, ""success"": 0.0}",0,2,0.0,1.7194437980651855,1.7194437980651855,0,0.041303400000003876,True,0,10,2,0.0,s1_history_mpc2,1.0,0,0.0,ood_smalltee_frozen_n5,1,101,small_tee,D:\EV-TTT\adajepa_official_51d8665\artifacts\ood\val_small_tee_frozen_n5\oracle\sample_001\s1_history_mpc2_anchor.npz,0.0
ood,val_small_tee,D:\EV-TTT\adajepa_official_51d8665\artifacts\ood\val_small_tee_frozen_n5,pushobj_norm_envapi_v1,FROZEN,0,"{""state_dist"": 0.0, ""success"": 0.0}",0,3,0.0,1.146487832069397,1.146487832069397,0,0.057893199999995204,True,0,15,3,0.0,s1_history_mpc3,1.0,0,0.0,ood_smalltee_frozen_n5,1,101,small_tee,D:\EV-TTT\adajepa_official_51d8665\artifacts\ood\val_small_tee_frozen_n5\oracle\sample_001\s1_history_mpc3_anchor.npz,0.0
ood,val_small_tee,D:\EV-TTT\adajepa_official_51d8665\artifacts\ood\val_small_tee_frozen_n5,pushobj_norm_envapi_v1,FROZEN,0,"{""state_dist"": 0.0, ""success"": 0.0}",0,4,0.0,0.17771758139133453,0.17771758139133453,0,0.07918760000001157,True,0,20,4,0.0,s1_history_mpc4,1.0,0,0.0,ood_smalltee_frozen_n5,1,101,small_tee,D:\EV-TTT\adajepa_official_51d8665\artifacts\ood\val_small_tee_frozen_n5\oracle\sample_001\s1_history_mpc4_anchor.npz,0.0
ood,val_small_tee,D:\EV-TTT\adajepa_official_51d8665\artifacts\ood\val_small_tee_frozen_n5,pushobj_norm_envapi_v1,FROZEN,0,"{""state_dist"": 0.0, ""success"": 0.0}",0,5,0.0,0.15381865203380585,0.15381865203380585,0,0.09020720000000892,True,0,25,5,0.0,s1_history_mpc5,1.0,0,0.0,ood_smalltee_frozen_n5,1,101,small_tee,D:\EV-TTT\adajepa_official_51d8665\artifacts\ood\val_small_tee_frozen_n5\oracle\sample_001\s1_history_mpc5_anchor.npz,0.0
ood,val_small_tee,D:\EV-TTT\adajepa_official_51d8665\artifacts\ood\val_small_tee_frozen_n5,pushobj_norm_envapi_v1,FROZEN,0,"{""state_dist"": 0.0, ""success"": 0.0}",0,6,0.0,0.1118890643119812,0.1118890643119812,0,0.1066747999999933,True,0,30,6,0.0,s1_history_mpc6,1.0,0,0.0,ood_smalltee_frozen_n5,1,101,small_tee,D:\EV-TTT\adajepa_official_51d8665\artifacts\ood\val_small_tee_frozen_n5\oracle\sample_001\s1_history_mpc6_anchor.npz,0.0
ood,val_small_tee,D:\EV-TTT\adajepa_official_51d8665\artifacts\ood\val_small_tee_frozen_n5,pushobj_norm_envapi_v1,FROZEN,0,"{""state_dist"": 0.0, ""success"": 0.0}",0,0,0.0,0.47637009620666504,0.47637009620666504,0,0.0032628999999957387,True,0,0,0,0.0,s2_history_mpc0,1.0,0,0.0,ood_smalltee_frozen_n5,2,201,small_tee,D:\EV-TTT\adajepa_official_51d8665\artifacts\ood\val_small_tee_frozen_n5\oracle\sample_002\s2_history_mpc0_anchor.npz,0.0
ood,val_small_tee,D:\EV-TTT\adajepa_official_51d8665\artifacts\ood\val_small_tee_frozen_n5,pushobj_norm_envapi_v1,FROZEN,0,"{""state_dist"": 0.0, ""success"": 0.0}",0,1,0.0,0.5022795796394348,0.5022795796394348,0,0.017773699999992232,True,0,5,1,0.0,s2_history_mpc1,1.0,0,0.0,ood_smalltee_frozen_n5,2,201,small_tee,D:\EV-TTT\adajepa_official_51d8665\artifacts\ood\val_small_tee_frozen_n5\oracle\sample_002\s2_history_mpc1_anchor.npz,0.0
ood,val_small_tee,D:\EV-TTT\adajepa_official_51d8665\artifacts\ood\val_small_tee_frozen_n5,pushobj_norm_envapi_v1,FROZEN,0,"{""state_dist"": 0.0, ""success"": 0.0}",0,2,0.0,0.2779625654220581,0.2779625654220581,0,0.03332960000000185,True,0,10,2,0.0,s2_history_mpc2,1.0,0,0.0,ood_smalltee_frozen_n5,2,201,small_tee,D:\EV-TTT\adajepa_official_51d8665\artifacts\ood\val_small_tee_frozen_n5\oracle\sample_002\s2_history_mpc2_anchor.npz,0.0
ood,val_small_tee,D:\EV-TTT\adajepa_official_51d8665\artifacts\ood\val_small_tee_frozen_n5,pushobj_norm_envapi_v1,FROZEN,0,"{""state_dist"": 0.0, ""success"": 0.0}",0,3,0.0,0.14125773310661316,0.14125773310661316,0,0.049327800000000366,True,0,15,3,0.0,s2_history_mpc3,1.0,0,0.0,ood_smalltee_frozen_n5,2,201,small_tee,D:\EV-TTT\adajepa_official_51d8665\artifacts\ood\val_small_tee_frozen_n5\oracle\sample_002\s2_history_mpc3_anchor.npz,0.0
ood,val_small_tee,D:\EV-TTT\adajepa_official_51d8665\artifacts\ood\val_small_tee_frozen_n5,pushobj_norm_envapi_v1,FROZEN,0,"{""state_dist"": 0.0, ""success"": 0.0}",0,4,0.0,0.05109628662467003,0.05109628662467003,0,0.0716925000000117,True,0,20,4,0.0,s2_history_mpc4,1.0,0,0.0,ood_smalltee_frozen_n5,2,201,small_tee,D:\EV-TTT\adajepa_official_51d8665\artifacts\ood\val_small_tee_frozen_n5\oracle\sample_002\s2_history_mpc4_anchor.npz,0.0
ood,val_small_tee,D:\EV-TTT\adajepa_official_51d8665\artifacts\ood\val_small_tee_frozen_n5,pushobj_norm_envapi_v1,FROZEN,0,"{""state_dist"": 0.0, ""success"": 0.0}",0,5,0.0,0.13986894488334656,0.13986894488334656,0,0.10269990000000462,True,0,25,5,0.0,s2_history_mpc5,1.0,0,0.0,ood_smalltee_frozen_n5,2,201,small_tee,D:\EV-TTT\adajepa_official_51d8665\artifacts\ood\val_small_tee_frozen_n5\oracle\sample_002\s2_history_mpc5_anchor.npz,0.0
ood,val_small_tee,D:\EV-TTT\adajepa_official_51d8665\artifacts\ood\val_small_tee_frozen_n5,pushobj_norm_envapi_v1,FROZEN,0,"{""state_dist"": 0.0, ""success"": 0.0}",0,6,0.0,0.08120664954185486,0.08120664954185486,0,0.09942929999999706,True,0,30,6,0.0,s2_history_mpc6,1.0,0,0.0,ood_smalltee_frozen_n5,2,201,small_tee,D:\EV-TTT\adajepa_official_51d8665\artifacts\ood\val_small_tee_frozen_n5\oracle\sample_002\s2_history_mpc6_anchor.npz,0.0
ood,val_small_tee,D:\EV-TTT\adajepa_official_51d8665\artifacts\ood\val_small_tee_frozen_n5,pushobj_norm_envapi_v1,FROZEN,0,"{""state_dist"": 0.0, ""success"": 0.0}",0,0,0.0,2.227465867996216,2.227465867996216,0,0.0030334999999865886,True,0,0,0,0.0,s3_history_mpc0,1.0,0,0.0,ood_smalltee_frozen_n5,3,301,small_tee,D:\EV-TTT\adajepa_official_51d8665\artifacts\ood\val_small_tee_frozen_n5\oracle\sample_003\s3_history_mpc0_anchor.npz,0.0
ood,val_small_tee,D:\EV-TTT\adajepa_official_51d8665\artifacts\ood\val_small_tee_frozen_n5,pushobj_norm_envapi_v1,FROZEN,0,"{""state_dist"": 0.0, ""success"": 0.0}",0,1,0.0,1.675896167755127,1.675896167755127,0,0.02178950000001123,True,0,5,1,0.0,s3_history_mpc1,1.0,0,0.0,ood_smalltee_frozen_n5,3,301,small_tee,D:\EV-TTT\adajepa_official_51d8665\artifacts\ood\val_small_tee_frozen_n5\oracle\sample_003\s3_history_mpc1_anchor.npz,0.0
ood,val_small_tee,D:\EV-TTT\adajepa_official_51d8665\artifacts\ood\val_small_tee_frozen_n5,pushobj_norm_envapi_v1,FROZEN,0,"{""state_dist"": 0.0, ""success"": 0.0}",0,2,0.0,1.1255760192871094,1.1255760192871094,0,0.03977760000000785,True,0,10,2,0.0,s3_history_mpc2,1.0,0,0.0,ood_smalltee_frozen_n5,3,301,small_tee,D:\EV-TTT\adajepa_official_51d8665\artifacts\ood\val_small_tee_frozen_n5\oracle\sample_003\s3_history_mpc2_anchor.npz,0.0
ood,val_small_tee,D:\EV-TTT\adajepa_official_51d8665\artifacts\ood\val_small_tee_frozen_n5,pushobj_norm_envapi_v1,FROZEN,0,"{""state_dist"": 0.0, ""success"": 0.0}",0,3,0.0,0.49042314291000366,0.49042314291000366,0,0.050643800000017336,True,0,15,3,0.0,s3_history_mpc3,1.0,0,0.0,ood_smalltee_frozen_n5,3,301,small_tee,D:\EV-TTT\adajepa_official_51d8665\artifacts\ood\val_small_tee_frozen_n5\oracle\sample_003\s3_history_mpc3_anchor.npz,0.0
ood,val_small_tee,D:\EV-TTT\adajepa_official_51d8665\artifacts\ood\val_small_tee_frozen_n5,pushobj_norm_envapi_v1,FROZEN,0,"{""state_dist"": 0.0, ""success"": 0.0}",0,4,0.0,0.17136426270008087,0.17136426270008087,0,0.0704056999999807,True,0,20,4,0.0,s3_history_mpc4,1.0,0,0.0,ood_smalltee_frozen_n5,3,301,small_tee,D:\EV-TTT\adajepa_official_51d8665\artifacts\ood\val_small_tee_frozen_n5\oracle\sample_003\s3_history_mpc4_anchor.npz,0.0
ood,val_small_tee,D:\EV-TTT\adajepa_official_51d8665\artifacts\ood\val_small_tee_frozen_n5,pushobj_norm_envapi_v1,FROZEN,0,"{""state_dist"": 0.0, ""success"": 0.0}",0,5,0.0,0.10117918252944946,0.10117918252944946,0,0.09705579999999259,True,0,25,5,0.0,s3_history_mpc5,1.0,0,0.0,ood_smalltee_frozen_n5,3,301,small_tee,D:\EV-TTT\adajepa_official_51d8665\artifacts\ood\val_small_tee_frozen_n5\oracle\sample_003\s3_history_mpc5_anchor.npz,0.0
ood,val_small_tee,D:\EV-TTT\adajepa_official_51d8665\artifacts\ood\val_small_tee_frozen_n5,pushobj_norm_envapi_v1,FROZEN,0,"{""state_dist"": 0.0, ""success"": 0.0}",0,6,0.0,0.09845560044050217,0.09845560044050217,0,0.10882859999998118,True,0,30,6,0.0,s3_history_mpc6,1.0,0,0.0,ood_smalltee_frozen_n5,3,301,small_tee,D:\EV-TTT\adajepa_official_51d8665\artifacts\ood\val_small_tee_frozen_n5\oracle\sample_003\s3_history_mpc6_anchor.npz,0.0
ood,val_small_tee,D:\EV-TTT\adajepa_official_51d8665\artifacts\ood\val_small_tee_frozen_n5,pushobj_norm_envapi_v1,FROZEN,0,"{""state_dist"": 0.0, ""success"": 0.0}",0,0,0.0,2.9755494594573975,2.9755494594573975,0,0.003254099999992377,True,0,0,0,0.0,s4_history_mpc0,1.0,0,0.0,ood_smalltee_frozen_n5,4,401,small_tee,D:\EV-TTT\adajepa_official_51d8665\artifacts\ood\val_small_tee_frozen_n5\oracle\sample_004\s4_history_mpc0_anchor.npz,0.0
ood,val_small_tee,D:\EV-TTT\adajepa_official_51d8665\artifacts\ood\val_small_tee_frozen_n5,pushobj_norm_envapi_v1,FROZEN,0,"{""state_dist"": 0.0, ""success"": 0.0}",0,1,0.0,2.386762857437134,2.386762857437134,0,0.018808100000001104,True,0,5,1,0.0,s4_history_mpc1,1.0,0,0.0,ood_smalltee_frozen_n5,4,401,small_tee,D:\EV-TTT\adajepa_official_51d8665\artifacts\ood\val_small_tee_frozen_n5\oracle\sample_004\s4_history_mpc1_anchor.npz,0.0
ood,val_small_tee,D:\EV-TTT\adajepa_official_51d8665\artifacts\ood\val_small_tee_frozen_n5,pushobj_norm_envapi_v1,FROZEN,0,"{""state_dist"": 0.0, ""success"": 0.0}",0,2,0.0,1.999204158782959,1.999204158782959,0,0.04015049999998155,True,0,10,2,0.0,s4_history_mpc2,1.0,0,0.0,ood_smalltee_frozen_n5,4,401,small_tee,D:\EV-TTT\adajepa_official_51d8665\artifacts\ood\val_small_tee_frozen_n5\oracle\sample_004\s4_history_mpc2_anchor.npz,0.0
ood,val_small_tee,D:\EV-TTT\adajepa_official_51d8665\artifacts\ood\val_small_tee_frozen_n5,pushobj_norm_envapi_v1,FROZEN,0,"{""state_dist"": 0.0, ""success"": 0.0}",0,3,0.0,1.09792160987854,1.09792160987854,0,0.05878849999999147,True,0,15,3,0.0,s4_history_mpc3,1.0,0,0.0,ood_smalltee_frozen_n5,4,401,small_tee,D:\EV-TTT\adajepa_official_51d8665\artifacts\ood\val_small_tee_frozen_n5\oracle\sample_004\s4_history_mpc3_anchor.npz,0.0
ood,val_small_tee,D:\EV-TTT\adajepa_official_51d8665\artifacts\ood\val_small_tee_frozen_n5,pushobj_norm_envapi_v1,FROZEN,0,"{""state_dist"": 0.0, ""success"": 0.0}",0,4,0.0,0.4494432806968689,0.4494432806968689,0,0.06890440000000808,True,0,20,4,0.0,s4_history_mpc4,1.0,0,0.0,ood_smalltee_frozen_n5,4,401,small_tee,D:\EV-TTT\adajepa_official_51d8665\artifacts\ood\val_small_tee_frozen_n5\oracle\sample_004\s4_history_mpc4_anchor.npz,0.0
ood,val_small_tee,D:\EV-TTT\adajepa_official_51d8665\artifacts\ood\val_small_tee_frozen_n5,pushobj_norm_envapi_v1,FROZEN,0,"{""state_dist"": 0.0, ""success"": 0.0}",0,5,0.0,0.049616776406764984,0.049616776406764984,0,0.09208109999997305,True,0,25,5,0.0,s4_history_mpc5,1.0,0,0.0,ood_smalltee_frozen_n5,4,401,small_tee,D:\EV-TTT\adajepa_official_51d8665\artifacts\ood\val_small_tee_frozen_n5\oracle\sample_004\s4_history_mpc5_anchor.npz,0.0
ood,val_small_tee,D:\EV-TTT\adajepa_official_51d8665\artifacts\ood\val_small_tee_frozen_n5,pushobj_norm_envapi_v1,FROZEN,0,"{""state_dist"": 0.0, ""success"": 0.0}",0,6,0.0,0.09658616036176682,0.09658616036176682,0,0.1103546000000506,True,0,30,6,0.0,s4_history_mpc6,1.0,0,0.0,ood_smalltee_frozen_n5,4,401,small_tee,D:\EV-TTT\adajepa_official_51d8665\artifacts\ood\val_small_tee_frozen_n5\oracle\sample_004\s4_history_mpc6_anchor.npz,0.0
ood,val_small_tee,D:\EV-TTT\adajepa_official_51d8665\artifacts\ood\val_small_tee_frozen_n5,pushobj_norm_envapi_v1,FROZEN,0,"{""state_dist"": 0.0, ""success"": 0.0}",0,7,0.0,0.08229590952396393,0.08229590952396393,0,0.12098389999999881,True,0,35,7,0.0,s4_history_mpc7,1.0,0,0.0,ood_smalltee_frozen_n5,4,401,small_tee,D:\EV-TTT\adajepa_official_51d8665\artifacts\ood\val_small_tee_frozen_n5\oracle\sample_004\s4_history_mpc7_anchor.npz,0.0
ood,val_small_tee,D:\EV-TTT\adajepa_official_51d8665\artifacts\ood\val_small_tee_frozen_n5,pushobj_norm_envapi_v1,FROZEN,0,"{""state_dist"": 0.0, ""success"": 0.0}",0,8,0.0,0.03292979672551155,0.03292979672551155,0,0.12633959999999433,True,0,40,8,0.0,s4_history_mpc8,1.0,0,0.0,ood_smalltee_frozen_n5,4,401,small_tee,D:\EV-TTT\adajepa_official_51d8665\artifacts\ood\val_small_tee_frozen_n5\oracle\sample_004\s4_history_mpc8_anchor.npz,0.0
ood,val_small_tee,D:\EV-TTT\adajepa_official_51d8665\artifacts\ood\val_small_tee_official_n5,pushobj_norm_envapi_v1,OFFICIAL_ADAJEPA,0,"{""state_dist"": 0.0, ""success"": 0.0}",0,0,0.0,2.073692798614502,2.073692798614502,0,0.003760099999999156,True,0,0,0,0.0,s0_history_mpc0,1.0,0,0.0,ood_smalltee_official_n5,0,1,small_tee,D:\EV-TTT\adajepa_official_51d8665\artifacts\ood\val_small_tee_official_n5\oracle\sample_000\s0_history_mpc0_anchor.npz,0.0
ood,val_small_tee,D:\EV-TTT\adajepa_official_51d8665\artifacts\ood\val_small_tee_official_n5,pushobj_norm_envapi_v1,OFFICIAL_ADAJEPA,1,"{""state_dist"": 0.0, ""success"": 0.0}",1,1,0.0,1.5438340902328491,1.5438340902328491,0,0.021874199999999178,True,1,5,1,0.0,s0_history_mpc1,1.0,0,0.0,ood_smalltee_official_n5,0,1,small_tee,D:\EV-TTT\adajepa_official_51d8665\artifacts\ood\val_small_tee_official_n5\oracle\sample_000\s0_history_mpc1_anchor.npz,0.0
ood,val_small_tee,D:\EV-TTT\adajepa_official_51d8665\artifacts\ood\val_small_tee_official_n5,pushobj_norm_envapi_v1,OFFICIAL_ADAJEPA,2,"{""state_dist"": 0.0, ""success"": 0.0}",2,2,0.0,1.0130562782287598,1.0130562782287598,0,0.0350009,True,2,10,2,0.0,s0_history_mpc2,1.0,0,0.0,ood_smalltee_official_n5,0,1,small_tee,D:\EV-TTT\adajepa_official_51d8665\artifacts\ood\val_small_tee_official_n5\oracle\sample_000\s0_history_mpc2_anchor.npz,0.0
ood,val_small_tee,D:\EV-TTT\adajepa_official_51d8665\artifacts\ood\val_small_tee_official_n5,pushobj_norm_envapi_v1,OFFICIAL_ADAJEPA,3,"{""state_dist"": 0.0, ""success"": 0.0}",3,3,0.0,0.5900986790657043,0.5900986790657043,0,0.056399499999997715,True,3,15,3,0.0,s0_history_mpc3,1.0,0,0.0,ood_smalltee_official_n5,0,1,small_tee,D:\EV-TTT\adajepa_official_51d8665\artifacts\ood\val_small_tee_official_n5\oracle\sample_000\s0_history_mpc3_anchor.npz,0.0
ood,val_small_tee,D:\EV-TTT\adajepa_official_51d8665\artifacts\ood\val_small_tee_official_n5,pushobj_norm_envapi_v1,OFFICIAL_ADAJEPA,4,"{""state_dist"": 0.0, ""success"": 0.0}",4,4,0.0,0.12360265851020813,0.12360265851020813,0,0.07215440000000228,True,4,20,4,0.0,s0_history_mpc4,1.0,0,0.0,ood_smalltee_official_n5,0,1,small_tee,D:\EV-TTT\adajepa_official_51d8665\artifacts\ood\val_small_tee_official_n5\oracle\sample_000\s0_history_mpc4_anchor.npz,0.0
ood,val_small_tee,D:\EV-TTT\adajepa_official_51d8665\artifacts\ood\val_small_tee_official_n5,pushobj_norm_envapi_v1,OFFICIAL_ADAJEPA,0,"{""state_dist"": 0.0, ""success"": 0.0}",0,0,0.0,2.8829236030578613,2.8829236030578613,0,0.0033983000000006314,True,0,0,0,0.0,s1_history_mpc0,1.0,0,0.0,ood_smalltee_official_n5,1,101,small_tee,D:\EV-TTT\adajepa_official_51d8665\artifacts\ood\val_small_tee_official_n5\oracle\sample_001\s1_history_mpc0_anchor.npz,0.0
ood,val_small_tee,D:\EV-TTT\adajepa_official_51d8665\artifacts\ood\val_small_tee_official_n5,pushobj_norm_envapi_v1,OFFICIAL_ADAJEPA,1,"{""state_dist"": 0.0, ""success"": 0.0}",1,1,0.0,2.2803173065185547,2.2803173065185547,0,0.018319299999994598,True,1,5,1,0.0,s1_history_mpc1,1.0,0,0.0,ood_smalltee_official_n5,1,101,small_tee,D:\EV-TTT\adajepa_official_51d8665\artifacts\ood\val_small_tee_official_n5\oracle\sample_001\s1_history_mpc1_anchor.npz,0.0
ood,val_small_tee,D:\EV-TTT\adajepa_official_51d8665\artifacts\ood\val_small_tee_official_n5,pushobj_norm_envapi_v1,OFFICIAL_ADAJEPA,2,"{""state_dist"": 0.0, ""success"": 0.0}",2,2,0.0,1.6727231740951538,1.6727231740951538,0,0.03588890000000333,True,2,10,2,0.0,s1_history_mpc2,1.0,0,0.0,ood_smalltee_official_n5,1,101,small_tee,D:\EV-TTT\adajepa_official_51d8665\artifacts\ood\val_small_tee_official_n5\oracle\sample_001\s1_history_mpc2_anchor.npz,0.0
ood,val_small_tee,D:\EV-TTT\adajepa_official_51d8665\artifacts\ood\val_small_tee_official_n5,pushobj_norm_envapi_v1,OFFICIAL_ADAJEPA,3,"{""state_dist"": 0.0, ""success"": 0.0}",3,3,0.0,1.172776222229004,1.172776222229004,0,0.05663969999999097,True,3,15,3,0.0,s1_history_mpc3,1.0,0,0.0,ood_smalltee_official_n5,1,101,small_tee,D:\EV-TTT\adajepa_official_51d8665\artifacts\ood\val_small_tee_official_n5\oracle\sample_001\s1_history_mpc3_anchor.npz,0.0
ood,val_small_tee,D:\EV-TTT\adajepa_official_51d8665\artifacts\ood\val_small_tee_official_n5,pushobj_norm_envapi_v1,OFFICIAL_ADAJEPA,4,"{""state_dist"": 0.0, ""success"": 0.0}",4,4,0.0,0.5081939697265625,0.5081939697265625,0,0.07178109999999549,True,4,20,4,0.0,s1_history_mpc4,1.0,0,0.0,ood_smalltee_official_n5,1,101,small_tee,D:\EV-TTT\adajepa_official_51d8665\artifacts\ood\val_small_tee_official_n5\oracle\sample_001\s1_history_mpc4_anchor.npz,0.0
ood,val_small_tee,D:\EV-TTT\adajepa_official_51d8665\artifacts\ood\val_small_tee_official_n5,pushobj_norm_envapi_v1,OFFICIAL_ADAJEPA,5,"{""state_dist"": 0.0, ""success"": 0.0}",5,5,0.0,0.11834750324487686,0.11834750324487686,0,0.08879749999999831,True,5,25,5,0.0,s1_history_mpc5,1.0,0,0.0,ood_smalltee_official_n5,1,101,small_tee,D:\EV-TTT\adajepa_official_51d8665\artifacts\ood\val_small_tee_official_n5\oracle\sample_001\s1_history_mpc5_anchor.npz,0.0
ood,val_small_tee,D:\EV-TTT\adajepa_official_51d8665\artifacts\ood\val_small_tee_official_n5,pushobj_norm_envapi_v1,OFFICIAL_ADAJEPA,6,"{""state_dist"": 0.0, ""success"": 0.0}",6,6,0.0,0.16758064925670624,0.16758064925670624,0,0.10199860000000172,True,6,30,6,0.0,s1_history_mpc6,1.0,0,0.0,ood_smalltee_official_n5,1,101,small_tee,D:\EV-TTT\adajepa_official_51d8665\artifacts\ood\val_small_tee_official_n5\oracle\sample_001\s1_history_mpc6_anchor.npz,0.0
ood,val_small_tee,D:\EV-TTT\adajepa_official_51d8665\artifacts\ood\val_small_tee_official_n5,pushobj_norm_envapi_v1,OFFICIAL_ADAJEPA,7,"{""state_dist"": 0.0, ""success"": 0.0}",7,7,0.0,0.028707806020975113,0.028707806020975113,0,0.11893590000001097,True,7,35,7,0.0,s1_history_mpc7,1.0,0,0.0,ood_smalltee_official_n5,1,101,small_tee,D:\EV-TTT\adajepa_official_51d8665\artifacts\ood\val_small_tee_official_n5\oracle\sample_001\s1_history_mpc7_anchor.npz,0.0
ood,val_small_tee,D:\EV-TTT\adajepa_official_51d8665\artifacts\ood\val_small_tee_official_n5,pushobj_norm_envapi_v1,OFFICIAL_ADAJEPA,0,"{""state_dist"": 0.0, ""success"": 0.0}",0,0,0.0,0.47637009620666504,0.47637009620666504,0,0.002520399999994538,True,0,0,0,0.0,s2_history_mpc0,1.0,0,0.0,ood_smalltee_official_n5,2,201,small_tee,D:\EV-TTT\adajepa_official_51d8665\artifacts\ood\val_small_tee_official_n5\oracle\sample_002\s2_history_mpc0_anchor.npz,0.0
ood,val_small_tee,D:\EV-TTT\adajepa_official_51d8665\artifacts\ood\val_small_tee_official_n5,pushobj_norm_envapi_v1,OFFICIAL_ADAJEPA,1,"{""state_dist"": 0.0, ""success"": 0.0}",1,1,0.0,0.5025684237480164,0.5025684237480164,0,0.019735600000004183,True,1,5,1,0.0,s2_history_mpc1,1.0,0,0.0,ood_smalltee_official_n5,2,201,small_tee,D:\EV-TTT\adajepa_official_51d8665\artifacts\ood\val_small_tee_official_n5\oracle\sample_002\s2_history_mpc1_anchor.npz,0.0
ood,val_small_tee,D:\EV-TTT\adajepa_official_51d8665\artifacts\ood\val_small_tee_official_n5,pushobj_norm_envapi_v1,OFFICIAL_ADAJEPA,2,"{""state_dist"": 0.0, ""success"": 0.0}",2,2,0.0,0.3575901687145233,0.3575901687145233,0,0.04385990000000106,True,2,10,2,0.0,s2_history_mpc2,1.0,0,0.0,ood_smalltee_official_n5,2,201,small_tee,D:\EV-TTT\adajepa_official_51d8665\artifacts\ood\val_small_tee_official_n5\oracle\sample_002\s2_history_mpc2_anchor.npz,0.0
ood,val_small_tee,D:\EV-TTT\adajepa_official_51d8665\artifacts\ood\val_small_tee_official_n5,pushobj_norm_envapi_v1,OFFICIAL_ADAJEPA,3,"{""state_dist"": 0.0, ""success"": 0.0}",3,3,0.0,0.23264382779598236,0.23264382779598236,0,0.05151759999998262,True,3,15,3,0.0,s2_history_mpc3,1.0,0,0.0,ood_smalltee_official_n5,2,201,small_tee,D:\EV-TTT\adajepa_official_51d8665\artifacts\ood\val_small_tee_official_n5\oracle\sample_002\s2_history_mpc3_anchor.npz,0.0
ood,val_small_tee,D:\EV-TTT\adajepa_official_51d8665\artifacts\ood\val_small_tee_official_n5,pushobj_norm_envapi_v1,OFFICIAL_ADAJEPA,4,"{""state_dist"": 0.0, ""success"": 0.0}",4,4,0.0,0.19481393694877625,0.19481393694877625,0,0.06959900000001085,True,4,20,4,0.0,s2_history_mpc4,1.0,0,0.0,ood_smalltee_official_n5,2,201,small_tee,D:\EV-TTT\adajepa_official_51d8665\artifacts\ood\val_small_tee_official_n5\oracle\sample_002\s2_history_mpc4_anchor.npz,0.0
ood,val_small_tee,D:\EV-TTT\adajepa_official_51d8665\artifacts\ood\val_small_tee_official_n5,pushobj_norm_envapi_v1,OFFICIAL_ADAJEPA,5,"{""state_dist"": 0.0, ""success"": 0.0}",5,5,0.0,0.19067628681659698,0.19067628681659698,0,0.09958520000000703,True,5,25,5,0.0,s2_history_mpc5,1.0,0,0.0,ood_smalltee_official_n5,2,201,small_tee,D:\EV-TTT\adajepa_official_51d8665\artifacts\ood\val_small_tee_official_n5\oracle\sample_002\s2_history_mpc5_anchor.npz,0.0
ood,val_small_tee,D:\EV-TTT\adajepa_official_51d8665\artifacts\ood\val_small_tee_official_n5,pushobj_norm_envapi_v1,OFFICIAL_ADAJEPA,0,"{""state_dist"": 0.0, ""success"": 0.0}",0,0,0.0,2.227465867996216,2.227465867996216,0,0.003211499999991929,True,0,0,0,0.0,s3_history_mpc0,1.0,0,0.0,ood_smalltee_official_n5,3,301,small_tee,D:\EV-TTT\adajepa_official_51d8665\artifacts\ood\val_small_tee_official_n5\oracle\sample_003\s3_history_mpc0_anchor.npz,0.0
ood,val_small_tee,D:\EV-TTT\adajepa_official_51d8665\artifacts\ood\val_small_tee_official_n5,pushobj_norm_envapi_v1,OFFICIAL_ADAJEPA,1,"{""state_dist"": 0.0, ""success"": 0.0}",1,1,0.0,1.6777634620666504,1.6777634620666504,0,0.019518199999993158,True,1,5,1,0.0,s3_history_mpc1,1.0,0,0.0,ood_smalltee_official_n5,3,301,small_tee,D:\EV-TTT\adajepa_official_51d8665\artifacts\ood\val_small_tee_official_n5\oracle\sample_003\s3_history_mpc1_anchor.npz,0.0
ood,val_small_tee,D:\EV-TTT\adajepa_official_51d8665\artifacts\ood\val_small_tee_official_n5,pushobj_norm_envapi_v1,OFFICIAL_ADAJEPA,2,"{""state_dist"": 0.0, ""success"": 0.0}",2,2,0.0,1.0731682777404785,1.0731682777404785,0,0.03909449999997605,True,2,10,2,0.0,s3_history_mpc2,1.0,0,0.0,ood_smalltee_official_n5,3,301,small_tee,D:\EV-TTT\adajepa_official_51d8665\artifacts\ood\val_small_tee_official_n5\oracle\sample_003\s3_history_mpc2_anchor.npz,0.0
ood,val_small_tee,D:\EV-TTT\adajepa_official_51d8665\artifacts\ood\val_small_tee_official_n5,pushobj_norm_envapi_v1,OFFICIAL_ADAJEPA,3,"{""state_dist"": 0.0, ""success"": 0.0}",3,3,0.0,0.540693998336792,0.540693998336792,0,0.0625852000000009,True,3,15,3,0.0,s3_history_mpc3,1.0,0,0.0,ood_smalltee_official_n5,3,301,small_tee,D:\EV-TTT\adajepa_official_51d8665\artifacts\ood\val_small_tee_official_n5\oracle\sample_003\s3_history_mpc3_anchor.npz,0.0
ood,val_small_tee,D:\EV-TTT\adajepa_official_51d8665\artifacts\ood\val_small_tee_official_n5,pushobj_norm_envapi_v1,OFFICIAL_ADAJEPA,4,"{""state_dist"": 0.0, ""success"": 0.0}",4,4,0.0,0.2193010449409485,0.2193010449409485,0,0.07623320000001854,True,4,20,4,0.0,s3_history_mpc4,1.0,0,0.0,ood_smalltee_official_n5,3,301,small_tee,D:\EV-TTT\adajepa_official_51d8665\artifacts\ood\val_small_tee_official_n5\oracle\sample_003\s3_history_mpc4_anchor.npz,0.0
ood,val_small_tee,D:\EV-TTT\adajepa_official_51d8665\artifacts\ood\val_small_tee_official_n5,pushobj_norm_envapi_v1,OFFICIAL_ADAJEPA,0,"{""state_dist"": 0.0, ""success"": 0.0}",0,0,0.0,2.9755494594573975,2.9755494594573975,0,0.0033261000000095464,True,0,0,0,0.0,s4_history_mpc0,1.0,0,0.0,ood_smalltee_official_n5,4,401,small_tee,D:\EV-TTT\adajepa_official_51d8665\artifacts\ood\val_small_tee_official_n5\oracle\sample_004\s4_history_mpc0_anchor.npz,0.0
ood,val_small_tee,D:\EV-TTT\adajepa_official_51d8665\artifacts\ood\val_small_tee_official_n5,pushobj_norm_envapi_v1,OFFICIAL_ADAJEPA,1,"{""state_dist"": 0.0, ""success"": 0.0}",1,1,0.0,2.385218381881714,2.385218381881714,0,0.02127389999998286,True,1,5,1,0.0,s4_history_mpc1,1.0,0,0.0,ood_smalltee_official_n5,4,401,small_tee,D:\EV-TTT\adajepa_official_51d8665\artifacts\ood\val_small_tee_official_n5\oracle\sample_004\s4_history_mpc1_anchor.npz,0.0
ood,val_small_tee,D:\EV-TTT\adajepa_official_51d8665\artifacts\ood\val_small_tee_official_n5,pushobj_norm_envapi_v1,OFFICIAL_ADAJEPA,2,"{""state_dist"": 0.0, ""success"": 0.0}",2,2,0.0,1.7403305768966675,1.7403305768966675,0,0.04111039999997956,True,2,10,2,0.0,s4_history_mpc2,1.0,0,0.0,ood_smalltee_official_n5,4,401,small_tee,D:\EV-TTT\adajepa_official_51d8665\artifacts\ood\val_small_tee_official_n5\oracle\sample_004\s4_history_mpc2_anchor.npz,0.0
ood,val_small_tee,D:\EV-TTT\adajepa_official_51d8665\artifacts\ood\val_small_tee_official_n5,pushobj_norm_envapi_v1,OFFICIAL_ADAJEPA,3,"{""state_dist"": 0.0, ""success"": 0.0}",3,3,0.0,1.0863780975341797,1.0863780975341797,0,0.06067679999998177,True,3,15,3,0.0,s4_history_mpc3,1.0,0,0.0,ood_smalltee_official_n5,4,401,small_tee,D:\EV-TTT\adajepa_official_51d8665\artifacts\ood\val_small_tee_official_n5\oracle\sample_004\s4_history_mpc3_anchor.npz,0.0
ood,val_small_tee,D:\EV-TTT\adajepa_official_51d8665\artifacts\ood\val_small_tee_official_n5,pushobj_norm_envapi_v1,OFFICIAL_ADAJEPA,4,"{""state_dist"": 0.0, ""success"": 0.0}",4,4,0.0,0.47635912895202637,0.47635912895202637,0,0.07961789999998814,True,4,20,4,0.0,s4_history_mpc4,1.0,0,0.0,ood_smalltee_official_n5,4,401,small_tee,D:\EV-TTT\adajepa_official_51d8665\artifacts\ood\val_small_tee_official_n5\oracle\sample_004\s4_history_mpc4_anchor.npz,0.0
ood,val_small_tee,D:\EV-TTT\adajepa_official_51d8665\artifacts\ood\val_small_tee_official_n5,pushobj_norm_envapi_v1,OFFICIAL_ADAJEPA,5,"{""state_dist"": 0.0, ""success"": 0.0}",5,5,0.0,0.050704095512628555,0.050704095512628555,0,0.08724809999998229,True,5,25,5,0.0,s4_history_mpc5,1.0,0,0.0,ood_smalltee_official_n5,4,401,small_tee,D:\EV-TTT\adajepa_official_51d8665\artifacts\ood\val_small_tee_official_n5\oracle\sample_004\s4_history_mpc5_anchor.npz,0.0
ood,val_small_tee,D:\EV-TTT\adajepa_official_51d8665\artifacts\ood\val_small_tee_official_n5,pushobj_norm_envapi_v1,OFFICIAL_ADAJEPA,6,"{""state_dist"": 0.0, ""success"": 0.0}",6,6,0.0,0.21656066179275513,0.21656066179275513,0,0.10944349999999758,True,6,30,6,0.0,s4_history_mpc6,1.0,0,0.0,ood_smalltee_official_n5,4,401,small_tee,D:\EV-TTT\adajepa_official_51d8665\artifacts\ood\val_small_tee_official_n5\oracle\sample_004\s4_history_mpc6_anchor.npz,0.0
ood,val_small_tee,D:\EV-TTT\adajepa_official_51d8665\artifacts\ood\val_small_tee_official_n5,pushobj_norm_envapi_v1,OFFICIAL_ADAJEPA,7,"{""state_dist"": 0.0, ""success"": 0.0}",7,7,0.0,0.16930489242076874,0.16930489242076874,0,0.11851339999998345,True,7,35,7,0.0,s4_history_mpc7,1.0,0,0.0,ood_smalltee_official_n5,4,401,small_tee,D:\EV-TTT\adajepa_official_51d8665\artifacts\ood\val_small_tee_official_n5\oracle\sample_004\s4_history_mpc7_anchor.npz,0.0
ood,val_small_tee,D:\EV-TTT\adajepa_official_51d8665\artifacts\ood\val_small_tee_official_n5,pushobj_norm_envapi_v1,OFFICIAL_ADAJEPA,8,"{""state_dist"": 0.0, ""success"": 0.0}",8,8,0.0,0.0805990919470787,0.0805990919470787,0,0.13178849999997055,True,8,40,8,0.0,s4_history_mpc8,1.0,0,0.0,ood_smalltee_official_n5,4,401,small_tee,D:\EV-TTT\adajepa_official_51d8665\artifacts\ood\val_small_tee_official_n5\oracle\sample_004\s4_history_mpc8_anchor.npz,0.0
ood,val_small_tee,D:\EV-TTT\adajepa_official_51d8665\artifacts\ood\val_small_tee_official_n5,pushobj_norm_envapi_v1,OFFICIAL_ADAJEPA,9,"{""state_dist"": 0.0, ""success"": 0.0}",9,9,0.0,0.05001956596970558,0.05001956596970558,0,0.1348006000000055,True,9,45,9,0.0,s4_history_mpc9,1.0,0,0.0,ood_smalltee_official_n5,4,401,small_tee,D:\EV-TTT\adajepa_official_51d8665\artifacts\ood\val_small_tee_official_n5\oracle\sample_004\s4_history_mpc9_anchor.npz,0.0
ood,val_small_tee,D:\EV-TTT\adajepa_official_51d8665\artifacts\ood\val_small_tee_official_n5,pushobj_norm_envapi_v1,OFFICIAL_ADAJEPA,10,"{""state_dist"": 0.0, ""success"": 0.0}",10,10,0.0,0.05717262253165245,0.05717262253165245,0,0.15435339999999087,True,10,50,10,0.0,s4_history_mpc10,1.0,0,0.0,ood_smalltee_official_n5,4,401,small_tee,D:\EV-TTT\adajepa_official_51d8665\artifacts\ood\val_small_tee_official_n5\oracle\sample_004\s4_history_mpc10_anchor.npz,0.0
ood,val_small_tee,D:\EV-TTT\adajepa_official_51d8665\artifacts\ood\val_small_tee_official_n5,pushobj_norm_envapi_v1,OFFICIAL_ADAJEPA,11,"{""state_dist"": 0.0, ""success"": 0.0}",11,11,0.0,0.07248824834823608,0.07248824834823608,0,0.17837160000004815,True,11,55,11,0.0,s4_history_mpc11,1.0,0,0.0,ood_smalltee_official_n5,4,401,small_tee,D:\EV-TTT\adajepa_official_51d8665\artifacts\ood\val_small_tee_official_n5\oracle\sample_004\s4_history_mpc11_anchor.npz,0.0
ood,val_small_tee,D:\EV-TTT\adajepa_official_51d8665\artifacts\ood\val_small_tee_official_n5,pushobj_norm_envapi_v1,OFFICIAL_ADAJEPA,12,"{""state_dist"": 0.0, ""success"": 0.0}",12,12,0.0,0.0667899027466774,0.0667899027466774,0,0.16701190000003407,True,12,60,12,0.0,s4_history_mpc12,1.0,0,0.0,ood_smalltee_official_n5,4,401,small_tee,D:\EV-TTT\adajepa_official_51d8665\artifacts\ood\val_small_tee_official_n5\oracle\sample_004\s4_history_mpc12_anchor.npz,0.0
ood,val_small_tee,D:\EV-TTT\adajepa_official_51d8665\artifacts\ood\val_small_tee_official_n5,pushobj_norm_envapi_v1,OFFICIAL_ADAJEPA,13,"{""state_dist"": 0.0, ""success"": 0.0}",13,13,0.0,0.05710717290639877,0.05710717290639877,0,0.1867610999999556,True,13,65,13,0.0,s4_history_mpc13,1.0,0,0.0,ood_smalltee_official_n5,4,401,small_tee,D:\EV-TTT\adajepa_official_51d8665\artifacts\ood\val_small_tee_official_n5\oracle\sample_004\s4_history_mpc13_anchor.npz,0.0
ood,val_small_tee,D:\EV-TTT\adajepa_official_51d8665\artifacts\ood\val_small_tee_official_n5,pushobj_norm_envapi_v1,OFFICIAL_ADAJEPA,14,"{""state_dist"": 0.0, ""success"": 0.0}",14,14,0.0,0.07220973074436188,0.07220973074436188,0,0.19284079999999904,True,14,70,14,0.0,s4_history_mpc14,1.0,0,0.0,ood_smalltee_official_n5,4,401,small_tee,D:\EV-TTT\adajepa_official_51d8665\artifacts\ood\val_small_tee_official_n5\oracle\sample_004\s4_history_mpc14_anchor.npz,0.0
ood,val_small_tee,D:\EV-TTT\adajepa_official_51d8665\artifacts\ood\val_small_tee_official_n5,pushobj_norm_envapi_v1,OFFICIAL_ADAJEPA,15,"{""state_dist"": 0.0, ""success"": 0.0}",15,15,0.0,0.057072415947914124,0.057072415947914124,0,0.2052922000000308,True,15,75,15,0.0,s4_history_mpc15,1.0,0,0.0,ood_smalltee_official_n5,4,401,small_tee,D:\EV-TTT\adajepa_official_51d8665\artifacts\ood\val_small_tee_official_n5\oracle\sample_004\s4_history_mpc15_anchor.npz,0.0
ood,val_small_tee,D:\EV-TTT\adajepa_official_51d8665\artifacts\ood\val_small_tee_official_n5,pushobj_norm_envapi_v1,OFFICIAL_ADAJEPA,16,"{""state_dist"": 0.0, ""success"": 0.0}",16,16,0.0,0.06821378320455551,0.06821378320455551,0,0.22427850000002536,True,16,80,16,0.0,s4_history_mpc16,1.0,0,0.0,ood_smalltee_official_n5,4,401,small_tee,D:\EV-TTT\adajepa_official_51d8665\artifacts\ood\val_small_tee_official_n5\oracle\sample_004\s4_history_mpc16_anchor.npz,0.0
ood,val_small_tee,D:\EV-TTT\adajepa_official_51d8665\artifacts\ood\val_small_tee_official_n5,pushobj_norm_envapi_v1,OFFICIAL_ADAJEPA,17,"{""state_dist"": 0.0, ""success"": 0.0}",17,17,0.0,0.05926606059074402,0.05926606059074402,0,0.24796659999998383,True,17,85,17,0.0,s4_history_mpc17,1.0,0,0.0,ood_smalltee_official_n5,4,401,small_tee,D:\EV-TTT\adajepa_official_51d8665\artifacts\ood\val_small_tee_official_n5\oracle\sample_004\s4_history_mpc17_anchor.npz,0.0
ood,val_small_tee,D:\EV-TTT\adajepa_official_51d8665\artifacts\ood\val_small_tee_official_n5,pushobj_norm_envapi_v1,OFFICIAL_ADAJEPA,18,"{""state_dist"": 0.0, ""success"": 0.0}",18,18,0.0,0.06039610877633095,0.06039610877633095,0,0.23930409999996982,True,18,90,18,0.0,s4_history_mpc18,1.0,0,0.0,ood_smalltee_official_n5,4,401,small_tee,D:\EV-TTT\adajepa_official_51d8665\artifacts\ood\val_small_tee_official_n5\oracle\sample_004\s4_history_mpc18_anchor.npz,0.0
ood,val_small_tee,D:\EV-TTT\adajepa_official_51d8665\artifacts\ood\val_small_tee_official_n5,pushobj_norm_envapi_v1,OFFICIAL_ADAJEPA,19,"{""state_dist"": 0.0, ""success"": 0.0}",19,19,0.0,0.06713463366031647,0.06713463366031647,0,0.2554873999999927,True,19,95,19,0.0,s4_history_mpc19,1.0,0,0.0,ood_smalltee_official_n5,4,401,small_tee,D:\EV-TTT\adajepa_official_51d8665\artifacts\ood\val_small_tee_official_n5\oracle\sample_004\s4_history_mpc19_anchor.npz,0.0
ood,val_small_tee,D:\EV-TTT\adajepa_official_51d8665\artifacts\ood\val_small_tee_predictor_only_n5,pushobj_norm_envapi_v1,PREDICTOR_ONLY,0,"{""state_dist"": 0.0, ""success"": 0.0}",0,0,0.0,2.073692798614502,2.073692798614502,0,0.0028106000000001075,True,0,0,0,0.0,s0_history_mpc0,1.0,0,0.0,ood_smalltee_predictor_only_n5,0,1,small_tee,D:\EV-TTT\adajepa_official_51d8665\artifacts\ood\val_small_tee_predictor_only_n5\oracle\sample_000\s0_history_mpc0_anchor.npz,0.0
ood,val_small_tee,D:\EV-TTT\adajepa_official_51d8665\artifacts\ood\val_small_tee_predictor_only_n5,pushobj_norm_envapi_v1,PREDICTOR_ONLY,0,"{""state_dist"": 0.0, ""success"": 0.0}",1,1,0.0,1.543335199356079,1.543335199356079,0,0.02022060000000181,True,1,5,1,0.0,s0_history_mpc1,1.0,0,0.0,ood_smalltee_predictor_only_n5,0,1,small_tee,D:\EV-TTT\adajepa_official_51d8665\artifacts\ood\val_small_tee_predictor_only_n5\oracle\sample_000\s0_history_mpc1_anchor.npz,0.0
ood,val_small_tee,D:\EV-TTT\adajepa_official_51d8665\artifacts\ood\val_small_tee_predictor_only_n5,pushobj_norm_envapi_v1,PREDICTOR_ONLY,0,"{""state_dist"": 0.0, ""success"": 0.0}",2,2,0.0,1.0620498657226562,1.0620498657226562,0,0.04336110000000204,True,2,10,2,0.0,s0_history_mpc2,1.0,0,0.0,ood_smalltee_predictor_only_n5,0,1,small_tee,D:\EV-TTT\adajepa_official_51d8665\artifacts\ood\val_small_tee_predictor_only_n5\oracle\sample_000\s0_history_mpc2_anchor.npz,0.0
ood,val_small_tee,D:\EV-TTT\adajepa_official_51d8665\artifacts\ood\val_small_tee_predictor_only_n5,pushobj_norm_envapi_v1,PREDICTOR_ONLY,0,"{""state_dist"": 0.0, ""success"": 0.0}",3,3,0.0,0.6747005581855774,0.6747005581855774,0,0.0648867000000024,True,3,15,3,0.0,s0_history_mpc3,1.0,0,0.0,ood_smalltee_predictor_only_n5,0,1,small_tee,D:\EV-TTT\adajepa_official_51d8665\artifacts\ood\val_small_tee_predictor_only_n5\oracle\sample_000\s0_history_mpc3_anchor.npz,0.0
ood,val_small_tee,D:\EV-TTT\adajepa_official_51d8665\artifacts\ood\val_small_tee_predictor_only_n5,pushobj_norm_envapi_v1,PREDICTOR_ONLY,0,"{""state_dist"": 0.0, ""success"": 0.0}",4,4,0.0,0.22753910720348358,0.22753910720348358,0,0.07673249999999854,True,4,20,4,0.0,s0_history_mpc4,1.0,0,0.0,ood_smalltee_predictor_only_n5,0,1,small_tee,D:\EV-TTT\adajepa_official_51d8665\artifacts\ood\val_small_tee_predictor_only_n5\oracle\sample_000\s0_history_mpc4_anchor.npz,0.0
ood,val_small_tee,D:\EV-TTT\adajepa_official_51d8665\artifacts\ood\val_small_tee_predictor_only_n5,pushobj_norm_envapi_v1,PREDICTOR_ONLY,0,"{""state_dist"": 0.0, ""success"": 0.0}",0,0,0.0,2.8829236030578613,2.8829236030578613,0,0.0020903000000060956,True,0,0,0,0.0,s1_history_mpc0,1.0,0,0.0,ood_smalltee_predictor_only_n5,1,101,small_tee,D:\EV-TTT\adajepa_official_51d8665\artifacts\ood\val_small_tee_predictor_only_n5\oracle\sample_001\s1_history_mpc0_anchor.npz,0.0
ood,val_small_tee,D:\EV-TTT\adajepa_official_51d8665\artifacts\ood\val_small_tee_predictor_only_n5,pushobj_norm_envapi_v1,PREDICTOR_ONLY,0,"{""state_dist"": 0.0, ""success"": 0.0}",1,1,0.0,2.271268844604492,2.271268844604492,0,0.019283100000002662,True,1,5,1,0.0,s1_history_mpc1,1.0,0,0.0,ood_smalltee_predictor_only_n5,1,101,small_tee,D:\EV-TTT\adajepa_official_51d8665\artifacts\ood\val_small_tee_predictor_only_n5\oracle\sample_001\s1_history_mpc1_anchor.npz,0.0
ood,val_small_tee,D:\EV-TTT\adajepa_official_51d8665\artifacts\ood\val_small_tee_predictor_only_n5,pushobj_norm_envapi_v1,PREDICTOR_ONLY,0,"{""state_dist"": 0.0, ""success"": 0.0}",2,2,0.0,1.6993447542190552,1.6993447542190552,0,0.038764599999993266,True,2,10,2,0.0,s1_history_mpc2,1.0,0,0.0,ood_smalltee_predictor_only_n5,1,101,small_tee,D:\EV-TTT\adajepa_official_51d8665\artifacts\ood\val_small_tee_predictor_only_n5\oracle\sample_001\s1_history_mpc2_anchor.npz,0.0
ood,val_small_tee,D:\EV-TTT\adajepa_official_51d8665\artifacts\ood\val_small_tee_predictor_only_n5,pushobj_norm_envapi_v1,PREDICTOR_ONLY,0,"{""state_dist"": 0.0, ""success"": 0.0}",3,3,0.0,1.1706018447875977,1.1706018447875977,0,0.06015960000000575,True,3,15,3,0.0,s1_history_mpc3,1.0,0,0.0,ood_smalltee_predictor_only_n5,1,101,small_tee,D:\EV-TTT\adajepa_official_51d8665\artifacts\ood\val_small_tee_predictor_only_n5\oracle\sample_001\s1_history_mpc3_anchor.npz,0.0
ood,val_small_tee,D:\EV-TTT\adajepa_official_51d8665\artifacts\ood\val_small_tee_predictor_only_n5,pushobj_norm_envapi_v1,PREDICTOR_ONLY,0,"{""state_dist"": 0.0, ""success"": 0.0}",4,4,0.0,0.27021101117134094,0.27021101117134094,0,0.07244839999999897,True,4,20,4,0.0,s1_history_mpc4,1.0,0,0.0,ood_smalltee_predictor_only_n5,1,101,small_tee,D:\EV-TTT\adajepa_official_51d8665\artifacts\ood\val_small_tee_predictor_only_n5\oracle\sample_001\s1_history_mpc4_anchor.npz,0.0
ood,val_small_tee,D:\EV-TTT\adajepa_official_51d8665\artifacts\ood\val_small_tee_predictor_only_n5,pushobj_norm_envapi_v1,PREDICTOR_ONLY,0,"{""state_dist"": 0.0, ""success"": 0.0}",5,5,0.0,0.08854687213897705,0.08854687213897705,0,0.08831870000000208,True,5,25,5,0.0,s1_history_mpc5,1.0,0,0.0,ood_smalltee_predictor_only_n5,1,101,small_tee,D:\EV-TTT\adajepa_official_51d8665\artifacts\ood\val_small_tee_predictor_only_n5\oracle\sample_001\s1_history_mpc5_anchor.npz,0.0
ood,val_small_tee,D:\EV-TTT\adajepa_official_51d8665\artifacts\ood\val_small_tee_predictor_only_n5,pushobj_norm_envapi_v1,PREDICTOR_ONLY,0,"{""state_dist"": 0.0, ""success"": 0.0}",6,6,0.0,0.1085732951760292,0.1085732951760292,0,0.11220579999999813,True,6,30,6,0.0,s1_history_mpc6,1.0,0,0.0,ood_smalltee_predictor_only_n5,1,101,small_tee,D:\EV-TTT\adajepa_official_51d8665\artifacts\ood\val_small_tee_predictor_only_n5\oracle\sample_001\s1_history_mpc6_anchor.npz,0.0
ood,val_small_tee,D:\EV-TTT\adajepa_official_51d8665\artifacts\ood\val_small_tee_predictor_only_n5,pushobj_norm_envapi_v1,PREDICTOR_ONLY,0,"{""state_dist"": 0.0, ""success"": 0.0}",7,7,0.0,0.04716504365205765,0.04716504365205765,0,0.12117819999998858,True,7,35,7,0.0,s1_history_mpc7,1.0,0,0.0,ood_smalltee_predictor_only_n5,1,101,small_tee,D:\EV-TTT\adajepa_official_51d8665\artifacts\ood\val_small_tee_predictor_only_n5\oracle\sample_001\s1_history_mpc7_anchor.npz,0.0
ood,val_small_tee,D:\EV-TTT\adajepa_official_51d8665\artifacts\ood\val_small_tee_predictor_only_n5,pushobj_norm_envapi_v1,PREDICTOR_ONLY,0,"{""state_dist"": 0.0, ""success"": 0.0}",0,0,0.0,0.47637009620666504,0.47637009620666504,0,0.002640199999987658,True,0,0,0,0.0,s2_history_mpc0,1.0,0,0.0,ood_smalltee_predictor_only_n5,2,201,small_tee,D:\EV-TTT\adajepa_official_51d8665\artifacts\ood\val_small_tee_predictor_only_n5\oracle\sample_002\s2_history_mpc0_anchor.npz,0.0
ood,val_small_tee,D:\EV-TTT\adajepa_official_51d8665\artifacts\ood\val_small_tee_predictor_only_n5,pushobj_norm_envapi_v1,PREDICTOR_ONLY,0,"{""state_dist"": 0.0, ""success"": 0.0}",1,1,0.0,0.5022795796394348,0.5022795796394348,0,0.019753800000003707,True,1,5,1,0.0,s2_history_mpc1,1.0,0,0.0,ood_smalltee_predictor_only_n5,2,201,small_tee,D:\EV-TTT\adajepa_official_51d8665\artifacts\ood\val_small_tee_predictor_only_n5\oracle\sample_002\s2_history_mpc1_anchor.npz,0.0
ood,val_small_tee,D:\EV-TTT\adajepa_official_51d8665\artifacts\ood\val_small_tee_predictor_only_n5,pushobj_norm_envapi_v1,PREDICTOR_ONLY,0,"{""state_dist"": 0.0, ""success"": 0.0}",2,2,0.0,0.3772425949573517,0.3772425949573517,0,0.04139130000001501,True,2,10,2,0.0,s2_history_mpc2,1.0,0,0.0,ood_smalltee_predictor_only_n5,2,201,small_tee,D:\EV-TTT\adajepa_official_51d8665\artifacts\ood\val_small_tee_predictor_only_n5\oracle\sample_002\s2_history_mpc2_anchor.npz,0.0
ood,val_small_tee,D:\EV-TTT\adajepa_official_51d8665\artifacts\ood\val_small_tee_predictor_only_n5,pushobj_norm_envapi_v1,PREDICTOR_ONLY,0,"{""state_dist"": 0.0, ""success"": 0.0}",3,3,0.0,0.23315224051475525,0.23315224051475525,0,0.05268189999998185,True,3,15,3,0.0,s2_history_mpc3,1.0,0,0.0,ood_smalltee_predictor_only_n5,2,201,small_tee,D:\EV-TTT\adajepa_official_51d8665\artifacts\ood\val_small_tee_predictor_only_n5\oracle\sample_002\s2_history_mpc3_anchor.npz,0.0
ood,val_small_tee,D:\EV-TTT\adajepa_official_51d8665\artifacts\ood\val_small_tee_predictor_only_n5,pushobj_norm_envapi_v1,PREDICTOR_ONLY,0,"{""state_dist"": 0.0, ""success"": 0.0}",4,4,0.0,0.18282103538513184,0.18282103538513184,0,0.07912840000000188,True,4,20,4,0.0,s2_history_mpc4,1.0,0,0.0,ood_smalltee_predictor_only_n5,2,201,small_tee,D:\EV-TTT\adajepa_official_51d8665\artifacts\ood\val_small_tee_predictor_only_n5\oracle\sample_002\s2_history_mpc4_anchor.npz,0.0
ood,val_small_tee,D:\EV-TTT\adajepa_official_51d8665\artifacts\ood\val_small_tee_predictor_only_n5,pushobj_norm_envapi_v1,PREDICTOR_ONLY,0,"{""state_dist"": 0.0, ""success"": 0.0}",5,5,0.0,0.19373494386672974,0.19373494386672974,0,0.08995010000001002,True,5,25,5,0.0,s2_history_mpc5,1.0,0,0.0,ood_smalltee_predictor_only_n5,2,201,small_tee,D:\EV-TTT\adajepa_official_51d8665\artifacts\ood\val_small_tee_predictor_only_n5\oracle\sample_002\s2_history_mpc5_anchor.npz,0.0
ood,val_small_tee,D:\EV-TTT\adajepa_official_51d8665\artifacts\ood\val_small_tee_predictor_only_n5,pushobj_norm_envapi_v1,PREDICTOR_ONLY,0,"{""state_dist"": 0.0, ""success"": 0.0}",0,0,0.0,2.227465867996216,2.227465867996216,0,0.002975399999996853,True,0,0,0,0.0,s3_history_mpc0,1.0,0,0.0,ood_smalltee_predictor_only_n5,3,301,small_tee,D:\EV-TTT\adajepa_official_51d8665\artifacts\ood\val_small_tee_predictor_only_n5\oracle\sample_003\s3_history_mpc0_anchor.npz,0.0
ood,val_small_tee,D:\EV-TTT\adajepa_official_51d8665\artifacts\ood\val_small_tee_predictor_only_n5,pushobj_norm_envapi_v1,PREDICTOR_ONLY,0,"{""state_dist"": 0.0, ""success"": 0.0}",1,1,0.0,1.675896167755127,1.675896167755127,0,0.022597100000012915,True,1,5,1,0.0,s3_history_mpc1,1.0,0,0.0,ood_smalltee_predictor_only_n5,3,301,small_tee,D:\EV-TTT\adajepa_official_51d8665\artifacts\ood\val_small_tee_predictor_only_n5\oracle\sample_003\s3_history_mpc1_anchor.npz,0.0
ood,val_small_tee,D:\EV-TTT\adajepa_official_51d8665\artifacts\ood\val_small_tee_predictor_only_n5,pushobj_norm_envapi_v1,PREDICTOR_ONLY,0,"{""state_dist"": 0.0, ""success"": 0.0}",2,2,0.0,1.1037606000900269,1.1037606000900269,0,0.04101730000002135,True,2,10,2,0.0,s3_history_mpc2,1.0,0,0.0,ood_smalltee_predictor_only_n5,3,301,small_tee,D:\EV-TTT\adajepa_official_51d8665\artifacts\ood\val_small_tee_predictor_only_n5\oracle\sample_003\s3_history_mpc2_anchor.npz,0.0
ood,val_small_tee,D:\EV-TTT\adajepa_official_51d8665\artifacts\ood\val_small_tee_predictor_only_n5,pushobj_norm_envapi_v1,PREDICTOR_ONLY,0,"{""state_dist"": 0.0, ""success"": 0.0}",3,3,0.0,0.5917819738388062,0.5917819738388062,0,0.053245300000014595,True,3,15,3,0.0,s3_history_mpc3,1.0,0,0.0,ood_smalltee_predictor_only_n5,3,301,small_tee,D:\EV-TTT\adajepa_official_51d8665\artifacts\ood\val_small_tee_predictor_only_n5\oracle\sample_003\s3_history_mpc3_anchor.npz,0.0
ood,val_small_tee,D:\EV-TTT\adajepa_official_51d8665\artifacts\ood\val_small_tee_predictor_only_n5,pushobj_norm_envapi_v1,PREDICTOR_ONLY,0,"{""state_dist"": 0.0, ""success"": 0.0}",4,4,0.0,0.235591322183609,0.235591322183609,0,0.06921060000001944,True,4,20,4,0.0,s3_history_mpc4,1.0,0,0.0,ood_smalltee_predictor_only_n5,3,301,small_tee,D:\EV-TTT\adajepa_official_51d8665\artifacts\ood\val_small_tee_predictor_only_n5\oracle\sample_003\s3_history_mpc4_anchor.npz,0.0
ood,val_small_tee,D:\EV-TTT\adajepa_official_51d8665\artifacts\ood\val_small_tee_predictor_only_n5,pushobj_norm_envapi_v1,PREDICTOR_ONLY,0,"{""state_dist"": 0.0, ""success"": 0.0}",5,5,0.0,0.09083548188209534,0.09083548188209534,0,0.09620780000000195,True,5,25,5,0.0,s3_history_mpc5,1.0,0,0.0,ood_smalltee_predictor_only_n5,3,301,small_tee,D:\EV-TTT\adajepa_official_51d8665\artifacts\ood\val_small_tee_predictor_only_n5\oracle\sample_003\s3_history_mpc5_anchor.npz,0.0
ood,val_small_tee,D:\EV-TTT\adajepa_official_51d8665\artifacts\ood\val_small_tee_predictor_only_n5,pushobj_norm_envapi_v1,PREDICTOR_ONLY,0,"{""state_dist"": 0.0, ""success"": 0.0}",0,0,0.0,2.9755494594573975,2.9755494594573975,0,0.0035061000000098375,True,0,0,0,0.0,s4_history_mpc0,1.0,0,0.0,ood_smalltee_predictor_only_n5,4,401,small_tee,D:\EV-TTT\adajepa_official_51d8665\artifacts\ood\val_small_tee_predictor_only_n5\oracle\sample_004\s4_history_mpc0_anchor.npz,0.0
ood,val_small_tee,D:\EV-TTT\adajepa_official_51d8665\artifacts\ood\val_small_tee_predictor_only_n5,pushobj_norm_envapi_v1,PREDICTOR_ONLY,0,"{""state_dist"": 0.0, ""success"": 0.0}",1,1,0.0,2.386762857437134,2.386762857437134,0,0.021730100000013408,True,1,5,1,0.0,s4_history_mpc1,1.0,0,0.0,ood_smalltee_predictor_only_n5,4,401,small_tee,D:\EV-TTT\adajepa_official_51d8665\artifacts\ood\val_small_tee_predictor_only_n5\oracle\sample_004\s4_history_mpc1_anchor.npz,0.0
ood,val_small_tee,D:\EV-TTT\adajepa_official_51d8665\artifacts\ood\val_small_tee_predictor_only_n5,pushobj_norm_envapi_v1,PREDICTOR_ONLY,0,"{""state_dist"": 0.0, ""success"": 0.0}",2,2,0.0,1.9443467855453491,1.9443467855453491,0,0.034583999999995285,True,2,10,2,0.0,s4_history_mpc2,1.0,0,0.0,ood_smalltee_predictor_only_n5,4,401,small_tee,D:\EV-TTT\adajepa_official_51d8665\artifacts\ood\val_small_tee_predictor_only_n5\oracle\sample_004\s4_history_mpc2_anchor.npz,0.0
ood,val_small_tee,D:\EV-TTT\adajepa_official_51d8665\artifacts\ood\val_small_tee_predictor_only_n5,pushobj_norm_envapi_v1,PREDICTOR_ONLY,0,"{""state_dist"": 0.0, ""success"": 0.0}",3,3,0.0,1.2096679210662842,1.2096679210662842,0,0.06033830000001217,True,3,15,3,0.0,s4_history_mpc3,1.0,0,0.0,ood_smalltee_predictor_only_n5,4,401,small_tee,D:\EV-TTT\adajepa_official_51d8665\artifacts\ood\val_small_tee_predictor_only_n5\oracle\sample_004\s4_history_mpc3_anchor.npz,0.0
ood,val_small_tee,D:\EV-TTT\adajepa_official_51d8665\artifacts\ood\val_small_tee_predictor_only_n5,pushobj_norm_envapi_v1,PREDICTOR_ONLY,0,"{""state_dist"": 0.0, ""success"": 0.0}",4,4,0.0,0.5918845534324646,0.5918845534324646,0,0.0812202000000184,True,4,20,4,0.0,s4_history_mpc4,1.0,0,0.0,ood_smalltee_predictor_only_n5,4,401,small_tee,D:\EV-TTT\adajepa_official_51d8665\artifacts\ood\val_small_tee_predictor_only_n5\oracle\sample_004\s4_history_mpc4_anchor.npz,0.0
ood,val_small_tee,D:\EV-TTT\adajepa_official_51d8665\artifacts\ood\val_small_tee_predictor_only_n5,pushobj_norm_envapi_v1,PREDICTOR_ONLY,0,"{""state_dist"": 0.0, ""success"": 0.0}",5,5,0.0,0.12545344233512878,0.12545344233512878,0,0.08723359999999047,True,5,25,5,0.0,s4_history_mpc5,1.0,0,0.0,ood_smalltee_predictor_only_n5,4,401,small_tee,D:\EV-TTT\adajepa_official_51d8665\artifacts\ood\val_small_tee_predictor_only_n5\oracle\sample_004\s4_history_mpc5_anchor.npz,0.0
ood,val_small_tee,D:\EV-TTT\adajepa_official_51d8665\artifacts\ood\val_small_tee_predictor_only_n5,pushobj_norm_envapi_v1,PREDICTOR_ONLY,0,"{""state_dist"": 0.0, ""success"": 0.0}",6,6,0.0,0.08513077348470688,0.08513077348470688,0,0.11171519999999191,True,6,30,6,0.0,s4_history_mpc6,1.0,0,0.0,ood_smalltee_predictor_only_n5,4,401,small_tee,D:\EV-TTT\adajepa_official_51d8665\artifacts\ood\val_small_tee_predictor_only_n5\oracle\sample_004\s4_history_mpc6_anchor.npz,0.0
ood,val_small_tee,D:\EV-TTT\adajepa_official_51d8665\artifacts\ood\val_small_tee_predictor_only_n5,pushobj_norm_envapi_v1,PREDICTOR_ONLY,0,"{""state_dist"": 0.0, ""success"": 0.0}",7,7,0.0,0.05809589475393295,0.05809589475393295,0,0.11928889999995818,True,7,35,7,0.0,s4_history_mpc7,1.0,0,0.0,ood_smalltee_predictor_only_n5,4,401,small_tee,D:\EV-TTT\adajepa_official_51d8665\artifacts\ood\val_small_tee_predictor_only_n5\oracle\sample_004\s4_history_mpc7_anchor.npz,0.0
ood,val_small_tee,D:\EV-TTT\adajepa_official_51d8665\artifacts\ood\val_small_tee_predictor_only_n5,pushobj_norm_envapi_v1,PREDICTOR_ONLY,0,"{""state_dist"": 0.0, ""success"": 0.0}",8,8,0.0,0.05538613349199295,0.05538613349199295,0,0.12808940000002167,True,8,40,8,0.0,s4_history_mpc8,1.0,0,0.0,ood_smalltee_predictor_only_n5,4,401,small_tee,D:\EV-TTT\adajepa_official_51d8665\artifacts\ood\val_small_tee_predictor_only_n5\oracle\sample_004\s4_history_mpc8_anchor.npz,0.0
ood,val_small_tee,D:\EV-TTT\adajepa_official_51d8665\artifacts\ood\val_small_tee_predictor_only_n5,pushobj_norm_envapi_v1,PREDICTOR_ONLY,0,"{""state_dist"": 0.0, ""success"": 0.0}",9,9,0.0,0.05945587158203125,0.05945587158203125,0,0.1401630999999952,True,9,45,9,0.0,s4_history_mpc9,1.0,0,0.0,ood_smalltee_predictor_only_n5,4,401,small_tee,D:\EV-TTT\adajepa_official_51d8665\artifacts\ood\val_small_tee_predictor_only_n5\oracle\sample_004\s4_history_mpc9_anchor.npz,0.0
ood,val_small_tee,D:\EV-TTT\adajepa_official_51d8665\artifacts\ood\val_small_tee_predictor_only_n5,pushobj_norm_envapi_v1,PREDICTOR_ONLY,0,"{""state_dist"": 0.0, ""success"": 0.0}",10,10,0.0,0.0664459690451622,0.0664459690451622,0,0.14652480000000878,True,10,50,10,0.0,s4_history_mpc10,1.0,0,0.0,ood_smalltee_predictor_only_n5,4,401,small_tee,D:\EV-TTT\adajepa_official_51d8665\artifacts\ood\val_small_tee_predictor_only_n5\oracle\sample_004\s4_history_mpc10_anchor.npz,0.0
ood,val_small_tee,D:\EV-TTT\adajepa_official_51d8665\artifacts\ood\val_small_tee_predictor_only_n5,pushobj_norm_envapi_v1,PREDICTOR_ONLY,0,"{""state_dist"": 0.0, ""success"": 0.0}",11,11,0.0,0.06953275203704834,0.06953275203704834,0,0.15820899999999938,True,11,55,11,0.0,s4_history_mpc11,1.0,0,0.0,ood_smalltee_predictor_only_n5,4,401,small_tee,D:\EV-TTT\adajepa_official_51d8665\artifacts\ood\val_small_tee_predictor_only_n5\oracle\sample_004\s4_history_mpc11_anchor.npz,0.0
ood,val_small_tee,D:\EV-TTT\adajepa_official_51d8665\artifacts\ood\val_small_tee_predictor_only_n5,pushobj_norm_envapi_v1,PREDICTOR_ONLY,0,"{""state_dist"": 0.0, ""success"": 0.0}",12,12,0.0,0.07094885408878326,0.07094885408878326,0,0.1680229000000395,True,12,60,12,0.0,s4_history_mpc12,1.0,0,0.0,ood_smalltee_predictor_only_n5,4,401,small_tee,D:\EV-TTT\adajepa_official_51d8665\artifacts\ood\val_small_tee_predictor_only_n5\oracle\sample_004\s4_history_mpc12_anchor.npz,0.0
ood,val_small_tee,D:\EV-TTT\adajepa_official_51d8665\artifacts\ood\val_small_tee_predictor_only_n5,pushobj_norm_envapi_v1,PREDICTOR_ONLY,0,"{""state_dist"": 0.0, ""success"": 0.0}",13,13,0.0,0.06247016787528992,0.06247016787528992,0,0.17952040000000125,True,13,65,13,0.0,s4_history_mpc13,1.0,0,0.0,ood_smalltee_predictor_only_n5,4,401,small_tee,D:\EV-TTT\adajepa_official_51d8665\artifacts\ood\val_small_tee_predictor_only_n5\oracle\sample_004\s4_history_mpc13_anchor.npz,0.0
ood,val_small_tee,D:\EV-TTT\adajepa_official_51d8665\artifacts\ood\val_small_tee_predictor_only_n5,pushobj_norm_envapi_v1,PREDICTOR_ONLY,0,"{""state_dist"": 0.0, ""success"": 0.0}",14,14,0.0,0.05885067582130432,0.05885067582130432,0,0.1934408999999846,True,14,70,14,0.0,s4_history_mpc14,1.0,0,0.0,ood_smalltee_predictor_only_n5,4,401,small_tee,D:\EV-TTT\adajepa_official_51d8665\artifacts\ood\val_small_tee_predictor_only_n5\oracle\sample_004\s4_history_mpc14_anchor.npz,0.0
ood,val_small_tee,D:\EV-TTT\adajepa_official_51d8665\artifacts\ood\val_small_tee_predictor_only_n5,pushobj_norm_envapi_v1,PREDICTOR_ONLY,0,"{""state_dist"": 0.0, ""success"": 0.0}",15,15,0.0,0.052836403250694275,0.052836403250694275,0,0.19585140000003776,True,15,75,15,0.0,s4_history_mpc15,1.0,0,0.0,ood_smalltee_predictor_only_n5,4,401,small_tee,D:\EV-TTT\adajepa_official_51d8665\artifacts\ood\val_small_tee_predictor_only_n5\oracle\sample_004\s4_history_mpc15_anchor.npz,0.0
ood,val_small_tee,D:\EV-TTT\adajepa_official_51d8665\artifacts\ood\val_small_tee_predictor_only_n5,pushobj_norm_envapi_v1,PREDICTOR_ONLY,0,"{""state_dist"": 0.0, ""success"": 0.0}",16,16,0.0,0.041517727077007294,0.041517727077007294,0,0.2192617000000041,True,16,80,16,0.0,s4_history_mpc16,1.0,0,0.0,ood_smalltee_predictor_only_n5,4,401,small_tee,D:\EV-TTT\adajepa_official_51d8665\artifacts\ood\val_small_tee_predictor_only_n5\oracle\sample_004\s4_history_mpc16_anchor.npz,0.0
ood,val_square,D:\EV-TTT\adajepa_official_51d8665\artifacts\ood\val_square_frozen_n5,pushobj_norm_envapi_v1,FROZEN,0,"{""state_dist"": 0.0, ""success"": 0.0}",0,0,0.0,0.8416795134544373,0.8416795134544373,0,0.004134300000000479,True,0,0,0,0.0,s0_history_mpc0,1.0,0,0.0,ood_square_frozen_n5,0,1,square,D:\EV-TTT\adajepa_official_51d8665\artifacts\ood\val_square_frozen_n5\oracle\sample_000\s0_history_mpc0_anchor.npz,0.0
ood,val_square,D:\EV-TTT\adajepa_official_51d8665\artifacts\ood\val_square_frozen_n5,pushobj_norm_envapi_v1,FROZEN,0,"{""state_dist"": 0.0, ""success"": 0.0}",0,1,0.0,0.8564765453338623,0.8564765453338623,0,0.022570199999996987,True,0,5,1,0.0,s0_history_mpc1,1.0,0,0.0,ood_square_frozen_n5,0,1,square,D:\EV-TTT\adajepa_official_51d8665\artifacts\ood\val_square_frozen_n5\oracle\sample_000\s0_history_mpc1_anchor.npz,0.0
ood,val_square,D:\EV-TTT\adajepa_official_51d8665\artifacts\ood\val_square_frozen_n5,pushobj_norm_envapi_v1,FROZEN,0,"{""state_dist"": 0.0, ""success"": 0.0}",0,2,0.0,0.6669320464134216,0.6669320464134216,0,0.03677419999999998,True,0,10,2,0.0,s0_history_mpc2,1.0,0,0.0,ood_square_frozen_n5,0,1,square,D:\EV-TTT\adajepa_official_51d8665\artifacts\ood\val_square_frozen_n5\oracle\sample_000\s0_history_mpc2_anchor.npz,0.0
ood,val_square,D:\EV-TTT\adajepa_official_51d8665\artifacts\ood\val_square_frozen_n5,pushobj_norm_envapi_v1,FROZEN,0,"{""state_dist"": 0.0, ""success"": 0.0}",0,3,0.0,0.6155201196670532,0.6155201196670532,0,0.055614300000002004,True,0,15,3,0.0,s0_history_mpc3,1.0,0,0.0,ood_square_frozen_n5,0,1,square,D:\EV-TTT\adajepa_official_51d8665\artifacts\ood\val_square_frozen_n5\oracle\sample_000\s0_history_mpc3_anchor.npz,0.0
ood,val_square,D:\EV-TTT\adajepa_official_51d8665\artifacts\ood\val_square_frozen_n5,pushobj_norm_envapi_v1,FROZEN,0,"{""state_dist"": 0.0, ""success"": 0.0}",0,4,0.0,0.44806092977523804,0.44806092977523804,0,0.07297390000000092,True,0,20,4,0.0,s0_history_mpc4,1.0,0,0.0,ood_square_frozen_n5,0,1,square,D:\EV-TTT\adajepa_official_51d8665\artifacts\ood\val_square_frozen_n5\oracle\sample_000\s0_history_mpc4_anchor.npz,0.0
ood,val_square,D:\EV-TTT\adajepa_official_51d8665\artifacts\ood\val_square_frozen_n5,pushobj_norm_envapi_v1,FROZEN,0,"{""state_dist"": 0.0, ""success"": 0.0}",0,5,0.0,1.5837790966033936,1.5837790966033936,0,0.08398740000000515,True,0,25,5,0.0,s0_history_mpc5,1.0,0,0.0,ood_square_frozen_n5,0,1,square,D:\EV-TTT\adajepa_official_51d8665\artifacts\ood\val_square_frozen_n5\oracle\sample_000\s0_history_mpc5_anchor.npz,0.0
ood,val_square,D:\EV-TTT\adajepa_official_51d8665\artifacts\ood\val_square_frozen_n5,pushobj_norm_envapi_v1,FROZEN,0,"{""state_dist"": 0.0, ""success"": 0.0}",0,6,0.0,0.6151894927024841,0.6151894927024841,0,0.1050305999999992,True,0,30,6,0.0,s0_history_mpc6,1.0,0,0.0,ood_square_frozen_n5,0,1,square,D:\EV-TTT\adajepa_official_51d8665\artifacts\ood\val_square_frozen_n5\oracle\sample_000\s0_history_mpc6_anchor.npz,0.0
ood,val_square,D:\EV-TTT\adajepa_official_51d8665\artifacts\ood\val_square_frozen_n5,pushobj_norm_envapi_v1,FROZEN,0,"{""state_dist"": 0.0, ""success"": 0.0}",0,7,0.0,0.4896014332771301,0.4896014332771301,0,0.1094571000000002,True,0,35,7,0.0,s0_history_mpc7,1.0,0,0.0,ood_square_frozen_n5,0,1,square,D:\EV-TTT\adajepa_official_51d8665\artifacts\ood\val_square_frozen_n5\oracle\sample_000\s0_history_mpc7_anchor.npz,0.0
ood,val_square,D:\EV-TTT\adajepa_official_51d8665\artifacts\ood\val_square_frozen_n5,pushobj_norm_envapi_v1,FROZEN,0,"{""state_dist"": 0.0, ""success"": 0.0}",0,8,0.0,0.4719075560569763,0.4719075560569763,0,0.1167932000000036,True,0,40,8,0.0,s0_history_mpc8,1.0,0,0.0,ood_square_frozen_n5,0,1,square,D:\EV-TTT\adajepa_official_51d8665\artifacts\ood\val_square_frozen_n5\oracle\sample_000\s0_history_mpc8_anchor.npz,0.0
ood,val_square,D:\EV-TTT\adajepa_official_51d8665\artifacts\ood\val_square_frozen_n5,pushobj_norm_envapi_v1,FROZEN,0,"{""state_dist"": 0.0, ""success"": 0.0}",0,9,0.0,0.4383363425731659,0.4383363425731659,0,0.12884079999999187,True,0,45,9,0.0,s0_history_mpc9,1.0,0,0.0,ood_square_frozen_n5,0,1,square,D:\EV-TTT\adajepa_official_51d8665\artifacts\ood\val_square_frozen_n5\oracle\sample_000\s0_history_mpc9_anchor.npz,0.0
ood,val_square,D:\EV-TTT\adajepa_official_51d8665\artifacts\ood\val_square_frozen_n5,pushobj_norm_envapi_v1,FROZEN,0,"{""state_dist"": 0.0, ""success"": 0.0}",0,10,0.0,0.42366117238998413,0.42366117238998413,0,0.13994360000000938,True,0,50,10,0.0,s0_history_mpc10,1.0,0,0.0,ood_square_frozen_n5,0,1,square,D:\EV-TTT\adajepa_official_51d8665\artifacts\ood\val_square_frozen_n5\oracle\sample_000\s0_history_mpc10_anchor.npz,0.0
ood,val_square,D:\EV-TTT\adajepa_official_51d8665\artifacts\ood\val_square_frozen_n5,pushobj_norm_envapi_v1,FROZEN,0,"{""state_dist"": 0.0, ""success"": 0.0}",0,11,0.0,0.42082419991493225,0.42082419991493225,0,0.1428841000000034,True,0,55,11,0.0,s0_history_mpc11,1.0,0,0.0,ood_square_frozen_n5,0,1,square,D:\EV-TTT\adajepa_official_51d8665\artifacts\ood\val_square_frozen_n5\oracle\sample_000\s0_history_mpc11_anchor.npz,0.0
ood,val_square,D:\EV-TTT\adajepa_official_51d8665\artifacts\ood\val_square_frozen_n5,pushobj_norm_envapi_v1,FROZEN,0,"{""state_dist"": 0.0, ""success"": 0.0}",0,12,0.0,0.4306911826133728,0.4306911826133728,0,0.16369369999999606,True,0,60,12,0.0,s0_history_mpc12,1.0,0,0.0,ood_square_frozen_n5,0,1,square,D:\EV-TTT\adajepa_official_51d8665\artifacts\ood\val_square_frozen_n5\oracle\sample_000\s0_history_mpc12_anchor.npz,0.0
ood,val_square,D:\EV-TTT\adajepa_official_51d8665\artifacts\ood\val_square_frozen_n5,pushobj_norm_envapi_v1,FROZEN,0,"{""state_dist"": 0.0, ""success"": 0.0}",0,13,0.0,0.4306774437427521,0.4306774437427521,0,0.1674270999999976,True,0,65,13,0.0,s0_history_mpc13,1.0,0,0.0,ood_square_frozen_n5,0,1,square,D:\EV-TTT\adajepa_official_51d8665\artifacts\ood\val_square_frozen_n5\oracle\sample_000\s0_history_mpc13_anchor.npz,0.0
ood,val_square,D:\EV-TTT\adajepa_official_51d8665\artifacts\ood\val_square_frozen_n5,pushobj_norm_envapi_v1,FROZEN,0,"{""state_dist"": 0.0, ""success"": 0.0}",0,14,0.0,0.4320702850818634,0.4320702850818634,0,0.1823332000000022,True,0,70,14,0.0,s0_history_mpc14,1.0,0,0.0,ood_square_frozen_n5,0,1,square,D:\EV-TTT\adajepa_official_51d8665\artifacts\ood\val_square_frozen_n5\oracle\sample_000\s0_history_mpc14_anchor.npz,0.0
ood,val_square,D:\EV-TTT\adajepa_official_51d8665\artifacts\ood\val_square_frozen_n5,pushobj_norm_envapi_v1,FROZEN,0,"{""state_dist"": 0.0, ""success"": 0.0}",0,15,0.0,0.4330810308456421,0.4330810308456421,0,0.19009559999997805,True,0,75,15,0.0,s0_history_mpc15,1.0,0,0.0,ood_square_frozen_n5,0,1,square,D:\EV-TTT\adajepa_official_51d8665\artifacts\ood\val_square_frozen_n5\oracle\sample_000\s0_history_mpc15_anchor.npz,0.0
ood,val_square,D:\EV-TTT\adajepa_official_51d8665\artifacts\ood\val_square_frozen_n5,pushobj_norm_envapi_v1,FROZEN,0,"{""state_dist"": 0.0, ""success"": 0.0}",0,16,0.0,0.4353529214859009,0.4353529214859009,0,0.19327059999997687,True,0,80,16,0.0,s0_history_mpc16,1.0,0,0.0,ood_square_frozen_n5,0,1,square,D:\EV-TTT\adajepa_official_51d8665\artifacts\ood\val_square_frozen_n5\oracle\sample_000\s0_history_mpc16_anchor.npz,0.0
ood,val_square,D:\EV-TTT\adajepa_official_51d8665\artifacts\ood\val_square_frozen_n5,pushobj_norm_envapi_v1,FROZEN,0,"{""state_dist"": 0.0, ""success"": 0.0}",0,17,0.0,0.43748536705970764,0.43748536705970764,0,0.20362329999997542,True,0,85,17,0.0,s0_history_mpc17,1.0,0,0.0,ood_square_frozen_n5,0,1,square,D:\EV-TTT\adajepa_official_51d8665\artifacts\ood\val_square_frozen_n5\oracle\sample_000\s0_history_mpc17_anchor.npz,0.0
ood,val_square,D:\EV-TTT\adajepa_official_51d8665\artifacts\ood\val_square_frozen_n5,pushobj_norm_envapi_v1,FROZEN,0,"{""state_dist"": 0.0, ""success"": 0.0}",0,18,0.0,0.4390462636947632,0.4390462636947632,0,0.23066299999999273,True,0,90,18,0.0,s0_history_mpc18,1.0,0,0.0,ood_square_frozen_n5,0,1,square,D:\EV-TTT\adajepa_official_51d8665\artifacts\ood\val_square_frozen_n5\oracle\sample_000\s0_history_mpc18_anchor.npz,0.0
ood,val_square,D:\EV-TTT\adajepa_official_51d8665\artifacts\ood\val_square_frozen_n5,pushobj_norm_envapi_v1,FROZEN,0,"{""state_dist"": 0.0, ""success"": 0.0}",0,19,0.0,0.4380332827568054,0.4380332827568054,0,0.22503839999998831,True,0,95,19,0.0,s0_history_mpc19,1.0,0,0.0,ood_square_frozen_n5,0,1,square,D:\EV-TTT\adajepa_official_51d8665\artifacts\ood\val_square_frozen_n5\oracle\sample_000\s0_history_mpc19_anchor.npz,0.0
ood,val_square,D:\EV-TTT\adajepa_official_51d8665\artifacts\ood\val_square_frozen_n5,pushobj_norm_envapi_v1,FROZEN,0,"{""state_dist"": 0.0, ""success"": 0.0}",0,0,0.0,3.0517446994781494,3.0517446994781494,0,0.0027314000000160377,True,0,0,0,0.0,s1_history_mpc0,1.0,0,0.0,ood_square_frozen_n5,1,101,square,D:\EV-TTT\adajepa_official_51d8665\artifacts\ood\val_square_frozen_n5\oracle\sample_001\s1_history_mpc0_anchor.npz,0.0
ood,val_square,D:\EV-TTT\adajepa_official_51d8665\artifacts\ood\val_square_frozen_n5,pushobj_norm_envapi_v1,FROZEN,0,"{""state_dist"": 0.0, ""success"": 0.0}",0,1,0.0,2.4960219860076904,2.4960219860076904,0,0.020282900000012205,True,0,5,1,0.0,s1_history_mpc1,1.0,0,0.0,ood_square_frozen_n5,1,101,square,D:\EV-TTT\adajepa_official_51d8665\artifacts\ood\val_square_frozen_n5\oracle\sample_001\s1_history_mpc1_anchor.npz,0.0
ood,val_square,D:\EV-TTT\adajepa_official_51d8665\artifacts\ood\val_square_frozen_n5,pushobj_norm_envapi_v1,FROZEN,0,"{""state_dist"": 0.0, ""success"": 0.0}",0,2,0.0,2.056962728500366,2.056962728500366,0,0.03805980000001341,True,0,10,2,0.0,s1_history_mpc2,1.0,0,0.0,ood_square_frozen_n5,1,101,square,D:\EV-TTT\adajepa_official_51d8665\artifacts\ood\val_square_frozen_n5\oracle\sample_001\s1_history_mpc2_anchor.npz,0.0
ood,val_square,D:\EV-TTT\adajepa_official_51d8665\artifacts\ood\val_square_frozen_n5,pushobj_norm_envapi_v1,FROZEN,0,"{""state_dist"": 0.0, ""success"": 0.0}",0,3,0.0,1.5599546432495117,1.5599546432495117,0,0.05470900000000256,True,0,15,3,0.0,s1_history_mpc3,1.0,0,0.0,ood_square_frozen_n5,1,101,square,D:\EV-TTT\adajepa_official_51d8665\artifacts\ood\val_square_frozen_n5\oracle\sample_001\s1_history_mpc3_anchor.npz,0.0
ood,val_square,D:\EV-TTT\adajepa_official_51d8665\artifacts\ood\val_square_frozen_n5,pushobj_norm_envapi_v1,FROZEN,0,"{""state_dist"": 0.0, ""success"": 0.0}",0,4,0.0,1.011916160583496,1.011916160583496,0,0.0662666999999999,True,0,20,4,0.0,s1_history_mpc4,1.0,0,0.0,ood_square_frozen_n5,1,101,square,D:\EV-TTT\adajepa_official_51d8665\artifacts\ood\val_square_frozen_n5\oracle\sample_001\s1_history_mpc4_anchor.npz,0.0
ood,val_square,D:\EV-TTT\adajepa_official_51d8665\artifacts\ood\val_square_frozen_n5,pushobj_norm_envapi_v1,FROZEN,0,"{""state_dist"": 0.0, ""success"": 0.0}",0,5,0.0,0.2653278708457947,0.2653278708457947,0,0.08491700000001856,True,0,25,5,0.0,s1_history_mpc5,1.0,0,0.0,ood_square_frozen_n5,1,101,square,D:\EV-TTT\adajepa_official_51d8665\artifacts\ood\val_square_frozen_n5\oracle\sample_001\s1_history_mpc5_anchor.npz,0.0
ood,val_square,D:\EV-TTT\adajepa_official_51d8665\artifacts\ood\val_square_frozen_n5,pushobj_norm_envapi_v1,FROZEN,0,"{""state_dist"": 0.0, ""success"": 0.0}",0,0,0.0,0.890426516532898,0.890426516532898,0,0.0026338999999779844,True,0,0,0,0.0,s2_history_mpc0,1.0,0,0.0,ood_square_frozen_n5,2,201,square,D:\EV-TTT\adajepa_official_51d8665\artifacts\ood\val_square_frozen_n5\oracle\sample_002\s2_history_mpc0_anchor.npz,0.0
ood,val_square,D:\EV-TTT\adajepa_official_51d8665\artifacts\ood\val_square_frozen_n5,pushobj_norm_envapi_v1,FROZEN,0,"{""state_dist"": 0.0, ""success"": 0.0}",0,1,0.0,0.7102993726730347,0.7102993726730347,0,0.018743400000005295,True,0,5,1,0.0,s2_history_mpc1,1.0,0,0.0,ood_square_frozen_n5,2,201,square,D:\EV-TTT\adajepa_official_51d8665\artifacts\ood\val_square_frozen_n5\oracle\sample_002\s2_history_mpc1_anchor.npz,0.0
ood,val_square,D:\EV-TTT\adajepa_official_51d8665\artifacts\ood\val_square_frozen_n5,pushobj_norm_envapi_v1,FROZEN,0,"{""state_dist"": 0.0, ""success"": 0.0}",0,2,0.0,0.4122956693172455,0.4122956693172455,0,0.03455030000000647,True,0,10,2,0.0,s2_history_mpc2,1.0,0,0.0,ood_square_frozen_n5,2,201,square,D:\EV-TTT\adajepa_official_51d8665\artifacts\ood\val_square_frozen_n5\oracle\sample_002\s2_history_mpc2_anchor.npz,0.0
ood,val_square,D:\EV-TTT\adajepa_official_51d8665\artifacts\ood\val_square_frozen_n5,pushobj_norm_envapi_v1,FROZEN,0,"{""state_dist"": 0.0, ""success"": 0.0}",0,3,0.0,0.24187003076076508,0.24187003076076508,0,0.05253490000001193,True,0,15,3,0.0,s2_history_mpc3,1.0,0,0.0,ood_square_frozen_n5,2,201,square,D:\EV-TTT\adajepa_official_51d8665\artifacts\ood\val_square_frozen_n5\oracle\sample_002\s2_history_mpc3_anchor.npz,0.0
ood,val_square,D:\EV-TTT\adajepa_official_51d8665\artifacts\ood\val_square_frozen_n5,pushobj_norm_envapi_v1,FROZEN,0,"{""state_dist"": 0.0, ""success"": 0.0}",0,4,0.0,0.10817920416593552,0.10817920416593552,0,0.06728229999998803,True,0,20,4,0.0,s2_history_mpc4,1.0,0,0.0,ood_square_frozen_n5,2,201,square,D:\EV-TTT\adajepa_official_51d8665\artifacts\ood\val_square_frozen_n5\oracle\sample_002\s2_history_mpc4_anchor.npz,0.0
ood,val_square,D:\EV-TTT\adajepa_official_51d8665\artifacts\ood\val_square_frozen_n5,pushobj_norm_envapi_v1,FROZEN,0,"{""state_dist"": 0.0, ""success"": 0.0}",0,5,0.0,0.07548541575670242,0.07548541575670242,0,0.08944939999997814,True,0,25,5,0.0,s2_history_mpc5,1.0,0,0.0,ood_square_frozen_n5,2,201,square,D:\EV-TTT\adajepa_official_51d8665\artifacts\ood\val_square_frozen_n5\oracle\sample_002\s2_history_mpc5_anchor.npz,0.0
ood,val_square,D:\EV-TTT\adajepa_official_51d8665\artifacts\ood\val_square_frozen_n5,pushobj_norm_envapi_v1,FROZEN,0,"{""state_dist"": 0.0, ""success"": 0.0}",0,6,0.0,0.07461978495121002,0.07461978495121002,0,0.09953640000003361,True,0,30,6,0.0,s2_history_mpc6,1.0,0,0.0,ood_square_frozen_n5,2,201,square,D:\EV-TTT\adajepa_official_51d8665\artifacts\ood\val_square_frozen_n5\oracle\sample_002\s2_history_mpc6_anchor.npz,0.0
ood,val_square,D:\EV-TTT\adajepa_official_51d8665\artifacts\ood\val_square_frozen_n5,pushobj_norm_envapi_v1,FROZEN,0,"{""state_dist"": 0.0, ""success"": 0.0}",0,7,0.0,0.0499747097492218,0.0499747097492218,0,0.10482569999999214,True,0,35,7,0.0,s2_history_mpc7,1.0,0,0.0,ood_square_frozen_n5,2,201,square,D:\EV-TTT\adajepa_official_51d8665\artifacts\ood\val_square_frozen_n5\oracle\sample_002\s2_history_mpc7_anchor.npz,0.0
ood,val_square,D:\EV-TTT\adajepa_official_51d8665\artifacts\ood\val_square_frozen_n5,pushobj_norm_envapi_v1,FROZEN,0,"{""state_dist"": 0.0, ""success"": 0.0}",0,8,0.0,0.03248473256826401,0.03248473256826401,0,0.1217033000000356,True,0,40,8,0.0,s2_history_mpc8,1.0,0,0.0,ood_square_frozen_n5,2,201,square,D:\EV-TTT\adajepa_official_51d8665\artifacts\ood\val_square_frozen_n5\oracle\sample_002\s2_history_mpc8_anchor.npz,0.0
ood,val_square,D:\EV-TTT\adajepa_official_51d8665\artifacts\ood\val_square_frozen_n5,pushobj_norm_envapi_v1,FROZEN,0,"{""state_dist"": 0.0, ""success"": 0.0}",0,9,0.0,0.03685442730784416,0.03685442730784416,0,0.13255449999996927,True,0,45,9,0.0,s2_history_mpc9,1.0,0,0.0,ood_square_frozen_n5,2,201,square,D:\EV-TTT\adajepa_official_51d8665\artifacts\ood\val_square_frozen_n5\oracle\sample_002\s2_history_mpc9_anchor.npz,0.0
ood,val_square,D:\EV-TTT\adajepa_official_51d8665\artifacts\ood\val_square_frozen_n5,pushobj_norm_envapi_v1,FROZEN,0,"{""state_dist"": 0.0, ""success"": 0.0}",0,10,0.0,0.041481148451566696,0.041481148451566696,0,0.145344600000044,True,0,50,10,0.0,s2_history_mpc10,1.0,0,0.0,ood_square_frozen_n5,2,201,square,D:\EV-TTT\adajepa_official_51d8665\artifacts\ood\val_square_frozen_n5\oracle\sample_002\s2_history_mpc10_anchor.npz,0.0
ood,val_square,D:\EV-TTT\adajepa_official_51d8665\artifacts\ood\val_square_frozen_n5,pushobj_norm_envapi_v1,FROZEN,0,"{""state_dist"": 0.0, ""success"": 0.0}",0,11,0.0,0.03657502681016922,0.03657502681016922,0,0.15066199999995433,True,0,55,11,0.0,s2_history_mpc11,1.0,0,0.0,ood_square_frozen_n5,2,201,square,D:\EV-TTT\adajepa_official_51d8665\artifacts\ood\val_square_frozen_n5\oracle\sample_002\s2_history_mpc11_anchor.npz,0.0
ood,val_square,D:\EV-TTT\adajepa_official_51d8665\artifacts\ood\val_square_frozen_n5,pushobj_norm_envapi_v1,FROZEN,0,"{""state_dist"": 0.0, ""success"": 0.0}",0,12,0.0,0.038121405988931656,0.038121405988931656,0,0.15963649999997642,True,0,60,12,0.0,s2_history_mpc12,1.0,0,0.0,ood_square_frozen_n5,2,201,square,D:\EV-TTT\adajepa_official_51d8665\artifacts\ood\val_square_frozen_n5\oracle\sample_002\s2_history_mpc12_anchor.npz,0.0
ood,val_square,D:\EV-TTT\adajepa_official_51d8665\artifacts\ood\val_square_frozen_n5,pushobj_norm_envapi_v1,FROZEN,0,"{""state_dist"": 0.0, ""success"": 0.0}",0,13,0.0,0.042415641248226166,0.042415641248226166,0,0.17002229999997098,True,0,65,13,0.0,s2_history_mpc13,1.0,0,0.0,ood_square_frozen_n5,2,201,square,D:\EV-TTT\adajepa_official_51d8665\artifacts\ood\val_square_frozen_n5\oracle\sample_002\s2_history_mpc13_anchor.npz,0.0
ood,val_square,D:\EV-TTT\adajepa_official_51d8665\artifacts\ood\val_square_frozen_n5,pushobj_norm_envapi_v1,FROZEN,0,"{""state_dist"": 0.0, ""success"": 0.0}",0,14,0.0,0.03538563847541809,0.03538563847541809,0,0.17537210000000414,True,0,70,14,0.0,s2_history_mpc14,1.0,0,0.0,ood_square_frozen_n5,2,201,square,D:\EV-TTT\adajepa_official_51d8665\artifacts\ood\val_square_frozen_n5\oracle\sample_002\s2_history_mpc14_anchor.npz,0.0
ood,val_square,D:\EV-TTT\adajepa_official_51d8665\artifacts\ood\val_square_frozen_n5,pushobj_norm_envapi_v1,FROZEN,0,"{""state_dist"": 0.0, ""success"": 0.0}",0,15,0.0,0.038489069789648056,0.038489069789648056,0,0.1857350000000224,True,0,75,15,0.0,s2_history_mpc15,1.0,0,0.0,ood_square_frozen_n5,2,201,square,D:\EV-TTT\adajepa_official_51d8665\artifacts\ood\val_square_frozen_n5\oracle\sample_002\s2_history_mpc15_anchor.npz,0.0
ood,val_square,D:\EV-TTT\adajepa_official_51d8665\artifacts\ood\val_square_frozen_n5,pushobj_norm_envapi_v1,FROZEN,0,"{""state_dist"": 0.0, ""success"": 0.0}",0,16,0.0,0.042066145688295364,0.042066145688295364,0,0.21558310000000347,True,0,80,16,0.0,s2_history_mpc16,1.0,0,0.0,ood_square_frozen_n5,2,201,square,D:\EV-TTT\adajepa_official_51d8665\artifacts\ood\val_square_frozen_n5\oracle\sample_002\s2_history_mpc16_anchor.npz,0.0
ood,val_square,D:\EV-TTT\adajepa_official_51d8665\artifacts\ood\val_square_frozen_n5,pushobj_norm_envapi_v1,FROZEN,0,"{""state_dist"": 0.0, ""success"": 0.0}",0,17,0.0,0.03523607179522514,0.03523607179522514,0,0.21731710000000248,True,0,85,17,0.0,s2_history_mpc17,1.0,0,0.0,ood_square_frozen_n5,2,201,square,D:\EV-TTT\adajepa_official_51d8665\artifacts\ood\val_square_frozen_n5\oracle\sample_002\s2_history_mpc17_anchor.npz,0.0
ood,val_square,D:\EV-TTT\adajepa_official_51d8665\artifacts\ood\val_square_frozen_n5,pushobj_norm_envapi_v1,FROZEN,0,"{""state_dist"": 0.0, ""success"": 0.0}",0,18,0.0,0.04039663076400757,0.04039663076400757,0,0.22557140000003528,True,0,90,18,0.0,s2_history_mpc18,1.0,0,0.0,ood_square_frozen_n5,2,201,square,D:\EV-TTT\adajepa_official_51d8665\artifacts\ood\val_square_frozen_n5\oracle\sample_002\s2_history_mpc18_anchor.npz,0.0
ood,val_square,D:\EV-TTT\adajepa_official_51d8665\artifacts\ood\val_square_frozen_n5,pushobj_norm_envapi_v1,FROZEN,0,"{""state_dist"": 0.0, ""success"": 0.0}",0,19,0.0,0.04032732918858528,0.04032732918858528,0,0.22782960000000685,True,0,95,19,0.0,s2_history_mpc19,1.0,0,0.0,ood_square_frozen_n5,2,201,square,D:\EV-TTT\adajepa_official_51d8665\artifacts\ood\val_square_frozen_n5\oracle\sample_002\s2_history_mpc19_anchor.npz,0.0
ood,val_square,D:\EV-TTT\adajepa_official_51d8665\artifacts\ood\val_square_frozen_n5,pushobj_norm_envapi_v1,FROZEN,0,"{""state_dist"": 0.0, ""success"": 0.0}",0,0,0.0,2.2959797382354736,2.2959797382354736,0,0.003217199999994591,True,0,0,0,0.0,s3_history_mpc0,1.0,0,0.0,ood_square_frozen_n5,3,301,square,D:\EV-TTT\adajepa_official_51d8665\artifacts\ood\val_square_frozen_n5\oracle\sample_003\s3_history_mpc0_anchor.npz,0.0
ood,val_square,D:\EV-TTT\adajepa_official_51d8665\artifacts\ood\val_square_frozen_n5,pushobj_norm_envapi_v1,FROZEN,0,"{""state_dist"": 0.0, ""success"": 0.0}",0,1,0.0,2.207594871520996,2.207594871520996,0,0.021270300000026054,True,0,5,1,0.0,s3_history_mpc1,1.0,0,0.0,ood_square_frozen_n5,3,301,square,D:\EV-TTT\adajepa_official_51d8665\artifacts\ood\val_square_frozen_n5\oracle\sample_003\s3_history_mpc1_anchor.npz,0.0
ood,val_square,D:\EV-TTT\adajepa_official_51d8665\artifacts\ood\val_square_frozen_n5,pushobj_norm_envapi_v1,FROZEN,0,"{""state_dist"": 0.0, ""success"": 0.0}",0,2,0.0,2.095784902572632,2.095784902572632,0,0.03913829999999052,True,0,10,2,0.0,s3_history_mpc2,1.0,0,0.0,ood_square_frozen_n5,3,301,square,D:\EV-TTT\adajepa_official_51d8665\artifacts\ood\val_square_frozen_n5\oracle\sample_003\s3_history_mpc2_anchor.npz,0.0
ood,val_square,D:\EV-TTT\adajepa_official_51d8665\artifacts\ood\val_square_frozen_n5,pushobj_norm_envapi_v1,FROZEN,0,"{""state_dist"": 0.0, ""success"": 0.0}",0,3,0.0,1.1294220685958862,1.1294220685958862,0,0.04933349999998882,True,0,15,3,0.0,s3_history_mpc3,1.0,0,0.0,ood_square_frozen_n5,3,301,square,D:\EV-TTT\adajepa_official_51d8665\artifacts\ood\val_square_frozen_n5\oracle\sample_003\s3_history_mpc3_anchor.npz,0.0
ood,val_square,D:\EV-TTT\adajepa_official_51d8665\artifacts\ood\val_square_frozen_n5,pushobj_norm_envapi_v1,FROZEN,0,"{""state_dist"": 0.0, ""success"": 0.0}",0,4,0.0,0.8815324902534485,0.8815324902534485,0,0.06163240000000769,True,0,20,4,0.0,s3_history_mpc4,1.0,0,0.0,ood_square_frozen_n5,3,301,square,D:\EV-TTT\adajepa_official_51d8665\artifacts\ood\val_square_frozen_n5\oracle\sample_003\s3_history_mpc4_anchor.npz,0.0
ood,val_square,D:\EV-TTT\adajepa_official_51d8665\artifacts\ood\val_square_frozen_n5,pushobj_norm_envapi_v1,FROZEN,0,"{""state_dist"": 0.0, ""success"": 0.0}",0,5,0.0,1.1746656894683838,1.1746656894683838,0,0.09150469999997313,True,0,25,5,0.0,s3_history_mpc5,1.0,0,0.0,ood_square_frozen_n5,3,301,square,D:\EV-TTT\adajepa_official_51d8665\artifacts\ood\val_square_frozen_n5\oracle\sample_003\s3_history_mpc5_anchor.npz,0.0
ood,val_square,D:\EV-TTT\adajepa_official_51d8665\artifacts\ood\val_square_frozen_n5,pushobj_norm_envapi_v1,FROZEN,0,"{""state_dist"": 0.0, ""success"": 0.0}",0,6,0.0,0.8122782707214355,0.8122782707214355,0,0.10376530000002049,True,0,30,6,0.0,s3_history_mpc6,1.0,0,0.0,ood_square_frozen_n5,3,301,square,D:\EV-TTT\adajepa_official_51d8665\artifacts\ood\val_square_frozen_n5\oracle\sample_003\s3_history_mpc6_anchor.npz,0.0
ood,val_square,D:\EV-TTT\adajepa_official_51d8665\artifacts\ood\val_square_frozen_n5,pushobj_norm_envapi_v1,FROZEN,0,"{""state_dist"": 0.0, ""success"": 0.0}",0,7,0.0,0.44750088453292847,0.44750088453292847,0,0.13350380000002815,True,0,35,7,0.0,s3_history_mpc7,1.0,0,0.0,ood_square_frozen_n5,3,301,square,D:\EV-TTT\adajepa_official_51d8665\artifacts\ood\val_square_frozen_n5\oracle\sample_003\s3_history_mpc7_anchor.npz,0.0
ood,val_square,D:\EV-TTT\adajepa_official_51d8665\artifacts\ood\val_square_frozen_n5,pushobj_norm_envapi_v1,FROZEN,0,"{""state_dist"": 0.0, ""success"": 0.0}",0,8,0.0,0.7776592969894409,0.7776592969894409,0,0.12445280000002867,True,0,40,8,0.0,s3_history_mpc8,1.0,0,0.0,ood_square_frozen_n5,3,301,square,D:\EV-TTT\adajepa_official_51d8665\artifacts\ood\val_square_frozen_n5\oracle\sample_003\s3_history_mpc8_anchor.npz,0.0
ood,val_square,D:\EV-TTT\adajepa_official_51d8665\artifacts\ood\val_square_frozen_n5,pushobj_norm_envapi_v1,FROZEN,0,"{""state_dist"": 0.0, ""success"": 0.0}",0,9,0.0,0.21415898203849792,0.21415898203849792,0,0.13464429999999084,True,0,45,9,0.0,s3_history_mpc9,1.0,0,0.0,ood_square_frozen_n5,3,301,square,D:\EV-TTT\adajepa_official_51d8665\artifacts\ood\val_square_frozen_n5\oracle\sample_003\s3_history_mpc9_anchor.npz,0.0
ood,val_square,D:\EV-TTT\adajepa_official_51d8665\artifacts\ood\val_square_frozen_n5,pushobj_norm_envapi_v1,FROZEN,0,"{""state_dist"": 0.0, ""success"": 0.0}",0,10,0.0,0.16506069898605347,0.16506069898605347,0,0.1488469999999893,True,0,50,10,0.0,s3_history_mpc10,1.0,0,0.0,ood_square_frozen_n5,3,301,square,D:\EV-TTT\adajepa_official_51d8665\artifacts\ood\val_square_frozen_n5\oracle\sample_003\s3_history_mpc10_anchor.npz,0.0
ood,val_square,D:\EV-TTT\adajepa_official_51d8665\artifacts\ood\val_square_frozen_n5,pushobj_norm_envapi_v1,FROZEN,0,"{""state_dist"": 0.0, ""success"": 0.0}",0,11,0.0,0.15522567927837372,0.15522567927837372,0,0.16249040000002424,True,0,55,11,0.0,s3_history_mpc11,1.0,0,0.0,ood_square_frozen_n5,3,301,square,D:\EV-TTT\adajepa_official_51d8665\artifacts\ood\val_square_frozen_n5\oracle\sample_003\s3_history_mpc11_anchor.npz,0.0
ood,val_square,D:\EV-TTT\adajepa_official_51d8665\artifacts\ood\val_square_frozen_n5,pushobj_norm_envapi_v1,FROZEN,0,"{""state_dist"": 0.0, ""success"": 0.0}",0,12,0.0,0.1671416461467743,0.1671416461467743,0,0.16713689999994585,True,0,60,12,0.0,s3_history_mpc12,1.0,0,0.0,ood_square_frozen_n5,3,301,square,D:\EV-TTT\adajepa_official_51d8665\artifacts\ood\val_square_frozen_n5\oracle\sample_003\s3_history_mpc12_anchor.npz,0.0
ood,val_square,D:\EV-TTT\adajepa_official_51d8665\artifacts\ood\val_square_frozen_n5,pushobj_norm_envapi_v1,FROZEN,0,"{""state_dist"": 0.0, ""success"": 0.0}",0,13,0.0,0.17949587106704712,0.17949587106704712,0,0.16115379999996549,True,0,65,13,0.0,s3_history_mpc13,1.0,0,0.0,ood_square_frozen_n5,3,301,square,D:\EV-TTT\adajepa_official_51d8665\artifacts\ood\val_square_frozen_n5\oracle\sample_003\s3_history_mpc13_anchor.npz,0.0
ood,val_square,D:\EV-TTT\adajepa_official_51d8665\artifacts\ood\val_square_frozen_n5,pushobj_norm_envapi_v1,FROZEN,0,"{""state_dist"": 0.0, ""success"": 0.0}",0,14,0.0,0.18018856644630432,0.18018856644630432,0,0.19094619999998486,True,0,70,14,0.0,s3_history_mpc14,1.0,0,0.0,ood_square_frozen_n5,3,301,square,D:\EV-TTT\adajepa_official_51d8665\artifacts\ood\val_square_frozen_n5\oracle\sample_003\s3_history_mpc14_anchor.npz,0.0
ood,val_square,D:\EV-TTT\adajepa_official_51d8665\artifacts\ood\val_square_frozen_n5,pushobj_norm_envapi_v1,FROZEN,0,"{""state_dist"": 0.0, ""success"": 0.0}",0,15,0.0,0.1898159384727478,0.1898159384727478,0,0.1871749000000591,True,0,75,15,0.0,s3_history_mpc15,1.0,0,0.0,ood_square_frozen_n5,3,301,square,D:\EV-TTT\adajepa_official_51d8665\artifacts\ood\val_square_frozen_n5\oracle\sample_003\s3_history_mpc15_anchor.npz,0.0
ood,val_square,D:\EV-TTT\adajepa_official_51d8665\artifacts\ood\val_square_frozen_n5,pushobj_norm_envapi_v1,FROZEN,0,"{""state_dist"": 0.0, ""success"": 0.0}",0,16,0.0,0.1912287473678589,0.1912287473678589,0,0.1962757999999667,True,0,80,16,0.0,s3_history_mpc16,1.0,0,0.0,ood_square_frozen_n5,3,301,square,D:\EV-TTT\adajepa_official_51d8665\artifacts\ood\val_square_frozen_n5\oracle\sample_003\s3_history_mpc16_anchor.npz,0.0
ood,val_square,D:\EV-TTT\adajepa_official_51d8665\artifacts\ood\val_square_frozen_n5,pushobj_norm_envapi_v1,FROZEN,0,"{""state_dist"": 0.0, ""success"": 0.0}",0,17,0.0,0.18623293936252594,0.18623293936252594,0,0.20926139999994575,True,0,85,17,0.0,s3_history_mpc17,1.0,0,0.0,ood_square_frozen_n5,3,301,square,D:\EV-TTT\adajepa_official_51d8665\artifacts\ood\val_square_frozen_n5\oracle\sample_003\s3_history_mpc17_anchor.npz,0.0
ood,val_square,D:\EV-TTT\adajepa_official_51d8665\artifacts\ood\val_square_frozen_n5,pushobj_norm_envapi_v1,FROZEN,0,"{""state_dist"": 0.0, ""success"": 0.0}",0,18,0.0,0.1853465586900711,0.1853465586900711,0,0.21291420000000016,True,0,90,18,0.0,s3_history_mpc18,1.0,0,0.0,ood_square_frozen_n5,3,301,square,D:\EV-TTT\adajepa_official_51d8665\artifacts\ood\val_square_frozen_n5\oracle\sample_003\s3_history_mpc18_anchor.npz,0.0
ood,val_square,D:\EV-TTT\adajepa_official_51d8665\artifacts\ood\val_square_frozen_n5,pushobj_norm_envapi_v1,FROZEN,0,"{""state_dist"": 0.0, ""success"": 0.0}",0,19,0.0,0.18630558252334595,0.18630558252334595,0,0.2328235999999606,True,0,95,19,0.0,s3_history_mpc19,1.0,0,0.0,ood_square_frozen_n5,3,301,square,D:\EV-TTT\adajepa_official_51d8665\artifacts\ood\val_square_frozen_n5\oracle\sample_003\s3_history_mpc19_anchor.npz,0.0
ood,val_square,D:\EV-TTT\adajepa_official_51d8665\artifacts\ood\val_square_frozen_n5,pushobj_norm_envapi_v1,FROZEN,0,"{""state_dist"": 0.0, ""success"": 0.0}",0,0,0.0,3.1761350631713867,3.1761350631713867,0,0.003010799999970004,True,0,0,0,0.0,s4_history_mpc0,1.0,0,0.0,ood_square_frozen_n5,4,401,square,D:\EV-TTT\adajepa_official_51d8665\artifacts\ood\val_square_frozen_n5\oracle\sample_004\s4_history_mpc0_anchor.npz,0.0
ood,val_square,D:\EV-TTT\adajepa_official_51d8665\artifacts\ood\val_square_frozen_n5,pushobj_norm_envapi_v1,FROZEN,0,"{""state_dist"": 0.0, ""success"": 0.0}",0,1,0.0,2.9697272777557373,2.9697272777557373,0,0.02062469999998484,True,0,5,1,0.0,s4_history_mpc1,1.0,0,0.0,ood_square_frozen_n5,4,401,square,D:\EV-TTT\adajepa_official_51d8665\artifacts\ood\val_square_frozen_n5\oracle\sample_004\s4_history_mpc1_anchor.npz,0.0
ood,val_square,D:\EV-TTT\adajepa_official_51d8665\artifacts\ood\val_square_frozen_n5,pushobj_norm_envapi_v1,FROZEN,0,"{""state_dist"": 0.0, ""success"": 0.0}",0,2,0.0,1.8944913148880005,1.8944913148880005,0,0.03686470000002373,True,0,10,2,0.0,s4_history_mpc2,1.0,0,0.0,ood_square_frozen_n5,4,401,square,D:\EV-TTT\adajepa_official_51d8665\artifacts\ood\val_square_frozen_n5\oracle\sample_004\s4_history_mpc2_anchor.npz,0.0
ood,val_square,D:\EV-TTT\adajepa_official_51d8665\artifacts\ood\val_square_frozen_n5,pushobj_norm_envapi_v1,FROZEN,0,"{""state_dist"": 0.0, ""success"": 0.0}",0,3,0.0,0.7672430276870728,0.7672430276870728,0,0.05047520000005079,True,0,15,3,0.0,s4_history_mpc3,1.0,0,0.0,ood_square_frozen_n5,4,401,square,D:\EV-TTT\adajepa_official_51d8665\artifacts\ood\val_square_frozen_n5\oracle\sample_004\s4_history_mpc3_anchor.npz,0.0
ood,val_square,D:\EV-TTT\adajepa_official_51d8665\artifacts\ood\val_square_frozen_n5,pushobj_norm_envapi_v1,FROZEN,0,"{""state_dist"": 0.0, ""success"": 0.0}",0,4,0.0,0.7630848288536072,0.7630848288536072,0,0.07185450000008586,True,0,20,4,0.0,s4_history_mpc4,1.0,0,0.0,ood_square_frozen_n5,4,401,square,D:\EV-TTT\adajepa_official_51d8665\artifacts\ood\val_square_frozen_n5\oracle\sample_004\s4_history_mpc4_anchor.npz,0.0
ood,val_square,D:\EV-TTT\adajepa_official_51d8665\artifacts\ood\val_square_frozen_n5,pushobj_norm_envapi_v1,FROZEN,0,"{""state_dist"": 0.0, ""success"": 0.0}",0,5,0.0,1.3029649257659912,1.3029649257659912,0,0.0850290999999288,True,0,25,5,0.0,s4_history_mpc5,1.0,0,0.0,ood_square_frozen_n5,4,401,square,D:\EV-TTT\adajepa_official_51d8665\artifacts\ood\val_square_frozen_n5\oracle\sample_004\s4_history_mpc5_anchor.npz,0.0
ood,val_square,D:\EV-TTT\adajepa_official_51d8665\artifacts\ood\val_square_frozen_n5,pushobj_norm_envapi_v1,FROZEN,0,"{""state_dist"": 0.0, ""success"": 0.0}",0,6,0.0,1.472118854522705,1.472118854522705,0,0.10435080000002017,True,0,30,6,0.0,s4_history_mpc6,1.0,0,0.0,ood_square_frozen_n5,4,401,square,D:\EV-TTT\adajepa_official_51d8665\artifacts\ood\val_square_frozen_n5\oracle\sample_004\s4_history_mpc6_anchor.npz,0.0
ood,val_square,D:\EV-TTT\adajepa_official_51d8665\artifacts\ood\val_square_frozen_n5,pushobj_norm_envapi_v1,FROZEN,0,"{""state_dist"": 0.0, ""success"": 0.0}",0,7,0.0,1.5680325031280518,1.5680325031280518,0,0.11301309999998921,True,0,35,7,0.0,s4_history_mpc7,1.0,0,0.0,ood_square_frozen_n5,4,401,square,D:\EV-TTT\adajepa_official_51d8665\artifacts\ood\val_square_frozen_n5\oracle\sample_004\s4_history_mpc7_anchor.npz,0.0
ood,val_square,D:\EV-TTT\adajepa_official_51d8665\artifacts\ood\val_square_frozen_n5,pushobj_norm_envapi_v1,FROZEN,0,"{""state_dist"": 0.0, ""success"": 0.0}",0,8,0.0,1.6231104135513306,1.6231104135513306,0,0.12066950000007637,True,0,40,8,0.0,s4_history_mpc8,1.0,0,0.0,ood_square_frozen_n5,4,401,square,D:\EV-TTT\adajepa_official_51d8665\artifacts\ood\val_square_frozen_n5\oracle\sample_004\s4_history_mpc8_anchor.npz,0.0
ood,val_square,D:\EV-TTT\adajepa_official_51d8665\artifacts\ood\val_square_frozen_n5,pushobj_norm_envapi_v1,FROZEN,0,"{""state_dist"": 0.0, ""success"": 0.0}",0,9,0.0,1.6878992319107056,1.6878992319107056,0,0.13330609999991339,True,0,45,9,0.0,s4_history_mpc9,1.0,0,0.0,ood_square_frozen_n5,4,401,square,D:\EV-TTT\adajepa_official_51d8665\artifacts\ood\val_square_frozen_n5\oracle\sample_004\s4_history_mpc9_anchor.npz,0.0
ood,val_square,D:\EV-TTT\adajepa_official_51d8665\artifacts\ood\val_square_frozen_n5,pushobj_norm_envapi_v1,FROZEN,0,"{""state_dist"": 0.0, ""success"": 0.0}",0,10,0.0,1.723633885383606,1.723633885383606,0,0.14854700000000776,True,0,50,10,0.0,s4_history_mpc10,1.0,0,0.0,ood_square_frozen_n5,4,401,square,D:\EV-TTT\adajepa_official_51d8665\artifacts\ood\val_square_frozen_n5\oracle\sample_004\s4_history_mpc10_anchor.npz,0.0
ood,val_square,D:\EV-TTT\adajepa_official_51d8665\artifacts\ood\val_square_frozen_n5,pushobj_norm_envapi_v1,FROZEN,0,"{""state_dist"": 0.0, ""success"": 0.0}",0,11,0.0,1.7634140253067017,1.7634140253067017,0,0.15566299999989042,True,0,55,11,0.0,s4_history_mpc11,1.0,0,0.0,ood_square_frozen_n5,4,401,square,D:\EV-TTT\adajepa_official_51d8665\artifacts\ood\val_square_frozen_n5\oracle\sample_004\s4_history_mpc11_anchor.npz,0.0
ood,val_square,D:\EV-TTT\adajepa_official_51d8665\artifacts\ood\val_square_frozen_n5,pushobj_norm_envapi_v1,FROZEN,0,"{""state_dist"": 0.0, ""success"": 0.0}",0,12,0.0,1.7946233749389648,1.7946233749389648,0,0.1603926999999885,True,0,60,12,0.0,s4_history_mpc12,1.0,0,0.0,ood_square_frozen_n5,4,401,square,D:\EV-TTT\adajepa_official_51d8665\artifacts\ood\val_square_frozen_n5\oracle\sample_004\s4_history_mpc12_anchor.npz,0.0
ood,val_square,D:\EV-TTT\adajepa_official_51d8665\artifacts\ood\val_square_frozen_n5,pushobj_norm_envapi_v1,FROZEN,0,"{""state_dist"": 0.0, ""success"": 0.0}",0,13,0.0,1.8170276880264282,1.8170276880264282,0,0.17731939999998758,True,0,65,13,0.0,s4_history_mpc13,1.0,0,0.0,ood_square_frozen_n5,4,401,square,D:\EV-TTT\adajepa_official_51d8665\artifacts\ood\val_square_frozen_n5\oracle\sample_004\s4_history_mpc13_anchor.npz,0.0
ood,val_square,D:\EV-TTT\adajepa_official_51d8665\artifacts\ood\val_square_frozen_n5,pushobj_norm_envapi_v1,FROZEN,0,"{""state_dist"": 0.0, ""success"": 0.0}",0,14,0.0,1.842031478881836,1.842031478881836,0,0.18994490000000042,True,0,70,14,0.0,s4_history_mpc14,1.0,0,0.0,ood_square_frozen_n5,4,401,square,D:\EV-TTT\adajepa_official_51d8665\artifacts\ood\val_square_frozen_n5\oracle\sample_004\s4_history_mpc14_anchor.npz,0.0
ood,val_square,D:\EV-TTT\adajepa_official_51d8665\artifacts\ood\val_square_frozen_n5,pushobj_norm_envapi_v1,FROZEN,0,"{""state_dist"": 0.0, ""success"": 0.0}",0,15,0.0,1.8584200143814087,1.8584200143814087,0,0.18973799999992025,True,0,75,15,0.0,s4_history_mpc15,1.0,0,0.0,ood_square_frozen_n5,4,401,square,D:\EV-TTT\adajepa_official_51d8665\artifacts\ood\val_square_frozen_n5\oracle\sample_004\s4_history_mpc15_anchor.npz,0.0
ood,val_square,D:\EV-TTT\adajepa_official_51d8665\artifacts\ood\val_square_frozen_n5,pushobj_norm_envapi_v1,FROZEN,0,"{""state_dist"": 0.0, ""success"": 0.0}",0,16,0.0,1.8786873817443848,1.8786873817443848,0,0.20529810000005,True,0,80,16,0.0,s4_history_mpc16,1.0,0,0.0,ood_square_frozen_n5,4,401,square,D:\EV-TTT\adajepa_official_51d8665\artifacts\ood\val_square_frozen_n5\oracle\sample_004\s4_history_mpc16_anchor.npz,0.0
ood,val_square,D:\EV-TTT\adajepa_official_51d8665\artifacts\ood\val_square_frozen_n5,pushobj_norm_envapi_v1,FROZEN,0,"{""state_dist"": 0.0, ""success"": 0.0}",0,17,0.0,1.8901787996292114,1.8901787996292114,0,0.2204977000000099,True,0,85,17,0.0,s4_history_mpc17,1.0,0,0.0,ood_square_frozen_n5,4,401,square,D:\EV-TTT\adajepa_official_51d8665\artifacts\ood\val_square_frozen_n5\oracle\sample_004\s4_history_mpc17_anchor.npz,0.0
ood,val_square,D:\EV-TTT\adajepa_official_51d8665\artifacts\ood\val_square_frozen_n5,pushobj_norm_envapi_v1,FROZEN,0,"{""state_dist"": 0.0, ""success"": 0.0}",0,18,0.0,1.9063808917999268,1.9063808917999268,0,0.232535299999995,True,0,90,18,0.0,s4_history_mpc18,1.0,0,0.0,ood_square_frozen_n5,4,401,square,D:\EV-TTT\adajepa_official_51d8665\artifacts\ood\val_square_frozen_n5\oracle\sample_004\s4_history_mpc18_anchor.npz,0.0
ood,val_square,D:\EV-TTT\adajepa_official_51d8665\artifacts\ood\val_square_frozen_n5,pushobj_norm_envapi_v1,FROZEN,0,"{""state_dist"": 0.0, ""success"": 0.0}",0,19,0.0,1.9161124229431152,1.9161124229431152,0,0.23511359999997694,True,0,95,19,0.0,s4_history_mpc19,1.0,0,0.0,ood_square_frozen_n5,4,401,square,D:\EV-TTT\adajepa_official_51d8665\artifacts\ood\val_square_frozen_n5\oracle\sample_004\s4_history_mpc19_anchor.npz,0.0
ood,val_square,D:\EV-TTT\adajepa_official_51d8665\artifacts\ood\val_square_official_n5,pushobj_norm_envapi_v1,OFFICIAL_ADAJEPA,0,"{""state_dist"": 0.0, ""success"": 0.0}",0,0,0.0,0.8416795134544373,0.8416795134544373,0,0.0027672999999985848,True,0,0,0,0.0,s0_history_mpc0,1.0,0,0.0,ood_square_official_n5,0,1,square,D:\EV-TTT\adajepa_official_51d8665\artifacts\ood\val_square_official_n5\oracle\sample_000\s0_history_mpc0_anchor.npz,0.0
ood,val_square,D:\EV-TTT\adajepa_official_51d8665\artifacts\ood\val_square_official_n5,pushobj_norm_envapi_v1,OFFICIAL_ADAJEPA,1,"{""state_dist"": 0.0, ""success"": 0.0}",1,1,0.0,0.8566261529922485,0.8566261529922485,0,0.019411600000001528,True,1,5,1,0.0,s0_history_mpc1,1.0,0,0.0,ood_square_official_n5,0,1,square,D:\EV-TTT\adajepa_official_51d8665\artifacts\ood\val_square_official_n5\oracle\sample_000\s0_history_mpc1_anchor.npz,0.0
ood,val_square,D:\EV-TTT\adajepa_official_51d8665\artifacts\ood\val_square_official_n5,pushobj_norm_envapi_v1,OFFICIAL_ADAJEPA,2,"{""state_dist"": 0.0, ""success"": 0.0}",2,2,0.0,1.5355188846588135,1.5355188846588135,0,0.03648079999999965,True,2,10,2,0.0,s0_history_mpc2,1.0,0,0.0,ood_square_official_n5,0,1,square,D:\EV-TTT\adajepa_official_51d8665\artifacts\ood\val_square_official_n5\oracle\sample_000\s0_history_mpc2_anchor.npz,0.0
ood,val_square,D:\EV-TTT\adajepa_official_51d8665\artifacts\ood\val_square_official_n5,pushobj_norm_envapi_v1,OFFICIAL_ADAJEPA,3,"{""state_dist"": 0.0, ""success"": 0.0}",3,3,0.0,0.44781002402305603,0.44781002402305603,0,0.04928179999999571,True,3,15,3,0.0,s0_history_mpc3,1.0,0,0.0,ood_square_official_n5,0,1,square,D:\EV-TTT\adajepa_official_51d8665\artifacts\ood\val_square_official_n5\oracle\sample_000\s0_history_mpc3_anchor.npz,0.0
ood,val_square,D:\EV-TTT\adajepa_official_51d8665\artifacts\ood\val_square_official_n5,pushobj_norm_envapi_v1,OFFICIAL_ADAJEPA,4,"{""state_dist"": 0.0, ""success"": 0.0}",4,4,0.0,0.35550469160079956,0.35550469160079956,0,0.07237709999999709,True,4,20,4,0.0,s0_history_mpc4,1.0,0,0.0,ood_square_official_n5,0,1,square,D:\EV-TTT\adajepa_official_51d8665\artifacts\ood\val_square_official_n5\oracle\sample_000\s0_history_mpc4_anchor.npz,0.0
ood,val_square,D:\EV-TTT\adajepa_official_51d8665\artifacts\ood\val_square_official_n5,pushobj_norm_envapi_v1,OFFICIAL_ADAJEPA,5,"{""state_dist"": 0.0, ""success"": 0.0}",5,5,0.0,1.1421408653259277,1.1421408653259277,0,0.08895199999999903,True,5,25,5,0.0,s0_history_mpc5,1.0,0,0.0,ood_square_official_n5,0,1,square,D:\EV-TTT\adajepa_official_51d8665\artifacts\ood\val_square_official_n5\oracle\sample_000\s0_history_mpc5_anchor.npz,0.0
ood,val_square,D:\EV-TTT\adajepa_official_51d8665\artifacts\ood\val_square_official_n5,pushobj_norm_envapi_v1,OFFICIAL_ADAJEPA,6,"{""state_dist"": 0.0, ""success"": 0.0}",6,6,0.0,0.3050939738750458,0.3050939738750458,0,0.09213289999999574,True,6,30,6,0.0,s0_history_mpc6,1.0,0,0.0,ood_square_official_n5,0,1,square,D:\EV-TTT\adajepa_official_51d8665\artifacts\ood\val_square_official_n5\oracle\sample_000\s0_history_mpc6_anchor.npz,0.0
ood,val_square,D:\EV-TTT\adajepa_official_51d8665\artifacts\ood\val_square_official_n5,pushobj_norm_envapi_v1,OFFICIAL_ADAJEPA,7,"{""state_dist"": 0.0, ""success"": 0.0}",7,7,0.0,0.28627079725265503,0.28627079725265503,0,0.10490110000000641,True,7,35,7,0.0,s0_history_mpc7,1.0,0,0.0,ood_square_official_n5,0,1,square,D:\EV-TTT\adajepa_official_51d8665\artifacts\ood\val_square_official_n5\oracle\sample_000\s0_history_mpc7_anchor.npz,0.0
ood,val_square,D:\EV-TTT\adajepa_official_51d8665\artifacts\ood\val_square_official_n5,pushobj_norm_envapi_v1,OFFICIAL_ADAJEPA,8,"{""state_dist"": 0.0, ""success"": 0.0}",8,8,0.0,0.26716041564941406,0.26716041564941406,0,0.1198600999999968,True,8,40,8,0.0,s0_history_mpc8,1.0,0,0.0,ood_square_official_n5,0,1,square,D:\EV-TTT\adajepa_official_51d8665\artifacts\ood\val_square_official_n5\oracle\sample_000\s0_history_mpc8_anchor.npz,0.0
ood,val_square,D:\EV-TTT\adajepa_official_51d8665\artifacts\ood\val_square_official_n5,pushobj_norm_envapi_v1,OFFICIAL_ADAJEPA,9,"{""state_dist"": 0.0, ""success"": 0.0}",9,9,0.0,0.2708801031112671,0.2708801031112671,0,0.12580140000000029,True,9,45,9,0.0,s0_history_mpc9,1.0,0,0.0,ood_square_official_n5,0,1,square,D:\EV-TTT\adajepa_official_51d8665\artifacts\ood\val_square_official_n5\oracle\sample_000\s0_history_mpc9_anchor.npz,0.0
ood,val_square,D:\EV-TTT\adajepa_official_51d8665\artifacts\ood\val_square_official_n5,pushobj_norm_envapi_v1,OFFICIAL_ADAJEPA,10,"{""state_dist"": 0.0, ""success"": 0.0}",10,10,0.0,0.27105680108070374,0.27105680108070374,0,0.13908449999999561,True,10,50,10,0.0,s0_history_mpc10,1.0,0,0.0,ood_square_official_n5,0,1,square,D:\EV-TTT\adajepa_official_51d8665\artifacts\ood\val_square_official_n5\oracle\sample_000\s0_history_mpc10_anchor.npz,0.0
ood,val_square,D:\EV-TTT\adajepa_official_51d8665\artifacts\ood\val_square_official_n5,pushobj_norm_envapi_v1,OFFICIAL_ADAJEPA,11,"{""state_dist"": 0.0, ""success"": 0.0}",11,11,0.0,0.27974259853363037,0.27974259853363037,0,0.15390560000000164,True,11,55,11,0.0,s0_history_mpc11,1.0,0,0.0,ood_square_official_n5,0,1,square,D:\EV-TTT\adajepa_official_51d8665\artifacts\ood\val_square_official_n5\oracle\sample_000\s0_history_mpc11_anchor.npz,0.0
ood,val_square,D:\EV-TTT\adajepa_official_51d8665\artifacts\ood\val_square_official_n5,pushobj_norm_envapi_v1,OFFICIAL_ADAJEPA,12,"{""state_dist"": 0.0, ""success"": 0.0}",12,12,0.0,0.2917134165763855,0.2917134165763855,0,0.16635180000000105,True,12,60,12,0.0,s0_history_mpc12,1.0,0,0.0,ood_square_official_n5,0,1,square,D:\EV-TTT\adajepa_official_51d8665\artifacts\ood\val_square_official_n5\oracle\sample_000\s0_history_mpc12_anchor.npz,0.0
ood,val_square,D:\EV-TTT\adajepa_official_51d8665\artifacts\ood\val_square_official_n5,pushobj_norm_envapi_v1,OFFICIAL_ADAJEPA,13,"{""state_dist"": 0.0, ""success"": 0.0}",13,13,0.0,0.31018149852752686,0.31018149852752686,0,0.17487109999999007,True,13,65,13,0.0,s0_history_mpc13,1.0,0,0.0,ood_square_official_n5,0,1,square,D:\EV-TTT\adajepa_official_51d8665\artifacts\ood\val_square_official_n5\oracle\sample_000\s0_history_mpc13_anchor.npz,0.0
ood,val_square,D:\EV-TTT\adajepa_official_51d8665\artifacts\ood\val_square_official_n5,pushobj_norm_envapi_v1,OFFICIAL_ADAJEPA,14,"{""state_dist"": 0.0, ""success"": 0.0}",14,14,0.0,0.3329041600227356,0.3329041600227356,0,0.18966100000000097,True,14,70,14,0.0,s0_history_mpc14,1.0,0,0.0,ood_square_official_n5,0,1,square,D:\EV-TTT\adajepa_official_51d8665\artifacts\ood\val_square_official_n5\oracle\sample_000\s0_history_mpc14_anchor.npz,0.0
ood,val_square,D:\EV-TTT\adajepa_official_51d8665\artifacts\ood\val_square_official_n5,pushobj_norm_envapi_v1,OFFICIAL_ADAJEPA,15,"{""state_dist"": 0.0, ""success"": 0.0}",15,15,0.0,0.3561139702796936,0.3561139702796936,0,0.1902394999999899,True,15,75,15,0.0,s0_history_mpc15,1.0,0,0.0,ood_square_official_n5,0,1,square,D:\EV-TTT\adajepa_official_51d8665\artifacts\ood\val_square_official_n5\oracle\sample_000\s0_history_mpc15_anchor.npz,0.0
ood,val_square,D:\EV-TTT\adajepa_official_51d8665\artifacts\ood\val_square_official_n5,pushobj_norm_envapi_v1,OFFICIAL_ADAJEPA,16,"{""state_dist"": 0.0, ""success"": 0.0}",16,16,0.0,0.38533318042755127,0.38533318042755127,0,0.2052955000000054,True,16,80,16,0.0,s0_history_mpc16,1.0,0,0.0,ood_square_official_n5,0,1,square,D:\EV-TTT\adajepa_official_51d8665\artifacts\ood\val_square_official_n5\oracle\sample_000\s0_history_mpc16_anchor.npz,0.0
ood,val_square,D:\EV-TTT\adajepa_official_51d8665\artifacts\ood\val_square_official_n5,pushobj_norm_envapi_v1,OFFICIAL_ADAJEPA,17,"{""state_dist"": 0.0, ""success"": 0.0}",17,17,0.0,0.4023962616920471,0.4023962616920471,0,0.20913670000001616,True,17,85,17,0.0,s0_history_mpc17,1.0,0,0.0,ood_square_official_n5,0,1,square,D:\EV-TTT\adajepa_official_51d8665\artifacts\ood\val_square_official_n5\oracle\sample_000\s0_history_mpc17_anchor.npz,0.0
ood,val_square,D:\EV-TTT\adajepa_official_51d8665\artifacts\ood\val_square_official_n5,pushobj_norm_envapi_v1,OFFICIAL_ADAJEPA,18,"{""state_dist"": 0.0, ""success"": 0.0}",18,18,0.0,0.47124749422073364,0.47124749422073364,0,0.2211059999999918,True,18,90,18,0.0,s0_history_mpc18,1.0,0,0.0,ood_square_official_n5,0,1,square,D:\EV-TTT\adajepa_official_51d8665\artifacts\ood\val_square_official_n5\oracle\sample_000\s0_history_mpc18_anchor.npz,0.0
ood,val_square,D:\EV-TTT\adajepa_official_51d8665\artifacts\ood\val_square_official_n5,pushobj_norm_envapi_v1,OFFICIAL_ADAJEPA,19,"{""state_dist"": 0.0, ""success"": 0.0}",19,19,0.0,0.39468616247177124,0.39468616247177124,0,0.23242609999999786,True,19,95,19,0.0,s0_history_mpc19,1.0,0,0.0,ood_square_official_n5,0,1,square,D:\EV-TTT\adajepa_official_51d8665\artifacts\ood\val_square_official_n5\oracle\sample_000\s0_history_mpc19_anchor.npz,0.0
ood,val_square,D:\EV-TTT\adajepa_official_51d8665\artifacts\ood\val_square_official_n5,pushobj_norm_envapi_v1,OFFICIAL_ADAJEPA,0,"{""state_dist"": 0.0, ""success"": 0.0}",0,0,0.0,3.0517446994781494,3.0517446994781494,0,0.0032209000000023025,True,0,0,0,0.0,s1_history_mpc0,1.0,0,0.0,ood_square_official_n5,1,101,square,D:\EV-TTT\adajepa_official_51d8665\artifacts\ood\val_square_official_n5\oracle\sample_001\s1_history_mpc0_anchor.npz,0.0
ood,val_square,D:\EV-TTT\adajepa_official_51d8665\artifacts\ood\val_square_official_n5,pushobj_norm_envapi_v1,OFFICIAL_ADAJEPA,1,"{""state_dist"": 0.0, ""success"": 0.0}",1,1,0.0,2.4914066791534424,2.4914066791534424,0,0.02032660000000419,True,1,5,1,0.0,s1_history_mpc1,1.0,0,0.0,ood_square_official_n5,1,101,square,D:\EV-TTT\adajepa_official_51d8665\artifacts\ood\val_square_official_n5\oracle\sample_001\s1_history_mpc1_anchor.npz,0.0
ood,val_square,D:\EV-TTT\adajepa_official_51d8665\artifacts\ood\val_square_official_n5,pushobj_norm_envapi_v1,OFFICIAL_ADAJEPA,2,"{""state_dist"": 0.0, ""success"": 0.0}",2,2,0.0,2.0550336837768555,2.0550336837768555,0,0.029077100000023393,True,2,10,2,0.0,s1_history_mpc2,1.0,0,0.0,ood_square_official_n5,1,101,square,D:\EV-TTT\adajepa_official_51d8665\artifacts\ood\val_square_official_n5\oracle\sample_001\s1_history_mpc2_anchor.npz,0.0
ood,val_square,D:\EV-TTT\adajepa_official_51d8665\artifacts\ood\val_square_official_n5,pushobj_norm_envapi_v1,OFFICIAL_ADAJEPA,3,"{""state_dist"": 0.0, ""success"": 0.0}",3,3,0.0,1.5979808568954468,1.5979808568954468,0,0.04814720000001671,True,3,15,3,0.0,s1_history_mpc3,1.0,0,0.0,ood_square_official_n5,1,101,square,D:\EV-TTT\adajepa_official_51d8665\artifacts\ood\val_square_official_n5\oracle\sample_001\s1_history_mpc3_anchor.npz,0.0
ood,val_square,D:\EV-TTT\adajepa_official_51d8665\artifacts\ood\val_square_official_n5,pushobj_norm_envapi_v1,OFFICIAL_ADAJEPA,4,"{""state_dist"": 0.0, ""success"": 0.0}",4,4,0.0,1.0398917198181152,1.0398917198181152,0,0.0638317000000086,True,4,20,4,0.0,s1_history_mpc4,1.0,0,0.0,ood_square_official_n5,1,101,square,D:\EV-TTT\adajepa_official_51d8665\artifacts\ood\val_square_official_n5\oracle\sample_001\s1_history_mpc4_anchor.npz,0.0
ood,val_square,D:\EV-TTT\adajepa_official_51d8665\artifacts\ood\val_square_official_n5,pushobj_norm_envapi_v1,OFFICIAL_ADAJEPA,5,"{""state_dist"": 0.0, ""success"": 0.0}",5,5,0.0,0.33120137453079224,0.33120137453079224,0,0.09129459999999767,True,5,25,5,0.0,s1_history_mpc5,1.0,0,0.0,ood_square_official_n5,1,101,square,D:\EV-TTT\adajepa_official_51d8665\artifacts\ood\val_square_official_n5\oracle\sample_001\s1_history_mpc5_anchor.npz,0.0
ood,val_square,D:\EV-TTT\adajepa_official_51d8665\artifacts\ood\val_square_official_n5,pushobj_norm_envapi_v1,OFFICIAL_ADAJEPA,0,"{""state_dist"": 0.0, ""success"": 0.0}",0,0,0.0,0.890426516532898,0.890426516532898,0,0.0033554999999978463,True,0,0,0,0.0,s2_history_mpc0,1.0,0,0.0,ood_square_official_n5,2,201,square,D:\EV-TTT\adajepa_official_51d8665\artifacts\ood\val_square_official_n5\oracle\sample_002\s2_history_mpc0_anchor.npz,0.0
ood,val_square,D:\EV-TTT\adajepa_official_51d8665\artifacts\ood\val_square_official_n5,pushobj_norm_envapi_v1,OFFICIAL_ADAJEPA,1,"{""state_dist"": 0.0, ""success"": 0.0}",1,1,0.0,0.7071928977966309,0.7071928977966309,0,0.017719599999992397,True,1,5,1,0.0,s2_history_mpc1,1.0,0,0.0,ood_square_official_n5,2,201,square,D:\EV-TTT\adajepa_official_51d8665\artifacts\ood\val_square_official_n5\oracle\sample_002\s2_history_mpc1_anchor.npz,0.0
ood,val_square,D:\EV-TTT\adajepa_official_51d8665\artifacts\ood\val_square_official_n5,pushobj_norm_envapi_v1,OFFICIAL_ADAJEPA,2,"{""state_dist"": 0.0, ""success"": 0.0}",2,2,0.0,0.39298558235168457,0.39298558235168457,0,0.040360899999996036,True,2,10,2,0.0,s2_history_mpc2,1.0,0,0.0,ood_square_official_n5,2,201,square,D:\EV-TTT\adajepa_official_51d8665\artifacts\ood\val_square_official_n5\oracle\sample_002\s2_history_mpc2_anchor.npz,0.0
ood,val_square,D:\EV-TTT\adajepa_official_51d8665\artifacts\ood\val_square_official_n5,pushobj_norm_envapi_v1,OFFICIAL_ADAJEPA,3,"{""state_dist"": 0.0, ""success"": 0.0}",3,3,0.0,0.2702045142650604,0.2702045142650604,0,0.04479319999995823,True,3,15,3,0.0,s2_history_mpc3,1.0,0,0.0,ood_square_official_n5,2,201,square,D:\EV-TTT\adajepa_official_51d8665\artifacts\ood\val_square_official_n5\oracle\sample_002\s2_history_mpc3_anchor.npz,0.0
ood,val_square,D:\EV-TTT\adajepa_official_51d8665\artifacts\ood\val_square_official_n5,pushobj_norm_envapi_v1,OFFICIAL_ADAJEPA,4,"{""state_dist"": 0.0, ""success"": 0.0}",4,4,0.0,0.13004712760448456,0.13004712760448456,0,0.07134610000002795,True,4,20,4,0.0,s2_history_mpc4,1.0,0,0.0,ood_square_official_n5,2,201,square,D:\EV-TTT\adajepa_official_51d8665\artifacts\ood\val_square_official_n5\oracle\sample_002\s2_history_mpc4_anchor.npz,0.0
ood,val_square,D:\EV-TTT\adajepa_official_51d8665\artifacts\ood\val_square_official_n5,pushobj_norm_envapi_v1,OFFICIAL_ADAJEPA,0,"{""state_dist"": 0.0, ""success"": 0.0}",0,0,0.0,2.2959797382354736,2.2959797382354736,0,0.00329650000003312,True,0,0,0,0.0,s3_history_mpc0,1.0,0,0.0,ood_square_official_n5,3,301,square,D:\EV-TTT\adajepa_official_51d8665\artifacts\ood\val_square_official_n5\oracle\sample_003\s3_history_mpc0_anchor.npz,0.0
ood,val_square,D:\EV-TTT\adajepa_official_51d8665\artifacts\ood\val_square_official_n5,pushobj_norm_envapi_v1,OFFICIAL_ADAJEPA,1,"{""state_dist"": 0.0, ""success"": 0.0}",1,1,0.0,2.200133800506592,2.200133800506592,0,0.022237500000017008,True,1,5,1,0.0,s3_history_mpc1,1.0,0,0.0,ood_square_official_n5,3,301,square,D:\EV-TTT\adajepa_official_51d8665\artifacts\ood\val_square_official_n5\oracle\sample_003\s3_history_mpc1_anchor.npz,0.0
ood,val_square,D:\EV-TTT\adajepa_official_51d8665\artifacts\ood\val_square_official_n5,pushobj_norm_envapi_v1,OFFICIAL_ADAJEPA,2,"{""state_dist"": 0.0, ""success"": 0.0}",2,2,0.0,2.058870315551758,2.058870315551758,0,0.034876100000019505,True,2,10,2,0.0,s3_history_mpc2,1.0,0,0.0,ood_square_official_n5,3,301,square,D:\EV-TTT\adajepa_official_51d8665\artifacts\ood\val_square_official_n5\oracle\sample_003\s3_history_mpc2_anchor.npz,0.0
ood,val_square,D:\EV-TTT\adajepa_official_51d8665\artifacts\ood\val_square_official_n5,pushobj_norm_envapi_v1,OFFICIAL_ADAJEPA,3,"{""state_dist"": 0.0, ""success"": 0.0}",3,3,0.0,1.1031489372253418,1.1031489372253418,0,0.05429399999997031,True,3,15,3,0.0,s3_history_mpc3,1.0,0,0.0,ood_square_official_n5,3,301,square,D:\EV-TTT\adajepa_official_51d8665\artifacts\ood\val_square_official_n5\oracle\sample_003\s3_history_mpc3_anchor.npz,0.0
ood,val_square,D:\EV-TTT\adajepa_official_51d8665\artifacts\ood\val_square_official_n5,pushobj_norm_envapi_v1,OFFICIAL_ADAJEPA,4,"{""state_dist"": 0.0, ""success"": 0.0}",4,4,0.0,0.6761614084243774,0.6761614084243774,0,0.07273529999997663,True,4,20,4,0.0,s3_history_mpc4,1.0,0,0.0,ood_square_official_n5,3,301,square,D:\EV-TTT\adajepa_official_51d8665\artifacts\ood\val_square_official_n5\oracle\sample_003\s3_history_mpc4_anchor.npz,0.0
ood,val_square,D:\EV-TTT\adajepa_official_51d8665\artifacts\ood\val_square_official_n5,pushobj_norm_envapi_v1,OFFICIAL_ADAJEPA,5,"{""state_dist"": 0.0, ""success"": 0.0}",5,5,0.0,0.6035906076431274,0.6035906076431274,0,0.08541989999997668,True,5,25,5,0.0,s3_history_mpc5,1.0,0,0.0,ood_square_official_n5,3,301,square,D:\EV-TTT\adajepa_official_51d8665\artifacts\ood\val_square_official_n5\oracle\sample_003\s3_history_mpc5_anchor.npz,0.0
ood,val_square,D:\EV-TTT\adajepa_official_51d8665\artifacts\ood\val_square_official_n5,pushobj_norm_envapi_v1,OFFICIAL_ADAJEPA,6,"{""state_dist"": 0.0, ""success"": 0.0}",6,6,0.0,0.3110324442386627,0.3110324442386627,0,0.09892530000001898,True,6,30,6,0.0,s3_history_mpc6,1.0,0,0.0,ood_square_official_n5,3,301,square,D:\EV-TTT\adajepa_official_51d8665\artifacts\ood\val_square_official_n5\oracle\sample_003\s3_history_mpc6_anchor.npz,0.0
ood,val_square,D:\EV-TTT\adajepa_official_51d8665\artifacts\ood\val_square_official_n5,pushobj_norm_envapi_v1,OFFICIAL_ADAJEPA,7,"{""state_dist"": 0.0, ""success"": 0.0}",7,7,0.0,0.251737505197525,0.251737505197525,0,0.10775929999999789,True,7,35,7,0.0,s3_history_mpc7,1.0,0,0.0,ood_square_official_n5,3,301,square,D:\EV-TTT\adajepa_official_51d8665\artifacts\ood\val_square_official_n5\oracle\sample_003\s3_history_mpc7_anchor.npz,0.0
ood,val_square,D:\EV-TTT\adajepa_official_51d8665\artifacts\ood\val_square_official_n5,pushobj_norm_envapi_v1,OFFICIAL_ADAJEPA,8,"{""state_dist"": 0.0, ""success"": 0.0}",8,8,0.0,0.2939038574695587,0.2939038574695587,0,0.11269040000001951,True,8,40,8,0.0,s3_history_mpc8,1.0,0,0.0,ood_square_official_n5,3,301,square,D:\EV-TTT\adajepa_official_51d8665\artifacts\ood\val_square_official_n5\oracle\sample_003\s3_history_mpc8_anchor.npz,0.0
ood,val_square,D:\EV-TTT\adajepa_official_51d8665\artifacts\ood\val_square_official_n5,pushobj_norm_envapi_v1,OFFICIAL_ADAJEPA,9,"{""state_dist"": 0.0, ""success"": 0.0}",9,9,0.0,0.5364772081375122,0.5364772081375122,0,0.1306134999999813,True,9,45,9,0.0,s3_history_mpc9,1.0,0,0.0,ood_square_official_n5,3,301,square,D:\EV-TTT\adajepa_official_51d8665\artifacts\ood\val_square_official_n5\oracle\sample_003\s3_history_mpc9_anchor.npz,0.0
ood,val_square,D:\EV-TTT\adajepa_official_51d8665\artifacts\ood\val_square_official_n5,pushobj_norm_envapi_v1,OFFICIAL_ADAJEPA,10,"{""state_dist"": 0.0, ""success"": 0.0}",10,10,0.0,0.09985436499118805,0.09985436499118805,0,0.13819940000001907,True,10,50,10,0.0,s3_history_mpc10,1.0,0,0.0,ood_square_official_n5,3,301,square,D:\EV-TTT\adajepa_official_51d8665\artifacts\ood\val_square_official_n5\oracle\sample_003\s3_history_mpc10_anchor.npz,0.0
ood,val_square,D:\EV-TTT\adajepa_official_51d8665\artifacts\ood\val_square_official_n5,pushobj_norm_envapi_v1,OFFICIAL_ADAJEPA,11,"{""state_dist"": 0.0, ""success"": 0.0}",11,11,0.0,0.04781845957040787,0.04781845957040787,0,0.14878909999998768,True,11,55,11,0.0,s3_history_mpc11,1.0,0,0.0,ood_square_official_n5,3,301,square,D:\EV-TTT\adajepa_official_51d8665\artifacts\ood\val_square_official_n5\oracle\sample_003\s3_history_mpc11_anchor.npz,0.0
ood,val_square,D:\EV-TTT\adajepa_official_51d8665\artifacts\ood\val_square_official_n5,pushobj_norm_envapi_v1,OFFICIAL_ADAJEPA,12,"{""state_dist"": 0.0, ""success"": 0.0}",12,12,0.0,0.04866383969783783,0.04866383969783783,0,0.15453249999995933,True,12,60,12,0.0,s3_history_mpc12,1.0,0,0.0,ood_square_official_n5,3,301,square,D:\EV-TTT\adajepa_official_51d8665\artifacts\ood\val_square_official_n5\oracle\sample_003\s3_history_mpc12_anchor.npz,0.0
ood,val_square,D:\EV-TTT\adajepa_official_51d8665\artifacts\ood\val_square_official_n5,pushobj_norm_envapi_v1,OFFICIAL_ADAJEPA,13,"{""state_dist"": 0.0, ""success"": 0.0}",13,13,0.0,0.05353280156850815,0.05353280156850815,0,0.1662625000000162,True,13,65,13,0.0,s3_history_mpc13,1.0,0,0.0,ood_square_official_n5,3,301,square,D:\EV-TTT\adajepa_official_51d8665\artifacts\ood\val_square_official_n5\oracle\sample_003\s3_history_mpc13_anchor.npz,0.0
ood,val_square,D:\EV-TTT\adajepa_official_51d8665\artifacts\ood\val_square_official_n5,pushobj_norm_envapi_v1,OFFICIAL_ADAJEPA,14,"{""state_dist"": 0.0, ""success"": 0.0}",14,14,0.0,0.06228206306695938,0.06228206306695938,0,0.18334189999995942,True,14,70,14,0.0,s3_history_mpc14,1.0,0,0.0,ood_square_official_n5,3,301,square,D:\EV-TTT\adajepa_official_51d8665\artifacts\ood\val_square_official_n5\oracle\sample_003\s3_history_mpc14_anchor.npz,0.0
ood,val_square,D:\EV-TTT\adajepa_official_51d8665\artifacts\ood\val_square_official_n5,pushobj_norm_envapi_v1,OFFICIAL_ADAJEPA,15,"{""state_dist"": 0.0, ""success"": 0.0}",15,15,0.0,0.05898677557706833,0.05898677557706833,0,0.19018949999997403,True,15,75,15,0.0,s3_history_mpc15,1.0,0,0.0,ood_square_official_n5,3,301,square,D:\EV-TTT\adajepa_official_51d8665\artifacts\ood\val_square_official_n5\oracle\sample_003\s3_history_mpc15_anchor.npz,0.0
ood,val_square,D:\EV-TTT\adajepa_official_51d8665\artifacts\ood\val_square_official_n5,pushobj_norm_envapi_v1,OFFICIAL_ADAJEPA,16,"{""state_dist"": 0.0, ""success"": 0.0}",16,16,0.0,0.05223262310028076,0.05223262310028076,0,0.20535080000001926,True,16,80,16,0.0,s3_history_mpc16,1.0,0,0.0,ood_square_official_n5,3,301,square,D:\EV-TTT\adajepa_official_51d8665\artifacts\ood\val_square_official_n5\oracle\sample_003\s3_history_mpc16_anchor.npz,0.0
ood,val_square,D:\EV-TTT\adajepa_official_51d8665\artifacts\ood\val_square_official_n5,pushobj_norm_envapi_v1,OFFICIAL_ADAJEPA,17,"{""state_dist"": 0.0, ""success"": 0.0}",17,17,0.0,0.04528879374265671,0.04528879374265671,0,0.21049600000003466,True,17,85,17,0.0,s3_history_mpc17,1.0,0,0.0,ood_square_official_n5,3,301,square,D:\EV-TTT\adajepa_official_51d8665\artifacts\ood\val_square_official_n5\oracle\sample_003\s3_history_mpc17_anchor.npz,0.0
ood,val_square,D:\EV-TTT\adajepa_official_51d8665\artifacts\ood\val_square_official_n5,pushobj_norm_envapi_v1,OFFICIAL_ADAJEPA,18,"{""state_dist"": 0.0, ""success"": 0.0}",18,18,0.0,0.04538015276193619,0.04538015276193619,0,0.2174481000000128,True,18,90,18,0.0,s3_history_mpc18,1.0,0,0.0,ood_square_official_n5,3,301,square,D:\EV-TTT\adajepa_official_51d8665\artifacts\ood\val_square_official_n5\oracle\sample_003\s3_history_mpc18_anchor.npz,0.0
ood,val_square,D:\EV-TTT\adajepa_official_51d8665\artifacts\ood\val_square_official_n5,pushobj_norm_envapi_v1,OFFICIAL_ADAJEPA,19,"{""state_dist"": 0.0, ""success"": 0.0}",19,19,0.0,0.04916277900338173,0.04916277900338173,0,0.21586300000001302,True,19,95,19,0.0,s3_history_mpc19,1.0,0,0.0,ood_square_official_n5,3,301,square,D:\EV-TTT\adajepa_official_51d8665\artifacts\ood\val_square_official_n5\oracle\sample_003\s3_history_mpc19_anchor.npz,0.0
ood,val_square,D:\EV-TTT\adajepa_official_51d8665\artifacts\ood\val_square_official_n5,pushobj_norm_envapi_v1,OFFICIAL_ADAJEPA,0,"{""state_dist"": 0.0, ""success"": 0.0}",0,0,0.0,3.1761350631713867,3.1761350631713867,0,0.0026942000000076405,True,0,0,0,0.0,s4_history_mpc0,1.0,0,0.0,ood_square_official_n5,4,401,square,D:\EV-TTT\adajepa_official_51d8665\artifacts\ood\val_square_official_n5\oracle\sample_004\s4_history_mpc0_anchor.npz,0.0
ood,val_square,D:\EV-TTT\adajepa_official_51d8665\artifacts\ood\val_square_official_n5,pushobj_norm_envapi_v1,OFFICIAL_ADAJEPA,1,"{""state_dist"": 0.0, ""success"": 0.0}",1,1,0.0,2.971972942352295,2.971972942352295,0,0.020700700000020333,True,1,5,1,0.0,s4_history_mpc1,1.0,0,0.0,ood_square_official_n5,4,401,square,D:\EV-TTT\adajepa_official_51d8665\artifacts\ood\val_square_official_n5\oracle\sample_004\s4_history_mpc1_anchor.npz,0.0
ood,val_square,D:\EV-TTT\adajepa_official_51d8665\artifacts\ood\val_square_official_n5,pushobj_norm_envapi_v1,OFFICIAL_ADAJEPA,2,"{""state_dist"": 0.0, ""success"": 0.0}",2,2,0.0,1.5896316766738892,1.5896316766738892,0,0.032670699999982844,True,2,10,2,0.0,s4_history_mpc2,1.0,0,0.0,ood_square_official_n5,4,401,square,D:\EV-TTT\adajepa_official_51d8665\artifacts\ood\val_square_official_n5\oracle\sample_004\s4_history_mpc2_anchor.npz,0.0
ood,val_square,D:\EV-TTT\adajepa_official_51d8665\artifacts\ood\val_square_official_n5,pushobj_norm_envapi_v1,OFFICIAL_ADAJEPA,3,"{""state_dist"": 0.0, ""success"": 0.0}",3,3,0.0,0.5605795979499817,0.5605795979499817,0,0.05505399999998417,True,3,15,3,0.0,s4_history_mpc3,1.0,0,0.0,ood_square_official_n5,4,401,square,D:\EV-TTT\adajepa_official_51d8665\artifacts\ood\val_square_official_n5\oracle\sample_004\s4_history_mpc3_anchor.npz,0.0
ood,val_square,D:\EV-TTT\adajepa_official_51d8665\artifacts\ood\val_square_official_n5,pushobj_norm_envapi_v1,OFFICIAL_ADAJEPA,4,"{""state_dist"": 0.0, ""success"": 0.0}",4,4,0.0,1.4278819561004639,1.4278819561004639,0,0.06914929999999231,True,4,20,4,0.0,s4_history_mpc4,1.0,0,0.0,ood_square_official_n5,4,401,square,D:\EV-TTT\adajepa_official_51d8665\artifacts\ood\val_square_official_n5\oracle\sample_004\s4_history_mpc4_anchor.npz,0.0
ood,val_square,D:\EV-TTT\adajepa_official_51d8665\artifacts\ood\val_square_official_n5,pushobj_norm_envapi_v1,OFFICIAL_ADAJEPA,5,"{""state_dist"": 0.0, ""success"": 0.0}",5,5,0.0,1.516675591468811,1.516675591468811,0,0.09575680000000375,True,5,25,5,0.0,s4_history_mpc5,1.0,0,0.0,ood_square_official_n5,4,401,square,D:\EV-TTT\adajepa_official_51d8665\artifacts\ood\val_square_official_n5\oracle\sample_004\s4_history_mpc5_anchor.npz,0.0
ood,val_square,D:\EV-TTT\adajepa_official_51d8665\artifacts\ood\val_square_official_n5,pushobj_norm_envapi_v1,OFFICIAL_ADAJEPA,6,"{""state_dist"": 0.0, ""success"": 0.0}",6,6,0.0,1.6578525304794312,1.6578525304794312,0,0.09819740000000365,True,6,30,6,0.0,s4_history_mpc6,1.0,0,0.0,ood_square_official_n5,4,401,square,D:\EV-TTT\adajepa_official_51d8665\artifacts\ood\val_square_official_n5\oracle\sample_004\s4_history_mpc6_anchor.npz,0.0
ood,val_square,D:\EV-TTT\adajepa_official_51d8665\artifacts\ood\val_square_official_n5,pushobj_norm_envapi_v1,OFFICIAL_ADAJEPA,7,"{""state_dist"": 0.0, ""success"": 0.0}",7,7,0.0,1.7638812065124512,1.7638812065124512,0,0.1128163999999856,True,7,35,7,0.0,s4_history_mpc7,1.0,0,0.0,ood_square_official_n5,4,401,square,D:\EV-TTT\adajepa_official_51d8665\artifacts\ood\val_square_official_n5\oracle\sample_004\s4_history_mpc7_anchor.npz,0.0
ood,val_square,D:\EV-TTT\adajepa_official_51d8665\artifacts\ood\val_square_official_n5,pushobj_norm_envapi_v1,OFFICIAL_ADAJEPA,8,"{""state_dist"": 0.0, ""success"": 0.0}",8,8,0.0,1.807948112487793,1.807948112487793,0,0.12309579999998732,True,8,40,8,0.0,s4_history_mpc8,1.0,0,0.0,ood_square_official_n5,4,401,square,D:\EV-TTT\adajepa_official_51d8665\artifacts\ood\val_square_official_n5\oracle\sample_004\s4_history_mpc8_anchor.npz,0.0
ood,val_square,D:\EV-TTT\adajepa_official_51d8665\artifacts\ood\val_square_official_n5,pushobj_norm_envapi_v1,OFFICIAL_ADAJEPA,9,"{""state_dist"": 0.0, ""success"": 0.0}",9,9,0.0,1.771262526512146,1.771262526512146,0,0.13082350000001952,True,9,45,9,0.0,s4_history_mpc9,1.0,0,0.0,ood_square_official_n5,4,401,square,D:\EV-TTT\adajepa_official_51d8665\artifacts\ood\val_square_official_n5\oracle\sample_004\s4_history_mpc9_anchor.npz,0.0
ood,val_square,D:\EV-TTT\adajepa_official_51d8665\artifacts\ood\val_square_official_n5,pushobj_norm_envapi_v1,OFFICIAL_ADAJEPA,10,"{""state_dist"": 0.0, ""success"": 0.0}",10,10,0.0,1.7332468032836914,1.7332468032836914,0,0.1388296000000082,True,10,50,10,0.0,s4_history_mpc10,1.0,0,0.0,ood_square_official_n5,4,401,square,D:\EV-TTT\adajepa_official_51d8665\artifacts\ood\val_square_official_n5\oracle\sample_004\s4_history_mpc10_anchor.npz,0.0
ood,val_square,D:\EV-TTT\adajepa_official_51d8665\artifacts\ood\val_square_official_n5,pushobj_norm_envapi_v1,OFFICIAL_ADAJEPA,11,"{""state_dist"": 0.0, ""success"": 0.0}",11,11,0.0,1.6742279529571533,1.6742279529571533,0,0.1418568999999934,True,11,55,11,0.0,s4_history_mpc11,1.0,0,0.0,ood_square_official_n5,4,401,square,D:\EV-TTT\adajepa_official_51d8665\artifacts\ood\val_square_official_n5\oracle\sample_004\s4_history_mpc11_anchor.npz,0.0
ood,val_square,D:\EV-TTT\adajepa_official_51d8665\artifacts\ood\val_square_official_n5,pushobj_norm_envapi_v1,OFFICIAL_ADAJEPA,12,"{""state_dist"": 0.0, ""success"": 0.0}",12,12,0.0,1.6011605262756348,1.6011605262756348,0,0.16892430000007153,True,12,60,12,0.0,s4_history_mpc12,1.0,0,0.0,ood_square_official_n5,4,401,square,D:\EV-TTT\adajepa_official_51d8665\artifacts\ood\val_square_official_n5\oracle\sample_004\s4_history_mpc12_anchor.npz,0.0
ood,val_square,D:\EV-TTT\adajepa_official_51d8665\artifacts\ood\val_square_official_n5,pushobj_norm_envapi_v1,OFFICIAL_ADAJEPA,13,"{""state_dist"": 0.0, ""success"": 0.0}",13,13,0.0,1.5121344327926636,1.5121344327926636,0,0.2141130999999632,True,13,65,13,0.0,s4_history_mpc13,1.0,0,0.0,ood_square_official_n5,4,401,square,D:\EV-TTT\adajepa_official_51d8665\artifacts\ood\val_square_official_n5\oracle\sample_004\s4_history_mpc13_anchor.npz,0.0
ood,val_square,D:\EV-TTT\adajepa_official_51d8665\artifacts\ood\val_square_official_n5,pushobj_norm_envapi_v1,OFFICIAL_ADAJEPA,14,"{""state_dist"": 0.0, ""success"": 0.0}",14,14,0.0,1.386441707611084,1.386441707611084,0,0.18597350000004553,True,14,70,14,0.0,s4_history_mpc14,1.0,0,0.0,ood_square_official_n5,4,401,square,D:\EV-TTT\adajepa_official_51d8665\artifacts\ood\val_square_official_n5\oracle\sample_004\s4_history_mpc14_anchor.npz,0.0
ood,val_square,D:\EV-TTT\adajepa_official_51d8665\artifacts\ood\val_square_official_n5,pushobj_norm_envapi_v1,OFFICIAL_ADAJEPA,15,"{""state_dist"": 0.0, ""success"": 0.0}",15,15,0.0,0.7888602018356323,0.7888602018356323,0,0.1951090000000022,True,15,75,15,0.0,s4_history_mpc15,1.0,0,0.0,ood_square_official_n5,4,401,square,D:\EV-TTT\adajepa_official_51d8665\artifacts\ood\val_square_official_n5\oracle\sample_004\s4_history_mpc15_anchor.npz,0.0
ood,val_square,D:\EV-TTT\adajepa_official_51d8665\artifacts\ood\val_square_official_n5,pushobj_norm_envapi_v1,OFFICIAL_ADAJEPA,16,"{""state_dist"": 0.0, ""success"": 0.0}",16,16,0.0,0.3852134346961975,0.3852134346961975,0,0.19792529999995168,True,16,80,16,0.0,s4_history_mpc16,1.0,0,0.0,ood_square_official_n5,4,401,square,D:\EV-TTT\adajepa_official_51d8665\artifacts\ood\val_square_official_n5\oracle\sample_004\s4_history_mpc16_anchor.npz,0.0
ood,val_square,D:\EV-TTT\adajepa_official_51d8665\artifacts\ood\val_square_official_n5,pushobj_norm_envapi_v1,OFFICIAL_ADAJEPA,17,"{""state_dist"": 0.0, ""success"": 0.0}",17,17,0.0,0.46323123574256897,0.46323123574256897,0,0.22391259999994872,True,17,85,17,0.0,s4_history_mpc17,1.0,0,0.0,ood_square_official_n5,4,401,square,D:\EV-TTT\adajepa_official_51d8665\artifacts\ood\val_square_official_n5\oracle\sample_004\s4_history_mpc17_anchor.npz,0.0
ood,val_square,D:\EV-TTT\adajepa_official_51d8665\artifacts\ood\val_square_official_n5,pushobj_norm_envapi_v1,OFFICIAL_ADAJEPA,18,"{""state_dist"": 0.0, ""success"": 0.0}",18,18,0.0,0.5223585963249207,0.5223585963249207,0,0.2272341000000324,True,18,90,18,0.0,s4_history_mpc18,1.0,0,0.0,ood_square_official_n5,4,401,square,D:\EV-TTT\adajepa_official_51d8665\artifacts\ood\val_square_official_n5\oracle\sample_004\s4_history_mpc18_anchor.npz,0.0
ood,val_square,D:\EV-TTT\adajepa_official_51d8665\artifacts\ood\val_square_official_n5,pushobj_norm_envapi_v1,OFFICIAL_ADAJEPA,19,"{""state_dist"": 0.0, ""success"": 0.0}",19,19,0.0,0.4867568612098694,0.4867568612098694,0,0.23039860000005774,True,19,95,19,0.0,s4_history_mpc19,1.0,0,0.0,ood_square_official_n5,4,401,square,D:\EV-TTT\adajepa_official_51d8665\artifacts\ood\val_square_official_n5\oracle\sample_004\s4_history_mpc19_anchor.npz,0.0
ood,val_square,D:\EV-TTT\adajepa_official_51d8665\artifacts\ood\val_square_predictor_only_n5,pushobj_norm_envapi_v1,PREDICTOR_ONLY,0,"{""state_dist"": 0.0, ""success"": 0.0}",0,0,0.0,0.8416795134544373,0.8416795134544373,0,0.0029228000000003362,True,0,0,0,0.0,s0_history_mpc0,1.0,0,0.0,ood_square_predictor_only_n5,0,1,square,D:\EV-TTT\adajepa_official_51d8665\artifacts\ood\val_square_predictor_only_n5\oracle\sample_000\s0_history_mpc0_anchor.npz,0.0
ood,val_square,D:\EV-TTT\adajepa_official_51d8665\artifacts\ood\val_square_predictor_only_n5,pushobj_norm_envapi_v1,PREDICTOR_ONLY,0,"{""state_dist"": 0.0, ""success"": 0.0}",1,1,0.0,0.8564765453338623,0.8564765453338623,0,0.01906020000000197,True,1,5,1,0.0,s0_history_mpc1,1.0,0,0.0,ood_square_predictor_only_n5,0,1,square,D:\EV-TTT\adajepa_official_51d8665\artifacts\ood\val_square_predictor_only_n5\oracle\sample_000\s0_history_mpc1_anchor.npz,0.0
ood,val_square,D:\EV-TTT\adajepa_official_51d8665\artifacts\ood\val_square_predictor_only_n5,pushobj_norm_envapi_v1,PREDICTOR_ONLY,0,"{""state_dist"": 0.0, ""success"": 0.0}",2,2,0.0,1.0190601348876953,1.0190601348876953,0,0.03625279999999975,True,2,10,2,0.0,s0_history_mpc2,1.0,0,0.0,ood_square_predictor_only_n5,0,1,square,D:\EV-TTT\adajepa_official_51d8665\artifacts\ood\val_square_predictor_only_n5\oracle\sample_000\s0_history_mpc2_anchor.npz,0.0
ood,val_square,D:\EV-TTT\adajepa_official_51d8665\artifacts\ood\val_square_predictor_only_n5,pushobj_norm_envapi_v1,PREDICTOR_ONLY,0,"{""state_dist"": 0.0, ""success"": 0.0}",3,3,0.0,0.39589235186576843,0.39589235186576843,0,0.053459900000000005,True,3,15,3,0.0,s0_history_mpc3,1.0,0,0.0,ood_square_predictor_only_n5,0,1,square,D:\EV-TTT\adajepa_official_51d8665\artifacts\ood\val_square_predictor_only_n5\oracle\sample_000\s0_history_mpc3_anchor.npz,0.0
ood,val_square,D:\EV-TTT\adajepa_official_51d8665\artifacts\ood\val_square_predictor_only_n5,pushobj_norm_envapi_v1,PREDICTOR_ONLY,0,"{""state_dist"": 0.0, ""success"": 0.0}",4,4,0.0,0.48945170640945435,0.48945170640945435,0,0.07203729999999808,True,4,20,4,0.0,s0_history_mpc4,1.0,0,0.0,ood_square_predictor_only_n5,0,1,square,D:\EV-TTT\adajepa_official_51d8665\artifacts\ood\val_square_predictor_only_n5\oracle\sample_000\s0_history_mpc4_anchor.npz,0.0
ood,val_square,D:\EV-TTT\adajepa_official_51d8665\artifacts\ood\val_square_predictor_only_n5,pushobj_norm_envapi_v1,PREDICTOR_ONLY,0,"{""state_dist"": 0.0, ""success"": 0.0}",5,5,0.0,1.2014271020889282,1.2014271020889282,0,0.089072299999998,True,5,25,5,0.0,s0_history_mpc5,1.0,0,0.0,ood_square_predictor_only_n5,0,1,square,D:\EV-TTT\adajepa_official_51d8665\artifacts\ood\val_square_predictor_only_n5\oracle\sample_000\s0_history_mpc5_anchor.npz,0.0
ood,val_square,D:\EV-TTT\adajepa_official_51d8665\artifacts\ood\val_square_predictor_only_n5,pushobj_norm_envapi_v1,PREDICTOR_ONLY,0,"{""state_dist"": 0.0, ""success"": 0.0}",6,6,0.0,0.39151516556739807,0.39151516556739807,0,0.09618860000000495,True,6,30,6,0.0,s0_history_mpc6,1.0,0,0.0,ood_square_predictor_only_n5,0,1,square,D:\EV-TTT\adajepa_official_51d8665\artifacts\ood\val_square_predictor_only_n5\oracle\sample_000\s0_history_mpc6_anchor.npz,0.0
ood,val_square,D:\EV-TTT\adajepa_official_51d8665\artifacts\ood\val_square_predictor_only_n5,pushobj_norm_envapi_v1,PREDICTOR_ONLY,0,"{""state_dist"": 0.0, ""success"": 0.0}",7,7,0.0,0.32854530215263367,0.32854530215263367,0,0.1101268000000033,True,7,35,7,0.0,s0_history_mpc7,1.0,0,0.0,ood_square_predictor_only_n5,0,1,square,D:\EV-TTT\adajepa_official_51d8665\artifacts\ood\val_square_predictor_only_n5\oracle\sample_000\s0_history_mpc7_anchor.npz,0.0
ood,val_square,D:\EV-TTT\adajepa_official_51d8665\artifacts\ood\val_square_predictor_only_n5,pushobj_norm_envapi_v1,PREDICTOR_ONLY,0,"{""state_dist"": 0.0, ""success"": 0.0}",8,8,0.0,0.317942351102829,0.317942351102829,0,0.11728420000000028,True,8,40,8,0.0,s0_history_mpc8,1.0,0,0.0,ood_square_predictor_only_n5,0,1,square,D:\EV-TTT\adajepa_official_51d8665\artifacts\ood\val_square_predictor_only_n5\oracle\sample_000\s0_history_mpc8_anchor.npz,0.0
ood,val_square,D:\EV-TTT\adajepa_official_51d8665\artifacts\ood\val_square_predictor_only_n5,pushobj_norm_envapi_v1,PREDICTOR_ONLY,0,"{""state_dist"": 0.0, ""success"": 0.0}",9,9,0.0,0.30334532260894775,0.30334532260894775,0,0.12862659999998982,True,9,45,9,0.0,s0_history_mpc9,1.0,0,0.0,ood_square_predictor_only_n5,0,1,square,D:\EV-TTT\adajepa_official_51d8665\artifacts\ood\val_square_predictor_only_n5\oracle\sample_000\s0_history_mpc9_anchor.npz,0.0
ood,val_square,D:\EV-TTT\adajepa_official_51d8665\artifacts\ood\val_square_predictor_only_n5,pushobj_norm_envapi_v1,PREDICTOR_ONLY,0,"{""state_dist"": 0.0, ""success"": 0.0}",10,10,0.0,0.3024212718009949,0.3024212718009949,0,0.1374232999999947,True,10,50,10,0.0,s0_history_mpc10,1.0,0,0.0,ood_square_predictor_only_n5,0,1,square,D:\EV-TTT\adajepa_official_51d8665\artifacts\ood\val_square_predictor_only_n5\oracle\sample_000\s0_history_mpc10_anchor.npz,0.0
ood,val_square,D:\EV-TTT\adajepa_official_51d8665\artifacts\ood\val_square_predictor_only_n5,pushobj_norm_envapi_v1,PREDICTOR_ONLY,0,"{""state_dist"": 0.0, ""success"": 0.0}",11,11,0.0,0.30217117071151733,0.30217117071151733,0,0.14556960000000174,True,11,55,11,0.0,s0_history_mpc11,1.0,0,0.0,ood_square_predictor_only_n5,0,1,square,D:\EV-TTT\adajepa_official_51d8665\artifacts\ood\val_square_predictor_only_n5\oracle\sample_000\s0_history_mpc11_anchor.npz,0.0
ood,val_square,D:\EV-TTT\adajepa_official_51d8665\artifacts\ood\val_square_predictor_only_n5,pushobj_norm_envapi_v1,PREDICTOR_ONLY,0,"{""state_dist"": 0.0, ""success"": 0.0}",12,12,0.0,0.3126101493835449,0.3126101493835449,0,0.1566580000000073,True,12,60,12,0.0,s0_history_mpc12,1.0,0,0.0,ood_square_predictor_only_n5,0,1,square,D:\EV-TTT\adajepa_official_51d8665\artifacts\ood\val_square_predictor_only_n5\oracle\sample_000\s0_history_mpc12_anchor.npz,0.0
ood,val_square,D:\EV-TTT\adajepa_official_51d8665\artifacts\ood\val_square_predictor_only_n5,pushobj_norm_envapi_v1,PREDICTOR_ONLY,0,"{""state_dist"": 0.0, ""success"": 0.0}",13,13,0.0,0.3379863500595093,0.3379863500595093,0,0.1724105999999921,True,13,65,13,0.0,s0_history_mpc13,1.0,0,0.0,ood_square_predictor_only_n5,0,1,square,D:\EV-TTT\adajepa_official_51d8665\artifacts\ood\val_square_predictor_only_n5\oracle\sample_000\s0_history_mpc13_anchor.npz,0.0
ood,val_square,D:\EV-TTT\adajepa_official_51d8665\artifacts\ood\val_square_predictor_only_n5,pushobj_norm_envapi_v1,PREDICTOR_ONLY,0,"{""state_dist"": 0.0, ""success"": 0.0}",14,14,0.0,0.3645305037498474,0.3645305037498474,0,0.18575749999999402,True,14,70,14,0.0,s0_history_mpc14,1.0,0,0.0,ood_square_predictor_only_n5,0,1,square,D:\EV-TTT\adajepa_official_51d8665\artifacts\ood\val_square_predictor_only_n5\oracle\sample_000\s0_history_mpc14_anchor.npz,0.0
ood,val_square,D:\EV-TTT\adajepa_official_51d8665\artifacts\ood\val_square_predictor_only_n5,pushobj_norm_envapi_v1,PREDICTOR_ONLY,0,"{""state_dist"": 0.0, ""success"": 0.0}",15,15,0.0,0.3908148407936096,0.3908148407936096,0,0.19034320000000093,True,15,75,15,0.0,s0_history_mpc15,1.0,0,0.0,ood_square_predictor_only_n5,0,1,square,D:\EV-TTT\adajepa_official_51d8665\artifacts\ood\val_square_predictor_only_n5\oracle\sample_000\s0_history_mpc15_anchor.npz,0.0
ood,val_square,D:\EV-TTT\adajepa_official_51d8665\artifacts\ood\val_square_predictor_only_n5,pushobj_norm_envapi_v1,PREDICTOR_ONLY,0,"{""state_dist"": 0.0, ""success"": 0.0}",16,16,0.0,0.4125855267047882,0.4125855267047882,0,0.20250400000000468,True,16,80,16,0.0,s0_history_mpc16,1.0,0,0.0,ood_square_predictor_only_n5,0,1,square,D:\EV-TTT\adajepa_official_51d8665\artifacts\ood\val_square_predictor_only_n5\oracle\sample_000\s0_history_mpc16_anchor.npz,0.0
ood,val_square,D:\EV-TTT\adajepa_official_51d8665\artifacts\ood\val_square_predictor_only_n5,pushobj_norm_envapi_v1,PREDICTOR_ONLY,0,"{""state_dist"": 0.0, ""success"": 0.0}",17,17,0.0,0.4318333864212036,0.4318333864212036,0,0.2100996000000066,True,17,85,17,0.0,s0_history_mpc17,1.0,0,0.0,ood_square_predictor_only_n5,0,1,square,D:\EV-TTT\adajepa_official_51d8665\artifacts\ood\val_square_predictor_only_n5\oracle\sample_000\s0_history_mpc17_anchor.npz,0.0
ood,val_square,D:\EV-TTT\adajepa_official_51d8665\artifacts\ood\val_square_predictor_only_n5,pushobj_norm_envapi_v1,PREDICTOR_ONLY,0,"{""state_dist"": 0.0, ""success"": 0.0}",18,18,0.0,0.4412837028503418,0.4412837028503418,0,0.22816280000000688,True,18,90,18,0.0,s0_history_mpc18,1.0,0,0.0,ood_square_predictor_only_n5,0,1,square,D:\EV-TTT\adajepa_official_51d8665\artifacts\ood\val_square_predictor_only_n5\oracle\sample_000\s0_history_mpc18_anchor.npz,0.0
ood,val_square,D:\EV-TTT\adajepa_official_51d8665\artifacts\ood\val_square_predictor_only_n5,pushobj_norm_envapi_v1,PREDICTOR_ONLY,0,"{""state_dist"": 0.0, ""success"": 0.0}",19,19,0.0,0.4398278295993805,0.4398278295993805,0,0.22087510000000066,True,19,95,19,0.0,s0_history_mpc19,1.0,0,0.0,ood_square_predictor_only_n5,0,1,square,D:\EV-TTT\adajepa_official_51d8665\artifacts\ood\val_square_predictor_only_n5\oracle\sample_000\s0_history_mpc19_anchor.npz,0.0
ood,val_square,D:\EV-TTT\adajepa_official_51d8665\artifacts\ood\val_square_predictor_only_n5,pushobj_norm_envapi_v1,PREDICTOR_ONLY,0,"{""state_dist"": 0.0, ""success"": 0.0}",0,0,0.0,3.0517446994781494,3.0517446994781494,0,0.003175400000003492,True,0,0,0,0.0,s1_history_mpc0,1.0,0,0.0,ood_square_predictor_only_n5,1,101,square,D:\EV-TTT\adajepa_official_51d8665\artifacts\ood\val_square_predictor_only_n5\oracle\sample_001\s1_history_mpc0_anchor.npz,0.0
ood,val_square,D:\EV-TTT\adajepa_official_51d8665\artifacts\ood\val_square_predictor_only_n5,pushobj_norm_envapi_v1,PREDICTOR_ONLY,0,"{""state_dist"": 0.0, ""success"": 0.0}",1,1,0.0,2.4960219860076904,2.4960219860076904,0,0.019592200000005278,True,1,5,1,0.0,s1_history_mpc1,1.0,0,0.0,ood_square_predictor_only_n5,1,101,square,D:\EV-TTT\adajepa_official_51d8665\artifacts\ood\val_square_predictor_only_n5\oracle\sample_001\s1_history_mpc1_anchor.npz,0.0
ood,val_square,D:\EV-TTT\adajepa_official_51d8665\artifacts\ood\val_square_predictor_only_n5,pushobj_norm_envapi_v1,PREDICTOR_ONLY,0,"{""state_dist"": 0.0, ""success"": 0.0}",2,2,0.0,2.0426244735717773,2.0426244735717773,0,0.03278050000000121,True,2,10,2,0.0,s1_history_mpc2,1.0,0,0.0,ood_square_predictor_only_n5,1,101,square,D:\EV-TTT\adajepa_official_51d8665\artifacts\ood\val_square_predictor_only_n5\oracle\sample_001\s1_history_mpc2_anchor.npz,0.0
ood,val_square,D:\EV-TTT\adajepa_official_51d8665\artifacts\ood\val_square_predictor_only_n5,pushobj_norm_envapi_v1,PREDICTOR_ONLY,0,"{""state_dist"": 0.0, ""success"": 0.0}",3,3,0.0,1.5677820444107056,1.5677820444107056,0,0.04777579999998238,True,3,15,3,0.0,s1_history_mpc3,1.0,0,0.0,ood_square_predictor_only_n5,1,101,square,D:\EV-TTT\adajepa_official_51d8665\artifacts\ood\val_square_predictor_only_n5\oracle\sample_001\s1_history_mpc3_anchor.npz,0.0
ood,val_square,D:\EV-TTT\adajepa_official_51d8665\artifacts\ood\val_square_predictor_only_n5,pushobj_norm_envapi_v1,PREDICTOR_ONLY,0,"{""state_dist"": 0.0, ""success"": 0.0}",4,4,0.0,0.9656041860580444,0.9656041860580444,0,0.07026429999999095,True,4,20,4,0.0,s1_history_mpc4,1.0,0,0.0,ood_square_predictor_only_n5,1,101,square,D:\EV-TTT\adajepa_official_51d8665\artifacts\ood\val_square_predictor_only_n5\oracle\sample_001\s1_history_mpc4_anchor.npz,0.0
ood,val_square,D:\EV-TTT\adajepa_official_51d8665\artifacts\ood\val_square_predictor_only_n5,pushobj_norm_envapi_v1,PREDICTOR_ONLY,0,"{""state_dist"": 0.0, ""success"": 0.0}",5,5,0.0,0.3037431240081787,0.3037431240081787,0,0.08291720000002556,True,5,25,5,0.0,s1_history_mpc5,1.0,0,0.0,ood_square_predictor_only_n5,1,101,square,D:\EV-TTT\adajepa_official_51d8665\artifacts\ood\val_square_predictor_only_n5\oracle\sample_001\s1_history_mpc5_anchor.npz,0.0
ood,val_square,D:\EV-TTT\adajepa_official_51d8665\artifacts\ood\val_square_predictor_only_n5,pushobj_norm_envapi_v1,PREDICTOR_ONLY,0,"{""state_dist"": 0.0, ""success"": 0.0}",6,6,0.0,0.10826170444488525,0.10826170444488525,0,0.10441769999999906,True,6,30,6,0.0,s1_history_mpc6,1.0,0,0.0,ood_square_predictor_only_n5,1,101,square,D:\EV-TTT\adajepa_official_51d8665\artifacts\ood\val_square_predictor_only_n5\oracle\sample_001\s1_history_mpc6_anchor.npz,0.0
ood,val_square,D:\EV-TTT\adajepa_official_51d8665\artifacts\ood\val_square_predictor_only_n5,pushobj_norm_envapi_v1,PREDICTOR_ONLY,0,"{""state_dist"": 0.0, ""success"": 0.0}",7,7,0.0,0.02382229082286358,0.02382229082286358,0,0.11384050000000911,True,7,35,7,0.0,s1_history_mpc7,1.0,0,0.0,ood_square_predictor_only_n5,1,101,square,D:\EV-TTT\adajepa_official_51d8665\artifacts\ood\val_square_predictor_only_n5\oracle\sample_001\s1_history_mpc7_anchor.npz,0.0
ood,val_square,D:\EV-TTT\adajepa_official_51d8665\artifacts\ood\val_square_predictor_only_n5,pushobj_norm_envapi_v1,PREDICTOR_ONLY,0,"{""state_dist"": 0.0, ""success"": 0.0}",8,8,0.0,0.023995395749807358,0.023995395749807358,0,0.11531139999999596,True,8,40,8,0.0,s1_history_mpc8,1.0,0,0.0,ood_square_predictor_only_n5,1,101,square,D:\EV-TTT\adajepa_official_51d8665\artifacts\ood\val_square_predictor_only_n5\oracle\sample_001\s1_history_mpc8_anchor.npz,0.0
ood,val_square,D:\EV-TTT\adajepa_official_51d8665\artifacts\ood\val_square_predictor_only_n5,pushobj_norm_envapi_v1,PREDICTOR_ONLY,0,"{""state_dist"": 0.0, ""success"": 0.0}",9,9,0.0,0.022569123655557632,0.022569123655557632,0,0.13144270000003644,True,9,45,9,0.0,s1_history_mpc9,1.0,0,0.0,ood_square_predictor_only_n5,1,101,square,D:\EV-TTT\adajepa_official_51d8665\artifacts\ood\val_square_predictor_only_n5\oracle\sample_001\s1_history_mpc9_anchor.npz,0.0
ood,val_square,D:\EV-TTT\adajepa_official_51d8665\artifacts\ood\val_square_predictor_only_n5,pushobj_norm_envapi_v1,PREDICTOR_ONLY,0,"{""state_dist"": 0.0, ""success"": 0.0}",10,10,0.0,0.02342599257826805,0.02342599257826805,0,0.14901300000002493,True,10,50,10,0.0,s1_history_mpc10,1.0,0,0.0,ood_square_predictor_only_n5,1,101,square,D:\EV-TTT\adajepa_official_51d8665\artifacts\ood\val_square_predictor_only_n5\oracle\sample_001\s1_history_mpc10_anchor.npz,0.0
ood,val_square,D:\EV-TTT\adajepa_official_51d8665\artifacts\ood\val_square_predictor_only_n5,pushobj_norm_envapi_v1,PREDICTOR_ONLY,0,"{""state_dist"": 0.0, ""success"": 0.0}",11,11,0.0,0.027281394228339195,0.027281394228339195,0,0.1532736000000341,True,11,55,11,0.0,s1_history_mpc11,1.0,0,0.0,ood_square_predictor_only_n5,1,101,square,D:\EV-TTT\adajepa_official_51d8665\artifacts\ood\val_square_predictor_only_n5\oracle\sample_001\s1_history_mpc11_anchor.npz,0.0
ood,val_square,D:\EV-TTT\adajepa_official_51d8665\artifacts\ood\val_square_predictor_only_n5,pushobj_norm_envapi_v1,PREDICTOR_ONLY,0,"{""state_dist"": 0.0, ""success"": 0.0}",12,12,0.0,0.025891859084367752,0.025891859084367752,0,0.17489190000003418,True,12,60,12,0.0,s1_history_mpc12,1.0,0,0.0,ood_square_predictor_only_n5,1,101,square,D:\EV-TTT\adajepa_official_51d8665\artifacts\ood\val_square_predictor_only_n5\oracle\sample_001\s1_history_mpc12_anchor.npz,0.0
ood,val_square,D:\EV-TTT\adajepa_official_51d8665\artifacts\ood\val_square_predictor_only_n5,pushobj_norm_envapi_v1,PREDICTOR_ONLY,0,"{""state_dist"": 0.0, ""success"": 0.0}",13,13,0.0,0.021323207765817642,0.021323207765817642,0,0.17085990000003903,True,13,65,13,0.0,s1_history_mpc13,1.0,0,0.0,ood_square_predictor_only_n5,1,101,square,D:\EV-TTT\adajepa_official_51d8665\artifacts\ood\val_square_predictor_only_n5\oracle\sample_001\s1_history_mpc13_anchor.npz,0.0
ood,val_square,D:\EV-TTT\adajepa_official_51d8665\artifacts\ood\val_square_predictor_only_n5,pushobj_norm_envapi_v1,PREDICTOR_ONLY,0,"{""state_dist"": 0.0, ""success"": 0.0}",14,14,0.0,0.032884109765291214,0.032884109765291214,0,0.1818418999999949,True,14,70,14,0.0,s1_history_mpc14,1.0,0,0.0,ood_square_predictor_only_n5,1,101,square,D:\EV-TTT\adajepa_official_51d8665\artifacts\ood\val_square_predictor_only_n5\oracle\sample_001\s1_history_mpc14_anchor.npz,0.0
ood,val_square,D:\EV-TTT\adajepa_official_51d8665\artifacts\ood\val_square_predictor_only_n5,pushobj_norm_envapi_v1,PREDICTOR_ONLY,0,"{""state_dist"": 0.0, ""success"": 0.0}",15,15,0.0,0.04789033159613609,0.04789033159613609,0,0.18952020000000402,True,15,75,15,0.0,s1_history_mpc15,1.0,0,0.0,ood_square_predictor_only_n5,1,101,square,D:\EV-TTT\adajepa_official_51d8665\artifacts\ood\val_square_predictor_only_n5\oracle\sample_001\s1_history_mpc15_anchor.npz,0.0
ood,val_square,D:\EV-TTT\adajepa_official_51d8665\artifacts\ood\val_square_predictor_only_n5,pushobj_norm_envapi_v1,PREDICTOR_ONLY,0,"{""state_dist"": 0.0, ""success"": 0.0}",16,16,0.0,0.03640547767281532,0.03640547767281532,0,0.2002849000000424,True,16,80,16,0.0,s1_history_mpc16,1.0,0,0.0,ood_square_predictor_only_n5,1,101,square,D:\EV-TTT\adajepa_official_51d8665\artifacts\ood\val_square_predictor_only_n5\oracle\sample_001\s1_history_mpc16_anchor.npz,0.0
ood,val_square,D:\EV-TTT\adajepa_official_51d8665\artifacts\ood\val_square_predictor_only_n5,pushobj_norm_envapi_v1,PREDICTOR_ONLY,0,"{""state_dist"": 0.0, ""success"": 0.0}",17,17,0.0,0.025097345933318138,0.025097345933318138,0,0.21361749999999802,True,17,85,17,0.0,s1_history_mpc17,1.0,0,0.0,ood_square_predictor_only_n5,1,101,square,D:\EV-TTT\adajepa_official_51d8665\artifacts\ood\val_square_predictor_only_n5\oracle\sample_001\s1_history_mpc17_anchor.npz,0.0
ood,val_square,D:\EV-TTT\adajepa_official_51d8665\artifacts\ood\val_square_predictor_only_n5,pushobj_norm_envapi_v1,PREDICTOR_ONLY,0,"{""state_dist"": 0.0, ""success"": 0.0}",18,18,0.0,0.033544011414051056,0.033544011414051056,0,0.2196583999999575,True,18,90,18,0.0,s1_history_mpc18,1.0,0,0.0,ood_square_predictor_only_n5,1,101,square,D:\EV-TTT\adajepa_official_51d8665\artifacts\ood\val_square_predictor_only_n5\oracle\sample_001\s1_history_mpc18_anchor.npz,0.0
ood,val_square,D:\EV-TTT\adajepa_official_51d8665\artifacts\ood\val_square_predictor_only_n5,pushobj_norm_envapi_v1,PREDICTOR_ONLY,0,"{""state_dist"": 0.0, ""success"": 0.0}",19,19,0.0,0.0431496724486351,0.0431496724486351,0,0.2385714000000121,True,19,95,19,0.0,s1_history_mpc19,1.0,0,0.0,ood_square_predictor_only_n5,1,101,square,D:\EV-TTT\adajepa_official_51d8665\artifacts\ood\val_square_predictor_only_n5\oracle\sample_001\s1_history_mpc19_anchor.npz,0.0
ood,val_square,D:\EV-TTT\adajepa_official_51d8665\artifacts\ood\val_square_predictor_only_n5,pushobj_norm_envapi_v1,PREDICTOR_ONLY,0,"{""state_dist"": 0.0, ""success"": 0.0}",0,0,0.0,0.890426516532898,0.890426516532898,0,0.0032550000000242107,True,0,0,0,0.0,s2_history_mpc0,1.0,0,0.0,ood_square_predictor_only_n5,2,201,square,D:\EV-TTT\adajepa_official_51d8665\artifacts\ood\val_square_predictor_only_n5\oracle\sample_002\s2_history_mpc0_anchor.npz,0.0
ood,val_square,D:\EV-TTT\adajepa_official_51d8665\artifacts\ood\val_square_predictor_only_n5,pushobj_norm_envapi_v1,PREDICTOR_ONLY,0,"{""state_dist"": 0.0, ""success"": 0.0}",1,1,0.0,0.7102993726730347,0.7102993726730347,0,0.019896700000003875,True,1,5,1,0.0,s2_history_mpc1,1.0,0,0.0,ood_square_predictor_only_n5,2,201,square,D:\EV-TTT\adajepa_official_51d8665\artifacts\ood\val_square_predictor_only_n5\oracle\sample_002\s2_history_mpc1_anchor.npz,0.0
ood,val_square,D:\EV-TTT\adajepa_official_51d8665\artifacts\ood\val_square_predictor_only_n5,pushobj_norm_envapi_v1,PREDICTOR_ONLY,0,"{""state_dist"": 0.0, ""success"": 0.0}",2,2,0.0,0.40144118666648865,0.40144118666648865,0,0.03943179999998847,True,2,10,2,0.0,s2_history_mpc2,1.0,0,0.0,ood_square_predictor_only_n5,2,201,square,D:\EV-TTT\adajepa_official_51d8665\artifacts\ood\val_square_predictor_only_n5\oracle\sample_002\s2_history_mpc2_anchor.npz,0.0
ood,val_square,D:\EV-TTT\adajepa_official_51d8665\artifacts\ood\val_square_predictor_only_n5,pushobj_norm_envapi_v1,PREDICTOR_ONLY,0,"{""state_dist"": 0.0, ""success"": 0.0}",3,3,0.0,0.20318643748760223,0.20318643748760223,0,0.05189080000002377,True,3,15,3,0.0,s2_history_mpc3,1.0,0,0.0,ood_square_predictor_only_n5,2,201,square,D:\EV-TTT\adajepa_official_51d8665\artifacts\ood\val_square_predictor_only_n5\oracle\sample_002\s2_history_mpc3_anchor.npz,0.0
ood,val_square,D:\EV-TTT\adajepa_official_51d8665\artifacts\ood\val_square_predictor_only_n5,pushobj_norm_envapi_v1,PREDICTOR_ONLY,0,"{""state_dist"": 0.0, ""success"": 0.0}",4,4,0.0,0.08847993612289429,0.08847993612289429,0,0.06548750000001746,True,4,20,4,0.0,s2_history_mpc4,1.0,0,0.0,ood_square_predictor_only_n5,2,201,square,D:\EV-TTT\adajepa_official_51d8665\artifacts\ood\val_square_predictor_only_n5\oracle\sample_002\s2_history_mpc4_anchor.npz,0.0
ood,val_square,D:\EV-TTT\adajepa_official_51d8665\artifacts\ood\val_square_predictor_only_n5,pushobj_norm_envapi_v1,PREDICTOR_ONLY,0,"{""state_dist"": 0.0, ""success"": 0.0}",5,5,0.0,0.07021260261535645,0.07021260261535645,0,0.07544150000001082,True,5,25,5,0.0,s2_history_mpc5,1.0,0,0.0,ood_square_predictor_only_n5,2,201,square,D:\EV-TTT\adajepa_official_51d8665\artifacts\ood\val_square_predictor_only_n5\oracle\sample_002\s2_history_mpc5_anchor.npz,0.0
ood,val_square,D:\EV-TTT\adajepa_official_51d8665\artifacts\ood\val_square_predictor_only_n5,pushobj_norm_envapi_v1,PREDICTOR_ONLY,0,"{""state_dist"": 0.0, ""success"": 0.0}",6,6,0.0,0.042472537606954575,0.042472537606954575,0,0.10808209999999008,True,6,30,6,0.0,s2_history_mpc6,1.0,0,0.0,ood_square_predictor_only_n5,2,201,square,D:\EV-TTT\adajepa_official_51d8665\artifacts\ood\val_square_predictor_only_n5\oracle\sample_002\s2_history_mpc6_anchor.npz,0.0
ood,val_square,D:\EV-TTT\adajepa_official_51d8665\artifacts\ood\val_square_predictor_only_n5,pushobj_norm_envapi_v1,PREDICTOR_ONLY,0,"{""state_dist"": 0.0, ""success"": 0.0}",7,7,0.0,0.06832033395767212,0.06832033395767212,0,0.11313230000001795,True,7,35,7,0.0,s2_history_mpc7,1.0,0,0.0,ood_square_predictor_only_n5,2,201,square,D:\EV-TTT\adajepa_official_51d8665\artifacts\ood\val_square_predictor_only_n5\oracle\sample_002\s2_history_mpc7_anchor.npz,0.0
ood,val_square,D:\EV-TTT\adajepa_official_51d8665\artifacts\ood\val_square_predictor_only_n5,pushobj_norm_envapi_v1,PREDICTOR_ONLY,0,"{""state_dist"": 0.0, ""success"": 0.0}",8,8,0.0,0.02708265744149685,0.02708265744149685,0,0.11818999999997004,True,8,40,8,0.0,s2_history_mpc8,1.0,0,0.0,ood_square_predictor_only_n5,2,201,square,D:\EV-TTT\adajepa_official_51d8665\artifacts\ood\val_square_predictor_only_n5\oracle\sample_002\s2_history_mpc8_anchor.npz,0.0
ood,val_square,D:\EV-TTT\adajepa_official_51d8665\artifacts\ood\val_square_predictor_only_n5,pushobj_norm_envapi_v1,PREDICTOR_ONLY,0,"{""state_dist"": 0.0, ""success"": 0.0}",9,9,0.0,0.047087106853723526,0.047087106853723526,0,0.1325678000000039,True,9,45,9,0.0,s2_history_mpc9,1.0,0,0.0,ood_square_predictor_only_n5,2,201,square,D:\EV-TTT\adajepa_official_51d8665\artifacts\ood\val_square_predictor_only_n5\oracle\sample_002\s2_history_mpc9_anchor.npz,0.0
ood,val_square,D:\EV-TTT\adajepa_official_51d8665\artifacts\ood\val_square_predictor_only_n5,pushobj_norm_envapi_v1,PREDICTOR_ONLY,0,"{""state_dist"": 0.0, ""success"": 0.0}",10,10,0.0,0.060874953866004944,0.060874953866004944,0,0.14008660000001782,True,10,50,10,0.0,s2_history_mpc10,1.0,0,0.0,ood_square_predictor_only_n5,2,201,square,D:\EV-TTT\adajepa_official_51d8665\artifacts\ood\val_square_predictor_only_n5\oracle\sample_002\s2_history_mpc10_anchor.npz,0.0
ood,val_square,D:\EV-TTT\adajepa_official_51d8665\artifacts\ood\val_square_predictor_only_n5,pushobj_norm_envapi_v1,PREDICTOR_ONLY,0,"{""state_dist"": 0.0, ""success"": 0.0}",11,11,0.0,0.07307013869285583,0.07307013869285583,0,0.17011820000004718,True,11,55,11,0.0,s2_history_mpc11,1.0,0,0.0,ood_square_predictor_only_n5,2,201,square,D:\EV-TTT\adajepa_official_51d8665\artifacts\ood\val_square_predictor_only_n5\oracle\sample_002\s2_history_mpc11_anchor.npz,0.0
ood,val_square,D:\EV-TTT\adajepa_official_51d8665\artifacts\ood\val_square_predictor_only_n5,pushobj_norm_envapi_v1,PREDICTOR_ONLY,0,"{""state_dist"": 0.0, ""success"": 0.0}",12,12,0.0,0.07430160045623779,0.07430160045623779,0,0.17319580000003043,True,12,60,12,0.0,s2_history_mpc12,1.0,0,0.0,ood_square_predictor_only_n5,2,201,square,D:\EV-TTT\adajepa_official_51d8665\artifacts\ood\val_square_predictor_only_n5\oracle\sample_002\s2_history_mpc12_anchor.npz,0.0
ood,val_square,D:\EV-TTT\adajepa_official_51d8665\artifacts\ood\val_square_predictor_only_n5,pushobj_norm_envapi_v1,PREDICTOR_ONLY,0,"{""state_dist"": 0.0, ""success"": 0.0}",13,13,0.0,0.07953907549381256,0.07953907549381256,0,0.18677160000004278,True,13,65,13,0.0,s2_history_mpc13,1.0,0,0.0,ood_square_predictor_only_n5,2,201,square,D:\EV-TTT\adajepa_official_51d8665\artifacts\ood\val_square_predictor_only_n5\oracle\sample_002\s2_history_mpc13_anchor.npz,0.0
ood,val_square,D:\EV-TTT\adajepa_official_51d8665\artifacts\ood\val_square_predictor_only_n5,pushobj_norm_envapi_v1,PREDICTOR_ONLY,0,"{""state_dist"": 0.0, ""success"": 0.0}",14,14,0.0,0.1056249588727951,0.1056249588727951,0,0.2089755000000082,True,14,70,14,0.0,s2_history_mpc14,1.0,0,0.0,ood_square_predictor_only_n5,2,201,square,D:\EV-TTT\adajepa_official_51d8665\artifacts\ood\val_square_predictor_only_n5\oracle\sample_002\s2_history_mpc14_anchor.npz,0.0
ood,val_square,D:\EV-TTT\adajepa_official_51d8665\artifacts\ood\val_square_predictor_only_n5,pushobj_norm_envapi_v1,PREDICTOR_ONLY,0,"{""state_dist"": 0.0, ""success"": 0.0}",15,15,0.0,0.0645262748003006,0.0645262748003006,0,0.25399909999998727,True,15,75,15,0.0,s2_history_mpc15,1.0,0,0.0,ood_square_predictor_only_n5,2,201,square,D:\EV-TTT\adajepa_official_51d8665\artifacts\ood\val_square_predictor_only_n5\oracle\sample_002\s2_history_mpc15_anchor.npz,0.0
ood,val_square,D:\EV-TTT\adajepa_official_51d8665\artifacts\ood\val_square_predictor_only_n5,pushobj_norm_envapi_v1,PREDICTOR_ONLY,0,"{""state_dist"": 0.0, ""success"": 0.0}",16,16,0.0,0.10679206997156143,0.10679206997156143,0,0.23000409999997373,True,16,80,16,0.0,s2_history_mpc16,1.0,0,0.0,ood_square_predictor_only_n5,2,201,square,D:\EV-TTT\adajepa_official_51d8665\artifacts\ood\val_square_predictor_only_n5\oracle\sample_002\s2_history_mpc16_anchor.npz,0.0
ood,val_square,D:\EV-TTT\adajepa_official_51d8665\artifacts\ood\val_square_predictor_only_n5,pushobj_norm_envapi_v1,PREDICTOR_ONLY,0,"{""state_dist"": 0.0, ""success"": 0.0}",17,17,0.0,0.10702034831047058,0.10702034831047058,0,0.28094080000005306,True,17,85,17,0.0,s2_history_mpc17,1.0,0,0.0,ood_square_predictor_only_n5,2,201,square,D:\EV-TTT\adajepa_official_51d8665\artifacts\ood\val_square_predictor_only_n5\oracle\sample_002\s2_history_mpc17_anchor.npz,0.0
ood,val_square,D:\EV-TTT\adajepa_official_51d8665\artifacts\ood\val_square_predictor_only_n5,pushobj_norm_envapi_v1,PREDICTOR_ONLY,0,"{""state_dist"": 0.0, ""success"": 0.0}",18,18,0.0,0.09958305954933167,0.09958305954933167,0,0.2515044999998963,True,18,90,18,0.0,s2_history_mpc18,1.0,0,0.0,ood_square_predictor_only_n5,2,201,square,D:\EV-TTT\adajepa_official_51d8665\artifacts\ood\val_square_predictor_only_n5\oracle\sample_002\s2_history_mpc18_anchor.npz,0.0
ood,val_square,D:\EV-TTT\adajepa_official_51d8665\artifacts\ood\val_square_predictor_only_n5,pushobj_norm_envapi_v1,PREDICTOR_ONLY,0,"{""state_dist"": 0.0, ""success"": 0.0}",19,19,0.0,0.10390311479568481,0.10390311479568481,0,0.2521579000000429,True,19,95,19,0.0,s2_history_mpc19,1.0,0,0.0,ood_square_predictor_only_n5,2,201,square,D:\EV-TTT\adajepa_official_51d8665\artifacts\ood\val_square_predictor_only_n5\oracle\sample_002\s2_history_mpc19_anchor.npz,0.0
ood,val_square,D:\EV-TTT\adajepa_official_51d8665\artifacts\ood\val_square_predictor_only_n5,pushobj_norm_envapi_v1,PREDICTOR_ONLY,0,"{""state_dist"": 0.0, ""success"": 0.0}",0,0,0.0,2.2959797382354736,2.2959797382354736,0,0.0033943999999337393,True,0,0,0,0.0,s3_history_mpc0,1.0,0,0.0,ood_square_predictor_only_n5,3,301,square,D:\EV-TTT\adajepa_official_51d8665\artifacts\ood\val_square_predictor_only_n5\oracle\sample_003\s3_history_mpc0_anchor.npz,0.0
ood,val_square,D:\EV-TTT\adajepa_official_51d8665\artifacts\ood\val_square_predictor_only_n5,pushobj_norm_envapi_v1,PREDICTOR_ONLY,0,"{""state_dist"": 0.0, ""success"": 0.0}",1,1,0.0,2.207594871520996,2.207594871520996,0,0.02298510000002807,True,1,5,1,0.0,s3_history_mpc1,1.0,0,0.0,ood_square_predictor_only_n5,3,301,square,D:\EV-TTT\adajepa_official_51d8665\artifacts\ood\val_square_predictor_only_n5\oracle\sample_003\s3_history_mpc1_anchor.npz,0.0
ood,val_square,D:\EV-TTT\adajepa_official_51d8665\artifacts\ood\val_square_predictor_only_n5,pushobj_norm_envapi_v1,PREDICTOR_ONLY,0,"{""state_dist"": 0.0, ""success"": 0.0}",2,2,0.0,2.099418878555298,2.099418878555298,0,0.041440999999963424,True,2,10,2,0.0,s3_history_mpc2,1.0,0,0.0,ood_square_predictor_only_n5,3,301,square,D:\EV-TTT\adajepa_official_51d8665\artifacts\ood\val_square_predictor_only_n5\oracle\sample_003\s3_history_mpc2_anchor.npz,0.0
ood,val_square,D:\EV-TTT\adajepa_official_51d8665\artifacts\ood\val_square_predictor_only_n5,pushobj_norm_envapi_v1,PREDICTOR_ONLY,0,"{""state_dist"": 0.0, ""success"": 0.0}",3,3,0.0,1.1317843198776245,1.1317843198776245,0,0.055954499999984364,True,3,15,3,0.0,s3_history_mpc3,1.0,0,0.0,ood_square_predictor_only_n5,3,301,square,D:\EV-TTT\adajepa_official_51d8665\artifacts\ood\val_square_predictor_only_n5\oracle\sample_003\s3_history_mpc3_anchor.npz,0.0
ood,val_square,D:\EV-TTT\adajepa_official_51d8665\artifacts\ood\val_square_predictor_only_n5,pushobj_norm_envapi_v1,PREDICTOR_ONLY,0,"{""state_dist"": 0.0, ""success"": 0.0}",4,4,0.0,0.8673202991485596,0.8673202991485596,0,0.07646590000001652,True,4,20,4,0.0,s3_history_mpc4,1.0,0,0.0,ood_square_predictor_only_n5,3,301,square,D:\EV-TTT\adajepa_official_51d8665\artifacts\ood\val_square_predictor_only_n5\oracle\sample_003\s3_history_mpc4_anchor.npz,0.0
ood,val_square,D:\EV-TTT\adajepa_official_51d8665\artifacts\ood\val_square_predictor_only_n5,pushobj_norm_envapi_v1,PREDICTOR_ONLY,0,"{""state_dist"": 0.0, ""success"": 0.0}",5,5,0.0,1.1824934482574463,1.1824934482574463,0,0.09281790000000001,True,5,25,5,0.0,s3_history_mpc5,1.0,0,0.0,ood_square_predictor_only_n5,3,301,square,D:\EV-TTT\adajepa_official_51d8665\artifacts\ood\val_square_predictor_only_n5\oracle\sample_003\s3_history_mpc5_anchor.npz,0.0
ood,val_square,D:\EV-TTT\adajepa_official_51d8665\artifacts\ood\val_square_predictor_only_n5,pushobj_norm_envapi_v1,PREDICTOR_ONLY,0,"{""state_dist"": 0.0, ""success"": 0.0}",6,6,0.0,0.7849506735801697,0.7849506735801697,0,0.10456940000005943,True,6,30,6,0.0,s3_history_mpc6,1.0,0,0.0,ood_square_predictor_only_n5,3,301,square,D:\EV-TTT\adajepa_official_51d8665\artifacts\ood\val_square_predictor_only_n5\oracle\sample_003\s3_history_mpc6_anchor.npz,0.0
ood,val_square,D:\EV-TTT\adajepa_official_51d8665\artifacts\ood\val_square_predictor_only_n5,pushobj_norm_envapi_v1,PREDICTOR_ONLY,0,"{""state_dist"": 0.0, ""success"": 0.0}",7,7,0.0,0.47152677178382874,0.47152677178382874,0,0.12499449999995704,True,7,35,7,0.0,s3_history_mpc7,1.0,0,0.0,ood_square_predictor_only_n5,3,301,square,D:\EV-TTT\adajepa_official_51d8665\artifacts\ood\val_square_predictor_only_n5\oracle\sample_003\s3_history_mpc7_anchor.npz,0.0
ood,val_square,D:\EV-TTT\adajepa_official_51d8665\artifacts\ood\val_square_predictor_only_n5,pushobj_norm_envapi_v1,PREDICTOR_ONLY,0,"{""state_dist"": 0.0, ""success"": 0.0}",8,8,0.0,0.8845782279968262,0.8845782279968262,0,0.12387579999995069,True,8,40,8,0.0,s3_history_mpc8,1.0,0,0.0,ood_square_predictor_only_n5,3,301,square,D:\EV-TTT\adajepa_official_51d8665\artifacts\ood\val_square_predictor_only_n5\oracle\sample_003\s3_history_mpc8_anchor.npz,0.0
ood,val_square,D:\EV-TTT\adajepa_official_51d8665\artifacts\ood\val_square_predictor_only_n5,pushobj_norm_envapi_v1,PREDICTOR_ONLY,0,"{""state_dist"": 0.0, ""success"": 0.0}",9,9,0.0,0.13758349418640137,0.13758349418640137,0,0.14636939999991228,True,9,45,9,0.0,s3_history_mpc9,1.0,0,0.0,ood_square_predictor_only_n5,3,301,square,D:\EV-TTT\adajepa_official_51d8665\artifacts\ood\val_square_predictor_only_n5\oracle\sample_003\s3_history_mpc9_anchor.npz,0.0
ood,val_square,D:\EV-TTT\adajepa_official_51d8665\artifacts\ood\val_square_predictor_only_n5,pushobj_norm_envapi_v1,PREDICTOR_ONLY,0,"{""state_dist"": 0.0, ""success"": 0.0}",10,10,0.0,0.09660123288631439,0.09660123288631439,0,0.13374999999996362,True,10,50,10,0.0,s3_history_mpc10,1.0,0,0.0,ood_square_predictor_only_n5,3,301,square,D:\EV-TTT\adajepa_official_51d8665\artifacts\ood\val_square_predictor_only_n5\oracle\sample_003\s3_history_mpc10_anchor.npz,0.0
ood,val_square,D:\EV-TTT\adajepa_official_51d8665\artifacts\ood\val_square_predictor_only_n5,pushobj_norm_envapi_v1,PREDICTOR_ONLY,0,"{""state_dist"": 0.0, ""success"": 0.0}",11,11,0.0,0.09931160509586334,0.09931160509586334,0,0.14214929999991455,True,11,55,11,0.0,s3_history_mpc11,1.0,0,0.0,ood_square_predictor_only_n5,3,301,square,D:\EV-TTT\adajepa_official_51d8665\artifacts\ood\val_square_predictor_only_n5\oracle\sample_003\s3_history_mpc11_anchor.npz,0.0
ood,val_square,D:\EV-TTT\adajepa_official_51d8665\artifacts\ood\val_square_predictor_only_n5,pushobj_norm_envapi_v1,PREDICTOR_ONLY,0,"{""state_dist"": 0.0, ""success"": 0.0}",12,12,0.0,0.11944913864135742,0.11944913864135742,0,0.14395830000000842,True,12,60,12,0.0,s3_history_mpc12,1.0,0,0.0,ood_square_predictor_only_n5,3,301,square,D:\EV-TTT\adajepa_official_51d8665\artifacts\ood\val_square_predictor_only_n5\oracle\sample_003\s3_history_mpc12_anchor.npz,0.0
ood,val_square,D:\EV-TTT\adajepa_official_51d8665\artifacts\ood\val_square_predictor_only_n5,pushobj_norm_envapi_v1,PREDICTOR_ONLY,0,"{""state_dist"": 0.0, ""success"": 0.0}",13,13,0.0,0.11915507912635803,0.11915507912635803,0,0.16360410000004322,True,13,65,13,0.0,s3_history_mpc13,1.0,0,0.0,ood_square_predictor_only_n5,3,301,square,D:\EV-TTT\adajepa_official_51d8665\artifacts\ood\val_square_predictor_only_n5\oracle\sample_003\s3_history_mpc13_anchor.npz,0.0
ood,val_square,D:\EV-TTT\adajepa_official_51d8665\artifacts\ood\val_square_predictor_only_n5,pushobj_norm_envapi_v1,PREDICTOR_ONLY,0,"{""state_dist"": 0.0, ""success"": 0.0}",14,14,0.0,0.10826726257801056,0.10826726257801056,0,0.1649968000000399,True,14,70,14,0.0,s3_history_mpc14,1.0,0,0.0,ood_square_predictor_only_n5,3,301,square,D:\EV-TTT\adajepa_official_51d8665\artifacts\ood\val_square_predictor_only_n5\oracle\sample_003\s3_history_mpc14_anchor.npz,0.0
ood,val_square,D:\EV-TTT\adajepa_official_51d8665\artifacts\ood\val_square_predictor_only_n5,pushobj_norm_envapi_v1,PREDICTOR_ONLY,0,"{""state_dist"": 0.0, ""success"": 0.0}",15,15,0.0,0.12271861732006073,0.12271861732006073,0,0.1696170999999822,True,15,75,15,0.0,s3_history_mpc15,1.0,0,0.0,ood_square_predictor_only_n5,3,301,square,D:\EV-TTT\adajepa_official_51d8665\artifacts\ood\val_square_predictor_only_n5\oracle\sample_003\s3_history_mpc15_anchor.npz,0.0
ood,val_square,D:\EV-TTT\adajepa_official_51d8665\artifacts\ood\val_square_predictor_only_n5,pushobj_norm_envapi_v1,PREDICTOR_ONLY,0,"{""state_dist"": 0.0, ""success"": 0.0}",16,16,0.0,0.13209527730941772,0.13209527730941772,0,0.1728193999999803,True,16,80,16,0.0,s3_history_mpc16,1.0,0,0.0,ood_square_predictor_only_n5,3,301,square,D:\EV-TTT\adajepa_official_51d8665\artifacts\ood\val_square_predictor_only_n5\oracle\sample_003\s3_history_mpc16_anchor.npz,0.0
ood,val_square,D:\EV-TTT\adajepa_official_51d8665\artifacts\ood\val_square_predictor_only_n5,pushobj_norm_envapi_v1,PREDICTOR_ONLY,0,"{""state_dist"": 0.0, ""success"": 0.0}",17,17,0.0,0.1417386829853058,0.1417386829853058,0,0.188578800000073,True,17,85,17,0.0,s3_history_mpc17,1.0,0,0.0,ood_square_predictor_only_n5,3,301,square,D:\EV-TTT\adajepa_official_51d8665\artifacts\ood\val_square_predictor_only_n5\oracle\sample_003\s3_history_mpc17_anchor.npz,0.0
ood,val_square,D:\EV-TTT\adajepa_official_51d8665\artifacts\ood\val_square_predictor_only_n5,pushobj_norm_envapi_v1,PREDICTOR_ONLY,0,"{""state_dist"": 0.0, ""success"": 0.0}",18,18,0.0,0.1444149613380432,0.1444149613380432,0,0.19077130000005127,True,18,90,18,0.0,s3_history_mpc18,1.0,0,0.0,ood_square_predictor_only_n5,3,301,square,D:\EV-TTT\adajepa_official_51d8665\artifacts\ood\val_square_predictor_only_n5\oracle\sample_003\s3_history_mpc18_anchor.npz,0.0
ood,val_square,D:\EV-TTT\adajepa_official_51d8665\artifacts\ood\val_square_predictor_only_n5,pushobj_norm_envapi_v1,PREDICTOR_ONLY,0,"{""state_dist"": 0.0, ""success"": 0.0}",19,19,0.0,0.13321810960769653,0.13321810960769653,0,0.20737080000003516,True,19,95,19,0.0,s3_history_mpc19,1.0,0,0.0,ood_square_predictor_only_n5,3,301,square,D:\EV-TTT\adajepa_official_51d8665\artifacts\ood\val_square_predictor_only_n5\oracle\sample_003\s3_history_mpc19_anchor.npz,0.0
ood,val_square,D:\EV-TTT\adajepa_official_51d8665\artifacts\ood\val_square_predictor_only_n5,pushobj_norm_envapi_v1,PREDICTOR_ONLY,0,"{""state_dist"": 0.0, ""success"": 0.0}",0,0,0.0,3.1761350631713867,3.1761350631713867,0,0.002603600000043116,True,0,0,0,0.0,s4_history_mpc0,1.0,0,0.0,ood_square_predictor_only_n5,4,401,square,D:\EV-TTT\adajepa_official_51d8665\artifacts\ood\val_square_predictor_only_n5\oracle\sample_004\s4_history_mpc0_anchor.npz,0.0
ood,val_square,D:\EV-TTT\adajepa_official_51d8665\artifacts\ood\val_square_predictor_only_n5,pushobj_norm_envapi_v1,PREDICTOR_ONLY,0,"{""state_dist"": 0.0, ""success"": 0.0}",1,1,0.0,2.9697272777557373,2.9697272777557373,0,0.020468399999913345,True,1,5,1,0.0,s4_history_mpc1,1.0,0,0.0,ood_square_predictor_only_n5,4,401,square,D:\EV-TTT\adajepa_official_51d8665\artifacts\ood\val_square_predictor_only_n5\oracle\sample_004\s4_history_mpc1_anchor.npz,0.0
ood,val_square,D:\EV-TTT\adajepa_official_51d8665\artifacts\ood\val_square_predictor_only_n5,pushobj_norm_envapi_v1,PREDICTOR_ONLY,0,"{""state_dist"": 0.0, ""success"": 0.0}",2,2,0.0,1.720664381980896,1.720664381980896,0,0.03050709999990886,True,2,10,2,0.0,s4_history_mpc2,1.0,0,0.0,ood_square_predictor_only_n5,4,401,square,D:\EV-TTT\adajepa_official_51d8665\artifacts\ood\val_square_predictor_only_n5\oracle\sample_004\s4_history_mpc2_anchor.npz,0.0
ood,val_square,D:\EV-TTT\adajepa_official_51d8665\artifacts\ood\val_square_predictor_only_n5,pushobj_norm_envapi_v1,PREDICTOR_ONLY,0,"{""state_dist"": 0.0, ""success"": 0.0}",3,3,0.0,0.4252084493637085,0.4252084493637085,0,0.044728200000008655,True,3,15,3,0.0,s4_history_mpc3,1.0,0,0.0,ood_square_predictor_only_n5,4,401,square,D:\EV-TTT\adajepa_official_51d8665\artifacts\ood\val_square_predictor_only_n5\oracle\sample_004\s4_history_mpc3_anchor.npz,0.0
ood,val_square,D:\EV-TTT\adajepa_official_51d8665\artifacts\ood\val_square_predictor_only_n5,pushobj_norm_envapi_v1,PREDICTOR_ONLY,0,"{""state_dist"": 0.0, ""success"": 0.0}",4,4,0.0,1.3243709802627563,1.3243709802627563,0,0.05312870000000203,True,4,20,4,0.0,s4_history_mpc4,1.0,0,0.0,ood_square_predictor_only_n5,4,401,square,D:\EV-TTT\adajepa_official_51d8665\artifacts\ood\val_square_predictor_only_n5\oracle\sample_004\s4_history_mpc4_anchor.npz,0.0
ood,val_square,D:\EV-TTT\adajepa_official_51d8665\artifacts\ood\val_square_predictor_only_n5,pushobj_norm_envapi_v1,PREDICTOR_ONLY,0,"{""state_dist"": 0.0, ""success"": 0.0}",5,5,0.0,1.4384315013885498,1.4384315013885498,0,0.07058949999998276,True,5,25,5,0.0,s4_history_mpc5,1.0,0,0.0,ood_square_predictor_only_n5,4,401,square,D:\EV-TTT\adajepa_official_51d8665\artifacts\ood\val_square_predictor_only_n5\oracle\sample_004\s4_history_mpc5_anchor.npz,0.0
ood,val_square,D:\EV-TTT\adajepa_official_51d8665\artifacts\ood\val_square_predictor_only_n5,pushobj_norm_envapi_v1,PREDICTOR_ONLY,0,"{""state_dist"": 0.0, ""success"": 0.0}",6,6,0.0,1.5701889991760254,1.5701889991760254,0,0.10051629999998113,True,6,30,6,0.0,s4_history_mpc6,1.0,0,0.0,ood_square_predictor_only_n5,4,401,square,D:\EV-TTT\adajepa_official_51d8665\artifacts\ood\val_square_predictor_only_n5\oracle\sample_004\s4_history_mpc6_anchor.npz,0.0
ood,val_square,D:\EV-TTT\adajepa_official_51d8665\artifacts\ood\val_square_predictor_only_n5,pushobj_norm_envapi_v1,PREDICTOR_ONLY,0,"{""state_dist"": 0.0, ""success"": 0.0}",7,7,0.0,1.6679801940917969,1.6679801940917969,0,0.10585379999997713,True,7,35,7,0.0,s4_history_mpc7,1.0,0,0.0,ood_square_predictor_only_n5,4,401,square,D:\EV-TTT\adajepa_official_51d8665\artifacts\ood\val_square_predictor_only_n5\oracle\sample_004\s4_history_mpc7_anchor.npz,0.0
ood,val_square,D:\EV-TTT\adajepa_official_51d8665\artifacts\ood\val_square_predictor_only_n5,pushobj_norm_envapi_v1,PREDICTOR_ONLY,0,"{""state_dist"": 0.0, ""success"": 0.0}",8,8,0.0,1.6952526569366455,1.6952526569366455,0,0.11194580000005772,True,8,40,8,0.0,s4_history_mpc8,1.0,0,0.0,ood_square_predictor_only_n5,4,401,square,D:\EV-TTT\adajepa_official_51d8665\artifacts\ood\val_square_predictor_only_n5\oracle\sample_004\s4_history_mpc8_anchor.npz,0.0
ood,val_square,D:\EV-TTT\adajepa_official_51d8665\artifacts\ood\val_square_predictor_only_n5,pushobj_norm_envapi_v1,PREDICTOR_ONLY,0,"{""state_dist"": 0.0, ""success"": 0.0}",9,9,0.0,1.7632116079330444,1.7632116079330444,0,0.1340774999999894,True,9,45,9,0.0,s4_history_mpc9,1.0,0,0.0,ood_square_predictor_only_n5,4,401,square,D:\EV-TTT\adajepa_official_51d8665\artifacts\ood\val_square_predictor_only_n5\oracle\sample_004\s4_history_mpc9_anchor.npz,0.0
ood,val_square,D:\EV-TTT\adajepa_official_51d8665\artifacts\ood\val_square_predictor_only_n5,pushobj_norm_envapi_v1,PREDICTOR_ONLY,0,"{""state_dist"": 0.0, ""success"": 0.0}",10,10,0.0,1.7377350330352783,1.7377350330352783,0,0.12659980000000814,True,10,50,10,0.0,s4_history_mpc10,1.0,0,0.0,ood_square_predictor_only_n5,4,401,square,D:\EV-TTT\adajepa_official_51d8665\artifacts\ood\val_square_predictor_only_n5\oracle\sample_004\s4_history_mpc10_anchor.npz,0.0
ood,val_square,D:\EV-TTT\adajepa_official_51d8665\artifacts\ood\val_square_predictor_only_n5,pushobj_norm_envapi_v1,PREDICTOR_ONLY,0,"{""state_dist"": 0.0, ""success"": 0.0}",11,11,0.0,1.6964231729507446,1.6964231729507446,0,0.16426530000001094,True,11,55,11,0.0,s4_history_mpc11,1.0,0,0.0,ood_square_predictor_only_n5,4,401,square,D:\EV-TTT\adajepa_official_51d8665\artifacts\ood\val_square_predictor_only_n5\oracle\sample_004\s4_history_mpc11_anchor.npz,0.0
ood,val_square,D:\EV-TTT\adajepa_official_51d8665\artifacts\ood\val_square_predictor_only_n5,pushobj_norm_envapi_v1,PREDICTOR_ONLY,0,"{""state_dist"": 0.0, ""success"": 0.0}",12,12,0.0,1.6437928676605225,1.6437928676605225,0,0.1557990000000018,True,12,60,12,0.0,s4_history_mpc12,1.0,0,0.0,ood_square_predictor_only_n5,4,401,square,D:\EV-TTT\adajepa_official_51d8665\artifacts\ood\val_square_predictor_only_n5\oracle\sample_004\s4_history_mpc12_anchor.npz,0.0
ood,val_square,D:\EV-TTT\adajepa_official_51d8665\artifacts\ood\val_square_predictor_only_n5,pushobj_norm_envapi_v1,PREDICTOR_ONLY,0,"{""state_dist"": 0.0, ""success"": 0.0}",13,13,0.0,1.5795402526855469,1.5795402526855469,0,0.14993980000008378,True,13,65,13,0.0,s4_history_mpc13,1.0,0,0.0,ood_square_predictor_only_n5,4,401,square,D:\EV-TTT\adajepa_official_51d8665\artifacts\ood\val_square_predictor_only_n5\oracle\sample_004\s4_history_mpc13_anchor.npz,0.0
ood,val_square,D:\EV-TTT\adajepa_official_51d8665\artifacts\ood\val_square_predictor_only_n5,pushobj_norm_envapi_v1,PREDICTOR_ONLY,0,"{""state_dist"": 0.0, ""success"": 0.0}",14,14,0.0,1.4982271194458008,1.4982271194458008,0,0.20270239999990736,True,14,70,14,0.0,s4_history_mpc14,1.0,0,0.0,ood_square_predictor_only_n5,4,401,square,D:\EV-TTT\adajepa_official_51d8665\artifacts\ood\val_square_predictor_only_n5\oracle\sample_004\s4_history_mpc14_anchor.npz,0.0
ood,val_square,D:\EV-TTT\adajepa_official_51d8665\artifacts\ood\val_square_predictor_only_n5,pushobj_norm_envapi_v1,PREDICTOR_ONLY,0,"{""state_dist"": 0.0, ""success"": 0.0}",15,15,0.0,1.3860948085784912,1.3860948085784912,0,0.187108999999964,True,15,75,15,0.0,s4_history_mpc15,1.0,0,0.0,ood_square_predictor_only_n5,4,401,square,D:\EV-TTT\adajepa_official_51d8665\artifacts\ood\val_square_predictor_only_n5\oracle\sample_004\s4_history_mpc15_anchor.npz,0.0
ood,val_square,D:\EV-TTT\adajepa_official_51d8665\artifacts\ood\val_square_predictor_only_n5,pushobj_norm_envapi_v1,PREDICTOR_ONLY,0,"{""state_dist"": 0.0, ""success"": 0.0}",16,16,0.0,1.2629021406173706,1.2629021406173706,0,0.2735020000000077,True,16,80,16,0.0,s4_history_mpc16,1.0,0,0.0,ood_square_predictor_only_n5,4,401,square,D:\EV-TTT\adajepa_official_51d8665\artifacts\ood\val_square_predictor_only_n5\oracle\sample_004\s4_history_mpc16_anchor.npz,0.0
ood,val_square,D:\EV-TTT\adajepa_official_51d8665\artifacts\ood\val_square_predictor_only_n5,pushobj_norm_envapi_v1,PREDICTOR_ONLY,0,"{""state_dist"": 0.0, ""success"": 0.0}",17,17,0.0,0.6912617683410645,0.6912617683410645,0,0.2264261999999917,True,17,85,17,0.0,s4_history_mpc17,1.0,0,0.0,ood_square_predictor_only_n5,4,401,square,D:\EV-TTT\adajepa_official_51d8665\artifacts\ood\val_square_predictor_only_n5\oracle\sample_004\s4_history_mpc17_anchor.npz,0.0
ood,val_square,D:\EV-TTT\adajepa_official_51d8665\artifacts\ood\val_square_predictor_only_n5,pushobj_norm_envapi_v1,PREDICTOR_ONLY,0,"{""state_dist"": 0.0, ""success"": 0.0}",18,18,0.0,0.3195505142211914,0.3195505142211914,0,0.2539583999999877,True,18,90,18,0.0,s4_history_mpc18,1.0,0,0.0,ood_square_predictor_only_n5,4,401,square,D:\EV-TTT\adajepa_official_51d8665\artifacts\ood\val_square_predictor_only_n5\oracle\sample_004\s4_history_mpc18_anchor.npz,0.0
ood,val_square,D:\EV-TTT\adajepa_official_51d8665\artifacts\ood\val_square_predictor_only_n5,pushobj_norm_envapi_v1,PREDICTOR_ONLY,0,"{""state_dist"": 0.0, ""success"": 0.0}",19,19,0.0,0.4199323356151581,0.4199323356151581,0,0.24410039999997935,True,19,95,19,0.0,s4_history_mpc19,1.0,0,0.0,ood_square_predictor_only_n5,4,401,square,D:\EV-TTT\adajepa_official_51d8665\artifacts\ood\val_square_predictor_only_n5\oracle\sample_004\s4_history_mpc19_anchor.npz,0.0
