case,arm,left,right,predicted_gap,true_gap,abs_gap_error,squared_gap_error,reversal,contrast_mse
T0,NATIVE,g0_before,g24_after,0.02298548072576523,0.04748300090432167,0.024497520178556442,0.0006001284948987801,False,0.005245619045149318
T0,NATIVE,g0_before,g49_after,0.02430267073214054,0.04254474863409996,0.01824207790195942,0.00033277340618115617,False,0.011823387501078681
T0,NATIVE,g0_before,g99_after,0.025474010966718197,0.0421028770506382,0.016628866083920002,0.00027651918723694494,False,0.010155679616270204
T0,NATIVE,g0_before,official_pred_return,0.027672926895320415,0.0277891606092453,0.0001162337139248848,1.3510276252771958e-08,False,0.0062827809944720455
T0,NATIVE,g0_before,fact_matched_return,0.027542870491743088,0.02997693419456482,0.0024340637028217316,5.924666109394239e-06,False,0.007646391702523978
T0,NATIVE,g0_before,zero_environment_action,-0.39664768800139427,-0.3579375296831131,0.038710158318281174,0.0014984763570263931,False,0.056507242163333006
T0,NATIVE,g0_before,repeat_last_completed_action,-1.480669166892767,-1.8085083812475204,0.3278392143547535,0.10747855046874201,False,0.38822215644530744
T0,NATIVE,g24_after,g49_after,0.0013171900063753128,-0.00493825227022171,0.006255442276597023,3.9130558075837346e-05,True,0.004095727160425834
T0,NATIVE,g24_after,g99_after,0.0024885302409529686,-0.005380123853683472,0.00786865409463644,6.191571726103882e-05,True,0.002786040148925852
T0,NATIVE,g24_after,official_pred_return,0.004687446169555187,-0.01969384029507637,0.024381286464631557,0.000594447129670426,True,0.0023486212437480954
T0,NATIVE,g24_after,fact_matched_return,0.0045573897659778595,-0.01750606670975685,0.02206345647573471,0.00048679611165663994,True,0.0017211462845375905
T0,NATIVE,g24_after,zero_environment_action,-0.4196331687271595,-0.40542053058743477,0.014212638139724731,0.00020199908289075807,False,0.05054305540713056
T0,NATIVE,g24_after,repeat_last_completed_action,-1.5036546476185322,-1.8559913821518421,0.35233673453330994,0.12414117450159612,False,0.3907908100528467
T0,NATIVE,g49_after,g99_after,0.0011713402345776558,-0.0004418715834617615,0.0016132118180394173,2.602452369862042e-06,True,0.00020980480261191962
T0,NATIVE,g49_after,official_pred_return,0.0033702561631798744,-0.01475558802485466,0.018125844188034534,0.0003285462275289053,True,0.009594602904192747
T0,NATIVE,g49_after,fact_matched_return,0.0032401997596025467,-0.012567814439535141,0.015808014199137688,0.00024989331292013875,True,0.006495337303927283
T0,NATIVE,g49_after,zero_environment_action,-0.4209503587335348,-0.40048227831721306,0.020468080416321754,0.0004189423159290141,False,0.05770962180902935
T0,NATIVE,g49_after,repeat_last_completed_action,-1.5049718376249075,-1.8510531298816204,0.3460812922567129,0.11977226085007633,False,0.443442044142182
T0,NATIVE,g99_after,official_pred_return,0.0021989159286022186,-0.014313716441392899,0.016512632369995117,0.00027266702778661056,True,0.007346395530355827
T0,NATIVE,g99_after,fact_matched_return,0.002068859525024891,-0.01212594285607338,0.01419480238109827,0.00020149241463843313,True,0.00472910592194008
T0,NATIVE,g99_after,zero_environment_action,-0.42212169896811247,-0.4000404067337513,0.02208129223436117,0.000487583466739259,False,0.05626926016267798
T0,NATIVE,g99_after,repeat_last_completed_action,-1.5061431778594851,-1.8506112582981586,0.3444680804386735,0.11865825844110443,False,0.429557392345093
T0,NATIVE,official_pred_return,fact_matched_return,-0.00013005640357732773,0.002187773585319519,0.0023178299888968468,5.372335857429557e-06,True,0.0007082772870869386
T0,NATIVE,official_pred_return,zero_environment_action,-0.4243206148967147,-0.3857266902923584,0.03859392460435629,0.0014894910163667377,False,0.058383676813877995
T0,NATIVE,official_pred_return,repeat_last_completed_action,-1.5083420937880874,-1.8362975418567657,0.3279554480686784,0.1075547759179276,False,0.37042548745217835
T0,NATIVE,fact_matched_return,zero_environment_action,-0.42419055849313736,-0.3879144638776779,0.03627609461545944,0.0013159550405497655,False,0.06166300174652408
T0,NATIVE,fact_matched_return,repeat_last_completed_action,-1.50821203738451,-1.8384853154420853,0.3302732780575752,0.1090804381988964,False,0.38780418198780287
T0,NATIVE,zero_environment_action,repeat_last_completed_action,-1.0840214788913727,-1.4505708515644073,0.36654937267303467,0.13435844260699525,False,0.30854679703422994
T0,PRIOR,g0_before,g24_after,0.04158569499850273,0.04748300090432167,0.005897305905818939,3.477821694680694e-05,False,0.006552320793796504
T0,PRIOR,g0_before,g49_after,0.04266935866326094,0.04254474863409996,0.0001246100291609764,1.552765936749939e-08,False,0.012340747328904654
T0,PRIOR,g0_before,g99_after,0.041926431469619274,0.0421028770506382,0.0001764455810189247,3.1133043061105925e-08,False,0.011571769362705516
T0,PRIOR,g0_before,official_pred_return,0.0333349984139204,0.0277891606092453,0.005545837804675102,3.075631695576356e-05,False,0.009951476019429386
T0,PRIOR,g0_before,fact_matched_return,0.03697535581886768,0.02997693419456482,0.006998421624302864,4.897790523150994e-05,False,0.012099070231573507
T0,PRIOR,g0_before,zero_environment_action,-0.315123300999403,-0.3579375296831131,0.0428142286837101,0.0018330581777810245,False,0.05365089418716255
T0,PRIOR,g0_before,repeat_last_completed_action,-1.5306320898234844,-1.8085083812475204,0.277876291424036,0.0772152333355758,False,0.3443976377376572
T0,PRIOR,g24_after,g49_after,0.0010836636647582054,-0.00493825227022171,0.006021915934979916,3.626347152796503e-05,True,0.003079682669113915
T0,PRIOR,g24_after,g99_after,0.0003407364711165428,-0.005380123853683472,0.0057208603248000145,3.272824285587093e-05,True,0.002281335641204299
T0,PRIOR,g24_after,official_pred_return,-0.008250696584582329,-0.01969384029507637,0.011443143710494041,0.00013094553797901934,False,0.002302620802798521
T0,PRIOR,g24_after,fact_matched_return,-0.004610339179635048,-0.01750606670975685,0.012895727530121803,0.00016629978853114138,False,0.0021790977578017828
T0,PRIOR,g24_after,zero_environment_action,-0.35670899599790573,-0.40542053058743477,0.04871153458952904,0.002372813602066884,False,0.05095097340434731
T0,PRIOR,g24_after,repeat_last_completed_action,-1.5722177848219872,-1.8559913821518421,0.28377359732985497,0.08052745454152667,False,0.35720739258970347
T0,PRIOR,g49_after,g99_after,-0.0007429271936416626,-0.0004418715834617615,0.0003010556101799011,9.063448042079258e-08,False,0.0001623930039552985
T0,PRIOR,g49_after,official_pred_return,-0.009334360249340534,-0.01475558802485466,0.005421227775514126,2.9389710594005837e-05,False,0.006672685408611403
T0,PRIOR,g49_after,fact_matched_return,-0.005694002844393253,-0.012567814439535141,0.006873811595141888,4.724928584550706e-05,False,0.004667609062151046
T0,PRIOR,g49_after,zero_environment_action,-0.35779265966266394,-0.40048227831721306,0.04268961865454912,0.0018224035408708284,False,0.055363887637515964
T0,PRIOR,g49_after,repeat_last_completed_action,-1.5733014484867454,-1.8510531298816204,0.27775168139487505,0.07714599651768018,False,0.3953126709469794
T0,PRIOR,g99_after,official_pred_return,-0.008591433055698872,-0.014313716441392899,0.005722283385694027,3.2744527146189896e-05,False,0.005140540051960144
T0,PRIOR,g99_after,fact_matched_return,-0.004951075650751591,-0.01212594285607338,0.007174867205321789,5.1478719414002096e-05,False,0.0034423416368147847
T0,PRIOR,g99_after,zero_environment_action,-0.3570497324690223,-0.4000404067337513,0.04299067426472902,0.0018481980737360343,False,0.05520921345020389
T0,PRIOR,g99_after,repeat_last_completed_action,-1.5725585212931037,-1.8506112582981586,0.27805273700505495,0.07731332455600226,False,0.38652673707872115
T0,PRIOR,official_pred_return,fact_matched_return,0.003640357404947281,0.002187773585319519,0.0014525838196277618,2.109999753044378e-06,False,0.0006752946308100647
T0,PRIOR,official_pred_return,zero_environment_action,-0.3484582994133234,-0.3857266902923584,0.037268390879034996,0.0013889329587125389,False,0.06127769049557515
T0,PRIOR,official_pred_return,repeat_last_completed_action,-1.5639670882374048,-1.8362975418567657,0.2723304536193609,0.07416387596852689,False,0.35332013135958346
T0,PRIOR,fact_matched_return,zero_environment_action,-0.3520986568182707,-0.3879144638776779,0.035815807059407234,0.001282772035316685,False,0.063851718309816
T0,PRIOR,fact_matched_return,repeat_last_completed_action,-1.567607445642352,-1.8384853154420853,0.27087786979973316,0.07337482034724119,False,0.36806920011281735
T0,PRIOR,zero_environment_action,repeat_last_completed_action,-1.2155087888240814,-1.4505708515644073,0.23506206274032593,0.05525417333973692,False,0.2636579883267556
T0,STEP_RIDGE,g0_before,g24_after,0.044804323464632034,0.04748300090432167,0.0026786774396896362,7.175312825902225e-06,False,0.0037695257676420846
T0,STEP_RIDGE,g0_before,g49_after,0.04547759797424078,0.04254474863409996,0.0029328493401408195,8.60160525196444e-06,False,0.006387948911188247
T0,STEP_RIDGE,g0_before,g99_after,0.04468332417309284,0.0421028770506382,0.0025804471224546432,6.658707351784449e-06,False,0.005909620429255194
T0,STEP_RIDGE,g0_before,official_pred_return,0.034538453444838524,0.0277891606092453,0.006749292835593224,4.5552953780590016e-05,False,0.007051285220952168
T0,STEP_RIDGE,g0_before,fact_matched_return,0.039869461208581924,0.02997693419456482,0.009892527014017105,9.786209072305818e-05,False,0.007920090576007177
T0,STEP_RIDGE,g0_before,zero_environment_action,-0.30405912548303604,-0.3579375296831131,0.05387840420007706,0.002902882439146881,False,0.052258040615669354
T0,STEP_RIDGE,g0_before,repeat_last_completed_action,-1.4863561168313026,-1.8085083812475204,0.3221522644162178,0.10378208146849671,False,0.3402650162084882
T0,STEP_RIDGE,g24_after,g49_after,0.0006732745096087456,-0.00493825227022171,0.005611526779830456,3.1489232800754365e-05,True,0.002370170320677022
T0,STEP_RIDGE,g24_after,g99_after,-0.0001209992915391922,-0.005380123853683472,0.0052591245621442795,2.765839116014926e-05,False,0.0016913682058176712
T0,STEP_RIDGE,g24_after,official_pred_return,-0.01026587001979351,-0.01969384029507637,0.00942797027528286,8.888662351161716e-05,False,0.002394605303613948
T0,STEP_RIDGE,g24_after,fact_matched_return,-0.00493486225605011,-0.01750606670975685,0.012571204453706741,0.0001580351814168962,False,0.0021223983377662878
T0,STEP_RIDGE,g24_after,zero_environment_action,-0.3488634489476681,-0.40542053058743477,0.05655708163976669,0.0031987034836072348,False,0.04736610065568689
T0,STEP_RIDGE,g24_after,repeat_last_completed_action,-1.5311604402959347,-1.8559913821518421,0.32483094185590744,0.10551514078699592,False,0.3395408569151897
T0,STEP_RIDGE,g49_after,g99_after,-0.0007942738011479378,-0.0004418715834617615,0.0003524022176861763,1.241873230301352e-07,False,0.00016313619754038233
T0,STEP_RIDGE,g49_after,official_pred_return,-0.010939144529402256,-0.01475558802485466,0.003816443495452404,1.4565240953980964e-05,False,0.0060326816147467655
T0,STEP_RIDGE,g49_after,fact_matched_return,-0.0056081367656588554,-0.012567814439535141,0.0069596776738762856,4.8437113324252025e-05,False,0.004417421252419927
T0,STEP_RIDGE,g49_after,zero_environment_action,-0.3495367234572768,-0.40048227831721306,0.05094555485993624,0.0025954495599867728,False,0.048800745316118964
T0,STEP_RIDGE,g49_after,repeat_last_completed_action,-1.5318337148055434,-1.8510531298816204,0.319219415076077,0.10190103496151273,False,0.369130107480989
T0,STEP_RIDGE,g99_after,official_pred_return,-0.010144870728254318,-0.014313716441392899,0.00416884571313858,1.737927457995392e-05,False,0.004569231951371733
T0,STEP_RIDGE,g99_after,fact_matched_return,-0.004813862964510918,-0.01212594285607338,0.007312079891562462,5.3466512340592104e-05,False,0.0032357594588689905
T0,STEP_RIDGE,g99_after,zero_environment_action,-0.3487424496561289,-0.4000404067337513,0.051297957077622414,0.0026314804003375915,False,0.0487350653922386
T0,STEP_RIDGE,g99_after,repeat_last_completed_action,-1.5310394410043955,-1.8506112582981586,0.31957181729376316,0.10212614640843834,False,0.36034867709740076
T0,STEP_RIDGE,official_pred_return,fact_matched_return,0.005331007763743401,0.002187773585319519,0.0031432341784238815,9.879921100412054e-06,False,0.0005761955604263623
T0,STEP_RIDGE,official_pred_return,zero_environment_action,-0.33859757892787457,-0.3857266902923584,0.04712911136448383,0.002221153138005919,False,0.05615465927270921
T0,STEP_RIDGE,official_pred_return,repeat_last_completed_action,-1.5208945702761412,-1.8362975418567657,0.3154029715806246,0.09947903448188827,False,0.33107375847987575
T0,STEP_RIDGE,fact_matched_return,zero_environment_action,-0.34392858669161797,-0.3879144638776779,0.04398587718605995,0.0019347573918271493,False,0.05739042841097642
T0,STEP_RIDGE,fact_matched_return,repeat_last_completed_action,-1.5262255780398846,-1.8384853154420853,0.3122597374022007,0.09750614360249134,False,0.3429158709955889
T0,STEP_RIDGE,zero_environment_action,repeat_last_completed_action,-1.1822969913482666,-1.4505708515644073,0.26827386021614075,0.07197086407526943,False,0.26060579471097217
T0,DIRECT,g0_before,g24_after,0.04725345969200134,0.04748300090432167,0.00022954121232032776,5.268916815348579e-08,False,0.003037840032590513
T0,DIRECT,g0_before,g49_after,0.04601196199655533,0.04254474863409996,0.003467213362455368,1.202156850078906e-05,False,0.004340695185703181
T0,DIRECT,g0_before,g99_after,0.045012082904577255,0.0421028770506382,0.0029092058539390564,8.463478700593274e-06,False,0.004154060282845005
T0,DIRECT,g0_before,official_pred_return,0.0341606680303812,0.0277891606092453,0.006371507421135902,4.059610681758988e-05,False,0.0065248253735296765
T0,DIRECT,g0_before,fact_matched_return,0.04037717916071415,0.02997693419456482,0.01040024496614933,0.00010816509535591448,False,0.006962651114509454
T0,DIRECT,g0_before,zero_environment_action,-0.27681778371334076,-0.3579375296831131,0.08111974596977234,0.006580413186200396,False,0.05485695028340946
T0,DIRECT,g0_before,repeat_last_completed_action,-1.4890226274728775,-1.8085083812475204,0.31948575377464294,0.10207114686495178,False,0.3339096541521309
T0,DIRECT,g24_after,g49_after,-0.0012414976954460144,-0.00493825227022171,0.003696754574775696,1.3665994386125035e-05,False,0.0019542288585622652
T0,DIRECT,g24_after,g99_after,-0.0022413767874240875,-0.005380123853683472,0.003138747066259384,9.851733145951891e-06,False,0.0014192342712054768
T0,DIRECT,g24_after,official_pred_return,-0.01309279166162014,-0.01969384029507637,0.00660104863345623,4.3573843061254364e-05,False,0.002281271001830119
T0,DIRECT,g24_after,fact_matched_return,-0.006876280531287193,-0.01750606670975685,0.010629786178469658,0.00011299235419998457,False,0.0021023905811543837
T0,DIRECT,g24_after,zero_environment_action,-0.3240712434053421,-0.40542053058743477,0.08134928718209267,0.006617706525034586,False,0.04956114746849923
T0,DIRECT,g24_after,repeat_last_completed_action,-1.5362760871648788,-1.8559913821518421,0.31971529498696327,0.10221786984860094,False,0.32630333687348917
T0,DIRECT,g49_after,g99_after,-0.0009998790919780731,-0.0004418715834617615,0.0005580075085163116,3.113723795605816e-07,False,0.00014953581139405946
T0,DIRECT,g49_after,official_pred_return,-0.011851293966174126,-0.01475558802485466,0.0029042940586805344,8.434923979287051e-06,False,0.005038789685628962
T0,DIRECT,g49_after,fact_matched_return,-0.005634782835841179,-0.012567814439535141,0.006933031603693962,4.806692721781927e-05,False,0.003921045885207264
T0,DIRECT,g49_after,zero_environment_action,-0.3228297457098961,-0.40048227831721306,0.07765253260731697,0.006029915820330425,False,0.050366211187925856
T0,DIRECT,g49_after,repeat_last_completed_action,-1.5350345894694328,-1.8510531298816204,0.3160185404121876,0.09986771788424943,False,0.35045653998072046
T0,DIRECT,g99_after,official_pred_return,-0.010851414874196053,-0.014313716441392899,0.003462301567196846,1.1987532142213736e-05,False,0.0037989051352435316
T0,DIRECT,g99_after,fact_matched_return,-0.004634903743863106,-0.01212594285607338,0.007491039112210274,5.6115666980664086e-05,False,0.002896279090099678
T0,DIRECT,g99_after,zero_environment_action,-0.321829866617918,-0.4000404067337513,0.07821054011583328,0.006116888585210367,False,0.050352063315683114
T0,DIRECT,g99_after,repeat_last_completed_action,-1.5340347103774548,-1.8506112582981586,0.3165765479207039,0.10022071069338973,False,0.3426756517308864
T0,DIRECT,official_pred_return,fact_matched_return,0.006216511130332947,0.002187773585319519,0.004028737545013428,1.623072620660082e-05,False,0.0004813028480745199
T0,DIRECT,official_pred_return,zero_environment_action,-0.31097845174372196,-0.3857266902923584,0.07474823854863644,0.005587299166123858,False,0.05762968167433238
T0,DIRECT,official_pred_return,repeat_last_completed_action,-1.5231832955032587,-1.8362975418567657,0.31311424635350704,0.0980405312695247,False,0.3202844750183966
T0,DIRECT,fact_matched_return,zero_environment_action,-0.3171949628740549,-0.3879144638776779,0.07071950100362301,0.005001247822201436,False,0.058552808608078204
T0,DIRECT,fact_matched_return,repeat_last_completed_action,-1.5293998066335917,-1.8384853154420853,0.3090855088084936,0.09553385175540538,False,0.3297936785307456
T0,DIRECT,zero_environment_action,repeat_last_completed_action,-1.2122048437595367,-1.4505708515644073,0.2383660078048706,0.056818353676831634,False,0.24123209708396476
T0,SOURCE_MU1,g0_before,g24_after,0.04530421458184719,0.04748300090432167,0.0021787863224744797,4.747109839001867e-06,False,0.004298262599873947
T0,SOURCE_MU1,g0_before,g49_after,0.045910523273050785,0.04254474863409996,0.0033657746389508247,1.1328438920204555e-05,False,0.007482373210733857
T0,SOURCE_MU1,g0_before,g99_after,0.04505490232259035,0.0421028770506382,0.0029520252719521523,8.714453206244178e-06,False,0.006986517111177585
T0,SOURCE_MU1,g0_before,official_pred_return,0.03479374945163727,0.0277891606092453,0.007004588842391968,4.906426485096205e-05,False,0.0077119193846567355
T0,SOURCE_MU1,g0_before,fact_matched_return,0.03998653590679169,0.02997693419456482,0.010009601712226868,0.00010019212643741504,False,0.0088736664651165
T0,SOURCE_MU1,g0_before,zero_environment_action,-0.30137670040130615,-0.3579375296831131,0.056560829281806946,0.00319912740904571,False,0.053212825007589275
T0,SOURCE_MU1,g0_before,repeat_last_completed_action,-1.5004000663757324,-1.8085083812475204,0.308108314871788,0.09493073369313287,False,0.3387226737013122
T0,SOURCE_MU1,g24_after,g49_after,0.0006063086912035942,-0.00493825227022171,0.005544560961425304,3.0742156254961496e-05,True,0.002458407161127017
T0,SOURCE_MU1,g24_after,g99_after,-0.00024931225925683975,-0.005380123853683472,0.005130811594426632,2.6325227617502757e-05,False,0.0017807027951708364
T0,SOURCE_MU1,g24_after,official_pred_return,-0.010510465130209923,-0.01969384029507637,0.009183375164866447,8.433437941868585e-05,False,0.002380990222317999
T0,SOURCE_MU1,g24_after,fact_matched_return,-0.005317678675055504,-0.01750606670975685,0.012188388034701347,0.00014855680288445097,False,0.00216461260290828
T0,SOURCE_MU1,g24_after,zero_environment_action,-0.34668091498315334,-0.40542053058743477,0.058739615604281425,0.003450342441338742,False,0.04859305768196104
T0,SOURCE_MU1,g24_after,repeat_last_completed_action,-1.5457042809575796,-1.8559913821518421,0.3102871011942625,0.0962780851675385,False,0.3407714125698669
T0,SOURCE_MU1,g49_after,g99_after,-0.000855620950460434,-0.0004418715834617615,0.0004137493669986725,1.7118853869180217e-07,False,0.00016080169979135024
T0,SOURCE_MU1,g49_after,official_pred_return,-0.011116773821413517,-0.01475558802485466,0.003638814203441143,1.3240968807165e-05,False,0.006028761838353814
T0,SOURCE_MU1,g49_after,fact_matched_return,-0.005923987366259098,-0.012567814439535141,0.006643827073276043,4.414043817959571e-05,False,0.004387191384691065
T0,SOURCE_MU1,g49_after,zero_environment_action,-0.34728722367435694,-0.40048227831721306,0.05319505464285612,0.0028297138384564486,False,0.050503073254949536
T0,SOURCE_MU1,g49_after,repeat_last_completed_action,-1.5463105896487832,-1.8510531298816204,0.3047425402328372,0.0928680158275624,False,0.37137000262607806
T0,SOURCE_MU1,g99_after,official_pred_return,-0.010261152870953083,-0.014313716441392899,0.0040525635704398155,1.6423271492455906e-05,False,0.004583923403244929
T0,SOURCE_MU1,g99_after,fact_matched_return,-0.005068366415798664,-0.01212594285607338,0.007057576440274715,4.9809385210320724e-05,False,0.003221445019275685
T0,SOURCE_MU1,g99_after,zero_environment_action,-0.3464316027238965,-0.4000404067337513,0.053608804009854794,0.0028739038673670234,False,0.050458228982270904
T0,SOURCE_MU1,g99_after,repeat_last_completed_action,-1.5454549686983228,-1.8506112582981586,0.3051562895998359,0.0931203610823389,False,0.36281653252601526
T0,SOURCE_MU1,official_pred_return,fact_matched_return,0.005192786455154419,0.002187773585319519,0.0030050128698349,9.030102347873381e-06,False,0.000598298451779287
T0,SOURCE_MU1,official_pred_return,zero_environment_action,-0.3361704498529434,-0.3857266902923584,0.04955624043941498,0.0024558209664891084,False,0.05779382433851255
T0,SOURCE_MU1,official_pred_return,repeat_last_completed_action,-1.5351938158273697,-1.8362975418567657,0.30110372602939606,0.0906634538287856,False,0.3339953422048674
T0,SOURCE_MU1,fact_matched_return,zero_environment_action,-0.34136323630809784,-0.3879144638776779,0.04655122756958008,0.0021670167882348323,False,0.059291928074874545
T0,SOURCE_MU1,fact_matched_return,repeat_last_completed_action,-1.540386602282524,-1.8384853154420853,0.29809871315956116,0.08886284278738632,False,0.3463925981698896
T0,SOURCE_MU1,zero_environment_action,repeat_last_completed_action,-1.1990233659744263,-1.4505708515644073,0.2515474855899811,0.06327613750664174,False,0.2576505478935823
T0,SOURCE_MU10,g0_before,g24_after,0.04655822739005089,0.04748300090432167,0.0009247735142707825,8.552060526967331e-07,False,0.003443799433131956
T0,SOURCE_MU10,g0_before,g49_after,0.046117089688777924,0.04254474863409996,0.0035723410546779633,1.2761620610937663e-05,False,0.005302532060956373
T0,SOURCE_MU10,g0_before,g99_after,0.04512988030910492,0.0421028770506382,0.0030270032584667206,9.162748726768144e-06,False,0.0050388489953251325
T0,SOURCE_MU10,g0_before,official_pred_return,0.03427765145897865,0.0277891606092453,0.006488490849733353,4.2100513507073445e-05,False,0.006954997937051213
T0,SOURCE_MU10,g0_before,fact_matched_return,0.04016306437551975,0.02997693419456482,0.010186130180954933,0.00010375724806336098,False,0.007632054407367794
T0,SOURCE_MU10,g0_before,zero_environment_action,-0.2824688106775284,-0.3579375296831131,0.07546871900558472,0.005695527548343904,False,0.054760522520763
T0,SOURCE_MU10,g0_before,repeat_last_completed_action,-1.4991777688264847,-1.8085083812475204,0.30933061242103577,0.09568542778077305,False,0.3352190912992959
T0,SOURCE_MU10,g24_after,g49_after,-0.0004411377012729645,-0.00493825227022171,0.004497114568948746,2.0224039446251063e-05,False,0.0020979857028227077
T0,SOURCE_MU10,g24_after,g99_after,-0.0014283470809459686,-0.005380123853683472,0.003951776772737503,1.5616539661547635e-05,False,0.0015259730703322757
T0,SOURCE_MU10,g24_after,official_pred_return,-0.012280575931072235,-0.01969384029507637,0.007413264364004135,5.4956488530613634e-05,False,0.002291334905923573
T0,SOURCE_MU10,g24_after,fact_matched_return,-0.0063951630145311356,-0.01750606670975685,0.011110903695225716,0.00012345218092458046,False,0.0021183474028020257
T0,SOURCE_MU10,g24_after,zero_environment_action,-0.32902703806757927,-0.40542053058743477,0.0763934925198555,0.005835965699381218,False,0.049673487966986916
T0,SOURCE_MU10,g24_after,repeat_last_completed_action,-1.5457359962165356,-1.8559913821518421,0.31025538593530655,0.09625840450186601,False,0.3305761177148095
T0,SOURCE_MU10,g49_after,g99_after,-0.0009872093796730042,-0.0004418715834617615,0.0005453377962112427,2.9739331197653485e-07,False,0.0001519304853352102
T0,SOURCE_MU10,g49_after,official_pred_return,-0.01183943822979927,-0.01475558802485466,0.0029161497950553894,8.50392962720159e-06,False,0.005267512979116394
T0,SOURCE_MU10,g49_after,fact_matched_return,-0.005954025313258171,-0.012567814439535141,0.00661378912627697,4.3742206606859485e-05,False,0.004012195549107571
T0,SOURCE_MU10,g49_after,zero_environment_action,-0.3285859003663063,-0.40048227831721306,0.07189637795090675,0.005169089162459631,False,0.05093932806818039
T0,SOURCE_MU10,g49_after,repeat_last_completed_action,-1.5452948585152626,-1.8510531298816204,0.3057582713663578,0.0934881205089433,False,0.35661375199236484
T0,SOURCE_MU10,g99_after,official_pred_return,-0.010852228850126266,-0.014313716441392899,0.003461487591266632,1.198189634449287e-05,False,0.003981949374366591
T0,SOURCE_MU10,g99_after,fact_matched_return,-0.004966815933585167,-0.01212594285607338,0.007159126922488213,5.1253098292295546e-05,False,0.0029584541107364718
T0,SOURCE_MU10,g99_after,zero_environment_action,-0.3275986909866333,-0.4000404067337513,0.072441715747118,0.0052478021803862435,False,0.050895914883665204
T0,SOURCE_MU10,g99_after,repeat_last_completed_action,-1.5443076491355896,-1.8506112582981586,0.30630360916256905,0.09382190098601585,False,0.3487044705962911
T0,SOURCE_MU10,official_pred_return,fact_matched_return,0.0058854129165410995,0.002187773585319519,0.0036976393312215805,1.3672536623796777e-05,False,0.0005169729138583874
T0,SOURCE_MU10,official_pred_return,zero_environment_action,-0.31674646213650703,-0.3857266902923584,0.06898022815585136,0.004758271876433309,False,0.05805748585828282
T0,SOURCE_MU10,official_pred_return,repeat_last_completed_action,-1.5334554202854633,-1.8362975418567657,0.3028421215713024,0.09171335059780751,False,0.32499516927432875
T0,SOURCE_MU10,fact_matched_return,zero_environment_action,-0.32263187505304813,-0.3879144638776779,0.06528258882462978,0.0042618164036456775,False,0.05924495204259269
T0,SOURCE_MU10,fact_matched_return,repeat_last_completed_action,-1.5393408332020044,-1.8384853154420853,0.29914448224008083,0.08948742125468603,False,0.3354018284244
T0,SOURCE_MU10,zero_environment_action,repeat_last_completed_action,-1.2167089581489563,-1.4505708515644073,0.23386189341545105,0.05469138519185979,False,0.24310907046550292
T1,NATIVE,g0_before,g24_after,0.037869349122047424,0.04113786667585373,0.003268517553806305,1.0683206999539951e-05,False,0.004904565319303579
T1,NATIVE,g0_before,g49_after,0.03992329817265272,0.05889444053173065,0.01897114235907793,0.00035990424240840094,False,0.020819908171467692
T1,NATIVE,g0_before,g99_after,0.04047614987939596,0.055974192917346954,0.015498043037950993,0.00024018933800618123,False,0.03041130521234998
T1,NATIVE,g0_before,official_pred_return,0.03746064007282257,0.07829853519797325,0.04083789512515068,0.0016677336782528057,False,0.02218299023516281
T1,NATIVE,g0_before,fact_matched_return,0.03682160098105669,0.08115021884441376,0.04432861786335707,0.0019650263616755393,False,0.025324332659551346
T1,NATIVE,g0_before,zero_environment_action,-0.023426160216331482,-0.02994079887866974,0.006514638662338257,4.244051690083239e-05,False,0.06808739667517028
T1,NATIVE,g0_before,repeat_last_completed_action,-3.7247218191623688,-3.656548485159874,0.06817333400249481,0.004647603469015715,False,0.23285681392807964
T1,NATIVE,g24_after,g49_after,0.002053949050605297,0.017756573855876923,0.015702624805271626,0.00024657242577513176,False,0.01075289558244793
T1,NATIVE,g24_after,g99_after,0.0026068007573485374,0.014836326241493225,0.012229525484144688,0.00014956129356734436,False,0.018319634693744917
T1,NATIVE,g24_after,official_pred_return,-0.0004087090492248535,0.03716066852211952,0.037569377571344376,0.0014114581310982338,True,0.012361713434357297
T1,NATIVE,g24_after,fact_matched_return,-0.001047748140990734,0.04001235216856003,0.04106010030955076,0.0016859318374303706,True,0.015191540725284692
T1,NATIVE,g24_after,zero_environment_action,-0.061295509338378906,-0.07107866555452347,0.009783156216144562,9.571014554948798e-05,False,0.06263917962867428
T1,NATIVE,g24_after,repeat_last_completed_action,-3.762591168284416,-3.6976863518357277,0.06490481644868851,0.004212635198237946,False,0.23949170473312006
T1,NATIVE,g49_after,g99_after,0.0005528517067432404,-0.0029202476143836975,0.003473099321126938,1.2062418894412397e-05,True,0.0015107161397777547
T1,NATIVE,g49_after,official_pred_return,-0.0024626580998301506,0.0194040946662426,0.02186675276607275,0.00047815487653255027,True,0.0013425976603201918
T1,NATIVE,g49_after,fact_matched_return,-0.003101697191596031,0.022255778312683105,0.025357475504279137,0.0006430015639501165,True,0.0016476152166359954
T1,NATIVE,g49_after,zero_environment_action,-0.0633494583889842,-0.08883523941040039,0.025485781021416187,0.0006495250342715775,False,0.047448154441501446
T1,NATIVE,g49_after,repeat_last_completed_action,-3.7646451173350215,-3.7154429256916046,0.04920219164341688,0.002420855662515522,False,0.2137759568019445
T1,NATIVE,g99_after,official_pred_return,-0.003015509806573391,0.022324342280626297,0.025339852087199688,0.0006421081038011584,True,0.0023826239282767107
T1,NATIVE,g99_after,fact_matched_return,-0.0036545488983392715,0.025176025927066803,0.028830574825406075,0.0008312020447633385,True,0.001980042014910706
T1,NATIVE,g99_after,zero_environment_action,-0.06390231009572744,-0.0859149917960167,0.02201268170028925,0.0004845581556382492,False,0.0462006917534007
T1,NATIVE,g99_after,repeat_last_completed_action,-3.7651979690417647,-3.712522678077221,0.05267529096454382,0.0027746862781993517,False,0.21406873199239826
T1,NATIVE,official_pred_return,fact_matched_return,-0.0006390390917658806,0.002851683646440506,0.0034907227382063866,1.2185145235031093e-05,True,0.0005541976411809554
T1,NATIVE,official_pred_return,zero_environment_action,-0.06088680028915405,-0.10823933407664299,0.04735253378748894,0.0022422624560952814,False,0.04120086974151606
T1,NATIVE,official_pred_return,repeat_last_completed_action,-3.7621824592351913,-3.734847020357847,0.02733543887734413,0.000747226218617017,False,0.21148564094809016
T1,NATIVE,fact_matched_return,zero_environment_action,-0.06024776119738817,-0.1110910177230835,0.050843256525695324,0.00258503673413766,False,0.0406043883091338
T1,NATIVE,fact_matched_return,repeat_last_completed_action,-3.7615434201434255,-3.7376987040042877,0.023844716139137745,0.000568570487756056,False,0.20568965050936286
T1,NATIVE,zero_environment_action,repeat_last_completed_action,-3.7012956589460373,-3.6266076862812042,0.07468797266483307,0.005578293260782852,False,0.19944729811750114
T1,PRIOR,g0_before,g24_after,0.039086632430553436,0.04113786667585373,0.002051234245300293,4.2075619290926625e-06,False,0.005366220561628649
T1,PRIOR,g0_before,g49_after,0.04484931379556656,0.05889444053173065,0.014045126736164093,0.00019726558503491143,False,0.021468982999114983
T1,PRIOR,g0_before,g99_after,0.045309050008654594,0.055974192917346954,0.01066514290869236,0.00011374527326283093,False,0.0306376679548951
T1,PRIOR,g0_before,official_pred_return,0.04801501240581274,0.07829853519797325,0.03028352279216051,0.0009170917527033052,False,0.021024602298739425
T1,PRIOR,g0_before,fact_matched_return,0.047666190192103386,0.08115021884441376,0.03348402865231037,0.001121180174788742,False,0.023802832030750388
T1,PRIOR,g0_before,zero_environment_action,-0.021267447620630264,-0.02994079887866974,0.008673351258039474,7.522702204533493e-05,False,0.06067537562303763
T1,PRIOR,g0_before,repeat_last_completed_action,-3.694188568741083,-3.656548485159874,0.03764008358120918,0.001416775892000413,False,0.14220534461182519
T1,PRIOR,g24_after,g49_after,0.0057626813650131226,0.017756573855876923,0.0119938924908638,0.00014385345708239905,False,0.00937363428018561
T1,PRIOR,g24_after,g99_after,0.006222417578101158,0.014836326241493225,0.008613908663392067,7.41994224612609e-05,False,0.01620173159752797
T1,PRIOR,g24_after,official_pred_return,0.008928379975259304,0.03716066852211952,0.028232288546860218,0.0007970621165931746,False,0.009750186631214906
T1,PRIOR,g24_after,fact_matched_return,0.00857955776154995,0.04001235216856003,0.03143279440701008,0.000988020564233364,False,0.011945081976144925
T1,PRIOR,g24_after,zero_environment_action,-0.0603540800511837,-0.07107866555452347,0.010724585503339767,0.0001150167342184455,False,0.05486517962121228
T1,PRIOR,g24_after,repeat_last_completed_action,-3.7332752011716366,-3.6976863518357277,0.03558884933590889,0.0012665661970540226,False,0.13857901447203932
T1,PRIOR,g49_after,g99_after,0.0004597362130880356,-0.0029202476143836975,0.003379983827471733,1.1424290673970466e-05,True,0.001409402139127794
T1,PRIOR,g49_after,official_pred_return,0.0031656986102461815,0.0194040946662426,0.016238396055996418,0.0002636855064714,False,0.0013468469084453813
T1,PRIOR,g49_after,fact_matched_return,0.002816876396536827,0.022255778312683105,0.01943890191614628,0.00037787090770555545,False,0.001411391357354205
T1,PRIOR,g49_after,zero_environment_action,-0.06611676141619682,-0.08883523941040039,0.022718477994203568,0.0005161292423731118,False,0.04516862282036719
T1,PRIOR,g49_after,repeat_last_completed_action,-3.7390378825366497,-3.7154429256916046,0.02359495684504509,0.0005567219885195401,False,0.12417911741570113
T1,PRIOR,g99_after,official_pred_return,0.002705962397158146,0.022324342280626297,0.01961837988346815,0.0003848808292520678,False,0.002690944955933835
T1,PRIOR,g99_after,fact_matched_return,0.0023571401834487915,0.025176025927066803,0.02281888574361801,0.0005207015465802933,False,0.002122058192062869
T1,PRIOR,g99_after,zero_environment_action,-0.06657649762928486,-0.0859149917960167,0.019338494166731834,0.0003739773566367212,False,0.04534769564284711
T1,PRIOR,g99_after,repeat_last_completed_action,-3.7394976187497377,-3.712522678077221,0.026974940672516823,0.0007276474242858023,False,0.12560534870165604
T1,PRIOR,official_pred_return,fact_matched_return,-0.0003488222137093544,0.002851683646440506,0.0032005058601498604,1.0243237760853598e-05,True,0.0005561068568824752
T1,PRIOR,official_pred_return,zero_environment_action,-0.069282460026443,-0.10823933407664299,0.038956874050199986,0.001517638035763145,False,0.040355177263604915
T1,PRIOR,official_pred_return,repeat_last_completed_action,-3.742203581146896,-3.734847020357847,0.007356560789048672,5.4118986642968415e-05,False,0.12454434774330153
T1,PRIOR,fact_matched_return,zero_environment_action,-0.06893363781273365,-0.1110910177230835,0.042157379910349846,0.0017772446809055688,False,0.04019224400143446
T1,PRIOR,fact_matched_return,repeat_last_completed_action,-3.7418547589331865,-3.7376987040042877,0.004156054928898811,1.7272792572024104e-05,False,0.12081573754020643
T1,PRIOR,zero_environment_action,repeat_last_completed_action,-3.672921121120453,-3.6266076862812042,0.04631343483924866,0.0021449342466093313,False,0.12013426555601663
T1,STEP_RIDGE,g0_before,g24_after,0.037428148090839386,0.04113786667585373,0.0037097185850143433,1.3762011980000821e-05,False,0.005485966557647462
T1,STEP_RIDGE,g0_before,g49_after,0.044090935960412025,0.05889444053173065,0.014803504571318626,0.00021914374759305147,False,0.020872074274203945
T1,STEP_RIDGE,g0_before,g99_after,0.045010918751358986,0.055974192917346954,0.010963274165987968,0.00012019338043861919,False,0.030175270210267058
T1,STEP_RIDGE,g0_before,official_pred_return,0.05018787831068039,0.07829853519797325,0.028110656887292862,0.0007902090306351056,False,0.021227329540494944
T1,STEP_RIDGE,g0_before,fact_matched_return,0.0503063453361392,0.08115021884441376,0.030843873508274555,0.0009513445329944409,False,0.02441281459426524
T1,STEP_RIDGE,g0_before,zero_environment_action,-0.022295989096164703,-0.02994079887866974,0.007644809782505035,5.844311661068469e-05,False,0.05676457817655894
T1,STEP_RIDGE,g0_before,repeat_last_completed_action,-3.4685730636119843,-3.656548485159874,0.1879754215478897,0.03533475910610684,False,0.09584704316740084
T1,STEP_RIDGE,g24_after,g49_after,0.0066627878695726395,0.017756573855876923,0.011093785986304283,0.0001230720875099213,False,0.00877014772352114
T1,STEP_RIDGE,g24_after,g99_after,0.0075827706605196,0.014836326241493225,0.007253555580973625,5.2614068566273625e-05,False,0.015611435610661148
T1,STEP_RIDGE,g24_after,official_pred_return,0.012759730219841003,0.03716066852211952,0.02440093830227852,0.0005954057900316029,False,0.009562667212570814
T1,STEP_RIDGE,g24_after,fact_matched_return,0.012878197245299816,0.04001235216856003,0.027134154923260212,0.0007362623633994864,False,0.01200689001904405
T1,STEP_RIDGE,g24_after,zero_environment_action,-0.05972413718700409,-0.07107866555452347,0.011354528367519379,0.00012892531444880229,False,0.0548030742982114
T1,STEP_RIDGE,g24_after,repeat_last_completed_action,-3.5060012117028236,-3.6976863518357277,0.19168514013290405,0.036743192947771064,False,0.09887474870449615
T1,STEP_RIDGE,g49_after,g99_after,0.0009199827909469604,-0.0029202476143836975,0.003840230405330658,1.474736956602607e-05,True,0.0014578230623251427
T1,STEP_RIDGE,g49_after,official_pred_return,0.006096942350268364,0.0194040946662426,0.013307152315974236,0.00017708030276053846,False,0.00118620849139659
T1,STEP_RIDGE,g49_after,fact_matched_return,0.006215409375727177,0.022255778312683105,0.01604036893695593,0.0002572934356336607,False,0.0013699166577588384
T1,STEP_RIDGE,g49_after,zero_environment_action,-0.06638692505657673,-0.08883523941040039,0.022448314353823662,0.0005039268173280854,False,0.04757722618119525
T1,STEP_RIDGE,g49_after,repeat_last_completed_action,-3.5126639995723963,-3.7154429256916046,0.20277892611920834,0.041119292878059356,False,0.09002833649657926
T1,STEP_RIDGE,g99_after,official_pred_return,0.0051769595593214035,0.022324342280626297,0.017147382721304893,0.0002940327341909056,False,0.0023560260451854797
T1,STEP_RIDGE,g99_after,fact_matched_return,0.005295426584780216,0.025176025927066803,0.019880599342286587,0.00039523823020852587,False,0.001793438165953065
T1,STEP_RIDGE,g99_after,zero_environment_action,-0.06730690784752369,-0.0859149917960167,0.018608083948493004,0.000346260788234163,False,0.04819281513925775
T1,STEP_RIDGE,g99_after,repeat_last_completed_action,-3.5135839823633432,-3.712522678077221,0.19893869571387768,0.039576604652338816,False,0.09219220479351527
T1,STEP_RIDGE,official_pred_return,fact_matched_return,0.00011846702545881271,0.002851683646440506,0.0027332166209816933,7.470473097210585e-06,False,0.0005939237847228079
T1,STEP_RIDGE,official_pred_return,zero_environment_action,-0.07248386740684509,-0.10823933407664299,0.0357554666697979,0.0012784533967750283,False,0.044128035851139565
T1,STEP_RIDGE,official_pred_return,repeat_last_completed_action,-3.5187609419226646,-3.734847020357847,0.21608607843518257,0.046693193293495874,False,0.09019149426350971
T1,STEP_RIDGE,fact_matched_return,zero_environment_action,-0.0726023344323039,-0.1110910177230835,0.03848868329077959,0.001481378741457936,False,0.04410476228164419
T1,STEP_RIDGE,fact_matched_return,repeat_last_completed_action,-3.5188794089481235,-3.7376987040042877,0.21881929505616426,0.047881883888876674,False,0.0885430701290688
T1,STEP_RIDGE,zero_environment_action,repeat_last_completed_action,-3.4462770745158195,-3.6266076862812042,0.18033061176538467,0.03251912953967789,False,0.08328776248676366
T1,DIRECT,g0_before,g24_after,0.03601221740245819,0.04113786667585373,0.005125649273395538,2.627228047386021e-05,False,0.005404209321499413
T1,DIRECT,g0_before,g49_after,0.04175735078752041,0.05889444053173065,0.017137089744210243,0.0002936798449011159,False,0.020321501127165423
T1,DIRECT,g0_before,g99_after,0.04281384311616421,0.055974192917346954,0.013160349801182747,0.00017319480688949077,False,0.029457953701192446
T1,DIRECT,g0_before,official_pred_return,0.046626485884189606,0.07829853519797325,0.031672049313783646,0.001003118707734743,False,0.020726348648387946
T1,DIRECT,g0_before,fact_matched_return,0.04680686444044113,0.08115021884441376,0.034343354403972626,0.001179465991716866,False,0.024049079590226397
T1,DIRECT,g0_before,zero_environment_action,-0.03247014433145523,-0.02994079887866974,0.002529345452785492,6.397588419526645e-06,False,0.05200418652306397
T1,DIRECT,g0_before,repeat_last_completed_action,-3.3392812833189964,-3.656548485159874,0.31726720184087753,0.10065847736394012,False,0.07913749381672248
T1,DIRECT,g24_after,g49_after,0.005745133385062218,0.017756573855876923,0.012011440470814705,0.00014427470218392538,False,0.008412606219746724
T1,DIRECT,g24_after,g99_after,0.0068016257137060165,0.014836326241493225,0.008034700527787209,6.455641257122405e-05,False,0.015080659944804812
T1,DIRECT,g24_after,official_pred_return,0.010614268481731415,0.03716066852211952,0.026546400040388107,0.0007047113551043177,False,0.009215748172286932
T1,DIRECT,g24_after,fact_matched_return,0.01079464703798294,0.04001235216856003,0.029217705130577087,0.0008536742930973507,False,0.011690078841434701
T1,DIRECT,g24_after,zero_environment_action,-0.06848236173391342,-0.07107866555452347,0.0025963038206100464,6.740793528914324e-06,False,0.05111633396767168
T1,DIRECT,g24_after,repeat_last_completed_action,-3.3752935007214546,-3.6976863518357277,0.32239285111427307,0.10393715044958984,False,0.08230619761643948
T1,DIRECT,g49_after,g99_after,0.0010564923286437988,-0.0029202476143836975,0.003976739943027496,1.5814460574470335e-05,True,0.0014414375900874174
T1,DIRECT,g49_after,official_pred_return,0.004869135096669197,0.0194040946662426,0.014534959569573402,0.00021126504968913343,False,0.0011973318818153174
T1,DIRECT,g49_after,fact_matched_return,0.005049513652920723,0.022255778312683105,0.017206264659762383,0.0002960555435417879,False,0.0013450871179866248
T1,DIRECT,g49_after,zero_environment_action,-0.07422749511897564,-0.08883523941040039,0.014607744291424751,0.0002133861932836524,False,0.045568061078516874
T1,DIRECT,g49_after,repeat_last_completed_action,-3.381038634106517,-3.7154429256916046,0.3344042915850878,0.1118262302305244,False,0.07509754193292249
T1,DIRECT,g99_after,official_pred_return,0.0038126427680253983,0.022324342280626297,0.0185116995126009,0.00034268301884482835,False,0.002375189974767707
T1,DIRECT,g99_after,fact_matched_return,0.003993021324276924,0.025176025927066803,0.02118300460278988,0.0004487196840018172,False,0.0017306123895176018
T1,DIRECT,g99_after,zero_environment_action,-0.07528398744761944,-0.0859149917960167,0.010631004348397255,0.00011301825345564134,False,0.0469640019241665
T1,DIRECT,g99_after,repeat_last_completed_action,-3.3820951264351606,-3.712522678077221,0.3304275516420603,0.10918236688416641,False,0.07721048469074425
T1,DIRECT,official_pred_return,fact_matched_return,0.00018037855625152588,0.002851683646440506,0.00267130509018898,7.135870884869555e-06,False,0.000627156761594392
T1,DIRECT,official_pred_return,zero_environment_action,-0.07909663021564484,-0.10823933407664299,0.029142703860998154,0.0008492971883298367,False,0.042453631774902
T1,DIRECT,official_pred_return,repeat_last_completed_action,-3.385907769203186,-3.734847020357847,0.3489392511546612,0.12175860099637571,False,0.07567907155423141
T1,DIRECT,fact_matched_return,zero_environment_action,-0.07927700877189636,-0.1110910177230835,0.031814008951187134,0.001012131165546215,False,0.04308368862494949
T1,DIRECT,fact_matched_return,repeat_last_completed_action,-3.3860881477594376,-3.7376987040042877,0.35161055624485016,0.12362998326281294,False,0.07555433694976965
T1,DIRECT,zero_environment_action,repeat_last_completed_action,-3.306811138987541,-3.6266076862812042,0.319796547293663,0.10226983166094805,False,0.079396265971571
T1,SOURCE_MU1,g0_before,g24_after,0.03688704036176205,0.04113786667585373,0.0042508263140916824,1.806952435257428e-05,False,0.005393281519200621
T1,SOURCE_MU1,g0_before,g49_after,0.04292517714202404,0.05889444053173065,0.01596926338970661,0.0002550173732098239,False,0.02085616130041866
T1,SOURCE_MU1,g0_before,g99_after,0.04376661591231823,0.055974192917346954,0.012207577005028725,0.0001490249363337061,False,0.030088485293282115
T1,SOURCE_MU1,g0_before,official_pred_return,0.04726215358823538,0.07829853519797325,0.031036381609737873,0.0009632569834252752,False,0.020825991784851013
T1,SOURCE_MU1,g0_before,fact_matched_return,0.04714114684611559,0.08115021884441376,0.03400907199829817,0.0011566169781854286,False,0.02391651173845759
T1,SOURCE_MU1,g0_before,zero_environment_action,-0.02486548200249672,-0.02994079887866974,0.005075316876173019,2.5758841393566656e-05,False,0.056086238320557445
T1,SOURCE_MU1,g0_before,repeat_last_completed_action,-3.4927626438438892,-3.656548485159874,0.16378584131598473,0.02682580181558493,False,0.08257124121259975
T1,SOURCE_MU1,g24_after,g49_after,0.006038136780261993,0.017756573855876923,0.01171843707561493,0.00013732176749514657,False,0.00882039316325771
T1,SOURCE_MU1,g24_after,g99_after,0.006879575550556183,0.014836326241493225,0.007956750690937042,6.33098815577271e-05,False,0.015616618945511153
T1,SOURCE_MU1,g24_after,official_pred_return,0.010375113226473331,0.03716066852211952,0.02678555529564619,0.0007174659724961197,False,0.009413472851243424
T1,SOURCE_MU1,g24_after,fact_matched_return,0.010254106484353542,0.04001235216856003,0.029758245684206486,0.0008855531862015939,False,0.011763405241591784
T1,SOURCE_MU1,g24_after,zero_environment_action,-0.061752522364258766,-0.07107866555452347,0.009326143190264702,8.697694680532067e-05,False,0.05326821459745923
T1,SOURCE_MU1,g24_after,repeat_last_completed_action,-3.5296496842056513,-3.6976863518357277,0.1680366676300764,0.02823632166822077,False,0.08371474886625418
T1,SOURCE_MU1,g49_after,g99_after,0.0008414387702941895,-0.0029202476143836975,0.003761686384677887,1.4150284456670992e-05,True,0.0014433472186795666
T1,SOURCE_MU1,g49_after,official_pred_return,0.004336976446211338,0.0194040946662426,0.015067118220031261,0.000227018051456398,False,0.0012354438351109942
T1,SOURCE_MU1,g49_after,fact_matched_return,0.004215969704091549,0.022255778312683105,0.018039808608591557,0.00032543469463461403,False,0.0013453493023924152
T1,SOURCE_MU1,g49_after,zero_environment_action,-0.06779065914452076,-0.08883523941040039,0.02104458026587963,0.0004428743585670504,False,0.0458804752113584
T1,SOURCE_MU1,g49_after,repeat_last_completed_action,-3.5356878209859133,-3.7154429256916046,0.17975510470569134,0.03231189766775405,False,0.07518913551848051
T1,SOURCE_MU1,g99_after,official_pred_return,0.0034955376759171486,0.022324342280626297,0.01882880460470915,0.00035452388284231643,False,0.002502538379626252
T1,SOURCE_MU1,g99_after,fact_matched_return,0.0033745309337973595,0.025176025927066803,0.021801494993269444,0.0004753051839415526,False,0.0018874579901418378
T1,SOURCE_MU1,g99_after,zero_environment_action,-0.06863209791481495,-0.0859149917960167,0.017282893881201744,0.0002986984209088807,False,0.046678572141162576
T1,SOURCE_MU1,g99_after,repeat_last_completed_action,-3.5365292597562075,-3.712522678077221,0.17599341832101345,0.030973683292315233,False,0.07748281441683529
T1,SOURCE_MU1,official_pred_return,fact_matched_return,-0.00012100674211978912,0.002851683646440506,0.002972690388560295,8.836888146238758e-06,True,0.0005915849755434899
T1,SOURCE_MU1,official_pred_return,zero_environment_action,-0.0721276355907321,-0.10823933407664299,0.03611169848591089,0.001304054767537339,False,0.04212388510847559
T1,SOURCE_MU1,official_pred_return,repeat_last_completed_action,-3.5400247974321246,-3.734847020357847,0.1948222229257226,0.03795569854571995,False,0.07538700444719786
T1,SOURCE_MU1,fact_matched_return,zero_environment_action,-0.07200662884861231,-0.1110910177230835,0.03908438887447119,0.0015275894536908871,False,0.04230613906396199
T1,SOURCE_MU1,fact_matched_return,repeat_last_completed_action,-3.539903790690005,-3.7376987040042877,0.1977949133142829,0.039122827733004684,False,0.07408239248683884
T1,SOURCE_MU1,zero_environment_action,repeat_last_completed_action,-3.4678971618413925,-3.6266076862812042,0.1587105244398117,0.02518903056796007,False,0.07471381760942143
T1,SOURCE_MU10,g0_before,g24_after,0.03708896227180958,0.04113786667585373,0.004048904404044151,1.6393626873088124e-05,False,0.005445067033804829
T1,SOURCE_MU10,g0_before,g49_after,0.042847054079174995,0.05889444053173065,0.016047386452555656,0.0002575186119576668,False,0.020781548303138275
T1,SOURCE_MU10,g0_before,g99_after,0.04382828064262867,0.055974192917346954,0.012145912274718285,0.0001475231849851523,False,0.02997060731662701
T1,SOURCE_MU10,g0_before,official_pred_return,0.046329349279403687,0.07829853519797325,0.031969185918569565,0.0010220288482960665,False,0.020843253969681053
T1,SOURCE_MU10,g0_before,fact_matched_return,0.04626728221774101,0.08115021884441376,0.034882936626672745,0.0012168192677004669,False,0.024005060868176095
T1,SOURCE_MU10,g0_before,zero_environment_action,-0.031172826886177063,-0.02994079887866974,0.0012320280075073242,1.5178930112824673e-06,False,0.05476782807022724
T1,SOURCE_MU10,g0_before,repeat_last_completed_action,-3.4235154688358307,-3.656548485159874,0.23303301632404327,0.05430438669708182,False,0.07856365370497623
T1,SOURCE_MU10,g24_after,g49_after,0.0057580918073654175,0.017756573855876923,0.011998482048511505,0.00014396357146845284,False,0.008650391165653476
T1,SOURCE_MU10,g24_after,g99_after,0.006739318370819092,0.014836326241493225,0.008097007870674133,6.556153645775886e-05,False,0.015357111254822928
T1,SOURCE_MU10,g24_after,official_pred_return,0.009240387007594109,0.03716066852211952,0.027920281514525414,0.0007795421198503495,False,0.009306471289747176
T1,SOURCE_MU10,g24_after,fact_matched_return,0.009178319945931435,0.04001235216856003,0.030834032222628593,0.0009507375431060984,False,0.011665086864972939
T1,SOURCE_MU10,g24_after,zero_environment_action,-0.06826178915798664,-0.07107866555452347,0.002816876396536827,7.9347926333663e-06,False,0.052816061563813695
T1,SOURCE_MU10,g24_after,repeat_last_completed_action,-3.4606044311076403,-3.6976863518357277,0.23708192072808743,0.056207837136119126,False,0.079575351272154
T1,SOURCE_MU10,g49_after,g99_after,0.0009812265634536743,-0.0029202476143836975,0.003901474177837372,1.5221500760331796e-05,True,0.00143180209933586
T1,SOURCE_MU10,g49_after,official_pred_return,0.003482295200228691,0.0194040946662426,0.01592179946601391,0.0002535036982359608,False,0.0012614003026944712
T1,SOURCE_MU10,g49_after,fact_matched_return,0.003420228138566017,0.022255778312683105,0.01883555017411709,0.0003547779503616823,False,0.0013526370931687063
T1,SOURCE_MU10,g49_after,zero_environment_action,-0.07401988096535206,-0.08883523941040039,0.014815358445048332,0.00021949484585526494,False,0.046465229601349946
T1,SOURCE_MU10,g49_after,repeat_last_completed_action,-3.4663625229150057,-3.7154429256916046,0.24908040277659893,0.06204104704735275,False,0.0706679439523758
T1,SOURCE_MU10,g99_after,official_pred_return,0.002501068636775017,0.022324342280626297,0.01982327364385128,0.0003929621779590088,False,0.0025136011849099453
T1,SOURCE_MU10,g99_after,fact_matched_return,0.002439001575112343,0.025176025927066803,0.02273702435195446,0.0005169722763813701,False,0.0018602500241398075
T1,SOURCE_MU10,g99_after,zero_environment_action,-0.07500110752880573,-0.0859149917960167,0.01091388426721096,0.00011911286979807492,False,0.047727750884157726
T1,SOURCE_MU10,g99_after,repeat_last_completed_action,-3.4673437494784594,-3.712522678077221,0.24517892859876156,0.06011270702883662,False,0.07253368578772929
T1,SOURCE_MU10,official_pred_return,fact_matched_return,-6.206706166267395e-05,0.002851683646440506,0.00291375070810318,8.489943188971782e-06,True,0.0006052078620366313
T1,SOURCE_MU10,official_pred_return,zero_environment_action,-0.07750217616558075,-0.10823933407664299,0.03073715791106224,0.0009447728764495761,False,0.0425573307684546
T1,SOURCE_MU10,official_pred_return,repeat_last_completed_action,-3.4698448181152344,-3.734847020357847,0.26500220224261284,0.07022616719343468,False,0.07120060208502167
T1,SOURCE_MU10,fact_matched_return,zero_environment_action,-0.07744010910391808,-0.1110910177230835,0.03365090861916542,0.0011323836508954216,False,0.04310864101654655
T1,SOURCE_MU10,fact_matched_return,repeat_last_completed_action,-3.4697827510535717,-3.7376987040042877,0.267915952950716,0.07177895784549028,False,0.07030425820571444
T1,SOURCE_MU10,zero_environment_action,repeat_last_completed_action,-3.3923426419496536,-3.6266076862812042,0.2342650443315506,0.05488011099566337,False,0.07503873257218287
L0,NATIVE,g0_before,g24_after,0.022554574068635702,0.014055520296096802,0.0084990537725389,7.223391502850771e-05,False,0.0049007876697033685
L0,NATIVE,g0_before,g49_after,0.02341955341398716,0.01205841638147831,0.01136113703250885,0.000129075434671444,False,0.00450137045741879
L0,NATIVE,g0_before,g99_after,0.023598764091730118,0.013307685032486916,0.010291079059243202,0.00010590630820359395,False,0.004994841468785306
L0,NATIVE,g0_before,official_pred_return,0.023291037883609533,0.01326396968215704,0.010027068201452494,0.00010054209671657975,False,0.0038312692455242828
L0,NATIVE,g0_before,fact_matched_return,0.022642366122454405,0.017271002754569054,0.005371363367885351,2.8851544429860662e-05,False,0.004060864596140243
L0,NATIVE,g0_before,zero_environment_action,-0.19925457052886486,-0.2846832796931267,0.08542870916426182,0.007298064349472031,False,0.017296194490630672
L0,NATIVE,g0_before,repeat_last_completed_action,-0.30461633019149303,-0.2648022100329399,0.039814120158553123,0.0015851641639997062,False,0.03618404644343678
L0,NATIVE,g24_after,g49_after,0.0008649793453514576,-0.001997103914618492,0.0028620832599699497,8.191520587000215e-06,True,0.0004957934122335971
L0,NATIVE,g24_after,g99_after,0.0010441900230944157,-0.0007478352636098862,0.0017920252867043018,3.211354628187635e-06,True,0.00048163099825630534
L0,NATIVE,g24_after,official_pred_return,0.0007364638149738312,-0.0007915506139397621,0.0015280144289135933,2.3348280949681346e-06,True,0.0006765341159325049
L0,NATIVE,g24_after,fact_matched_return,8.77920538187027e-05,0.003215482458472252,0.003127690404653549,9.782447267361882e-06,False,0.0005356949308496153
L0,NATIVE,g24_after,zero_environment_action,-0.22180914459750056,-0.2987387999892235,0.07692965539172292,0.005918171878689243,False,0.01848862319331984
L0,NATIVE,g24_after,repeat_last_completed_action,-0.32717090426012874,-0.2788577303290367,0.048313173931092024,0.0023341627752959497,False,0.019900702513345702
L0,NATIVE,g49_after,g99_after,0.00017921067774295807,0.001249268651008606,0.0010700579732656479,1.145024066149386e-06,False,0.0001754703757946912
L0,NATIVE,g49_after,official_pred_return,-0.00012851553037762642,0.00120555330067873,0.0013340688310563564,1.7797396459960733e-06,True,0.00030095197127052493
L0,NATIVE,g49_after,fact_matched_return,-0.0007771872915327549,0.005212586373090744,0.005989773664623499,3.587738855341722e-05,True,0.0008262596801990463
L0,NATIVE,g49_after,zero_environment_action,-0.22267412394285202,-0.296741696074605,0.07406757213175297,0.005486005241492429,False,0.018245578624278162
L0,NATIVE,g49_after,repeat_last_completed_action,-0.3280358836054802,-0.2768606264144182,0.051175257191061974,0.0026189069485713402,False,0.021157883011725095
L0,NATIVE,g99_after,official_pred_return,-0.0003077262081205845,-4.3715350329875946e-05,0.00026401085779070854,6.970173303138573e-08,False,0.0004850186026417076
L0,NATIVE,g99_after,fact_matched_return,-0.000956397969275713,0.003963317722082138,0.004919715691357851,2.4203602483792658e-05,True,0.0006668889960115312
L0,NATIVE,g99_after,zero_environment_action,-0.22285333462059498,-0.2979909647256136,0.07513763010501862,0.0056456634577986,False,0.018063721570488935
L0,NATIVE,g99_after,repeat_last_completed_action,-0.32821509428322315,-0.2781098950654268,0.050105199217796326,0.0025105309886550575,False,0.01933814282199873
L0,NATIVE,official_pred_return,fact_matched_return,-0.0006486717611551285,0.004007033072412014,0.0046557048335671425,2.1675587497300454e-05,True,0.0009297451757155161
L0,NATIVE,official_pred_return,zero_environment_action,-0.2225456084124744,-0.2979472493752837,0.07540164096280932,0.005685407459884405,False,0.019781587072131332
L0,NATIVE,official_pred_return,repeat_last_completed_action,-0.32790736807510257,-0.27806617971509695,0.04984118836000562,0.002484144057137559,False,0.022754884160327477
L0,NATIVE,fact_matched_return,zero_environment_action,-0.22189693665131927,-0.30195428244769573,0.08005734579637647,0.0064091786159605965,False,0.018720761346835136
L0,NATIVE,fact_matched_return,repeat_last_completed_action,-0.32725869631394744,-0.28207321278750896,0.045185483526438475,0.0020417279215180426,False,0.020264936199304157
L0,NATIVE,zero_environment_action,repeat_last_completed_action,-0.10536175966262817,0.019881069660186768,0.12524282932281494,0.015685766296783754,True,0.040070470960333955
L0,PRIOR,g0_before,g24_after,0.015839044004678726,0.014055520296096802,0.0017835237085819244,3.1809568190738213e-06,False,0.005504108402181805
L0,PRIOR,g0_before,g49_after,0.015833379700779915,0.01205841638147831,0.0037749633193016052,1.4250348062072593e-05,False,0.005312518558700318
L0,PRIOR,g0_before,g99_after,0.016422205604612827,0.013307685032486916,0.0031145205721259117,9.700238394195516e-06,False,0.005823624302998195
L0,PRIOR,g0_before,official_pred_return,0.01691441610455513,0.01326396968215704,0.0036504464223980904,1.3325759082799017e-05,False,0.004629952783066744
L0,PRIOR,g0_before,fact_matched_return,0.017865353263914585,0.017271002754569054,0.0005943505093455315,3.532525279592927e-07,False,0.0045465976246020275
L0,PRIOR,g0_before,zero_environment_action,-0.26468412950634956,-0.2846832796931267,0.019999150186777115,0.0003999660081932671,False,0.014584694155157231
L0,PRIOR,g0_before,repeat_last_completed_action,-0.2612258978188038,-0.2648022100329399,0.0035763122141361237,1.2790009052979223e-05,False,0.031395030998205786
L0,PRIOR,g24_after,g49_after,-5.66430389881134e-06,-0.001997103914618492,0.001991439610719681,3.965831723143354e-06,False,0.00048308672716111965
L0,PRIOR,g24_after,g99_after,0.0005831615999341011,-0.0007478352636098862,0.0013309968635439873,1.7715526507639315e-06,True,0.0004997809870697789
L0,PRIOR,g24_after,official_pred_return,0.0010753720998764038,-0.0007915506139397621,0.001866922713816166,3.4854004193627178e-06,True,0.0006962861353051068
L0,PRIOR,g24_after,fact_matched_return,0.002026309259235859,0.003215482458472252,0.001189173199236393,1.414132897782118e-06,False,0.0005292755312712349
L0,PRIOR,g24_after,zero_environment_action,-0.2805231735110283,-0.2987387999892235,0.01821562647819519,0.0003318090479931257,False,0.014629666892917425
L0,PRIOR,g24_after,repeat_last_completed_action,-0.2770649418234825,-0.2788577303290367,0.0017927885055541992,3.214090625647259e-06,False,0.0161611447644892
L0,PRIOR,g49_after,g99_after,0.0005888259038329124,0.001249268651008606,0.0006604427471756935,4.36184622296977e-07,False,0.0001725148958557014
L0,PRIOR,g49_after,official_pred_return,0.0010810364037752151,0.00120555330067873,0.00012451689690351486,1.550445761448055e-08,False,0.00029812258214763197
L0,PRIOR,g49_after,fact_matched_return,0.0020319735631346703,0.005212586373090744,0.0031806128099560738,1.0116297846856671e-05,False,0.0007563438423051801
L0,PRIOR,g49_after,zero_environment_action,-0.2805175092071295,-0.296741696074605,0.01622418686747551,0.0002632242395107648,False,0.01522361246156094
L0,PRIOR,g49_after,repeat_last_completed_action,-0.2770592775195837,-0.2768606264144182,0.00019865110516548157,3.946226158346722e-08,False,0.016800698966907918
L0,PRIOR,g99_after,official_pred_return,0.0004922104999423027,-4.3715350329875946e-05,0.0005359258502721786,2.8721651698995765e-07,True,0.000512938640860188
L0,PRIOR,g99_after,fact_matched_return,0.0014431476593017578,0.003963317722082138,0.0025201700627803802,6.351257145334466e-06,False,0.0006606347476029446
L0,PRIOR,g99_after,zero_environment_action,-0.2811063351109624,-0.2979909647256136,0.016884629614651203,0.00028509071722395644,False,0.014646338743054219
L0,PRIOR,g99_after,repeat_last_completed_action,-0.2776481034234166,-0.2781098950654268,0.00046179164201021194,2.1325152063048775e-07,False,0.014871659139667934
L0,PRIOR,official_pred_return,fact_matched_return,0.0009509371593594551,0.004007033072412014,0.003056095913052559,9.339722229776554e-06,False,0.0009028756595628748
L0,PRIOR,official_pred_return,zero_environment_action,-0.2815985456109047,-0.2979472493752837,0.016348703764379025,0.0002672801147754209,False,0.016642388439101628
L0,PRIOR,official_pred_return,repeat_last_completed_action,-0.2781403139233589,-0.27806617971509695,7.41342082619667e-05,5.4958808346286525e-09,False,0.018522980027166635
L0,PRIOR,fact_matched_return,zero_environment_action,-0.28254948277026415,-0.30195428244769573,0.019404799677431583,0.0003765462505212489,False,0.014346315255251008
L0,PRIOR,fact_matched_return,repeat_last_completed_action,-0.2790912510827184,-0.28207321278750896,0.002981961704790592,8.892095608837615e-06,False,0.016701670769171836
L0,PRIOR,zero_environment_action,repeat_last_completed_action,0.0034582316875457764,0.019881069660186768,0.01642283797264099,0.00026970960707561886,False,0.025032467426736177
L0,STEP_RIDGE,g0_before,g24_after,0.014866556040942669,0.014055520296096802,0.0008110357448458672,6.577789794176905e-07,False,0.005566656488857896
L0,STEP_RIDGE,g0_before,g49_after,0.014522067271173,0.01205841638147831,0.0024636508896946907,6.069575706293441e-06,False,0.005405293631332696
L0,STEP_RIDGE,g0_before,g99_after,0.01518799364566803,0.013307685032486916,0.0018803086131811142,3.535560480803085e-06,False,0.00593972915346672
L0,STEP_RIDGE,g0_before,official_pred_return,0.015547456219792366,0.01326396968215704,0.0022834865376353264,5.214310767561771e-06,False,0.004731749954176515
L0,STEP_RIDGE,g0_before,fact_matched_return,0.01742528099566698,0.017271002754569054,0.0001542782410979271,2.380177567627012e-08,False,0.004632345261224068
L0,STEP_RIDGE,g0_before,zero_environment_action,-0.2730219066143036,-0.2846832796931267,0.01166137307882309,0.0001359876220834999,False,0.013103953132495719
L0,STEP_RIDGE,g0_before,repeat_last_completed_action,-0.2630200982093811,-0.2648022100329399,0.0017821118235588074,3.1759225516680978e-06,False,0.03099454018527195
L0,STEP_RIDGE,g24_after,g49_after,-0.0003444887697696686,-0.001997103914618492,0.0016526151448488235,2.731136816983698e-06,False,0.00048199215976607547
L0,STEP_RIDGE,g24_after,g99_after,0.00032143760472536087,-0.0007478352636098862,0.001069272868335247,1.1433444669578866e-06,True,0.0005051265365912689
L0,STEP_RIDGE,g24_after,official_pred_return,0.0006809001788496971,-0.0007915506139397621,0.0014724507927894592,2.168111337186307e-06,True,0.0006850094763568934
L0,STEP_RIDGE,g24_after,fact_matched_return,0.002558724954724312,0.003215482458472252,0.0006567575037479401,4.313304187292255e-07,False,0.000529498974793733
L0,STEP_RIDGE,g24_after,zero_environment_action,-0.28788846265524626,-0.2987387999892235,0.010850337333977222,0.00011772982026109994,False,0.013431662068119877
L0,STEP_RIDGE,g24_after,repeat_last_completed_action,-0.2778866542503238,-0.2788577303290367,0.0009710760787129402,9.429887506485005e-07,False,0.015985097205889105
L0,STEP_RIDGE,g49_after,g99_after,0.0006659263744950294,0.001249268651008606,0.0005833422765135765,3.4028821156804195e-07,False,0.0001749051690284031
L0,STEP_RIDGE,g49_after,official_pred_return,0.0010253889486193657,0.00120555330067873,0.00018016435205936432,3.245919375297057e-08,False,0.00028808025688480755
L0,STEP_RIDGE,g49_after,fact_matched_return,0.0029032137244939804,0.005212586373090744,0.0023093726485967636,5.333202030086831e-06,False,0.0007548891136043688
L0,STEP_RIDGE,g49_after,zero_environment_action,-0.2875439738854766,-0.296741696074605,0.009197722189128399,8.45980934683849e-05,False,0.013989353381658222
L0,STEP_RIDGE,g49_after,repeat_last_completed_action,-0.2775421654805541,-0.2768606264144182,0.0006815390661358833,4.6449549866937195e-07,False,0.016586363345576765
L0,STEP_RIDGE,g99_after,official_pred_return,0.00035946257412433624,-4.3715350329875946e-05,0.0004031779244542122,1.6255243876720643e-07,True,0.0005030153057786901
L0,STEP_RIDGE,g99_after,fact_matched_return,0.002237287349998951,0.003963317722082138,0.001726030372083187,2.9791808453536253e-06,False,0.0006566209827496564
L0,STEP_RIDGE,g99_after,zero_environment_action,-0.2882099002599716,-0.2979909647256136,0.009781064465641975,9.566922208104414e-05,False,0.013509830401110841
L0,STEP_RIDGE,g99_after,repeat_last_completed_action,-0.27820809185504913,-0.2781098950654268,9.819678962230682e-05,9.642609492127585e-09,False,0.014621175746787925
L0,STEP_RIDGE,official_pred_return,fact_matched_return,0.0018778247758746147,0.004007033072412014,0.0021292082965373993,4.533527970043694e-06,False,0.0009070343758629653
L0,STEP_RIDGE,official_pred_return,zero_environment_action,-0.28856936283409595,-0.2979472493752837,0.009377886541187763,8.794475597939059e-05,False,0.015251867067007865
L0,STEP_RIDGE,official_pred_return,repeat_last_completed_action,-0.27856755442917347,-0.27806617971509695,0.000501374714076519,2.513766039153112e-07,False,0.018208020366109665
L0,STEP_RIDGE,fact_matched_return,zero_environment_action,-0.29044718760997057,-0.30195428244769573,0.011507094837725163,0.00013241323160440108,False,0.01307605518005899
L0,STEP_RIDGE,fact_matched_return,repeat_last_completed_action,-0.2804453792050481,-0.28207321278750896,0.0016278335824608803,2.6498421721874235e-06,False,0.016360918282281155
L0,STEP_RIDGE,zero_environment_action,repeat_last_completed_action,0.010001808404922485,0.019881069660186768,0.009879261255264282,9.7599802949766e-05,False,0.02436360715615453
L0,DIRECT,g0_before,g24_after,0.013848081231117249,0.014055520296096802,0.00020743906497955322,4.3030965679591304e-08,False,0.00557311204500513
L0,DIRECT,g0_before,g49_after,0.013175666332244873,0.01205841638147831,0.0011172499507665634,1.2482474524878884e-06,False,0.0054157663445496
L0,DIRECT,g0_before,g99_after,0.01390808168798685,0.013307685032486916,0.0006003966554999352,3.604761439355078e-07,False,0.005965890534466171
L0,DIRECT,g0_before,official_pred_return,0.013973941095173359,0.01326396968215704,0.0007099714130163193,5.04059407300389e-07,False,0.004726408979451217
L0,DIRECT,g0_before,fact_matched_return,0.01678463164716959,0.017271002754569054,0.00048637110739946365,2.365568541129806e-07,False,0.00464876400804195
L0,DIRECT,g0_before,zero_environment_action,-0.2782705035060644,-0.2846832796931267,0.0064127761870622635,4.112369842535282e-05,False,0.01232545036986722
L0,DIRECT,g0_before,repeat_last_completed_action,-0.26070105098187923,-0.2648022100329399,0.004101159051060677,1.681950556209691e-05,False,0.030791762330645966
L0,DIRECT,g24_after,g49_after,-0.0006724148988723755,-0.001997103914618492,0.0013246890157461166,1.7548009884384153e-06,False,0.00048036827625327124
L0,DIRECT,g24_after,g99_after,6.00004568696022e-05,-0.0007478352636098862,0.0008078357204794884,6.525985512826141e-07,True,0.0005059663425641476
L0,DIRECT,g24_after,official_pred_return,0.00012585986405611038,-0.0007915506139397621,0.0009174104779958725,8.416419851366153e-07,True,0.0006840661623087369
L0,DIRECT,g24_after,fact_matched_return,0.0029365504160523415,0.003215482458472252,0.00027893204241991043,7.780308428854271e-08,False,0.0005307914029241677
L0,DIRECT,g24_after,zero_environment_action,-0.29211858473718166,-0.2987387999892235,0.006620215252041817,4.3827249983367095e-05,False,0.01286622492115927
L0,DIRECT,g24_after,repeat_last_completed_action,-0.2745491322129965,-0.2788577303290367,0.00430859811604023,1.8564017725545418e-05,False,0.015913616734884308
L0,DIRECT,g49_after,g99_after,0.0007324153557419777,0.001249268651008606,0.0005168532952666283,2.671373288279724e-07,False,0.00017629344663245804
L0,DIRECT,g49_after,official_pred_return,0.0007982747629284859,0.00120555330067873,0.00040727853775024414,1.6587580731197704e-07,False,0.000289852096002343
L0,DIRECT,g49_after,fact_matched_return,0.003608965314924717,0.005212586373090744,0.001603621058166027,2.5716004981935284e-06,False,0.0007546637626500936
L0,DIRECT,g49_after,zero_environment_action,-0.2914461698383093,-0.296741696074605,0.0052955262362957,2.8042598119296103e-05,False,0.013396962414963937
L0,DIRECT,g49_after,repeat_last_completed_action,-0.2738767173141241,-0.2768606264144182,0.002983909100294113,8.903713518818024e-06,False,0.016483824802833818
L0,DIRECT,g99_after,official_pred_return,6.585940718650818e-05,-4.3715350329875946e-05,0.00010957475751638412,1.200662748477438e-08,True,0.0005120521709837291
L0,DIRECT,g99_after,fact_matched_return,0.0028765499591827393,0.003963317722082138,0.0010867677628993988,1.181064170477364e-06,False,0.0006559579075002549
L0,DIRECT,g99_after,zero_environment_action,-0.29217858519405127,-0.2979909647256136,0.005812379531562328,3.378375581892471e-05,False,0.012939599211643477
L0,DIRECT,g99_after,repeat_last_completed_action,-0.2746091326698661,-0.2781098950654268,0.0035007623955607414,1.2255337350172181e-05,False,0.01450788314059101
L0,DIRECT,official_pred_return,fact_matched_return,0.002810690551996231,0.004007033072412014,0.001196342520415783,1.431235426154788e-06,False,0.0009180867419433885
L0,DIRECT,official_pred_return,zero_environment_action,-0.2922444446012378,-0.2979472493752837,0.005702804774045944,3.252198229088121e-05,False,0.014597790575947588
L0,DIRECT,official_pred_return,repeat_last_completed_action,-0.2746749920770526,-0.27806617971509695,0.0033911876380443573,1.1500153596424867e-05,False,0.018127284874208706
L0,DIRECT,fact_matched_return,zero_environment_action,-0.295055135153234,-0.30195428244769573,0.006899147294461727,4.759823339067857e-05,False,0.012445342791568443
L0,DIRECT,fact_matched_return,repeat_last_completed_action,-0.2774856826290488,-0.28207321278750896,0.00458753015846014,2.104543295478132e-05,False,0.01623721732593348
L0,DIRECT,zero_environment_action,repeat_last_completed_action,0.01756945252418518,0.019881069660186768,0.002311617136001587,5.343573783456179e-06,False,0.023876261521072733
L0,SOURCE_MU1,g0_before,g24_after,0.015097271651029587,0.014055520296096802,0.001041751354932785,1.0852458855042935e-06,False,0.00554660270084559
L0,SOURCE_MU1,g0_before,g49_after,0.014828123152256012,0.01205841638147831,0.0027697067707777023,7.671275596091848e-06,False,0.0053749307388301385
L0,SOURCE_MU1,g0_before,g99_after,0.015476749278604984,0.013307685032486916,0.0021690642461180687,4.704839703787746e-06,False,0.005905754370455803
L0,SOURCE_MU1,g0_before,official_pred_return,0.015823250636458397,0.01326396968215704,0.0025592809543013573,6.549919003049666e-06,False,0.004684004173955759
L0,SOURCE_MU1,g0_before,fact_matched_return,0.017516333609819412,0.017271002754569054,0.0002453308552503586,6.01872285378724e-08,False,0.004601957540544279
L0,SOURCE_MU1,g0_before,zero_environment_action,-0.2706393040716648,-0.2846832796931267,0.014043975621461868,0.00019723325125621527,False,0.013410255986165583
L0,SOURCE_MU1,g0_before,repeat_last_completed_action,-0.26300448551774025,-0.2648022100329399,0.0017977245151996613,3.231813432549857e-06,False,0.03116968184339627
L0,SOURCE_MU1,g24_after,g49_after,-0.00026914849877357483,-0.001997103914618492,0.0017279554158449173,2.985829919147781e-06,False,0.00048191087523564383
L0,SOURCE_MU1,g24_after,g99_after,0.0003794776275753975,-0.0007478352636098862,0.0011273128911852837,1.2708343546325232e-06,True,0.0005030529381262031
L0,SOURCE_MU1,g24_after,official_pred_return,0.0007259789854288101,-0.0007915506139397621,0.0015175295993685722,2.3028960849597394e-06,True,0.0006888984548789626
L0,SOURCE_MU1,g24_after,fact_matched_return,0.0024190619587898254,0.003215482458472252,0.0007964204996824265,6.342856123144058e-07,False,0.0005298992056780289
L0,SOURCE_MU1,g24_after,zero_environment_action,-0.2857365757226944,-0.2987387999892235,0.013002224266529083,0.00016905783587711776,False,0.013652124261885383
L0,SOURCE_MU1,g24_after,repeat_last_completed_action,-0.27810175716876984,-0.2788577303290367,0.0007559731602668762,5.714954190438881e-07,False,0.016056545845265634
L0,SOURCE_MU1,g49_after,g99_after,0.0006486261263489723,0.001249268651008606,0.0006006425246596336,3.607714424294986e-07,False,0.0001744157441280102
L0,SOURCE_MU1,g49_after,official_pred_return,0.000995127484202385,0.00120555330067873,0.00021042581647634506,4.427902423973645e-08,False,0.0002926285155822605
L0,SOURCE_MU1,g49_after,fact_matched_return,0.0026882104575634003,0.005212586373090744,0.0025243759155273438,6.372473762894515e-06,False,0.0007559190606807845
L0,SOURCE_MU1,g49_after,zero_environment_action,-0.2854674272239208,-0.296741696074605,0.011274268850684166,0.00012710913811750726,False,0.014200317012781058
L0,SOURCE_MU1,g49_after,repeat_last_completed_action,-0.27783260866999626,-0.2768606264144182,0.0009719822555780411,9.447495051585764e-07,False,0.016665291805776233
L0,SOURCE_MU1,g99_after,official_pred_return,0.00034650135785341263,-4.3715350329875946e-05,0.0003902167081832886,1.522690793454018e-07,True,0.0005100200050808203
L0,SOURCE_MU1,g99_after,fact_matched_return,0.002039584331214428,0.003963317722082138,0.0019237333908677101,3.700750159139378e-06,False,0.0006583838239529843
L0,SOURCE_MU1,g99_after,zero_environment_action,-0.2861160533502698,-0.2979909647256136,0.0118749113753438,0.00014101352017226957,False,0.01370162832426606
L0,SOURCE_MU1,g99_after,repeat_last_completed_action,-0.27848123479634523,-0.2781098950654268,0.00037133973091840744,1.3789319575855524e-07,False,0.014708106494082435
L0,SOURCE_MU1,official_pred_return,fact_matched_return,0.0016930829733610153,0.004007033072412014,0.0023139500990509987,5.354365060898127e-06,False,0.0009079926921523614
L0,SOURCE_MU1,official_pred_return,zero_environment_action,-0.2864625547081232,-0.2979472493752837,0.011484694667160511,0.00013189821159790508,False,0.015492543207858913
L0,SOURCE_MU1,official_pred_return,repeat_last_completed_action,-0.27882773615419865,-0.27806617971509695,0.000761556439101696,5.799682099372552e-07,False,0.018339471278875988
L0,SOURCE_MU1,fact_matched_return,zero_environment_action,-0.2881556376814842,-0.30195428244769573,0.01379864476621151,0.0001904025973840963,False,0.013310959600375137
L0,SOURCE_MU1,fact_matched_return,repeat_last_completed_action,-0.28052081912755966,-0.28207321278750896,0.0015523936599493027,2.409926075450791e-06,False,0.01647994670448412
L0,SOURCE_MU1,zero_environment_action,repeat_last_completed_action,0.0076348185539245605,0.019881069660186768,0.012246251106262207,0.00014997066615762833,False,0.024580873358028624
L0,SOURCE_MU10,g0_before,g24_after,0.01406526193022728,0.014055520296096802,9.741634130477905e-06,9.489943553209201e-11,False,0.00556224521878258
L0,SOURCE_MU10,g0_before,g49_after,0.013441165909171104,0.01205841638147831,0.0013827495276927948,1.911996256334647e-06,False,0.0053970997770247464
L0,SOURCE_MU10,g0_before,g99_after,0.014158165082335472,0.013307685032486916,0.0008504800498485565,7.233163151904032e-07,False,0.005940463397369945
L0,SOURCE_MU10,g0_before,official_pred_return,0.01428291853517294,0.01326396968215704,0.0010189488530158997,1.0382567650624175e-06,False,0.004713154097610324
L0,SOURCE_MU10,g0_before,fact_matched_return,0.016906457021832466,0.017271002754569054,0.0003645457327365875,1.328935912564555e-07,False,0.004633672954733378
L0,SOURCE_MU10,g0_before,zero_environment_action,-0.2769758030772209,-0.2846832796931267,0.007707476615905762,5.940519578473413e-05,False,0.012597919724536092
L0,SOURCE_MU10,g0_before,repeat_last_completed_action,-0.2598791643977165,-0.2648022100329399,0.004923045635223389,2.423637832649206e-05,False,0.030882658467971627
L0,SOURCE_MU10,g24_after,g49_after,-0.0006240960210561752,-0.001997103914618492,0.001373007893562317,1.8851506757844305e-06,False,0.0004807584066231865
L0,SOURCE_MU10,g24_after,g99_after,9.290315210819244e-05,-0.0007478352636098862,0.0008407384157180786,7.068410836641448e-07,True,0.0005046305455170687
L0,SOURCE_MU10,g24_after,official_pred_return,0.00021765660494565964,-0.0007915506139397621,0.0010092072188854218,1.0184992106504476e-06,True,0.0006865339155656538
L0,SOURCE_MU10,g24_after,fact_matched_return,0.0028411950916051865,0.003215482458472252,0.00037428736686706543,1.4009103299628123e-07,False,0.0005301041098896477
L0,SOURCE_MU10,g24_after,zero_environment_action,-0.2910410650074482,-0.2987387999892235,0.007697734981775284,5.925512384964693e-05,False,0.013144252439634142
L0,SOURCE_MU10,g24_after,repeat_last_completed_action,-0.2739444263279438,-0.2788577303290367,0.004913304001092911,2.4140556207155606e-05,False,0.01598056154660764
L0,SOURCE_MU10,g49_after,g99_after,0.0007169991731643677,0.001249268651008606,0.0005322694778442383,2.8331079704457807e-07,False,0.000175774939733092
L0,SOURCE_MU10,g49_after,official_pred_return,0.0008417526260018349,0.00120555330067873,0.00036380067467689514,1.323509308953641e-07,False,0.0002910078719481626
L0,SOURCE_MU10,g49_after,fact_matched_return,0.0034652911126613617,0.005212586373090744,0.0017472952604293823,3.053040727118983e-06,False,0.0007542425562331884
L0,SOURCE_MU10,g49_after,zero_environment_action,-0.290416968986392,-0.296741696074605,0.006324727088212967,4.0002172740374875e-05,False,0.013695056894058573
L0,SOURCE_MU10,g49_after,repeat_last_completed_action,-0.2733203303068876,-0.2768606264144182,0.003540296107530594,1.2533696528996274e-05,False,0.016559190366287824
L0,SOURCE_MU10,g99_after,official_pred_return,0.0001247534528374672,-4.3715350329875946e-05,0.00016846880316734314,2.8381737640637006e-08,True,0.0005126440487816784
L0,SOURCE_MU10,g99_after,fact_matched_return,0.002748291939496994,0.003963317722082138,0.001215025782585144,1.4762876523466417e-06,False,0.0006558369040332591
L0,SOURCE_MU10,g99_after,zero_environment_action,-0.2911339681595564,-0.2979909647256136,0.006856996566057205,4.7018401906920304e-05,False,0.013217318342666392
L0,SOURCE_MU10,g99_after,repeat_last_completed_action,-0.274037329480052,-0.2781098950654268,0.004072565585374832,1.658579044717945e-05,False,0.014585497105359021
L0,SOURCE_MU10,official_pred_return,fact_matched_return,0.002623538486659527,0.004007033072412014,0.0013834945857524872,1.914057268806446e-06,False,0.0009163162972846643
L0,SOURCE_MU10,official_pred_return,zero_environment_action,-0.29125872161239386,-0.2979472493752837,0.006688527762889862,4.473640363494846e-05,False,0.014923988304134486
L0,SOURCE_MU10,official_pred_return,repeat_last_completed_action,-0.27416208293288946,-0.27806617971509695,0.003904096782207489,1.524197168484287e-05,False,0.018221548775492803
L0,SOURCE_MU10,fact_matched_return,zero_environment_action,-0.2938822600990534,-0.30195428244769573,0.00807202234864235,6.515754479698155e-05,False,0.012735127716180891
L0,SOURCE_MU10,fact_matched_return,repeat_last_completed_action,-0.276785621419549,-0.28207321278750896,0.005287591367959976,2.7958622474524852e-05,False,0.01633296818095806
L0,SOURCE_MU10,zero_environment_action,repeat_last_completed_action,0.017096638679504395,0.019881069660186768,0.002784430980682373,7.753055886183802e-06,False,0.024029960885712912
L1,NATIVE,g0_before,g24_after,0.06939627416431904,0.054312726482748985,0.015083547681570053,0.00022751341066219732,False,0.011409250785719879
L1,NATIVE,g0_before,g49_after,0.07146518677473068,0.04628189280629158,0.025183293968439102,0.0006341982951008213,False,0.032827030079077106
L1,NATIVE,g0_before,g99_after,0.07201039977371693,0.047660885378718376,0.02434951439499855,0.0005928988512722416,False,0.02603810846805653
L1,NATIVE,g0_before,official_pred_return,0.07029958628118038,0.038803718984127045,0.03149586729705334,0.0009919896567935939,False,0.03570571520931771
L1,NATIVE,g0_before,fact_matched_return,0.06954398564994335,0.0402924120426178,0.029251573607325554,0.0008556545585047849,False,0.028092228478966474
L1,NATIVE,g0_before,zero_environment_action,-0.9725532084703445,-0.8681036680936813,0.10444954037666321,0.010909706484896198,False,0.07210472711978169
L1,NATIVE,g0_before,repeat_last_completed_action,-1.5177568942308426,-1.030291423201561,0.4874654710292816,0.2376225854457994,False,1.1493400565207506
L1,NATIVE,g24_after,g49_after,0.002068912610411644,-0.008030833676457405,0.010099746286869049,0.00010200487505912514,True,0.010891305813410565
L1,NATIVE,g24_after,g99_after,0.002614125609397888,-0.006651841104030609,0.009265966713428497,8.585813913436491e-05,True,0.007199175109236777
L1,NATIVE,g24_after,official_pred_return,0.0009033121168613434,-0.01550900749862194,0.016412319615483284,0.00026936423516077737,True,0.014984561979461469
L1,NATIVE,g24_after,fact_matched_return,0.00014771148562431335,-0.014020314440131187,0.0141680259257555,0.00020073295863288002,True,0.010454476276909914
L1,NATIVE,g24_after,zero_environment_action,-1.0419494826346636,-0.9224163945764303,0.11953308805823326,0.014288159140737347,False,0.08029826827154508
L1,NATIVE,g24_after,repeat_last_completed_action,-1.5871531683951616,-1.08460414968431,0.5025490187108517,0.2525555162072399,False,1.0618340013505285
L1,NATIVE,g49_after,g99_after,0.0005452129989862442,0.001378992572426796,0.0008337795734405518,6.951883770867084e-07,False,0.000826765423092026
L1,NATIVE,g49_after,official_pred_return,-0.0011656004935503006,-0.0074781738221645355,0.006312573328614235,3.98485820291318e-05,False,0.0032341585350698396
L1,NATIVE,g49_after,fact_matched_return,-0.0019212011247873306,-0.005989480763673782,0.004068279638886452,1.6550899220178078e-05,False,0.003835205990448035
L1,NATIVE,g49_after,zero_environment_action,-1.0440183952450752,-0.9143855608999729,0.1296328343451023,0.016804671740344737,False,0.08094498361202325
L1,NATIVE,g49_after,repeat_last_completed_action,-1.5892220810055733,-1.0765733160078526,0.5126487649977207,0.26280875625368827,False,0.9984309796584334
L1,NATIVE,g99_after,official_pred_return,-0.0017108134925365448,-0.008857166394591331,0.007146352902054787,5.107035980070687e-05,False,0.003646522333223781
L1,NATIVE,g99_after,fact_matched_return,-0.002466414123773575,-0.007368473336100578,0.0049020592123270035,2.4030184521160042e-05,False,0.0030195282380864707
L1,NATIVE,g99_after,zero_environment_action,-1.0445636082440615,-0.9157645534723997,0.12879905477166176,0.016589196510073526,False,0.07920477133291337
L1,NATIVE,g99_after,repeat_last_completed_action,-1.5897672940045595,-1.0779523085802794,0.5118149854242802,0.2619545793048561,False,1.0002131304090676
L1,NATIVE,official_pred_return,fact_matched_return,-0.00075560063123703,0.0014886930584907532,0.002244293689727783,5.036854165751947e-06,True,0.0009797562386544402
L1,NATIVE,official_pred_return,zero_environment_action,-1.042852794751525,-0.9069073870778084,0.13594540767371655,0.01848115386757299,False,0.10203887768277826
L1,NATIVE,official_pred_return,repeat_last_completed_action,-1.588056480512023,-1.069095142185688,0.518961338326335,0.2693208706774607,False,0.9780572882647691
L1,NATIVE,fact_matched_return,zero_environment_action,-1.042097194120288,-0.9083960801362991,0.13370111398398876,0.017875987880559555,False,0.10013456087730359
L1,NATIVE,fact_matched_return,repeat_last_completed_action,-1.587300879880786,-1.0705838352441788,0.5167170446366072,0.2669965042179895,False,0.994947791279284
L1,NATIVE,zero_environment_action,repeat_last_completed_action,-0.545203685760498,-0.16218775510787964,0.3830159306526184,0.1467012031336914,False,1.3084844189124925
L1,PRIOR,g0_before,g24_after,0.08599248342216015,0.054312726482748985,0.03167975693941116,0.0010036069997401698,False,0.01671501568057952
L1,PRIOR,g0_before,g49_after,0.09097224473953247,0.04628189280629158,0.04469035193324089,0.001997227555916928,False,0.03834583436126221
L1,PRIOR,g0_before,g99_after,0.09075496718287468,0.047660885378718376,0.0430940818041563,0.0018570998865433154,False,0.031370169838244734
L1,PRIOR,g0_before,official_pred_return,0.08581912703812122,0.038803718984127045,0.04701540805399418,0.0022104485944835807,False,0.04143279858193424
L1,PRIOR,g0_before,fact_matched_return,0.08390899375081062,0.0402924120426178,0.043616581708192825,0.001902406199907461,False,0.032726836275930614
L1,PRIOR,g0_before,zero_environment_action,-1.0090552940964699,-0.8681036680936813,0.14095162600278854,0.019867360872829976,False,0.04964664738078988
L1,PRIOR,g0_before,repeat_last_completed_action,-1.4475356712937355,-1.030291423201561,0.41724424809217453,0.1740927625660041,False,1.1953679947551226
L1,PRIOR,g24_after,g49_after,0.004979761317372322,-0.008030833676457405,0.013010594993829727,0.00016927558209346716,True,0.01170805937181843
L1,PRIOR,g24_after,g99_after,0.004762483760714531,-0.006651841104030609,0.01141432486474514,0.00013028681211793916,True,0.007544995912914913
L1,PRIOR,g24_after,official_pred_return,-0.00017335638403892517,-0.01550900749862194,0.015335651114583015,0.00023518219510821128,False,0.015031607415500942
L1,PRIOR,g24_after,fact_matched_return,-0.0020834896713495255,-0.014020314440131187,0.011936824768781662,0.00014248778556059938,False,0.010139693181254789
L1,PRIOR,g24_after,zero_environment_action,-1.09504777751863,-0.9224163945764303,0.1726313829421997,0.0298015943765364,False,0.07434449840176603
L1,PRIOR,g24_after,repeat_last_completed_action,-1.5335281547158957,-1.08460414968431,0.4489240050315857,0.20153276229359918,False,1.067800480244349
L1,PRIOR,g49_after,g99_after,-0.00021727755665779114,0.001378992572426796,0.001596270129084587,2.5480783250077244e-06,True,0.000871737903991972
L1,PRIOR,g49_after,official_pred_return,-0.005153117701411247,-0.0074781738221645355,0.0023250561207532883,5.405885964652329e-06,False,0.0032337307881581145
L1,PRIOR,g49_after,fact_matched_return,-0.0070632509887218475,-0.005989480763673782,0.0010737702250480652,1.1529824961997726e-06,False,0.00414720750973508
L1,PRIOR,g49_after,zero_environment_action,-1.1000275388360023,-0.9143855608999729,0.18564197793602943,0.03446294397200124,False,0.07616992438818118
L1,PRIOR,g49_after,repeat_last_completed_action,-1.538507916033268,-1.0765733160078526,0.4619346000254154,0.2133835747006405,False,1.0038942516137546
L1,PRIOR,g99_after,official_pred_return,-0.004935840144753456,-0.008857166394591331,0.003921326249837875,1.5376799557667575e-05,False,0.003876658647093472
L1,PRIOR,g99_after,fact_matched_return,-0.006845973432064056,-0.007368473336100578,0.0005224999040365219,2.730061497181746e-07,False,0.003371992646064086
L1,PRIOR,g99_after,zero_environment_action,-1.0998102612793446,-0.9157645534723997,0.18404570780694485,0.033872822562159316,False,0.07326071073847824
L1,PRIOR,g99_after,repeat_last_completed_action,-1.5382906384766102,-1.0779523085802794,0.46033832989633083,0.21191137797174311,False,1.0086366563844804
L1,PRIOR,official_pred_return,fact_matched_return,-0.0019101332873106003,0.0014886930584907532,0.0033988263458013535,1.1552020528913381e-05,True,0.0010786444804311158
L1,PRIOR,official_pred_return,zero_environment_action,-1.094874421134591,-0.9069073870778084,0.18796703405678272,0.03533160589210371,False,0.09172921457052641
L1,PRIOR,official_pred_return,repeat_last_completed_action,-1.5333547983318567,-1.069095142185688,0.4642596561461687,0.2155370283249588,False,0.9862440810825914
L1,PRIOR,fact_matched_return,zero_environment_action,-1.0929642878472805,-0.9083960801362991,0.18456820771098137,0.03406542329764396,False,0.08816852321371853
L1,PRIOR,fact_matched_return,repeat_last_completed_action,-1.5314446650445461,-1.0705838352441788,0.46086082980036736,0.21239270444428315,False,1.0050288827082172
L1,PRIOR,zero_environment_action,repeat_last_completed_action,-0.4384803771972656,-0.16218775510787964,0.276292622089386,0.07633761302102826,False,1.3315819514747533
L1,STEP_RIDGE,g0_before,g24_after,0.07189831044524908,0.054312726482748985,0.017585583962500095,0.00030925276330214056,False,0.012944387748111116
L1,STEP_RIDGE,g0_before,g49_after,0.07496190816164017,0.04628189280629158,0.028680015355348587,0.0008225432807830307,False,0.03149159263389246
L1,STEP_RIDGE,g0_before,g99_after,0.0751132182776928,0.047660885378718376,0.02745233289897442,0.0007536305815961132,False,0.025966715513480818
L1,STEP_RIDGE,g0_before,official_pred_return,0.07007035985589027,0.038803718984127045,0.03126664087176323,0.0009776028314038149,False,0.03808754095190285
L1,STEP_RIDGE,g0_before,fact_matched_return,0.06881702318787575,0.0402924120426178,0.02852461114525795,0.000813653440988174,False,0.030030178885385186
L1,STEP_RIDGE,g0_before,zero_environment_action,-1.1180733889341354,-0.8681036680936813,0.2499697208404541,0.062484861337054554,False,0.0773802551548646
L1,STEP_RIDGE,g0_before,repeat_last_completed_action,-1.4786464422941208,-1.030291423201561,0.4483550190925598,0.20102222314548968,False,1.1256625481822005
L1,STEP_RIDGE,g24_after,g49_after,0.0030635977163910866,-0.008030833676457405,0.011094431392848492,0.00012308640793062212,True,0.011182826019441374
L1,STEP_RIDGE,g24_after,g99_after,0.003214907832443714,-0.006651841104030609,0.009866748936474323,9.735273457541719e-05,True,0.007446293506507946
L1,STEP_RIDGE,g24_after,official_pred_return,-0.0018279505893588066,-0.01550900749862194,0.013681056909263134,0.00018717131815449654,False,0.016403430069319373
L1,STEP_RIDGE,g24_after,fact_matched_return,-0.003081287257373333,-0.014020314440131187,0.010939027182757854,0.00011966231570511524,False,0.011073979375767326
L1,STEP_RIDGE,g24_after,zero_environment_action,-1.1899716993793845,-0.9224163945764303,0.2675553048029542,0.07158584112820172,False,0.10444769374039281
L1,STEP_RIDGE,g24_after,repeat_last_completed_action,-1.5505447527393699,-1.08460414968431,0.4659406030550599,0.21710064557531292,False,1.0190339369613473
L1,STEP_RIDGE,g49_after,g99_after,0.00015131011605262756,0.001378992572426796,0.0012276824563741684,1.5072042136889119e-06,False,0.0007875722734342695
L1,STEP_RIDGE,g49_after,official_pred_return,-0.004891548305749893,-0.0074781738221645355,0.0025866255164146423,6.690631562167315e-06,False,0.0029862766301907255
L1,STEP_RIDGE,g49_after,fact_matched_return,-0.0061448849737644196,-0.005989480763673782,0.0001554042100906372,2.4150468513894907e-08,False,0.003195169530599009
L1,STEP_RIDGE,g49_after,zero_environment_action,-1.1930352970957756,-0.9143855608999729,0.2786497361958027,0.07764567548199043,False,0.10148128715708919
L1,STEP_RIDGE,g49_after,repeat_last_completed_action,-1.553608350455761,-1.0765733160078526,0.4770350344479084,0.22756242409071714,False,0.9553581453150333
L1,STEP_RIDGE,g99_after,official_pred_return,-0.005042858421802521,-0.008857166394591331,0.0038143079727888107,1.4548945311280287e-05,False,0.004017232207594795
L1,STEP_RIDGE,g99_after,fact_matched_return,-0.006296195089817047,-0.007368473336100578,0.0010722782462835312,1.1497806374528852e-06,False,0.0029245320461301558
L1,STEP_RIDGE,g99_after,zero_environment_action,-1.1931866072118282,-0.9157645534723997,0.2774220537394285,0.07696299590100236,False,0.10072092047160987
L1,STEP_RIDGE,g99_after,repeat_last_completed_action,-1.5537596605718136,-1.0779523085802794,0.47580735199153423,0.22639263620919575,False,0.9569040906976541
L1,STEP_RIDGE,official_pred_return,fact_matched_return,-0.0012533366680145264,0.0014886930584907532,0.0027420297265052795,7.518727021038618e-06,True,0.00104911857396865
L1,STEP_RIDGE,official_pred_return,zero_environment_action,-1.1881437487900257,-0.9069073870778084,0.28123636171221733,0.07909389114912514,False,0.11951741450346831
L1,STEP_RIDGE,official_pred_return,repeat_last_completed_action,-1.548716802150011,-1.069095142185688,0.47962165996432304,0.2300369367069327,False,0.9410787363702644
L1,STEP_RIDGE,fact_matched_return,zero_environment_action,-1.1868904121220112,-0.9083960801362991,0.27849433198571205,0.077559092948168,False,0.11713860173565123
L1,STEP_RIDGE,fact_matched_return,repeat_last_completed_action,-1.5474634654819965,-1.0705838352441788,0.47687963023781776,0.22741418173575778,False,0.957027961809036
L1,STEP_RIDGE,zero_environment_action,repeat_last_completed_action,-0.36057305335998535,-0.16218775510787964,0.1983852982521057,0.03935672656257694,False,1.3084247101921986
L1,DIRECT,g0_before,g24_after,0.09181836154311895,0.054312726482748985,0.03750563506036997,0.001406672661281653,False,0.011711196193636296
L1,DIRECT,g0_before,g49_after,0.09472037758678198,0.04628189280629158,0.0484384847804904,0.0023462868078298,False,0.03192536860784678
L1,DIRECT,g0_before,g99_after,0.09529383759945631,0.047660885378718376,0.047632952220737934,0.002268898137263103,False,0.0262150094694991
L1,DIRECT,g0_before,official_pred_return,0.08903102669864893,0.038803718984127045,0.050227307714521885,0.0025227824402492697,False,0.041058349287825
L1,DIRECT,g0_before,fact_matched_return,0.08864078857004642,0.0402924120426178,0.04834837652742863,0.0023375655128380114,False,0.031761123157781034
L1,DIRECT,g0_before,zero_environment_action,-1.2088343054056168,-0.8681036680936813,0.3407306373119354,0.11609736720299768,False,0.1468645783324475
L1,DIRECT,g0_before,repeat_last_completed_action,-1.4230120331048965,-1.030291423201561,0.39272060990333557,0.15422947744284787,False,1.0189699994534653
L1,DIRECT,g24_after,g49_after,0.002902016043663025,-0.008030833676457405,0.01093284972012043,0.00011952720300273736,True,0.010855879245236353
L1,DIRECT,g24_after,g99_after,0.0034754760563373566,-0.006651841104030609,0.010127317160367966,0.00010256255286668348,True,0.0077615207817948615
L1,DIRECT,g24_after,official_pred_return,-0.002787334844470024,-0.01550900749862194,0.012721672654151917,0.00016184095511939667,False,0.01961778676384307
L1,DIRECT,g24_after,fact_matched_return,-0.003177572973072529,-0.014020314440131187,0.010842741467058659,0.00011756504252147335,False,0.01376288224821024
L1,DIRECT,g24_after,zero_environment_action,-1.3006526669487357,-0.9224163945764303,0.3782362723723054,0.1430626777380968,False,0.1399015881517239
L1,DIRECT,g24_after,repeat_last_completed_action,-1.5148303946480155,-1.08460414968431,0.43022624496370554,0.18509462185557038,False,0.9749717788622873
L1,DIRECT,g49_after,g99_after,0.0005734600126743317,0.001378992572426796,0.0008055325597524643,6.488827048213575e-07,False,0.0007620371338857133
L1,DIRECT,g49_after,official_pred_return,-0.005689350888133049,-0.0074781738221645355,0.0017888229340314865,3.199887489317016e-06,False,0.003966649697553223
L1,DIRECT,g49_after,fact_matched_return,-0.006079589016735554,-0.005989480763673782,9.010825306177139e-05,8.119497269844234e-09,False,0.003409521072655332
L1,DIRECT,g49_after,zero_environment_action,-1.3035546829923987,-0.9143855608999729,0.3891691220924258,0.15145260559018944,False,0.129733916230723
L1,DIRECT,g49_after,repeat_last_completed_action,-1.5177324106916785,-1.0765733160078526,0.44115909468382597,0.19462134682225293,False,0.9214930925391606
L1,DIRECT,g99_after,official_pred_return,-0.006262810900807381,-0.008857166394591331,0.002594355493783951,6.730680428126967e-06,False,0.00508499133191308
L1,DIRECT,g99_after,fact_matched_return,-0.006653049029409885,-0.007368473336100578,0.0007154243066906929,5.118319386038586e-07,False,0.0033436999242813722
L1,DIRECT,g99_after,zero_environment_action,-1.304128143005073,-0.9157645534723997,0.38836358953267336,0.1508262776747028,False,0.1320494256333038
L1,DIRECT,g99_after,repeat_last_completed_action,-1.5183058707043529,-1.0779523085802794,0.4403535621240735,0.19391125967536027,False,0.9115837694651882
L1,DIRECT,official_pred_return,fact_matched_return,-0.00039023812860250473,0.0014886930584907532,0.001878931187093258,3.5303824058316793e-06,True,0.0010395670586818195
L1,DIRECT,official_pred_return,zero_environment_action,-1.2978653321042657,-0.9069073870778084,0.3909579450264573,0.15284811477931043,False,0.15506158184504207
L1,DIRECT,official_pred_return,repeat_last_completed_action,-1.5120430598035455,-1.069095142185688,0.44294791761785746,0.19620285772199625,False,0.8909871044495571
L1,DIRECT,fact_matched_return,zero_environment_action,-1.2974750939756632,-0.9083960801362991,0.38907901383936405,0.15138247901021204,False,0.15330712721071874
L1,DIRECT,fact_matched_return,repeat_last_completed_action,-1.511652821674943,-1.0705838352441788,0.4410689864307642,0.19454185079106165,False,0.9002265421936677
L1,DIRECT,zero_environment_action,repeat_last_completed_action,-0.21417772769927979,-0.16218775510787964,0.051989972591400146,0.0027029572500545385,False,1.2489926142796903
L1,SOURCE_MU1,g0_before,g24_after,0.08383340109139681,0.054312726482748985,0.029520674608647823,0.0008714702293496643,False,0.013487368848196757
L1,SOURCE_MU1,g0_before,g49_after,0.08792677707970142,0.04628189280629158,0.04164488427340984,0.0017342963861456985,False,0.03422573082258104
L1,SOURCE_MU1,g0_before,g99_after,0.08814756665378809,0.047660885378718376,0.040486681275069714,0.0016391713606690806,False,0.02826188090980733
L1,SOURCE_MU1,g0_before,official_pred_return,0.08266371488571167,0.038803718984127045,0.043859995901584625,0.0019236992404870201,False,0.03986545417758653
L1,SOURCE_MU1,g0_before,fact_matched_return,0.08132945373654366,0.0402924120426178,0.04103704169392586,0.0016840387909890092,False,0.03126057584376124
L1,SOURCE_MU1,g0_before,zero_environment_action,-1.0955187529325485,-0.8681036680936813,0.2274150848388672,0.05171762081226916,False,0.08035918959669602
L1,SOURCE_MU1,g0_before,repeat_last_completed_action,-1.4484677761793137,-1.030291423201561,0.4181763529777527,0.174871462189774,False,1.1216141648346067
L1,SOURCE_MU1,g24_after,g49_after,0.004093375988304615,-0.008030833676457405,0.01212420966476202,0.00014699645999510878,True,0.011459076566485106
L1,SOURCE_MU1,g24_after,g99_after,0.004314165562391281,-0.006651841104030609,0.01096600666642189,0.00012025330220800934,True,0.007705261577154618
L1,SOURCE_MU1,g24_after,official_pred_return,-0.0011696862056851387,-0.01550900749862194,0.014339321292936802,0.00020561613514207076,False,0.016364004032452487
L1,SOURCE_MU1,g24_after,fact_matched_return,-0.0025039473548531532,-0.014020314440131187,0.011516367085278034,0.00013262671084287529,False,0.011090789681600535
L1,SOURCE_MU1,g24_after,zero_environment_action,-1.1793521540239453,-0.9224163945764303,0.256935759447515,0.0660159844828713,False,0.0995356884276699
L1,SOURCE_MU1,g24_after,repeat_last_completed_action,-1.5323011772707105,-1.08460414968431,0.4476970275864005,0.20043262850969826,False,1.017684164388151
L1,SOURCE_MU1,g49_after,g99_after,0.0002207895740866661,0.001378992572426796,0.0011582029983401299,1.3414341853640668e-06,False,0.0007870945000637738
L1,SOURCE_MU1,g49_after,official_pred_return,-0.005263062193989754,-0.0074781738221645355,0.002215111628174782,4.906719525275133e-06,False,0.0031086609365871807
L1,SOURCE_MU1,g49_after,fact_matched_return,-0.006597323343157768,-0.005989480763673782,0.0006078425794839859,3.694726014337457e-07,False,0.003452896801559097
L1,SOURCE_MU1,g49_after,zero_environment_action,-1.18344553001225,-0.9143855608999729,0.26905996911227703,0.07239326697869947,False,0.09614906169858939
L1,SOURCE_MU1,g49_after,repeat_last_completed_action,-1.536394553259015,-1.0765733160078526,0.45982123725116253,0.2114355702271899,False,0.9543016484017585
L1,SOURCE_MU1,g99_after,official_pred_return,-0.00548385176807642,-0.008857166394591331,0.0033733146265149117,1.1379251569459438e-05,False,0.004025974890583779
L1,SOURCE_MU1,g99_after,fact_matched_return,-0.006818112917244434,-0.007368473336100578,0.000550360418856144,3.028965906435102e-07,False,0.0030830629773557737
L1,SOURCE_MU1,g99_after,zero_environment_action,-1.1836663195863366,-0.9157645534723997,0.2679017661139369,0.07177135628696656,False,0.09549475573300144
L1,SOURCE_MU1,g99_after,repeat_last_completed_action,-1.5366153428331017,-1.0779523085802794,0.4586630342528224,0.21037177899000573,False,0.9545482164089493
L1,SOURCE_MU1,official_pred_return,fact_matched_return,-0.0013342611491680145,0.0014886930584907532,0.0028229542076587677,7.969070458538341e-06,True,0.0010469616694855043
L1,SOURCE_MU1,official_pred_return,zero_environment_action,-1.1781824678182602,-0.9069073870778084,0.2712750807404518,0.07359016943073865,False,0.11543599708025358
L1,SOURCE_MU1,official_pred_return,repeat_last_completed_action,-1.5311314910650253,-1.069095142185688,0.4620363488793373,0.2134775876857487,False,0.9381182306442121
L1,SOURCE_MU1,fact_matched_return,zero_environment_action,-1.1768482066690922,-0.9083960801362991,0.26845212653279305,0.07206654423997873,False,0.11326556885657109
L1,SOURCE_MU1,fact_matched_return,repeat_last_completed_action,-1.5297972299158573,-1.0705838352441788,0.45921339467167854,0.2108769418458868,False,0.9539548960199146
L1,SOURCE_MU1,zero_environment_action,repeat_last_completed_action,-0.35294902324676514,-0.16218775510787964,0.1907612681388855,0.03638986142195577,False,1.2967387588382033
L1,SOURCE_MU10,g0_before,g24_after,0.09330912958830595,0.054312726482748985,0.038996403105556965,0.001520719455171093,False,0.012246421728474078
L1,SOURCE_MU10,g0_before,g49_after,0.09674600791186094,0.04628189280629158,0.05046411510556936,0.002546626913388154,False,0.033506990180534824
L1,SOURCE_MU10,g0_before,g99_after,0.0973353162407875,0.047660885378718376,0.04967443086206913,0.002467549081470486,False,0.027636713396291535
L1,SOURCE_MU10,g0_before,official_pred_return,0.09109192807227373,0.038803718984127045,0.05228820908814669,0.0027340568096457457,False,0.0414916392792063
L1,SOURCE_MU10,g0_before,fact_matched_return,0.0905729541555047,0.0402924120426178,0.050280542112886906,0.0025281329151657936,False,0.032087638877261064
L1,SOURCE_MU10,g0_before,zero_environment_action,-1.1782186627388,-0.8681036680936813,0.3101149946451187,0.09617130990374201,False,0.13413881433220406
L1,SOURCE_MU10,g0_before,repeat_last_completed_action,-1.4120596051216125,-1.030291423201561,0.3817681819200516,0.1457469447265416,False,1.0317357448409954
L1,SOURCE_MU10,g24_after,g49_after,0.0034368783235549927,-0.008030833676457405,0.011467712000012398,0.00013150841851522835,True,0.011082478686432723
L1,SOURCE_MU10,g24_after,g99_after,0.004026186652481556,-0.006651841104030609,0.010678027756512165,0.00011402027676884422,True,0.007860160090356012
L1,SOURCE_MU10,g24_after,official_pred_return,-0.002217201516032219,-0.01550900749862194,0.013291805982589722,0.00017667210627880792,False,0.018864303373470972
L1,SOURCE_MU10,g24_after,fact_matched_return,-0.0027361754328012466,-0.014020314440131187,0.01128413900732994,0.00012733179313674514,False,0.013110165130566545
L1,SOURCE_MU10,g24_after,zero_environment_action,-1.271527792327106,-0.9224163945764303,0.3491113977506757,0.12187876803943049,False,0.12957029123044847
L1,SOURCE_MU10,g24_after,repeat_last_completed_action,-1.5053687347099185,-1.08460414968431,0.42076458502560854,0.17704283601177256,False,0.9767300990755894
L1,SOURCE_MU10,g49_after,g99_after,0.0005893083289265633,0.001378992572426796,0.0007896842435002327,6.236012044325348e-07,False,0.0007647208049215735
L1,SOURCE_MU10,g49_after,official_pred_return,-0.005654079839587212,-0.0074781738221645355,0.001824093982577324,3.3273188572748025e-06,False,0.0037354448653311445
L1,SOURCE_MU10,g49_after,fact_matched_return,-0.006173053756356239,-0.005989480763673782,0.00018357299268245697,3.36990436423934e-08,False,0.003407637401585078
L1,SOURCE_MU10,g49_after,zero_environment_action,-1.274964670650661,-0.9143855608999729,0.3605791097506881,0.13001729438859877,False,0.12089050381215516
L1,SOURCE_MU10,g49_after,repeat_last_completed_action,-1.5088056130334735,-1.0765733160078526,0.43223229702562094,0.18682475859204462,False,0.9211851524693443
L1,SOURCE_MU10,g99_after,official_pred_return,-0.006243388168513775,-0.008857166394591331,0.0026137782260775566,6.831836615117139e-06,False,0.004782172548491074
L1,SOURCE_MU10,g99_after,fact_matched_return,-0.006762362085282803,-0.007368473336100578,0.0006061112508177757,3.6737084836788864e-07,False,0.003246927690716286
L1,SOURCE_MU10,g99_after,zero_environment_action,-1.2755539789795876,-0.9157645534723997,0.35978942550718784,0.12944843070679227,False,0.12257937826356242
L1,SOURCE_MU10,g99_after,repeat_last_completed_action,-1.5093949213624,-1.0779523085802794,0.4314426127821207,0.18614272812426294,False,0.9126217076493223
L1,SOURCE_MU10,official_pred_return,fact_matched_return,-0.0005189739167690277,0.0014886930584907532,0.002007666975259781,4.030726683548758e-06,True,0.0010504898511674114
L1,SOURCE_MU10,official_pred_return,zero_environment_action,-1.2693105908110738,-0.9069073870778084,0.3624032037332654,0.13133608207613467,False,0.14572505636099997
L1,SOURCE_MU10,official_pred_return,repeat_last_completed_action,-1.5031515331938863,-1.069095142185688,0.43405639100819826,0.1884049505750619,False,0.8939097770022265
L1,SOURCE_MU10,fact_matched_return,zero_environment_action,-1.2687916168943048,-0.9083960801362991,0.3603955367580056,0.12988494291509098,False,0.14393144342512817
L1,SOURCE_MU10,fact_matched_return,repeat_last_completed_action,-1.5026325592771173,-1.0705838352441788,0.4320487240329385,0.18666609993849023,False,0.9044212836606077
L1,SOURCE_MU10,zero_environment_action,repeat_last_completed_action,-0.2338409423828125,-0.16218775510787964,0.07165318727493286,0.0051341792466566005,False,1.2481814634092776
