analysis,variant,trainable,anchor_id,split,shape,sample_id,mpc_iter,objective_stage,rng_seed,candidate_id,gd_iter,side,c_model,c_env_ref,delta_model_from_g0_before,delta_env_from_g0_before,contrast_error_from_g0_before,is_exact_model_best,is_exact_env_best
b1_common_anchor,frozen,none,val_T|T|s0|m2,val_T,T,0,2,terminal,260920,g0_before,0,before,0.01677333563566208,0.02916865609586239,0.0,0.0,0.0,False,False
b1_common_anchor,frozen,none,val_T|T|s0|m2,val_T,T,0,2,terminal,260920,g0_after,0,after,0.031096968799829483,0.08128388226032257,0.014323633164167404,0.05211522616446018,-0.03779159300029278,False,False
b1_common_anchor,frozen,none,val_T|T|s0|m2,val_T,T,0,2,terminal,260920,g24_before,24,before,0.004476700443774462,0.018234284594655037,-0.012296635191887617,-0.010934371501207352,-0.0013622636906802654,False,True
b1_common_anchor,frozen,none,val_T|T|s0|m2,val_T,T,0,2,terminal,260920,g24_after,24,after,0.004051839001476765,0.01956035941839218,-0.012721496634185314,-0.009608296677470207,-0.003113199956715107,False,False
b1_common_anchor,frozen,none,val_T|T|s0|m2,val_T,T,0,2,terminal,260920,g49_before,49,before,0.003951876424252987,0.019693050533533096,-0.012821459211409092,-0.009475605562329292,-0.0033458536490797997,False,False
b1_common_anchor,frozen,none,val_T|T|s0|m2,val_T,T,0,2,terminal,260920,g49_after,49,after,0.003921763971447945,0.018965603783726692,-0.012851571664214134,-0.010203052312135696,-0.002648519352078438,False,False
b1_common_anchor,frozen,none,val_T|T|s0|m2,val_T,T,0,2,terminal,260920,g74_before,74,before,0.003859196323901415,0.018635181710124016,-0.012914139311760664,-0.010533474385738373,-0.002380664926022291,False,False
b1_common_anchor,frozen,none,val_T|T|s0|m2,val_T,T,0,2,terminal,260920,g74_after,74,after,0.003859272925183177,0.01865268498659134,-0.012914062710478902,-0.01051597110927105,-0.0023980916012078524,False,False
b1_common_anchor,frozen,none,val_T|T|s0|m2,val_T,T,0,2,terminal,260920,g99_before,99,before,0.0038529138546437025,0.018755385652184486,-0.012920421781018376,-0.010413270443677902,-0.002507151337340474,False,False
b1_common_anchor,frozen,none,val_T|T|s0|m2,val_T,T,0,2,terminal,260920,g99_after,99,after,0.0038529124576598406,0.018755394965410233,-0.012920423178002238,-0.010413261130452156,-0.002507162047550082,True,False
b1_common_anchor,predictor_official_shadow,predictor,val_T|T|s0|m2,val_T,T,0,2,terminal,260920,g0_before,0,before,0.022979913279414177,0.02916865609586239,0.0,0.0,0.0,False,False
b1_common_anchor,predictor_official_shadow,predictor,val_T|T|s0|m2,val_T,T,0,2,terminal,260920,g0_after,0,after,0.034595705568790436,0.08128388226032257,0.011615792289376259,0.05211522616446018,-0.04049943387508392,False,False
b1_common_anchor,predictor_official_shadow,predictor,val_T|T|s0|m2,val_T,T,0,2,terminal,260920,g24_before,24,before,0.008929165080189705,0.018234284594655037,-0.014050748199224472,-0.010934371501207352,-0.0031163766980171204,False,True
b1_common_anchor,predictor_official_shadow,predictor,val_T|T|s0|m2,val_T,T,0,2,terminal,260920,g24_after,24,after,0.008083166554570198,0.01956035941839218,-0.014896746724843979,-0.009608296677470207,-0.005288450047373772,False,False
b1_common_anchor,predictor_official_shadow,predictor,val_T|T|s0|m2,val_T,T,0,2,terminal,260920,g49_before,49,before,0.007313759997487068,0.019693050533533096,-0.01566615328192711,-0.009475605562329292,-0.0061905477195978165,True,False
b1_common_anchor,predictor_official_shadow,predictor,val_T|T|s0|m2,val_T,T,0,2,terminal,260920,g49_after,49,after,0.007359177805483341,0.018965603783726692,-0.015620735473930836,-0.010203052312135696,-0.005417683161795139,False,False
b1_common_anchor,predictor_official_shadow,predictor,val_T|T|s0|m2,val_T,T,0,2,terminal,260920,g74_before,74,before,0.007339716888964176,0.018635181710124016,-0.01564019639045,-0.010533474385738373,-0.005106722004711628,False,False
b1_common_anchor,predictor_official_shadow,predictor,val_T|T|s0|m2,val_T,T,0,2,terminal,260920,g74_after,74,after,0.0073302327655255795,0.01865268498659134,-0.015649680513888597,-0.01051597110927105,-0.005133709404617548,False,False
b1_common_anchor,predictor_official_shadow,predictor,val_T|T|s0|m2,val_T,T,0,2,terminal,260920,g99_before,99,before,0.00737903593108058,0.018755385652184486,-0.015600877348333597,-0.010413270443677902,-0.005187606904655695,False,False
b1_common_anchor,predictor_official_shadow,predictor,val_T|T|s0|m2,val_T,T,0,2,terminal,260920,g99_after,99,after,0.007379025686532259,0.018755394965410233,-0.015600887592881918,-0.010413261130452156,-0.005187626462429762,False,False
b1_common_anchor,frozen,none,val_T|T|s0|m4,val_T,T,0,4,terminal,260921,g0_before,0,before,0.017078429460525513,0.03916049748659134,0.0,0.0,0.0,False,False
b1_common_anchor,frozen,none,val_T|T|s0|m4,val_T,T,0,4,terminal,260921,g0_after,0,after,0.04820343106985092,0.056379284709692,0.03112500160932541,0.017218787223100662,0.013906214386224747,False,False
b1_common_anchor,frozen,none,val_T|T|s0|m4,val_T,T,0,4,terminal,260921,g24_before,24,before,0.007273819297552109,0.014493242837488651,-0.009804610162973404,-0.024667254649102688,0.014862644486129284,False,True
b1_common_anchor,frozen,none,val_T|T|s0|m4,val_T,T,0,4,terminal,260921,g24_after,24,after,0.006747658830136061,0.0155390789732337,-0.010330770630389452,-0.02362141851335764,0.013290647882968187,False,False
b1_common_anchor,frozen,none,val_T|T|s0|m4,val_T,T,0,4,terminal,260921,g49_before,49,before,0.004869054537266493,0.01822931505739689,-0.01220937492325902,-0.02093118242919445,0.00872180750593543,False,False
b1_common_anchor,frozen,none,val_T|T|s0|m4,val_T,T,0,4,terminal,260921,g49_after,49,after,0.004872801247984171,0.018165094777941704,-0.012205628212541342,-0.020995402708649635,0.008789774496108294,False,False
b1_common_anchor,frozen,none,val_T|T|s0|m4,val_T,T,0,4,terminal,260921,g74_before,74,before,0.0046217539347708225,0.01846747100353241,-0.01245667552575469,-0.02069302648305893,0.00823635095730424,False,False
b1_common_anchor,frozen,none,val_T|T|s0|m4,val_T,T,0,4,terminal,260921,g74_after,74,after,0.004618824925273657,0.018504532054066658,-0.012459604535251856,-0.02065596543252468,0.008196360897272825,False,False
b1_common_anchor,frozen,none,val_T|T|s0|m4,val_T,T,0,4,terminal,260921,g99_before,99,before,0.004593521356582642,0.01939822919666767,-0.012484908103942871,-0.019762268289923668,0.007277360185980797,False,False
b1_common_anchor,frozen,none,val_T|T|s0|m4,val_T,T,0,4,terminal,260921,g99_after,99,after,0.0045935180969536304,0.019398214295506477,-0.012484911363571882,-0.019762283191084862,0.0072773718275129795,True,False
b1_common_anchor,predictor_official_shadow,predictor,val_T|T|s0|m4,val_T,T,0,4,terminal,260921,g0_before,0,before,0.01673729717731476,0.03916049748659134,0.0,0.0,0.0,False,False
b1_common_anchor,predictor_official_shadow,predictor,val_T|T|s0|m4,val_T,T,0,4,terminal,260921,g0_after,0,after,0.0634228065609932,0.056379284709692,0.046685509383678436,0.017218787223100662,0.029466722160577774,False,False
b1_common_anchor,predictor_official_shadow,predictor,val_T|T|s0|m4,val_T,T,0,4,terminal,260921,g24_before,24,before,0.0069550881162285805,0.014493242837488651,-0.009782209061086178,-0.024667254649102688,0.01488504558801651,False,True
b1_common_anchor,predictor_official_shadow,predictor,val_T|T|s0|m4,val_T,T,0,4,terminal,260921,g24_after,24,after,0.0063354261219501495,0.0155390789732337,-0.010401871055364609,-0.02362141851335764,0.01321954745799303,False,False
b1_common_anchor,predictor_official_shadow,predictor,val_T|T|s0|m4,val_T,T,0,4,terminal,260921,g49_before,49,before,0.0062940241768956184,0.01822931505739689,-0.01044327300041914,-0.02093118242919445,0.01048790942877531,True,False
b1_common_anchor,predictor_official_shadow,predictor,val_T|T|s0|m4,val_T,T,0,4,terminal,260921,g49_after,49,after,0.006345782428979874,0.018165094777941704,-0.010391514748334885,-0.020995402708649635,0.01060388796031475,False,False
b1_common_anchor,predictor_official_shadow,predictor,val_T|T|s0|m4,val_T,T,0,4,terminal,260921,g74_before,74,before,0.007010865490883589,0.01846747100353241,-0.00972643168643117,-0.02069302648305893,0.01096659479662776,False,False
b1_common_anchor,predictor_official_shadow,predictor,val_T|T|s0|m4,val_T,T,0,4,terminal,260921,g74_after,74,after,0.006998856086283922,0.018504532054066658,-0.009738441091030836,-0.02065596543252468,0.010917524341493845,False,False
b1_common_anchor,predictor_official_shadow,predictor,val_T|T|s0|m4,val_T,T,0,4,terminal,260921,g99_before,99,before,0.006860990542918444,0.01939822919666767,-0.009876306634396315,-0.019762268289923668,0.009885961655527353,False,False
b1_common_anchor,predictor_official_shadow,predictor,val_T|T|s0|m4,val_T,T,0,4,terminal,260921,g99_after,99,after,0.006861015222966671,0.019398214295506477,-0.009876281954348087,-0.019762283191084862,0.009886001236736774,False,False
b1_common_anchor,official_full_shadow,predictor+encoder,val_T|T|s0|m4,val_T,T,0,4,terminal,260921,g0_before,0,before,0.016537286341190338,0.03916049748659134,0.0,0.0,0.0,False,False
b1_common_anchor,official_full_shadow,predictor+encoder,val_T|T|s0|m4,val_T,T,0,4,terminal,260921,g0_after,0,after,0.0583440437912941,0.056379284709692,0.04180675745010376,0.017218787223100662,0.024587970227003098,False,False
b1_common_anchor,official_full_shadow,predictor+encoder,val_T|T|s0|m4,val_T,T,0,4,terminal,260921,g24_before,24,before,0.006457694340497255,0.014493242837488651,-0.010079592000693083,-0.024667254649102688,0.014587662648409605,False,True
b1_common_anchor,official_full_shadow,predictor+encoder,val_T|T|s0|m4,val_T,T,0,4,terminal,260921,g24_after,24,after,0.005967217497527599,0.0155390789732337,-0.010570068843662739,-0.02362141851335764,0.0130513496696949,False,False
b1_common_anchor,official_full_shadow,predictor+encoder,val_T|T|s0|m4,val_T,T,0,4,terminal,260921,g49_before,49,before,0.005609979387372732,0.01822931505739689,-0.010927306953817606,-0.02093118242919445,0.010003875475376844,True,False
b1_common_anchor,official_full_shadow,predictor+encoder,val_T|T|s0|m4,val_T,T,0,4,terminal,260921,g49_after,49,after,0.0056309872306883335,0.018165094777941704,-0.010906299110502005,-0.020995402708649635,0.01008910359814763,False,False
b1_common_anchor,official_full_shadow,predictor+encoder,val_T|T|s0|m4,val_T,T,0,4,terminal,260921,g74_before,74,before,0.006139347795397043,0.01846747100353241,-0.010397938545793295,-0.02069302648305893,0.010295087937265635,False,False
b1_common_anchor,official_full_shadow,predictor+encoder,val_T|T|s0|m4,val_T,T,0,4,terminal,260921,g74_after,74,after,0.006134435534477234,0.018504532054066658,-0.010402850806713104,-0.02065596543252468,0.010253114625811577,False,False
b1_common_anchor,official_full_shadow,predictor+encoder,val_T|T|s0|m4,val_T,T,0,4,terminal,260921,g99_before,99,before,0.006017811596393585,0.01939822919666767,-0.010519474744796753,-0.019762268289923668,0.009242793545126915,False,False
b1_common_anchor,official_full_shadow,predictor+encoder,val_T|T|s0|m4,val_T,T,0,4,terminal,260921,g99_after,99,after,0.006017814390361309,0.019398214295506477,-0.010519471950829029,-0.019762283191084862,0.009242811240255833,False,False
b3_time_separated_experience,frozen,none,val_T|T|s0|m4,val_T,T,0,4,terminal,260921,g0_before,0,before,0.017078429460525513,0.03916049748659134,0.0,0.0,0.0,False,False
b3_time_separated_experience,frozen,none,val_T|T|s0|m4,val_T,T,0,4,terminal,260921,g0_after,0,after,0.04820343106985092,0.056379284709692,0.03112500160932541,0.017218787223100662,0.013906214386224747,False,False
b3_time_separated_experience,frozen,none,val_T|T|s0|m4,val_T,T,0,4,terminal,260921,g24_before,24,before,0.007273819297552109,0.014493242837488651,-0.009804610162973404,-0.024667254649102688,0.014862644486129284,False,True
b3_time_separated_experience,frozen,none,val_T|T|s0|m4,val_T,T,0,4,terminal,260921,g24_after,24,after,0.006747658830136061,0.0155390789732337,-0.010330770630389452,-0.02362141851335764,0.013290647882968187,False,False
b3_time_separated_experience,frozen,none,val_T|T|s0|m4,val_T,T,0,4,terminal,260921,g49_before,49,before,0.004869054537266493,0.01822931505739689,-0.01220937492325902,-0.02093118242919445,0.00872180750593543,False,False
b3_time_separated_experience,frozen,none,val_T|T|s0|m4,val_T,T,0,4,terminal,260921,g49_after,49,after,0.004872801247984171,0.018165094777941704,-0.012205628212541342,-0.020995402708649635,0.008789774496108294,False,False
b3_time_separated_experience,frozen,none,val_T|T|s0|m4,val_T,T,0,4,terminal,260921,g74_before,74,before,0.0046217539347708225,0.01846747100353241,-0.01245667552575469,-0.02069302648305893,0.00823635095730424,False,False
b3_time_separated_experience,frozen,none,val_T|T|s0|m4,val_T,T,0,4,terminal,260921,g74_after,74,after,0.004618824925273657,0.018504532054066658,-0.012459604535251856,-0.02065596543252468,0.008196360897272825,False,False
b3_time_separated_experience,frozen,none,val_T|T|s0|m4,val_T,T,0,4,terminal,260921,g99_before,99,before,0.004593521356582642,0.01939822919666767,-0.012484908103942871,-0.019762268289923668,0.007277360185980797,False,False
b3_time_separated_experience,frozen,none,val_T|T|s0|m4,val_T,T,0,4,terminal,260921,g99_after,99,after,0.0045935180969536304,0.019398214295506477,-0.012484911363571882,-0.019762283191084862,0.0072773718275129795,True,False
b3_time_separated_experience,e1_once,predictor,val_T|T|s0|m4,val_T,T,0,4,terminal,260921,g0_before,0,before,0.019394531846046448,0.03916049748659134,0.0,0.0,0.0,False,False
b3_time_separated_experience,e1_once,predictor,val_T|T|s0|m4,val_T,T,0,4,terminal,260921,g0_after,0,after,0.0639084130525589,0.056379284709692,0.04451388120651245,0.017218787223100662,0.02729509398341179,False,False
b3_time_separated_experience,e1_once,predictor,val_T|T|s0|m4,val_T,T,0,4,terminal,260921,g24_before,24,before,0.006779980845749378,0.014493242837488651,-0.01261455100029707,-0.024667254649102688,0.012052703648805618,False,True
b3_time_separated_experience,e1_once,predictor,val_T|T|s0|m4,val_T,T,0,4,terminal,260921,g24_after,24,after,0.0064501636661589146,0.0155390789732337,-0.012944368179887533,-0.02362141851335764,0.010677050333470106,True,False
b3_time_separated_experience,e1_once,predictor,val_T|T|s0|m4,val_T,T,0,4,terminal,260921,g49_before,49,before,0.007372954860329628,0.01822931505739689,-0.01202157698571682,-0.02093118242919445,0.00890960544347763,False,False
b3_time_separated_experience,e1_once,predictor,val_T|T|s0|m4,val_T,T,0,4,terminal,260921,g49_after,49,after,0.007371586747467518,0.018165094777941704,-0.01202294509857893,-0.020995402708649635,0.008972457610070705,False,False
b3_time_separated_experience,e1_once,predictor,val_T|T|s0|m4,val_T,T,0,4,terminal,260921,g74_before,74,before,0.008316516876220703,0.01846747100353241,-0.011078014969825745,-0.02069302648305893,0.009615011513233185,False,False
b3_time_separated_experience,e1_once,predictor,val_T|T|s0|m4,val_T,T,0,4,terminal,260921,g74_after,74,after,0.008318223059177399,0.018504532054066658,-0.011076308786869049,-0.02065596543252468,0.009579656645655632,False,False
b3_time_separated_experience,e1_once,predictor,val_T|T|s0|m4,val_T,T,0,4,terminal,260921,g99_before,99,before,0.008163572289049625,0.01939822919666767,-0.011230959556996822,-0.019762268289923668,0.008531308732926846,False,False
b3_time_separated_experience,e1_once,predictor,val_T|T|s0|m4,val_T,T,0,4,terminal,260921,g99_after,99,after,0.008163582533597946,0.019398214295506477,-0.011230949312448502,-0.019762283191084862,0.00853133387863636,False,False
b3_time_separated_experience,e2_once,predictor,val_T|T|s0|m4,val_T,T,0,4,terminal,260921,g0_before,0,before,0.021239951252937317,0.03916049748659134,0.0,0.0,0.0,False,False
b3_time_separated_experience,e2_once,predictor,val_T|T|s0|m4,val_T,T,0,4,terminal,260921,g0_after,0,after,0.05123865231871605,0.056379284709692,0.029998701065778732,0.017218787223100662,0.01277991384267807,False,False
b3_time_separated_experience,e2_once,predictor,val_T|T|s0|m4,val_T,T,0,4,terminal,260921,g24_before,24,before,0.006773756816983223,0.014493242837488651,-0.014466194435954094,-0.024667254649102688,0.010201060213148594,False,True
b3_time_separated_experience,e2_once,predictor,val_T|T|s0|m4,val_T,T,0,4,terminal,260921,g24_after,24,after,0.006715183146297932,0.0155390789732337,-0.014524768106639385,-0.02362141851335764,0.009096650406718254,False,False
b3_time_separated_experience,e2_once,predictor,val_T|T|s0|m4,val_T,T,0,4,terminal,260921,g49_before,49,before,0.006690839771181345,0.01822931505739689,-0.014549111481755972,-0.02093118242919445,0.0063820709474384785,False,False
b3_time_separated_experience,e2_once,predictor,val_T|T|s0|m4,val_T,T,0,4,terminal,260921,g49_after,49,after,0.006605236791074276,0.018165094777941704,-0.014634714461863041,-0.020995402708649635,0.006360688246786594,True,False
b3_time_separated_experience,e2_once,predictor,val_T|T|s0|m4,val_T,T,0,4,terminal,260921,g74_before,74,before,0.007083474658429623,0.01846747100353241,-0.014156476594507694,-0.02069302648305893,0.006536549888551235,False,False
b3_time_separated_experience,e2_once,predictor,val_T|T|s0|m4,val_T,T,0,4,terminal,260921,g74_after,74,after,0.0071037993766367435,0.018504532054066658,-0.014136151876300573,-0.02065596543252468,0.006519813556224108,False,False
b3_time_separated_experience,e2_once,predictor,val_T|T|s0|m4,val_T,T,0,4,terminal,260921,g99_before,99,before,0.007000683341175318,0.01939822919666767,-0.014239267911761999,-0.019762268289923668,0.005523000378161669,False,False
b3_time_separated_experience,e2_once,predictor,val_T|T|s0|m4,val_T,T,0,4,terminal,260921,g99_after,99,after,0.0070006768219172955,0.019398214295506477,-0.014239274431020021,-0.019762283191084862,0.00552300876006484,False,False
b3_time_separated_experience,e1_then_e2,predictor,val_T|T|s0|m4,val_T,T,0,4,terminal,260921,g0_before,0,before,0.023454515263438225,0.03916049748659134,0.0,0.0,0.0,False,False
b3_time_separated_experience,e1_then_e2,predictor,val_T|T|s0|m4,val_T,T,0,4,terminal,260921,g0_after,0,after,0.06670253723859787,0.056379284709692,0.043248021975159645,0.017218787223100662,0.026029234752058983,False,False
b3_time_separated_experience,e1_then_e2,predictor,val_T|T|s0|m4,val_T,T,0,4,terminal,260921,g24_before,24,before,0.007089591585099697,0.014493242837488651,-0.016364923678338528,-0.024667254649102688,0.00830233097076416,True,True
b3_time_separated_experience,e1_then_e2,predictor,val_T|T|s0|m4,val_T,T,0,4,terminal,260921,g24_after,24,after,0.007120693568140268,0.0155390789732337,-0.016333821695297956,-0.02362141851335764,0.007287596818059683,False,False
b3_time_separated_experience,e1_then_e2,predictor,val_T|T|s0|m4,val_T,T,0,4,terminal,260921,g49_before,49,before,0.009232442826032639,0.01822931505739689,-0.014222072437405586,-0.02093118242919445,0.006709109991788864,False,False
b3_time_separated_experience,e1_then_e2,predictor,val_T|T|s0|m4,val_T,T,0,4,terminal,260921,g49_after,49,after,0.009150577709078789,0.018165094777941704,-0.014303937554359436,-0.020995402708649635,0.006691465154290199,False,False
b3_time_separated_experience,e1_then_e2,predictor,val_T|T|s0|m4,val_T,T,0,4,terminal,260921,g74_before,74,before,0.01071026548743248,0.01846747100353241,-0.012744249776005745,-0.02069302648305893,0.007948776707053185,False,False
b3_time_separated_experience,e1_then_e2,predictor,val_T|T|s0|m4,val_T,T,0,4,terminal,260921,g74_after,74,after,0.01073441281914711,0.018504532054066658,-0.012720102444291115,-0.02065596543252468,0.007935862988233566,False,False
b3_time_separated_experience,e1_then_e2,predictor,val_T|T|s0|m4,val_T,T,0,4,terminal,260921,g99_before,99,before,0.010513858869671822,0.01939822919666767,-0.012940656393766403,-0.019762268289923668,0.006821611896157265,False,False
b3_time_separated_experience,e1_then_e2,predictor,val_T|T|s0|m4,val_T,T,0,4,terminal,260921,g99_after,99,after,0.010513863526284695,0.019398214295506477,-0.01294065173715353,-0.019762283191084862,0.006821631453931332,False,False
b3_time_separated_experience,e1_then_e1,predictor,val_T|T|s0|m4,val_T,T,0,4,terminal,260921,g0_before,0,before,0.022473782300949097,0.03916049748659134,0.0,0.0,0.0,False,False
b3_time_separated_experience,e1_then_e1,predictor,val_T|T|s0|m4,val_T,T,0,4,terminal,260921,g0_after,0,after,0.05649712681770325,0.056379284709692,0.03402334451675415,0.017218787223100662,0.016804557293653488,False,False
b3_time_separated_experience,e1_then_e1,predictor,val_T|T|s0|m4,val_T,T,0,4,terminal,260921,g24_before,24,before,0.006023838184773922,0.014493242837488651,-0.016449944116175175,-0.024667254649102688,0.008217310532927513,True,True
b3_time_separated_experience,e1_then_e1,predictor,val_T|T|s0|m4,val_T,T,0,4,terminal,260921,g24_after,24,after,0.00617434224113822,0.0155390789732337,-0.016299440059810877,-0.02362141851335764,0.0073219784535467625,False,False
b3_time_separated_experience,e1_then_e1,predictor,val_T|T|s0|m4,val_T,T,0,4,terminal,260921,g49_before,49,before,0.00791897252202034,0.01822931505739689,-0.014554809778928757,-0.02093118242919445,0.006376372650265694,False,False
b3_time_separated_experience,e1_then_e1,predictor,val_T|T|s0|m4,val_T,T,0,4,terminal,260921,g49_after,49,after,0.007811805699020624,0.018165094777941704,-0.014661976601928473,-0.020995402708649635,0.006333426106721163,False,False
b3_time_separated_experience,e1_then_e1,predictor,val_T|T|s0|m4,val_T,T,0,4,terminal,260921,g74_before,74,before,0.009115124121308327,0.01846747100353241,-0.01335865817964077,-0.02069302648305893,0.0073343683034181595,False,False
b3_time_separated_experience,e1_then_e1,predictor,val_T|T|s0|m4,val_T,T,0,4,terminal,260921,g74_after,74,after,0.00915049109607935,0.018504532054066658,-0.013323291204869747,-0.02065596543252468,0.007332674227654934,False,False
b3_time_separated_experience,e1_then_e1,predictor,val_T|T|s0|m4,val_T,T,0,4,terminal,260921,g99_before,99,before,0.009010141715407372,0.01939822919666767,-0.013463640585541725,-0.019762268289923668,0.006298627704381943,False,False
b3_time_separated_experience,e1_then_e1,predictor,val_T|T|s0|m4,val_T,T,0,4,terminal,260921,g99_after,99,after,0.009010124020278454,0.019398214295506477,-0.013463658280670643,-0.019762283191084862,0.006298624910414219,False,False
b3_time_separated_experience,e2_then_e2,predictor,val_T|T|s0|m4,val_T,T,0,4,terminal,260921,g0_before,0,before,0.024688372388482094,0.03916049748659134,0.0,0.0,0.0,False,False
b3_time_separated_experience,e2_then_e2,predictor,val_T|T|s0|m4,val_T,T,0,4,terminal,260921,g0_after,0,after,0.05102327838540077,0.056379284709692,0.02633490599691868,0.017218787223100662,0.009116118773818016,False,False
b3_time_separated_experience,e2_then_e2,predictor,val_T|T|s0|m4,val_T,T,0,4,terminal,260921,g24_before,24,before,0.007046254351735115,0.014493242837488651,-0.01764211803674698,-0.024667254649102688,0.007025136612355709,True,True
b3_time_separated_experience,e2_then_e2,predictor,val_T|T|s0|m4,val_T,T,0,4,terminal,260921,g24_after,24,after,0.007354707457125187,0.0155390789732337,-0.017333664931356907,-0.02362141851335764,0.006287753582000732,False,False
b3_time_separated_experience,e2_then_e2,predictor,val_T|T|s0|m4,val_T,T,0,4,terminal,260921,g49_before,49,before,0.008211681619286537,0.01822931505739689,-0.016476690769195557,-0.02093118242919445,0.004454491659998894,False,False
b3_time_separated_experience,e2_then_e2,predictor,val_T|T|s0|m4,val_T,T,0,4,terminal,260921,g49_after,49,after,0.008043495006859303,0.018165094777941704,-0.01664487738162279,-0.020995402708649635,0.004350525327026844,False,False
b3_time_separated_experience,e2_then_e2,predictor,val_T|T|s0|m4,val_T,T,0,4,terminal,260921,g74_before,74,before,0.00896584801375866,0.01846747100353241,-0.015722524374723434,-0.02069302648305893,0.004970502108335495,False,False
b3_time_separated_experience,e2_then_e2,predictor,val_T|T|s0|m4,val_T,T,0,4,terminal,260921,g74_after,74,after,0.009011021815240383,0.018504532054066658,-0.01567735057324171,-0.02065596543252468,0.00497861485928297,False,False
b3_time_separated_experience,e2_then_e2,predictor,val_T|T|s0|m4,val_T,T,0,4,terminal,260921,g99_before,99,before,0.008879576809704304,0.01939822919666767,-0.01580879557877779,-0.019762268289923668,0.003953472711145878,False,False
b3_time_separated_experience,e2_then_e2,predictor,val_T|T|s0|m4,val_T,T,0,4,terminal,260921,g99_after,99,after,0.00887954980134964,0.019398214295506477,-0.015808822587132454,-0.019762283191084862,0.003953460603952408,False,False
b1_common_anchor,frozen,none,val_T|T|s1|m2,val_T,T,1,2,terminal,260922,g0_before,0,before,0.01317069586366415,0.015174226835370064,0.0,0.0,0.0,False,False
b1_common_anchor,frozen,none,val_T|T|s1|m2,val_T,T,1,2,terminal,260922,g0_after,0,after,0.024417374283075333,0.019386664032936096,0.011246678419411182,0.004212437197566032,0.00703424122184515,False,False
b1_common_anchor,frozen,none,val_T|T|s1|m2,val_T,T,1,2,terminal,260922,g24_before,24,before,0.004369789268821478,0.0033333725295960903,-0.008800906594842672,-0.011840854305773973,0.003039947710931301,False,False
b1_common_anchor,frozen,none,val_T|T|s1|m2,val_T,T,1,2,terminal,260922,g24_after,24,after,0.004979367833584547,0.0038453724700957537,-0.008191328030079603,-0.01132885436527431,0.003137526335194707,False,False
b1_common_anchor,frozen,none,val_T|T|s1|m2,val_T,T,1,2,terminal,260922,g49_before,49,before,0.003941782750189304,0.0038992445915937424,-0.009228913113474846,-0.011274982243776321,0.0020460691303014755,False,False
b1_common_anchor,frozen,none,val_T|T|s1|m2,val_T,T,1,2,terminal,260922,g49_after,49,after,0.003941148519515991,0.0032696889247745275,-0.009229547344148159,-0.011904537910595536,0.002674990566447377,False,True
b1_common_anchor,frozen,none,val_T|T|s1|m2,val_T,T,1,2,terminal,260922,g74_before,74,before,0.003818962024524808,0.005489774513989687,-0.009351733839139342,-0.009684452321380377,0.0003327184822410345,False,False
b1_common_anchor,frozen,none,val_T|T|s1|m2,val_T,T,1,2,terminal,260922,g74_after,74,after,0.003817041404545307,0.0054828752763569355,-0.009353654459118843,-0.009691351559013128,0.0003376970998942852,False,False
b1_common_anchor,frozen,none,val_T|T|s1|m2,val_T,T,1,2,terminal,260922,g99_before,99,before,0.00380686460994184,0.0054366253316402435,-0.00936383125372231,-0.00973760150372982,0.0003737702500075102,False,False
b1_common_anchor,frozen,none,val_T|T|s1|m2,val_T,T,1,2,terminal,260922,g99_after,99,after,0.0038068611174821854,0.005436629522591829,-0.009363834746181965,-0.009737597312778234,0.0003737625665962696,True,False
b1_common_anchor,predictor_official_shadow,predictor,val_T|T|s1|m2,val_T,T,1,2,terminal,260922,g0_before,0,before,0.015074027702212334,0.015174226835370064,0.0,0.0,0.0,False,False
b1_common_anchor,predictor_official_shadow,predictor,val_T|T|s1|m2,val_T,T,1,2,terminal,260922,g0_after,0,after,0.023206576704978943,0.019386664032936096,0.00813254900276661,0.004212437197566032,0.003920111805200577,False,False
b1_common_anchor,predictor_official_shadow,predictor,val_T|T|s1|m2,val_T,T,1,2,terminal,260922,g24_before,24,before,0.005557437427341938,0.0033333725295960903,-0.009516590274870396,-0.011840854305773973,0.002324264030903578,False,False
b1_common_anchor,predictor_official_shadow,predictor,val_T|T|s1|m2,val_T,T,1,2,terminal,260922,g24_after,24,after,0.006766050588339567,0.0038453724700957537,-0.008307977113872766,-0.01132885436527431,0.0030208772514015436,False,False
b1_common_anchor,predictor_official_shadow,predictor,val_T|T|s1|m2,val_T,T,1,2,terminal,260922,g49_before,49,before,0.004685545805841684,0.0038992445915937424,-0.01038848189637065,-0.011274982243776321,0.0008865003474056721,False,False
b1_common_anchor,predictor_official_shadow,predictor,val_T|T|s1|m2,val_T,T,1,2,terminal,260922,g49_after,49,after,0.0046938383020460606,0.0032696889247745275,-0.010380189400166273,-0.011904537910595536,0.0015243485104292631,False,True
b1_common_anchor,predictor_official_shadow,predictor,val_T|T|s1|m2,val_T,T,1,2,terminal,260922,g74_before,74,before,0.004154674243181944,0.005489774513989687,-0.01091935345903039,-0.009684452321380377,-0.001234901137650013,True,False
b1_common_anchor,predictor_official_shadow,predictor,val_T|T|s1|m2,val_T,T,1,2,terminal,260922,g74_after,74,after,0.004165217746049166,0.0054828752763569355,-0.010908809956163168,-0.009691351559013128,-0.0012174583971500397,False,False
b1_common_anchor,predictor_official_shadow,predictor,val_T|T|s1|m2,val_T,T,1,2,terminal,260922,g99_before,99,before,0.004244509618729353,0.0054366253316402435,-0.01082951808348298,-0.00973760150372982,-0.0010919165797531605,False,False
b1_common_anchor,predictor_official_shadow,predictor,val_T|T|s1|m2,val_T,T,1,2,terminal,260922,g99_after,99,after,0.004244479350745678,0.005436629522591829,-0.010829548351466656,-0.009737597312778234,-0.0010919510386884212,False,False
b1_common_anchor,frozen,none,val_T|T|s1|m4,val_T,T,1,4,terminal,260923,g0_before,0,before,0.013251150958240032,0.0142543725669384,0.0,0.0,0.0,False,False
b1_common_anchor,frozen,none,val_T|T|s1|m4,val_T,T,1,4,terminal,260923,g0_after,0,after,0.04900941252708435,0.023844124749302864,0.03575826156884432,0.009589752182364464,0.026168509386479855,False,False
b1_common_anchor,frozen,none,val_T|T|s1|m4,val_T,T,1,4,terminal,260923,g24_before,24,before,0.0055865515023469925,0.010251272469758987,-0.00766459945589304,-0.004003100097179413,-0.003661499358713627,False,False
b1_common_anchor,frozen,none,val_T|T|s1|m4,val_T,T,1,4,terminal,260923,g24_after,24,after,0.006483363453298807,0.011277105659246445,-0.006767787504941225,-0.0029772669076919556,-0.0037905205972492695,False,False
b1_common_anchor,frozen,none,val_T|T|s1|m4,val_T,T,1,4,terminal,260923,g49_before,49,before,0.004381331615149975,0.0055662356317043304,-0.008869819343090057,-0.00868813693523407,-0.00018168240785598755,False,False
b1_common_anchor,frozen,none,val_T|T|s1|m4,val_T,T,1,4,terminal,260923,g49_after,49,after,0.004380176309496164,0.005543322768062353,-0.008870974648743868,-0.008711049798876047,-0.00015992484986782074,False,False
b1_common_anchor,frozen,none,val_T|T|s1|m4,val_T,T,1,4,terminal,260923,g74_before,74,before,0.004191247280687094,0.005563897080719471,-0.009059903677552938,-0.00869047548621893,-0.00036942819133400917,False,False
b1_common_anchor,frozen,none,val_T|T|s1|m4,val_T,T,1,4,terminal,260923,g74_after,74,after,0.0041886670514941216,0.00557114789262414,-0.00906248390674591,-0.00868322467431426,-0.00037925923243165016,False,False
b1_common_anchor,frozen,none,val_T|T|s1|m4,val_T,T,1,4,terminal,260923,g99_before,99,before,0.004173422697931528,0.005218757316470146,-0.009077728260308504,-0.009035615250468254,-4.2113009840250015e-05,False,False
b1_common_anchor,frozen,none,val_T|T|s1|m4,val_T,T,1,4,terminal,260923,g99_after,99,after,0.004173420835286379,0.005218733102083206,-0.009077730122953653,-0.009035639464855194,-4.2090658098459244e-05,True,True
b1_common_anchor,predictor_official_shadow,predictor,val_T|T|s1|m4,val_T,T,1,4,terminal,260923,g0_before,0,before,0.02139129489660263,0.0142543725669384,0.0,0.0,0.0,False,False
b1_common_anchor,predictor_official_shadow,predictor,val_T|T|s1|m4,val_T,T,1,4,terminal,260923,g0_after,0,after,0.028568889945745468,0.023844124749302864,0.0071775950491428375,0.009589752182364464,-0.0024121571332216263,False,False
b1_common_anchor,predictor_official_shadow,predictor,val_T|T|s1|m4,val_T,T,1,4,terminal,260923,g24_before,24,before,0.016367943957448006,0.010251272469758987,-0.005023350939154625,-0.004003100097179413,-0.001020250841975212,False,False
b1_common_anchor,predictor_official_shadow,predictor,val_T|T|s1|m4,val_T,T,1,4,terminal,260923,g24_after,24,after,0.018682772293686867,0.011277105659246445,-0.002708522602915764,-0.0029772669076919556,0.0002687443047761917,False,False
b1_common_anchor,predictor_official_shadow,predictor,val_T|T|s1|m4,val_T,T,1,4,terminal,260923,g49_before,49,before,0.012456432916224003,0.0055662356317043304,-0.008934861980378628,-0.00868813693523407,-0.00024672504514455795,False,False
b1_common_anchor,predictor_official_shadow,predictor,val_T|T|s1|m4,val_T,T,1,4,terminal,260923,g49_after,49,after,0.012516899034380913,0.005543322768062353,-0.008874395862221718,-0.008711049798876047,-0.0001633460633456707,False,False
b1_common_anchor,predictor_official_shadow,predictor,val_T|T|s1|m4,val_T,T,1,4,terminal,260923,g74_before,74,before,0.010699820704758167,0.005563897080719471,-0.010691474191844463,-0.00869047548621893,-0.002000998705625534,True,False
b1_common_anchor,predictor_official_shadow,predictor,val_T|T|s1|m4,val_T,T,1,4,terminal,260923,g74_after,74,after,0.010727956891059875,0.00557114789262414,-0.010663338005542755,-0.00868322467431426,-0.0019801133312284946,False,False
b1_common_anchor,predictor_official_shadow,predictor,val_T|T|s1|m4,val_T,T,1,4,terminal,260923,g99_before,99,before,0.011033677496016026,0.005218757316470146,-0.010357617400586605,-0.009035615250468254,-0.001322002150118351,False,False
b1_common_anchor,predictor_official_shadow,predictor,val_T|T|s1|m4,val_T,T,1,4,terminal,260923,g99_after,99,after,0.01103358156979084,0.005218733102083206,-0.01035771332681179,-0.009035639464855194,-0.0013220738619565964,False,True
b1_common_anchor,official_full_shadow,predictor+encoder,val_T|T|s1|m4,val_T,T,1,4,terminal,260923,g0_before,0,before,0.021754559129476547,0.0142543725669384,0.0,0.0,0.0,False,False
b1_common_anchor,official_full_shadow,predictor+encoder,val_T|T|s1|m4,val_T,T,1,4,terminal,260923,g0_after,0,after,0.030043693259358406,0.023844124749302864,0.008289134129881859,0.009589752182364464,-0.001300618052482605,False,False
b1_common_anchor,official_full_shadow,predictor+encoder,val_T|T|s1|m4,val_T,T,1,4,terminal,260923,g24_before,24,before,0.016100050881505013,0.010251272469758987,-0.005654508247971535,-0.004003100097179413,-0.0016514081507921219,False,False
b1_common_anchor,official_full_shadow,predictor+encoder,val_T|T|s1|m4,val_T,T,1,4,terminal,260923,g24_after,24,after,0.01837497018277645,0.011277105659246445,-0.003379588946700096,-0.0029772669076919556,-0.00040232203900814056,False,False
b1_common_anchor,official_full_shadow,predictor+encoder,val_T|T|s1|m4,val_T,T,1,4,terminal,260923,g49_before,49,before,0.011950420215725899,0.0055662356317043304,-0.009804138913750648,-0.00868813693523407,-0.0011160019785165787,False,False
b1_common_anchor,official_full_shadow,predictor+encoder,val_T|T|s1|m4,val_T,T,1,4,terminal,260923,g49_after,49,after,0.012040870264172554,0.005543322768062353,-0.009713688865303993,-0.008711049798876047,-0.001002639066427946,False,False
b1_common_anchor,official_full_shadow,predictor+encoder,val_T|T|s1|m4,val_T,T,1,4,terminal,260923,g74_before,74,before,0.010282863862812519,0.005563897080719471,-0.011471695266664028,-0.00869047548621893,-0.002781219780445099,True,False
b1_common_anchor,official_full_shadow,predictor+encoder,val_T|T|s1|m4,val_T,T,1,4,terminal,260923,g74_after,74,after,0.010307475924491882,0.00557114789262414,-0.011447083204984665,-0.00868322467431426,-0.0027638585306704044,False,False
b1_common_anchor,official_full_shadow,predictor+encoder,val_T|T|s1|m4,val_T,T,1,4,terminal,260923,g99_before,99,before,0.010572307743132114,0.005218757316470146,-0.011182251386344433,-0.009035615250468254,-0.0021466361358761787,False,False
b1_common_anchor,official_full_shadow,predictor+encoder,val_T|T|s1|m4,val_T,T,1,4,terminal,260923,g99_after,99,after,0.010572217404842377,0.005218733102083206,-0.01118234172463417,-0.009035639464855194,-0.0021467022597789764,False,True
b3_time_separated_experience,frozen,none,val_T|T|s1|m4,val_T,T,1,4,terminal,260923,g0_before,0,before,0.013251150958240032,0.0142543725669384,0.0,0.0,0.0,False,False
b3_time_separated_experience,frozen,none,val_T|T|s1|m4,val_T,T,1,4,terminal,260923,g0_after,0,after,0.04900941252708435,0.023844124749302864,0.03575826156884432,0.009589752182364464,0.026168509386479855,False,False
b3_time_separated_experience,frozen,none,val_T|T|s1|m4,val_T,T,1,4,terminal,260923,g24_before,24,before,0.0055865515023469925,0.010251272469758987,-0.00766459945589304,-0.004003100097179413,-0.003661499358713627,False,False
b3_time_separated_experience,frozen,none,val_T|T|s1|m4,val_T,T,1,4,terminal,260923,g24_after,24,after,0.006483363453298807,0.011277105659246445,-0.006767787504941225,-0.0029772669076919556,-0.0037905205972492695,False,False
b3_time_separated_experience,frozen,none,val_T|T|s1|m4,val_T,T,1,4,terminal,260923,g49_before,49,before,0.004381331615149975,0.0055662356317043304,-0.008869819343090057,-0.00868813693523407,-0.00018168240785598755,False,False
b3_time_separated_experience,frozen,none,val_T|T|s1|m4,val_T,T,1,4,terminal,260923,g49_after,49,after,0.004380176309496164,0.005543322768062353,-0.008870974648743868,-0.008711049798876047,-0.00015992484986782074,False,False
b3_time_separated_experience,frozen,none,val_T|T|s1|m4,val_T,T,1,4,terminal,260923,g74_before,74,before,0.004191247280687094,0.005563897080719471,-0.009059903677552938,-0.00869047548621893,-0.00036942819133400917,False,False
b3_time_separated_experience,frozen,none,val_T|T|s1|m4,val_T,T,1,4,terminal,260923,g74_after,74,after,0.0041886670514941216,0.00557114789262414,-0.00906248390674591,-0.00868322467431426,-0.00037925923243165016,False,False
b3_time_separated_experience,frozen,none,val_T|T|s1|m4,val_T,T,1,4,terminal,260923,g99_before,99,before,0.004173422697931528,0.005218757316470146,-0.009077728260308504,-0.009035615250468254,-4.2113009840250015e-05,False,False
b3_time_separated_experience,frozen,none,val_T|T|s1|m4,val_T,T,1,4,terminal,260923,g99_after,99,after,0.004173420835286379,0.005218733102083206,-0.009077730122953653,-0.009035639464855194,-4.2090658098459244e-05,True,True
b3_time_separated_experience,e1_once,predictor,val_T|T|s1|m4,val_T,T,1,4,terminal,260923,g0_before,0,before,0.014838069677352905,0.0142543725669384,0.0,0.0,0.0,False,False
b3_time_separated_experience,e1_once,predictor,val_T|T|s1|m4,val_T,T,1,4,terminal,260923,g0_after,0,after,0.04585132747888565,0.023844124749302864,0.031013257801532745,0.009589752182364464,0.02142350561916828,False,False
b3_time_separated_experience,e1_once,predictor,val_T|T|s1|m4,val_T,T,1,4,terminal,260923,g24_before,24,before,0.006882349960505962,0.010251272469758987,-0.007955719716846943,-0.004003100097179413,-0.00395261961966753,False,False
b3_time_separated_experience,e1_once,predictor,val_T|T|s1|m4,val_T,T,1,4,terminal,260923,g24_after,24,after,0.008033650927245617,0.011277105659246445,-0.006804418750107288,-0.0029772669076919556,-0.003827151842415333,False,False
b3_time_separated_experience,e1_once,predictor,val_T|T|s1|m4,val_T,T,1,4,terminal,260923,g49_before,49,before,0.005468311719596386,0.0055662356317043304,-0.00936975795775652,-0.00868813693523407,-0.0006816210225224495,False,False
b3_time_separated_experience,e1_once,predictor,val_T|T|s1|m4,val_T,T,1,4,terminal,260923,g49_after,49,after,0.00546351820230484,0.005543322768062353,-0.009374551475048065,-0.008711049798876047,-0.000663501676172018,False,False
b3_time_separated_experience,e1_once,predictor,val_T|T|s1|m4,val_T,T,1,4,terminal,260923,g74_before,74,before,0.004988805390894413,0.005563897080719471,-0.009849264286458492,-0.00869047548621893,-0.001158788800239563,True,False
b3_time_separated_experience,e1_once,predictor,val_T|T|s1|m4,val_T,T,1,4,terminal,260923,g74_after,74,after,0.004992199130356312,0.00557114789262414,-0.009845870546996593,-0.00868322467431426,-0.001162645872682333,False,False
b3_time_separated_experience,e1_once,predictor,val_T|T|s1|m4,val_T,T,1,4,terminal,260923,g99_before,99,before,0.005040191579610109,0.005218757316470146,-0.009797878097742796,-0.009035615250468254,-0.0007622628472745419,False,False
b3_time_separated_experience,e1_once,predictor,val_T|T|s1|m4,val_T,T,1,4,terminal,260923,g99_after,99,after,0.005040170159190893,0.005218733102083206,-0.009797899518162012,-0.009035639464855194,-0.000762260053306818,False,True
b3_time_separated_experience,e2_once,predictor,val_T|T|s1|m4,val_T,T,1,4,terminal,260923,g0_before,0,before,0.015487594529986382,0.0142543725669384,0.0,0.0,0.0,False,False
b3_time_separated_experience,e2_once,predictor,val_T|T|s1|m4,val_T,T,1,4,terminal,260923,g0_after,0,after,0.04577124863862991,0.023844124749302864,0.030283654108643532,0.009589752182364464,0.020693901926279068,False,False
b3_time_separated_experience,e2_once,predictor,val_T|T|s1|m4,val_T,T,1,4,terminal,260923,g24_before,24,before,0.0072626397013664246,0.010251272469758987,-0.008224954828619957,-0.004003100097179413,-0.004221854731440544,False,False
b3_time_separated_experience,e2_once,predictor,val_T|T|s1|m4,val_T,T,1,4,terminal,260923,g24_after,24,after,0.008522896096110344,0.011277105659246445,-0.006964698433876038,-0.0029772669076919556,-0.003987431526184082,False,False
b3_time_separated_experience,e2_once,predictor,val_T|T|s1|m4,val_T,T,1,4,terminal,260923,g49_before,49,before,0.00571901910007,0.0055662356317043304,-0.009768575429916382,-0.00868813693523407,-0.001080438494682312,False,False
b3_time_separated_experience,e2_once,predictor,val_T|T|s1|m4,val_T,T,1,4,terminal,260923,g49_after,49,after,0.005722480360418558,0.005543322768062353,-0.009765114169567823,-0.008711049798876047,-0.0010540643706917763,False,False
b3_time_separated_experience,e2_once,predictor,val_T|T|s1|m4,val_T,T,1,4,terminal,260923,g74_before,74,before,0.005168597213923931,0.005563897080719471,-0.01031899731606245,-0.00869047548621893,-0.0016285218298435211,True,False
b3_time_separated_experience,e2_once,predictor,val_T|T|s1|m4,val_T,T,1,4,terminal,260923,g74_after,74,after,0.005173626355826855,0.00557114789262414,-0.010313968174159527,-0.00868322467431426,-0.0016307434998452663,False,False
b3_time_separated_experience,e2_once,predictor,val_T|T|s1|m4,val_T,T,1,4,terminal,260923,g99_before,99,before,0.005237151402980089,0.005218757316470146,-0.010250443127006292,-0.009035615250468254,-0.0012148278765380383,False,False
b3_time_separated_experience,e2_once,predictor,val_T|T|s1|m4,val_T,T,1,4,terminal,260923,g99_after,99,after,0.005237134173512459,0.005218733102083206,-0.010250460356473923,-0.009035639464855194,-0.0012148208916187286,False,True
b3_time_separated_experience,e1_then_e2,predictor,val_T|T|s1|m4,val_T,T,1,4,terminal,260923,g0_before,0,before,0.017060186713933945,0.0142543725669384,0.0,0.0,0.0,False,False
b3_time_separated_experience,e1_then_e2,predictor,val_T|T|s1|m4,val_T,T,1,4,terminal,260923,g0_after,0,after,0.03821302950382233,0.023844124749302864,0.021152842789888382,0.009589752182364464,0.011563090607523918,False,False
b3_time_separated_experience,e1_then_e2,predictor,val_T|T|s1|m4,val_T,T,1,4,terminal,260923,g24_before,24,before,0.011089476756751537,0.010251272469758987,-0.005970709957182407,-0.004003100097179413,-0.0019676098600029945,False,False
b3_time_separated_experience,e1_then_e2,predictor,val_T|T|s1|m4,val_T,T,1,4,terminal,260923,g24_after,24,after,0.012841761112213135,0.011277105659246445,-0.00421842560172081,-0.0029772669076919556,-0.0012411586940288544,False,False
b3_time_separated_experience,e1_then_e2,predictor,val_T|T|s1|m4,val_T,T,1,4,terminal,260923,g49_before,49,before,0.008360272273421288,0.0055662356317043304,-0.008699914440512657,-0.00868813693523407,-1.1777505278587341e-05,False,False
b3_time_separated_experience,e1_then_e2,predictor,val_T|T|s1|m4,val_T,T,1,4,terminal,260923,g49_after,49,after,0.00839430745691061,0.005543322768062353,-0.008665879257023335,-0.008711049798876047,4.517054185271263e-05,False,False
b3_time_separated_experience,e1_then_e2,predictor,val_T|T|s1|m4,val_T,T,1,4,terminal,260923,g74_before,74,before,0.007238341495394707,0.005563897080719471,-0.009821845218539238,-0.00869047548621893,-0.0011313697323203087,True,False
b3_time_separated_experience,e1_then_e2,predictor,val_T|T|s1|m4,val_T,T,1,4,terminal,260923,g74_after,74,after,0.007252587005496025,0.00557114789262414,-0.00980759970843792,-0.00868322467431426,-0.0011243750341236591,False,False
b3_time_separated_experience,e1_then_e2,predictor,val_T|T|s1|m4,val_T,T,1,4,terminal,260923,g99_before,99,before,0.007416467647999525,0.005218757316470146,-0.00964371906593442,-0.009035615250468254,-0.0006081038154661655,False,False
b3_time_separated_experience,e1_then_e2,predictor,val_T|T|s1|m4,val_T,T,1,4,terminal,260923,g99_after,99,after,0.007416410371661186,0.005218733102083206,-0.009643776342272758,-0.009035639464855194,-0.0006081368774175644,False,True
b3_time_separated_experience,e1_then_e1,predictor,val_T|T|s1|m4,val_T,T,1,4,terminal,260923,g0_before,0,before,0.015766097232699394,0.0142543725669384,0.0,0.0,0.0,False,False
b3_time_separated_experience,e1_then_e1,predictor,val_T|T|s1|m4,val_T,T,1,4,terminal,260923,g0_after,0,after,0.03913853317499161,0.023844124749302864,0.023372435942292213,0.009589752182364464,0.01378268375992775,False,False
b3_time_separated_experience,e1_then_e1,predictor,val_T|T|s1|m4,val_T,T,1,4,terminal,260923,g24_before,24,before,0.00923912413418293,0.010251272469758987,-0.006526973098516464,-0.004003100097179413,-0.0025238730013370514,False,False
b3_time_separated_experience,e1_then_e1,predictor,val_T|T|s1|m4,val_T,T,1,4,terminal,260923,g24_after,24,after,0.010880233719944954,0.011277105659246445,-0.00488586351275444,-0.0029772669076919556,-0.0019085966050624847,False,False
b3_time_separated_experience,e1_then_e1,predictor,val_T|T|s1|m4,val_T,T,1,4,terminal,260923,g49_before,49,before,0.006847546435892582,0.0055662356317043304,-0.008918550796806812,-0.00868813693523407,-0.00023041386157274246,False,False
b3_time_separated_experience,e1_then_e1,predictor,val_T|T|s1|m4,val_T,T,1,4,terminal,260923,g49_after,49,after,0.006862824782729149,0.005543322768062353,-0.008903272449970245,-0.008711049798876047,-0.00019222265109419823,False,False
b3_time_separated_experience,e1_then_e1,predictor,val_T|T|s1|m4,val_T,T,1,4,terminal,260923,g74_before,74,before,0.005817328579723835,0.005563897080719471,-0.00994876865297556,-0.00869047548621893,-0.00125829316675663,True,False
b3_time_separated_experience,e1_then_e1,predictor,val_T|T|s1|m4,val_T,T,1,4,terminal,260923,g74_after,74,after,0.005829730071127415,0.00557114789262414,-0.00993636716157198,-0.00868322467431426,-0.001253142487257719,False,False
b3_time_separated_experience,e1_then_e1,predictor,val_T|T|s1|m4,val_T,T,1,4,terminal,260923,g99_before,99,before,0.0059755421243608,0.005218757316470146,-0.009790555108338594,-0.009035615250468254,-0.0007549398578703403,False,False
b3_time_separated_experience,e1_then_e1,predictor,val_T|T|s1|m4,val_T,T,1,4,terminal,260923,g99_after,99,after,0.005975496489554644,0.005218733102083206,-0.00979060074314475,-0.009035639464855194,-0.0007549612782895565,False,True
b3_time_separated_experience,e2_then_e2,predictor,val_T|T|s1|m4,val_T,T,1,4,terminal,260923,g0_before,0,before,0.015954192727804184,0.0142543725669384,0.0,0.0,0.0,False,False
b3_time_separated_experience,e2_then_e2,predictor,val_T|T|s1|m4,val_T,T,1,4,terminal,260923,g0_after,0,after,0.04148542881011963,0.023844124749302864,0.025531236082315445,0.009589752182364464,0.01594148389995098,False,False
b3_time_separated_experience,e2_then_e2,predictor,val_T|T|s1|m4,val_T,T,1,4,terminal,260923,g24_before,24,before,0.009259654209017754,0.010251272469758987,-0.00669453851878643,-0.004003100097179413,-0.0026914384216070175,False,False
b3_time_separated_experience,e2_then_e2,predictor,val_T|T|s1|m4,val_T,T,1,4,terminal,260923,g24_after,24,after,0.010837378911674023,0.011277105659246445,-0.005116813816130161,-0.0029772669076919556,-0.0021395469084382057,False,False
b3_time_separated_experience,e2_then_e2,predictor,val_T|T|s1|m4,val_T,T,1,4,terminal,260923,g49_before,49,before,0.007200697902590036,0.0055662356317043304,-0.008753494825214148,-0.00868813693523407,-6.535788998007774e-05,False,False
b3_time_separated_experience,e2_then_e2,predictor,val_T|T|s1|m4,val_T,T,1,4,terminal,260923,g49_after,49,after,0.007199432235211134,0.005543322768062353,-0.00875476049259305,-0.008711049798876047,-4.371069371700287e-05,False,False
b3_time_separated_experience,e2_then_e2,predictor,val_T|T|s1|m4,val_T,T,1,4,terminal,260923,g74_before,74,before,0.006263046991080046,0.005563897080719471,-0.009691145736724138,-0.00869047548621893,-0.001000670250505209,True,False
b3_time_separated_experience,e2_then_e2,predictor,val_T|T|s1|m4,val_T,T,1,4,terminal,260923,g74_after,74,after,0.006274937652051449,0.00557114789262414,-0.009679255075752735,-0.00868322467431426,-0.0009960304014384747,False,False
b3_time_separated_experience,e2_then_e2,predictor,val_T|T|s1|m4,val_T,T,1,4,terminal,260923,g99_before,99,before,0.006415463052690029,0.005218757316470146,-0.009538729675114155,-0.009035615250468254,-0.0005031144246459007,False,False
b3_time_separated_experience,e2_then_e2,predictor,val_T|T|s1|m4,val_T,T,1,4,terminal,260923,g99_after,99,after,0.006415410898625851,0.005218733102083206,-0.009538781829178333,-0.009035639464855194,-0.0005031423643231392,False,True
b1_common_anchor,frozen,none,val_T|T|s2|m2,val_T,T,2,2,terminal,260924,g0_before,0,before,0.020517170429229736,0.024001052603125572,0.0,0.0,0.0,False,False
b1_common_anchor,frozen,none,val_T|T|s2|m2,val_T,T,2,2,terminal,260924,g0_after,0,after,0.050227660685777664,0.02598019316792488,0.029710490256547928,0.0019791405647993088,0.02773134969174862,False,False
b1_common_anchor,frozen,none,val_T|T|s2|m2,val_T,T,2,2,terminal,260924,g24_before,24,before,0.007543363142758608,0.021191010251641273,-0.012973807286471128,-0.0028100423514842987,-0.01016376493498683,False,False
b1_common_anchor,frozen,none,val_T|T|s2|m2,val_T,T,2,2,terminal,260924,g24_after,24,after,0.008148143999278545,0.02059609442949295,-0.012369026429951191,-0.0034049581736326218,-0.00896406825631857,False,False
b1_common_anchor,frozen,none,val_T|T|s2|m2,val_T,T,2,2,terminal,260924,g49_before,49,before,0.006389806512743235,0.016128746792674065,-0.014127363916486502,-0.007872305810451508,-0.006255058106034994,False,False
b1_common_anchor,frozen,none,val_T|T|s2|m2,val_T,T,2,2,terminal,260924,g49_after,49,after,0.006396072916686535,0.01582283526659012,-0.014121097512543201,-0.008178217336535454,-0.005942880176007748,False,False
b1_common_anchor,frozen,none,val_T|T|s2|m2,val_T,T,2,2,terminal,260924,g74_before,74,before,0.0062370505183935165,0.013976049609482288,-0.01428011991083622,-0.010025002993643284,-0.004255116917192936,False,True
b1_common_anchor,frozen,none,val_T|T|s2|m2,val_T,T,2,2,terminal,260924,g74_after,74,after,0.006234943401068449,0.014246569946408272,-0.014282227028161287,-0.0097544826567173,-0.004527744371443987,False,False
b1_common_anchor,frozen,none,val_T|T|s2|m2,val_T,T,2,2,terminal,260924,g99_before,99,before,0.00622001476585865,0.01565917767584324,-0.014297155663371086,-0.008341874927282333,-0.005955280736088753,False,False
b1_common_anchor,frozen,none,val_T|T|s2|m2,val_T,T,2,2,terminal,260924,g99_after,99,after,0.006220013834536076,0.015659168362617493,-0.01429715659469366,-0.00834188424050808,-0.005955272354185581,True,False
b1_common_anchor,predictor_official_shadow,predictor,val_T|T|s2|m2,val_T,T,2,2,terminal,260924,g0_before,0,before,0.01864853873848915,0.024001052603125572,0.0,0.0,0.0,False,False
b1_common_anchor,predictor_official_shadow,predictor,val_T|T|s2|m2,val_T,T,2,2,terminal,260924,g0_after,0,after,0.055260058492422104,0.02598019316792488,0.03661151975393295,0.0019791405647993088,0.034632379189133644,False,False
b1_common_anchor,predictor_official_shadow,predictor,val_T|T|s2|m2,val_T,T,2,2,terminal,260924,g24_before,24,before,0.007649898529052734,0.021191010251641273,-0.010998640209436417,-0.0028100423514842987,-0.008188597857952118,False,False
b1_common_anchor,predictor_official_shadow,predictor,val_T|T|s2|m2,val_T,T,2,2,terminal,260924,g24_after,24,after,0.007736347150057554,0.02059609442949295,-0.010912191588431597,-0.0034049581736326218,-0.007507233414798975,False,False
b1_common_anchor,predictor_official_shadow,predictor,val_T|T|s2|m2,val_T,T,2,2,terminal,260924,g49_before,49,before,0.006613417062908411,0.016128746792674065,-0.01203512167558074,-0.007872305810451508,-0.004162815865129232,False,False
b1_common_anchor,predictor_official_shadow,predictor,val_T|T|s2|m2,val_T,T,2,2,terminal,260924,g49_after,49,after,0.006551526486873627,0.01582283526659012,-0.012097012251615524,-0.008178217336535454,-0.0039187949150800705,True,False
b1_common_anchor,predictor_official_shadow,predictor,val_T|T|s2|m2,val_T,T,2,2,terminal,260924,g74_before,74,before,0.006737742107361555,0.013976049609482288,-0.011910796631127596,-0.010025002993643284,-0.001885793637484312,False,True
b1_common_anchor,predictor_official_shadow,predictor,val_T|T|s2|m2,val_T,T,2,2,terminal,260924,g74_after,74,after,0.0067377518862485886,0.014246569946408272,-0.011910786852240562,-0.0097544826567173,-0.002156304195523262,False,False
b1_common_anchor,predictor_official_shadow,predictor,val_T|T|s2|m2,val_T,T,2,2,terminal,260924,g99_before,99,before,0.006643281783908606,0.01565917767584324,-0.012005256954580545,-0.008341874927282333,-0.003663382027298212,False,False
b1_common_anchor,predictor_official_shadow,predictor,val_T|T|s2|m2,val_T,T,2,2,terminal,260924,g99_after,99,after,0.006643296219408512,0.015659168362617493,-0.012005242519080639,-0.00834188424050808,-0.0036633582785725594,False,False
b1_common_anchor,frozen,none,val_T|T|s2|m4,val_T,T,2,4,terminal,260925,g0_before,0,before,0.019513383507728577,0.020342854782938957,0.0,0.0,0.0,False,True
b1_common_anchor,frozen,none,val_T|T|s2|m4,val_T,T,2,4,terminal,260925,g0_after,0,after,0.03398170322179794,0.03879866003990173,0.014468319714069366,0.018455805256962776,-0.00398748554289341,False,False
b1_common_anchor,frozen,none,val_T|T|s2|m4,val_T,T,2,4,terminal,260925,g24_before,24,before,0.007357746362686157,0.03195580095052719,-0.01215563714504242,0.011612946167588234,-0.023768583312630653,False,False
b1_common_anchor,frozen,none,val_T|T|s2|m4,val_T,T,2,4,terminal,260925,g24_after,24,after,0.007413255982100964,0.0314444862306118,-0.012100127525627613,0.011101631447672844,-0.023201758973300457,False,False
b1_common_anchor,frozen,none,val_T|T|s2|m4,val_T,T,2,4,terminal,260925,g49_before,49,before,0.005957742687314749,0.02639785408973694,-0.013555640820413828,0.006054999306797981,-0.01961064012721181,False,False
b1_common_anchor,frozen,none,val_T|T|s2|m4,val_T,T,2,4,terminal,260925,g49_after,49,after,0.0059611499309539795,0.0258827805519104,-0.013552233576774597,0.005539925768971443,-0.01909215934574604,False,False
b1_common_anchor,frozen,none,val_T|T|s2|m4,val_T,T,2,4,terminal,260925,g74_before,74,before,0.005868569947779179,0.029147740453481674,-0.013644813559949398,0.008804885670542717,-0.022449699230492115,False,False
b1_common_anchor,frozen,none,val_T|T|s2|m4,val_T,T,2,4,terminal,260925,g74_after,74,after,0.005867107771337032,0.02813611924648285,-0.013646275736391544,0.007793264463543892,-0.021439540199935436,False,False
b1_common_anchor,frozen,none,val_T|T|s2|m4,val_T,T,2,4,terminal,260925,g99_before,99,before,0.005857035983353853,0.028392072767019272,-0.013656347524374723,0.008049217984080315,-0.021705565508455038,False,False
b1_common_anchor,frozen,none,val_T|T|s2|m4,val_T,T,2,4,terminal,260925,g99_after,99,after,0.005857034120708704,0.028392072767019272,-0.013656349387019873,0.008049217984080315,-0.021705567371100187,True,False
b1_common_anchor,predictor_official_shadow,predictor,val_T|T|s2|m4,val_T,T,2,4,terminal,260925,g0_before,0,before,0.021431125700473785,0.020342854782938957,0.0,0.0,0.0,False,True
b1_common_anchor,predictor_official_shadow,predictor,val_T|T|s2|m4,val_T,T,2,4,terminal,260925,g0_after,0,after,0.03141127526760101,0.03879866003990173,0.009980149567127228,0.018455805256962776,-0.008475655689835548,False,False
b1_common_anchor,predictor_official_shadow,predictor,val_T|T|s2|m4,val_T,T,2,4,terminal,260925,g24_before,24,before,0.00809856690466404,0.03195580095052719,-0.013332558795809746,0.011612946167588234,-0.02494550496339798,False,False
b1_common_anchor,predictor_official_shadow,predictor,val_T|T|s2|m4,val_T,T,2,4,terminal,260925,g24_after,24,after,0.009083450771868229,0.0314444862306118,-0.012347674928605556,0.011101631447672844,-0.0234493063762784,False,False
b1_common_anchor,predictor_official_shadow,predictor,val_T|T|s2|m4,val_T,T,2,4,terminal,260925,g49_before,49,before,0.0072565097361803055,0.02639785408973694,-0.01417461596429348,0.006054999306797981,-0.02022961527109146,False,False
b1_common_anchor,predictor_official_shadow,predictor,val_T|T|s2|m4,val_T,T,2,4,terminal,260925,g49_after,49,after,0.007334757596254349,0.0258827805519104,-0.014096368104219437,0.005539925768971443,-0.01963629387319088,False,False
b1_common_anchor,predictor_official_shadow,predictor,val_T|T|s2|m4,val_T,T,2,4,terminal,260925,g74_before,74,before,0.006968802772462368,0.029147740453481674,-0.014462322928011417,0.008804885670542717,-0.023267208598554134,False,False
b1_common_anchor,predictor_official_shadow,predictor,val_T|T|s2|m4,val_T,T,2,4,terminal,260925,g74_after,74,after,0.0069410004653036594,0.02813611924648285,-0.014490125235170126,0.007793264463543892,-0.022283389698714018,True,False
b1_common_anchor,predictor_official_shadow,predictor,val_T|T|s2|m4,val_T,T,2,4,terminal,260925,g99_before,99,before,0.006977376528084278,0.028392072767019272,-0.014453749172389507,0.008049217984080315,-0.022502967156469822,False,False
b1_common_anchor,predictor_official_shadow,predictor,val_T|T|s2|m4,val_T,T,2,4,terminal,260925,g99_after,99,after,0.006977339740842581,0.028392072767019272,-0.014453785959631205,0.008049217984080315,-0.02250300394371152,False,False
b1_common_anchor,official_full_shadow,predictor+encoder,val_T|T|s2|m4,val_T,T,2,4,terminal,260925,g0_before,0,before,0.02279570885002613,0.020342854782938957,0.0,0.0,0.0,False,True
b1_common_anchor,official_full_shadow,predictor+encoder,val_T|T|s2|m4,val_T,T,2,4,terminal,260925,g0_after,0,after,0.03400509059429169,0.03879866003990173,0.011209381744265556,0.018455805256962776,-0.00724642351269722,False,False
b1_common_anchor,official_full_shadow,predictor+encoder,val_T|T|s2|m4,val_T,T,2,4,terminal,260925,g24_before,24,before,0.0102847246453166,0.03195580095052719,-0.01251098420470953,0.011612946167588234,-0.024123930372297764,False,False
b1_common_anchor,official_full_shadow,predictor+encoder,val_T|T|s2|m4,val_T,T,2,4,terminal,260925,g24_after,24,after,0.01180597860366106,0.0314444862306118,-0.01098973024636507,0.011101631447672844,-0.022091361694037914,False,False
b1_common_anchor,official_full_shadow,predictor+encoder,val_T|T|s2|m4,val_T,T,2,4,terminal,260925,g49_before,49,before,0.00926788616925478,0.02639785408973694,-0.01352782268077135,0.006054999306797981,-0.019582821987569332,False,False
b1_common_anchor,official_full_shadow,predictor+encoder,val_T|T|s2|m4,val_T,T,2,4,terminal,260925,g49_after,49,after,0.009437350556254387,0.0258827805519104,-0.013358358293771744,0.005539925768971443,-0.018898284062743187,False,False
b1_common_anchor,official_full_shadow,predictor+encoder,val_T|T|s2|m4,val_T,T,2,4,terminal,260925,g74_before,74,before,0.008953914977610111,0.029147740453481674,-0.01384179387241602,0.008804885670542717,-0.022646679542958736,False,False
b1_common_anchor,official_full_shadow,predictor+encoder,val_T|T|s2|m4,val_T,T,2,4,terminal,260925,g74_after,74,after,0.008907784707844257,0.02813611924648285,-0.013887924142181873,0.007793264463543892,-0.021681188605725765,True,False
b1_common_anchor,official_full_shadow,predictor+encoder,val_T|T|s2|m4,val_T,T,2,4,terminal,260925,g99_before,99,before,0.008949537761509418,0.028392072767019272,-0.013846171088516712,0.008049217984080315,-0.021895389072597027,False,False
b1_common_anchor,official_full_shadow,predictor+encoder,val_T|T|s2|m4,val_T,T,2,4,terminal,260925,g99_after,99,after,0.008949474431574345,0.028392072767019272,-0.013846234418451786,0.008049217984080315,-0.0218954524025321,False,False
b3_time_separated_experience,frozen,none,val_T|T|s2|m4,val_T,T,2,4,terminal,260925,g0_before,0,before,0.019513383507728577,0.020342854782938957,0.0,0.0,0.0,False,True
b3_time_separated_experience,frozen,none,val_T|T|s2|m4,val_T,T,2,4,terminal,260925,g0_after,0,after,0.03398170322179794,0.03879866003990173,0.014468319714069366,0.018455805256962776,-0.00398748554289341,False,False
b3_time_separated_experience,frozen,none,val_T|T|s2|m4,val_T,T,2,4,terminal,260925,g24_before,24,before,0.007357746362686157,0.03195580095052719,-0.01215563714504242,0.011612946167588234,-0.023768583312630653,False,False
b3_time_separated_experience,frozen,none,val_T|T|s2|m4,val_T,T,2,4,terminal,260925,g24_after,24,after,0.007413255982100964,0.0314444862306118,-0.012100127525627613,0.011101631447672844,-0.023201758973300457,False,False
b3_time_separated_experience,frozen,none,val_T|T|s2|m4,val_T,T,2,4,terminal,260925,g49_before,49,before,0.005957742687314749,0.02639785408973694,-0.013555640820413828,0.006054999306797981,-0.01961064012721181,False,False
b3_time_separated_experience,frozen,none,val_T|T|s2|m4,val_T,T,2,4,terminal,260925,g49_after,49,after,0.0059611499309539795,0.0258827805519104,-0.013552233576774597,0.005539925768971443,-0.01909215934574604,False,False
b3_time_separated_experience,frozen,none,val_T|T|s2|m4,val_T,T,2,4,terminal,260925,g74_before,74,before,0.005868569947779179,0.029147740453481674,-0.013644813559949398,0.008804885670542717,-0.022449699230492115,False,False
b3_time_separated_experience,frozen,none,val_T|T|s2|m4,val_T,T,2,4,terminal,260925,g74_after,74,after,0.005867107771337032,0.02813611924648285,-0.013646275736391544,0.007793264463543892,-0.021439540199935436,False,False
b3_time_separated_experience,frozen,none,val_T|T|s2|m4,val_T,T,2,4,terminal,260925,g99_before,99,before,0.005857035983353853,0.028392072767019272,-0.013656347524374723,0.008049217984080315,-0.021705565508455038,False,False
b3_time_separated_experience,frozen,none,val_T|T|s2|m4,val_T,T,2,4,terminal,260925,g99_after,99,after,0.005857034120708704,0.028392072767019272,-0.013656349387019873,0.008049217984080315,-0.021705567371100187,True,False
b3_time_separated_experience,e1_once,predictor,val_T|T|s2|m4,val_T,T,2,4,terminal,260925,g0_before,0,before,0.02021590992808342,0.020342854782938957,0.0,0.0,0.0,False,True
b3_time_separated_experience,e1_once,predictor,val_T|T|s2|m4,val_T,T,2,4,terminal,260925,g0_after,0,after,0.039314378052949905,0.03879866003990173,0.019098468124866486,0.018455805256962776,0.0006426628679037094,False,False
b3_time_separated_experience,e1_once,predictor,val_T|T|s2|m4,val_T,T,2,4,terminal,260925,g24_before,24,before,0.008168699219822884,0.03195580095052719,-0.012047210708260536,0.011612946167588234,-0.02366015687584877,False,False
b3_time_separated_experience,e1_once,predictor,val_T|T|s2|m4,val_T,T,2,4,terminal,260925,g24_after,24,after,0.00801264587789774,0.0314444862306118,-0.01220326405018568,0.011101631447672844,-0.023304895497858524,False,False
b3_time_separated_experience,e1_once,predictor,val_T|T|s2|m4,val_T,T,2,4,terminal,260925,g49_before,49,before,0.006009185686707497,0.02639785408973694,-0.014206724241375923,0.006054999306797981,-0.020261723548173904,False,False
b3_time_separated_experience,e1_once,predictor,val_T|T|s2|m4,val_T,T,2,4,terminal,260925,g49_after,49,after,0.006061527878046036,0.0258827805519104,-0.014154382050037384,0.005539925768971443,-0.019694307819008827,False,False
b3_time_separated_experience,e1_once,predictor,val_T|T|s2|m4,val_T,T,2,4,terminal,260925,g74_before,74,before,0.006055291276425123,0.029147740453481674,-0.014160618651658297,0.008804885670542717,-0.022965504322201014,False,False
b3_time_separated_experience,e1_once,predictor,val_T|T|s2|m4,val_T,T,2,4,terminal,260925,g74_after,74,after,0.0060556549578905106,0.02813611924648285,-0.01416025497019291,0.007793264463543892,-0.0219535194337368,False,False
b3_time_separated_experience,e1_once,predictor,val_T|T|s2|m4,val_T,T,2,4,terminal,260925,g99_before,99,before,0.00599520280957222,0.028392072767019272,-0.0142207071185112,0.008049217984080315,-0.022269925102591515,True,False
b3_time_separated_experience,e1_once,predictor,val_T|T|s2|m4,val_T,T,2,4,terminal,260925,g99_after,99,after,0.005995212588459253,0.028392072767019272,-0.014220697339624166,0.008049217984080315,-0.02226991532370448,False,False
b3_time_separated_experience,e2_once,predictor,val_T|T|s2|m4,val_T,T,2,4,terminal,260925,g0_before,0,before,0.0216391421854496,0.020342854782938957,0.0,0.0,0.0,False,True
b3_time_separated_experience,e2_once,predictor,val_T|T|s2|m4,val_T,T,2,4,terminal,260925,g0_after,0,after,0.042466774582862854,0.03879866003990173,0.020827632397413254,0.018455805256962776,0.0023718271404504776,False,False
b3_time_separated_experience,e2_once,predictor,val_T|T|s2|m4,val_T,T,2,4,terminal,260925,g24_before,24,before,0.009921196848154068,0.03195580095052719,-0.011717945337295532,0.011612946167588234,-0.023330891504883766,False,False
b3_time_separated_experience,e2_once,predictor,val_T|T|s2|m4,val_T,T,2,4,terminal,260925,g24_after,24,after,0.010993978008627892,0.0314444862306118,-0.010645164176821709,0.011101631447672844,-0.021746795624494553,False,False
b3_time_separated_experience,e2_once,predictor,val_T|T|s2|m4,val_T,T,2,4,terminal,260925,g49_before,49,before,0.007679714355617762,0.02639785408973694,-0.013959427829831839,0.006054999306797981,-0.02001442713662982,False,False
b3_time_separated_experience,e2_once,predictor,val_T|T|s2|m4,val_T,T,2,4,terminal,260925,g49_after,49,after,0.007925164885818958,0.0258827805519104,-0.013713977299630642,0.005539925768971443,-0.019253903068602085,False,False
b3_time_separated_experience,e2_once,predictor,val_T|T|s2|m4,val_T,T,2,4,terminal,260925,g74_before,74,before,0.007533076219260693,0.029147740453481674,-0.014106065966188908,0.008804885670542717,-0.022910951636731625,False,False
b3_time_separated_experience,e2_once,predictor,val_T|T|s2|m4,val_T,T,2,4,terminal,260925,g74_after,74,after,0.00749210873618722,0.02813611924648285,-0.01414703344926238,0.007793264463543892,-0.021940297912806273,False,False
b3_time_separated_experience,e2_once,predictor,val_T|T|s2|m4,val_T,T,2,4,terminal,260925,g99_before,99,before,0.0074349939823150635,0.028392072767019272,-0.014204148203134537,0.008049217984080315,-0.02225336618721485,False,False
b3_time_separated_experience,e2_once,predictor,val_T|T|s2|m4,val_T,T,2,4,terminal,260925,g99_after,99,after,0.007434956729412079,0.028392072767019272,-0.014204185456037521,0.008049217984080315,-0.022253403440117836,True,False
b3_time_separated_experience,e1_then_e2,predictor,val_T|T|s2|m4,val_T,T,2,4,terminal,260925,g0_before,0,before,0.020262103527784348,0.020342854782938957,0.0,0.0,0.0,False,True
b3_time_separated_experience,e1_then_e2,predictor,val_T|T|s2|m4,val_T,T,2,4,terminal,260925,g0_after,0,after,0.033561818301677704,0.03879866003990173,0.013299714773893356,0.018455805256962776,-0.00515609048306942,False,False
b3_time_separated_experience,e1_then_e2,predictor,val_T|T|s2|m4,val_T,T,2,4,terminal,260925,g24_before,24,before,0.007172020617872477,0.03195580095052719,-0.013090082909911871,0.011612946167588234,-0.024703029077500105,False,False
b3_time_separated_experience,e1_then_e2,predictor,val_T|T|s2|m4,val_T,T,2,4,terminal,260925,g24_after,24,after,0.007357603404670954,0.0314444862306118,-0.012904500123113394,0.011101631447672844,-0.024006131570786238,False,False
b3_time_separated_experience,e1_then_e2,predictor,val_T|T|s2|m4,val_T,T,2,4,terminal,260925,g49_before,49,before,0.006264025811105967,0.02639785408973694,-0.013998077716678381,0.006054999306797981,-0.020053077023476362,False,False
b3_time_separated_experience,e1_then_e2,predictor,val_T|T|s2|m4,val_T,T,2,4,terminal,260925,g49_after,49,after,0.006254634819924831,0.0258827805519104,-0.014007468707859516,0.005539925768971443,-0.01954739447683096,False,False
b3_time_separated_experience,e1_then_e2,predictor,val_T|T|s2|m4,val_T,T,2,4,terminal,260925,g74_before,74,before,0.006099575664848089,0.029147740453481674,-0.014162527862936258,0.008804885670542717,-0.022967413533478975,False,False
b3_time_separated_experience,e1_then_e2,predictor,val_T|T|s2|m4,val_T,T,2,4,terminal,260925,g74_after,74,after,0.0060958294197916985,0.02813611924648285,-0.014166274107992649,0.007793264463543892,-0.02195953857153654,True,False
b3_time_separated_experience,e1_then_e2,predictor,val_T|T|s2|m4,val_T,T,2,4,terminal,260925,g99_before,99,before,0.006103123538196087,0.028392072767019272,-0.01415897998958826,0.008049217984080315,-0.022208197973668575,False,False
b3_time_separated_experience,e1_then_e2,predictor,val_T|T|s2|m4,val_T,T,2,4,terminal,260925,g99_after,99,after,0.006103115156292915,0.028392072767019272,-0.014158988371491432,0.008049217984080315,-0.022208206355571747,False,False
b3_time_separated_experience,e1_then_e1,predictor,val_T|T|s2|m4,val_T,T,2,4,terminal,260925,g0_before,0,before,0.020863734185695648,0.020342854782938957,0.0,0.0,0.0,False,True
b3_time_separated_experience,e1_then_e1,predictor,val_T|T|s2|m4,val_T,T,2,4,terminal,260925,g0_after,0,after,0.03419267013669014,0.03879866003990173,0.013328935950994492,0.018455805256962776,-0.005126869305968285,False,False
b3_time_separated_experience,e1_then_e1,predictor,val_T|T|s2|m4,val_T,T,2,4,terminal,260925,g24_before,24,before,0.00711057148873806,0.03195580095052719,-0.013753162696957588,0.011612946167588234,-0.025366108864545822,False,False
b3_time_separated_experience,e1_then_e1,predictor,val_T|T|s2|m4,val_T,T,2,4,terminal,260925,g24_after,24,after,0.007162171415984631,0.0314444862306118,-0.013701562769711018,0.011101631447672844,-0.02480319421738386,False,False
b3_time_separated_experience,e1_then_e1,predictor,val_T|T|s2|m4,val_T,T,2,4,terminal,260925,g49_before,49,before,0.006094574928283691,0.02639785408973694,-0.014769159257411957,0.006054999306797981,-0.020824158564209938,False,False
b3_time_separated_experience,e1_then_e1,predictor,val_T|T|s2|m4,val_T,T,2,4,terminal,260925,g49_after,49,after,0.006078534293919802,0.0258827805519104,-0.014785199891775846,0.005539925768971443,-0.02032512566074729,False,False
b3_time_separated_experience,e1_then_e1,predictor,val_T|T|s2|m4,val_T,T,2,4,terminal,260925,g74_before,74,before,0.005972490645945072,0.029147740453481674,-0.014891243539750576,0.008804885670542717,-0.023696129210293293,True,False
b3_time_separated_experience,e1_then_e1,predictor,val_T|T|s2|m4,val_T,T,2,4,terminal,260925,g74_after,74,after,0.00597254978492856,0.02813611924648285,-0.014891184400767088,0.007793264463543892,-0.02268444886431098,False,False
b3_time_separated_experience,e1_then_e1,predictor,val_T|T|s2|m4,val_T,T,2,4,terminal,260925,g99_before,99,before,0.005973264575004578,0.028392072767019272,-0.01489046961069107,0.008049217984080315,-0.022939687594771385,False,False
b3_time_separated_experience,e1_then_e1,predictor,val_T|T|s2|m4,val_T,T,2,4,terminal,260925,g99_after,99,after,0.005973263643682003,0.028392072767019272,-0.014890470542013645,0.008049217984080315,-0.02293968852609396,False,False
b3_time_separated_experience,e2_then_e2,predictor,val_T|T|s2|m4,val_T,T,2,4,terminal,260925,g0_before,0,before,0.022090410813689232,0.020342854782938957,0.0,0.0,0.0,False,True
b3_time_separated_experience,e2_then_e2,predictor,val_T|T|s2|m4,val_T,T,2,4,terminal,260925,g0_after,0,after,0.035888925194740295,0.03879866003990173,0.013798514381051064,0.018455805256962776,-0.004657290875911713,False,False
b3_time_separated_experience,e2_then_e2,predictor,val_T|T|s2|m4,val_T,T,2,4,terminal,260925,g24_before,24,before,0.008660389110445976,0.03195580095052719,-0.013430021703243256,0.011612946167588234,-0.02504296787083149,False,False
b3_time_separated_experience,e2_then_e2,predictor,val_T|T|s2|m4,val_T,T,2,4,terminal,260925,g24_after,24,after,0.009801450185477734,0.0314444862306118,-0.012288960628211498,0.011101631447672844,-0.023390592075884342,False,False
b3_time_separated_experience,e2_then_e2,predictor,val_T|T|s2|m4,val_T,T,2,4,terminal,260925,g49_before,49,before,0.007700599264353514,0.02639785408973694,-0.014389811549335718,0.006054999306797981,-0.0204448108561337,False,False
b3_time_separated_experience,e2_then_e2,predictor,val_T|T|s2|m4,val_T,T,2,4,terminal,260925,g49_after,49,after,0.007833471521735191,0.0258827805519104,-0.01425693929195404,0.005539925768971443,-0.019796865060925484,False,False
b3_time_separated_experience,e2_then_e2,predictor,val_T|T|s2|m4,val_T,T,2,4,terminal,260925,g74_before,74,before,0.007386377081274986,0.029147740453481674,-0.014704033732414246,0.008804885670542717,-0.023508919402956963,False,False
b3_time_separated_experience,e2_then_e2,predictor,val_T|T|s2|m4,val_T,T,2,4,terminal,260925,g74_after,74,after,0.007351632695645094,0.02813611924648285,-0.014738778118044138,0.007793264463543892,-0.02253204258158803,True,False
b3_time_separated_experience,e2_then_e2,predictor,val_T|T|s2|m4,val_T,T,2,4,terminal,260925,g99_before,99,before,0.007371113169938326,0.028392072767019272,-0.014719297643750906,0.008049217984080315,-0.02276851562783122,False,False
b3_time_separated_experience,e2_then_e2,predictor,val_T|T|s2|m4,val_T,T,2,4,terminal,260925,g99_after,99,after,0.0073710596188902855,0.028392072767019272,-0.014719351194798946,0.008049217984080315,-0.02276856917887926,False,False
b1_common_anchor,frozen,none,val_L|L|s0|m2,val_L,L,0,2,terminal,260926,g0_before,0,before,0.021274248138070107,0.026301439851522446,0.0,0.0,0.0,False,False
b1_common_anchor,frozen,none,val_L|L|s0|m2,val_L,L,0,2,terminal,260926,g0_after,0,after,0.04771339148283005,0.14225240051746368,0.02643914334475994,0.11595096066594124,-0.0895118173211813,False,False
b1_common_anchor,frozen,none,val_L|L|s0|m2,val_L,L,0,2,terminal,260926,g24_before,24,before,0.0039609745144844055,0.009708764031529427,-0.0173132736235857,-0.01659267581999302,-0.0007205978035926819,False,False
b1_common_anchor,frozen,none,val_L|L|s0|m2,val_L,L,0,2,terminal,260926,g24_after,24,after,0.004446967504918575,0.025025703012943268,-0.01682728063315153,-0.0012757368385791779,-0.015551543794572353,False,False
b1_common_anchor,frozen,none,val_L|L|s0|m2,val_L,L,0,2,terminal,260926,g49_before,49,before,0.0032951203174889088,0.011729149147868156,-0.017979127820581198,-0.01457229070365429,-0.0034068371169269085,False,False
b1_common_anchor,frozen,none,val_L|L|s0|m2,val_L,L,0,2,terminal,260926,g49_after,49,after,0.00324835954234004,0.00985931046307087,-0.018025888595730066,-0.016442129388451576,-0.00158375920727849,False,False
b1_common_anchor,frozen,none,val_L|L|s0|m2,val_L,L,0,2,terminal,260926,g74_before,74,before,0.003189738607034087,0.009059426374733448,-0.01808450953103602,-0.017242013476788998,-0.0008424960542470217,False,False
b1_common_anchor,frozen,none,val_L|L|s0|m2,val_L,L,0,2,terminal,260926,g74_after,74,after,0.003190364222973585,0.010125887580215931,-0.01808388391509652,-0.016175552271306515,-0.0019083316437900066,False,False
b1_common_anchor,frozen,none,val_L|L|s0|m2,val_L,L,0,2,terminal,260926,g99_before,99,before,0.0031870552338659763,0.009054005146026611,-0.01808719290420413,-0.017247434705495834,-0.0008397581987082958,False,False
b1_common_anchor,frozen,none,val_L|L|s0|m2,val_L,L,0,2,terminal,260926,g99_after,99,after,0.003187054069712758,0.009054004214704037,-0.01808719406835735,-0.01724743563681841,-0.0008397584315389395,True,True
b1_common_anchor,predictor_official_shadow,predictor,val_L|L|s0|m2,val_L,L,0,2,terminal,260926,g0_before,0,before,0.02157406136393547,0.026301439851522446,0.0,0.0,0.0,False,False
b1_common_anchor,predictor_official_shadow,predictor,val_L|L|s0|m2,val_L,L,0,2,terminal,260926,g0_after,0,after,0.059010133147239685,0.14225240051746368,0.037436071783304214,0.11595096066594124,-0.07851488888263702,False,False
b1_common_anchor,predictor_official_shadow,predictor,val_L|L|s0|m2,val_L,L,0,2,terminal,260926,g24_before,24,before,0.005066273733973503,0.009708764031529427,-0.016507787629961967,-0.01659267581999302,8.488819003105164e-05,False,False
b1_common_anchor,predictor_official_shadow,predictor,val_L|L|s0|m2,val_L,L,0,2,terminal,260926,g24_after,24,after,0.007002457045018673,0.025025703012943268,-0.014571604318916798,-0.0012757368385791779,-0.01329586748033762,False,False
b1_common_anchor,predictor_official_shadow,predictor,val_L|L|s0|m2,val_L,L,0,2,terminal,260926,g49_before,49,before,0.00466074887663126,0.011729149147868156,-0.01691331248730421,-0.01457229070365429,-0.0023410217836499214,False,False
b1_common_anchor,predictor_official_shadow,predictor,val_L|L|s0|m2,val_L,L,0,2,terminal,260926,g49_after,49,after,0.004356922581791878,0.00985931046307087,-0.017217138782143593,-0.016442129388451576,-0.0007750093936920166,False,False
b1_common_anchor,predictor_official_shadow,predictor,val_L|L|s0|m2,val_L,L,0,2,terminal,260926,g74_before,74,before,0.004131839610636234,0.009059426374733448,-0.017442221753299236,-0.017242013476788998,-0.00020020827651023865,False,False
b1_common_anchor,predictor_official_shadow,predictor,val_L|L|s0|m2,val_L,L,0,2,terminal,260926,g74_after,74,after,0.004162100609391928,0.010125887580215931,-0.017411960754543543,-0.016175552271306515,-0.0012364084832370281,False,False
b1_common_anchor,predictor_official_shadow,predictor,val_L|L|s0|m2,val_L,L,0,2,terminal,260926,g99_before,99,before,0.004057202022522688,0.009054005146026611,-0.017516859341412783,-0.017247434705495834,-0.0002694246359169483,True,False
b1_common_anchor,predictor_official_shadow,predictor,val_L|L|s0|m2,val_L,L,0,2,terminal,260926,g99_after,99,after,0.004057230893522501,0.009054004214704037,-0.01751683047041297,-0.01724743563681841,-0.0002693948335945606,False,True
b1_common_anchor,frozen,none,val_L|L|s0|m4,val_L,L,0,4,terminal,260927,g0_before,0,before,0.024430319666862488,0.017256686463952065,0.0,0.0,0.0,False,False
b1_common_anchor,frozen,none,val_L|L|s0|m4,val_L,L,0,4,terminal,260927,g0_after,0,after,0.047749653458595276,0.11116596311330795,0.023319333791732788,0.09390927664935589,-0.0705899428576231,False,False
b1_common_anchor,frozen,none,val_L|L|s0|m4,val_L,L,0,4,terminal,260927,g24_before,24,before,0.0047484105452895164,0.005354368593543768,-0.01968190912157297,-0.011902317870408297,-0.007779591251164675,False,True
b1_common_anchor,frozen,none,val_L|L|s0|m4,val_L,L,0,4,terminal,260927,g24_after,24,after,0.00388181209564209,0.010046806186437607,-0.020548507571220398,-0.007209880277514458,-0.01333862729370594,False,False
b1_common_anchor,frozen,none,val_L|L|s0|m4,val_L,L,0,4,terminal,260927,g49_before,49,before,0.0032134857028722763,0.015209918841719627,-0.02121683396399021,-0.002046767622232437,-0.019170066341757774,False,False
b1_common_anchor,frozen,none,val_L|L|s0|m4,val_L,L,0,4,terminal,260927,g49_after,49,after,0.003240792313590646,0.014894479885697365,-0.021189527353271842,-0.0023622065782546997,-0.018827320775017142,False,False
b1_common_anchor,frozen,none,val_L|L|s0|m4,val_L,L,0,4,terminal,260927,g74_before,74,before,0.0030881997663527727,0.011473123915493488,-0.021342119900509715,-0.005783562548458576,-0.015558557352051139,False,False
b1_common_anchor,frozen,none,val_L|L|s0|m4,val_L,L,0,4,terminal,260927,g74_after,74,after,0.0030858791433274746,0.011481722816824913,-0.021344440523535013,-0.0057749636471271515,-0.015569476876407862,False,False
b1_common_anchor,frozen,none,val_L|L|s0|m4,val_L,L,0,4,terminal,260927,g99_before,99,before,0.003078214358538389,0.010635114274919033,-0.0213521053083241,-0.0066215721890330315,-0.014730533119291067,False,False
b1_common_anchor,frozen,none,val_L|L|s0|m4,val_L,L,0,4,terminal,260927,g99_after,99,after,0.0030782134272158146,0.010635110549628735,-0.021352106239646673,-0.00662157591432333,-0.014730530325323343,True,False
b1_common_anchor,predictor_official_shadow,predictor,val_L|L|s0|m4,val_L,L,0,4,terminal,260927,g0_before,0,before,0.022639315575361252,0.017256686463952065,0.0,0.0,0.0,False,False
b1_common_anchor,predictor_official_shadow,predictor,val_L|L|s0|m4,val_L,L,0,4,terminal,260927,g0_after,0,after,0.05517945438623428,0.11116596311330795,0.03254013881087303,0.09390927664935589,-0.06136913783848286,False,False
b1_common_anchor,predictor_official_shadow,predictor,val_L|L|s0|m4,val_L,L,0,4,terminal,260927,g24_before,24,before,0.004895676858723164,0.005354368593543768,-0.017743638716638088,-0.011902317870408297,-0.005841320846229792,False,True
b1_common_anchor,predictor_official_shadow,predictor,val_L|L|s0|m4,val_L,L,0,4,terminal,260927,g24_after,24,after,0.004668321926146746,0.010046806186437607,-0.017970993649214506,-0.007209880277514458,-0.010761113371700048,False,False
b1_common_anchor,predictor_official_shadow,predictor,val_L|L|s0|m4,val_L,L,0,4,terminal,260927,g49_before,49,before,0.0043733855709433556,0.015209918841719627,-0.018265930004417896,-0.002046767622232437,-0.01621916238218546,False,False
b1_common_anchor,predictor_official_shadow,predictor,val_L|L|s0|m4,val_L,L,0,4,terminal,260927,g49_after,49,after,0.00447587575763464,0.014894479885697365,-0.018163439817726612,-0.0023622065782546997,-0.015801233239471912,False,False
b1_common_anchor,predictor_official_shadow,predictor,val_L|L|s0|m4,val_L,L,0,4,terminal,260927,g74_before,74,before,0.004014334641396999,0.011473123915493488,-0.018624980933964252,-0.005783562548458576,-0.012841418385505676,True,False
b1_common_anchor,predictor_official_shadow,predictor,val_L|L|s0|m4,val_L,L,0,4,terminal,260927,g74_after,74,after,0.004032726865261793,0.011481722816824913,-0.01860658871009946,-0.0057749636471271515,-0.012831625062972307,False,False
b1_common_anchor,predictor_official_shadow,predictor,val_L|L|s0|m4,val_L,L,0,4,terminal,260927,g99_before,99,before,0.004080727696418762,0.010635114274919033,-0.01855858787894249,-0.0066215721890330315,-0.011937015689909458,False,False
b1_common_anchor,predictor_official_shadow,predictor,val_L|L|s0|m4,val_L,L,0,4,terminal,260927,g99_after,99,after,0.004080701153725386,0.010635110549628735,-0.018558614421635866,-0.00662157591432333,-0.011937038507312536,False,False
b1_common_anchor,official_full_shadow,predictor+encoder,val_L|L|s0|m4,val_L,L,0,4,terminal,260927,g0_before,0,before,0.023158354684710503,0.017256686463952065,0.0,0.0,0.0,False,False
b1_common_anchor,official_full_shadow,predictor+encoder,val_L|L|s0|m4,val_L,L,0,4,terminal,260927,g0_after,0,after,0.05231495201587677,0.11116596311330795,0.029156597331166267,0.09390927664935589,-0.06475267931818962,False,False
b1_common_anchor,official_full_shadow,predictor+encoder,val_L|L|s0|m4,val_L,L,0,4,terminal,260927,g24_before,24,before,0.004992862232029438,0.005354368593543768,-0.018165492452681065,-0.011902317870408297,-0.006263174582272768,False,True
b1_common_anchor,official_full_shadow,predictor+encoder,val_L|L|s0|m4,val_L,L,0,4,terminal,260927,g24_after,24,after,0.004437853582203388,0.010046806186437607,-0.018720501102507114,-0.007209880277514458,-0.011510620824992657,False,False
b1_common_anchor,official_full_shadow,predictor+encoder,val_L|L|s0|m4,val_L,L,0,4,terminal,260927,g49_before,49,before,0.0038495673798024654,0.015209918841719627,-0.019308787304908037,-0.002046767622232437,-0.0172620196826756,False,False
b1_common_anchor,official_full_shadow,predictor+encoder,val_L|L|s0|m4,val_L,L,0,4,terminal,260927,g49_after,49,after,0.003913091029971838,0.014894479885697365,-0.019245263654738665,-0.0023622065782546997,-0.016883057076483965,False,False
b1_common_anchor,official_full_shadow,predictor+encoder,val_L|L|s0|m4,val_L,L,0,4,terminal,260927,g74_before,74,before,0.003583792597055435,0.011473123915493488,-0.019574562087655067,-0.005783562548458576,-0.013790999539196491,True,False
b1_common_anchor,official_full_shadow,predictor+encoder,val_L|L|s0|m4,val_L,L,0,4,terminal,260927,g74_after,74,after,0.003592401510104537,0.011481722816824913,-0.019565953174605966,-0.0057749636471271515,-0.013790989527478814,False,False
b1_common_anchor,official_full_shadow,predictor+encoder,val_L|L|s0|m4,val_L,L,0,4,terminal,260927,g99_before,99,before,0.003609998617321253,0.010635114274919033,-0.01954835606738925,-0.0066215721890330315,-0.012926783878356218,False,False
b1_common_anchor,official_full_shadow,predictor+encoder,val_L|L|s0|m4,val_L,L,0,4,terminal,260927,g99_after,99,after,0.003609981620684266,0.010635110549628735,-0.019548373064026237,-0.00662157591432333,-0.012926797149702907,False,False
b3_time_separated_experience,frozen,none,val_L|L|s0|m4,val_L,L,0,4,terminal,260927,g0_before,0,before,0.024430319666862488,0.017256686463952065,0.0,0.0,0.0,False,False
b3_time_separated_experience,frozen,none,val_L|L|s0|m4,val_L,L,0,4,terminal,260927,g0_after,0,after,0.047749653458595276,0.11116596311330795,0.023319333791732788,0.09390927664935589,-0.0705899428576231,False,False
b3_time_separated_experience,frozen,none,val_L|L|s0|m4,val_L,L,0,4,terminal,260927,g24_before,24,before,0.0047484105452895164,0.005354368593543768,-0.01968190912157297,-0.011902317870408297,-0.007779591251164675,False,True
b3_time_separated_experience,frozen,none,val_L|L|s0|m4,val_L,L,0,4,terminal,260927,g24_after,24,after,0.00388181209564209,0.010046806186437607,-0.020548507571220398,-0.007209880277514458,-0.01333862729370594,False,False
b3_time_separated_experience,frozen,none,val_L|L|s0|m4,val_L,L,0,4,terminal,260927,g49_before,49,before,0.0032134857028722763,0.015209918841719627,-0.02121683396399021,-0.002046767622232437,-0.019170066341757774,False,False
b3_time_separated_experience,frozen,none,val_L|L|s0|m4,val_L,L,0,4,terminal,260927,g49_after,49,after,0.003240792313590646,0.014894479885697365,-0.021189527353271842,-0.0023622065782546997,-0.018827320775017142,False,False
b3_time_separated_experience,frozen,none,val_L|L|s0|m4,val_L,L,0,4,terminal,260927,g74_before,74,before,0.0030881997663527727,0.011473123915493488,-0.021342119900509715,-0.005783562548458576,-0.015558557352051139,False,False
b3_time_separated_experience,frozen,none,val_L|L|s0|m4,val_L,L,0,4,terminal,260927,g74_after,74,after,0.0030858791433274746,0.011481722816824913,-0.021344440523535013,-0.0057749636471271515,-0.015569476876407862,False,False
b3_time_separated_experience,frozen,none,val_L|L|s0|m4,val_L,L,0,4,terminal,260927,g99_before,99,before,0.003078214358538389,0.010635114274919033,-0.0213521053083241,-0.0066215721890330315,-0.014730533119291067,False,False
b3_time_separated_experience,frozen,none,val_L|L|s0|m4,val_L,L,0,4,terminal,260927,g99_after,99,after,0.0030782134272158146,0.010635110549628735,-0.021352106239646673,-0.00662157591432333,-0.014730530325323343,True,False
b3_time_separated_experience,e1_once,predictor,val_L|L|s0|m4,val_L,L,0,4,terminal,260927,g0_before,0,before,0.02332398295402527,0.017256686463952065,0.0,0.0,0.0,False,False
b3_time_separated_experience,e1_once,predictor,val_L|L|s0|m4,val_L,L,0,4,terminal,260927,g0_after,0,after,0.05297284573316574,0.11116596311330795,0.029648862779140472,0.09390927664935589,-0.06426041387021542,False,False
b3_time_separated_experience,e1_once,predictor,val_L|L|s0|m4,val_L,L,0,4,terminal,260927,g24_before,24,before,0.004153639543801546,0.005354368593543768,-0.019170343410223722,-0.011902317870408297,-0.007268025539815426,False,True
b3_time_separated_experience,e1_once,predictor,val_L|L|s0|m4,val_L,L,0,4,terminal,260927,g24_after,24,after,0.0037882637698203325,0.010046806186437607,-0.019535719184204936,-0.007209880277514458,-0.012325838906690478,False,False
b3_time_separated_experience,e1_once,predictor,val_L|L|s0|m4,val_L,L,0,4,terminal,260927,g49_before,49,before,0.0035200852435082197,0.015209918841719627,-0.01980389771051705,-0.002046767622232437,-0.01775713008828461,False,False
b3_time_separated_experience,e1_once,predictor,val_L|L|s0|m4,val_L,L,0,4,terminal,260927,g49_after,49,after,0.0036135746631771326,0.014894479885697365,-0.019710408290848136,-0.0023622065782546997,-0.017348201712593436,False,False
b3_time_separated_experience,e1_once,predictor,val_L|L|s0|m4,val_L,L,0,4,terminal,260927,g74_before,74,before,0.0032436016481369734,0.011473123915493488,-0.020080381305888295,-0.005783562548458576,-0.014296818757429719,True,False
b3_time_separated_experience,e1_once,predictor,val_L|L|s0|m4,val_L,L,0,4,terminal,260927,g74_after,74,after,0.003253065748140216,0.011481722816824913,-0.020070917205885053,-0.0057749636471271515,-0.014295953558757901,False,False
b3_time_separated_experience,e1_once,predictor,val_L|L|s0|m4,val_L,L,0,4,terminal,260927,g99_before,99,before,0.0032823472283780575,0.010635114274919033,-0.02004163572564721,-0.0066215721890330315,-0.01342006353661418,False,False
b3_time_separated_experience,e1_once,predictor,val_L|L|s0|m4,val_L,L,0,4,terminal,260927,g99_after,99,after,0.003282337449491024,0.010635110549628735,-0.020041645504534245,-0.00662157591432333,-0.013420069590210915,False,False
b3_time_separated_experience,e2_once,predictor,val_L|L|s0|m4,val_L,L,0,4,terminal,260927,g0_before,0,before,0.023297633975744247,0.017256686463952065,0.0,0.0,0.0,False,False
b3_time_separated_experience,e2_once,predictor,val_L|L|s0|m4,val_L,L,0,4,terminal,260927,g0_after,0,after,0.045875586569309235,0.11116596311330795,0.022577952593564987,0.09390927664935589,-0.0713313240557909,False,False
b3_time_separated_experience,e2_once,predictor,val_L|L|s0|m4,val_L,L,0,4,terminal,260927,g24_before,24,before,0.005744652356952429,0.005354368593543768,-0.01755298161879182,-0.011902317870408297,-0.005650663748383522,False,True
b3_time_separated_experience,e2_once,predictor,val_L|L|s0|m4,val_L,L,0,4,terminal,260927,g24_after,24,after,0.004835893865674734,0.010046806186437607,-0.018461740110069513,-0.007209880277514458,-0.011251859832555056,False,False
b3_time_separated_experience,e2_once,predictor,val_L|L|s0|m4,val_L,L,0,4,terminal,260927,g49_before,49,before,0.003739267122000456,0.015209918841719627,-0.01955836685374379,-0.002046767622232437,-0.017511599231511354,False,False
b3_time_separated_experience,e2_once,predictor,val_L|L|s0|m4,val_L,L,0,4,terminal,260927,g49_after,49,after,0.0037622409872710705,0.014894479885697365,-0.019535392988473177,-0.0023622065782546997,-0.017173186410218477,False,False
b3_time_separated_experience,e2_once,predictor,val_L|L|s0|m4,val_L,L,0,4,terminal,260927,g74_before,74,before,0.003674321109429002,0.011473123915493488,-0.019623312866315246,-0.005783562548458576,-0.01383975031785667,False,False
b3_time_separated_experience,e2_once,predictor,val_L|L|s0|m4,val_L,L,0,4,terminal,260927,g74_after,74,after,0.0036720014177262783,0.011481722816824913,-0.01962563255801797,-0.0057749636471271515,-0.013850668910890818,False,False
b3_time_separated_experience,e2_once,predictor,val_L|L|s0|m4,val_L,L,0,4,terminal,260927,g99_before,99,before,0.003662340808659792,0.010635114274919033,-0.019635293167084455,-0.0066215721890330315,-0.013013720978051424,False,False
b3_time_separated_experience,e2_once,predictor,val_L|L|s0|m4,val_L,L,0,4,terminal,260927,g99_after,99,after,0.0036623382475227118,0.010635110549628735,-0.019635295728221536,-0.00662157591432333,-0.013013719813898206,True,False
b3_time_separated_experience,e1_then_e2,predictor,val_L|L|s0|m4,val_L,L,0,4,terminal,260927,g0_before,0,before,0.021565072238445282,0.017256686463952065,0.0,0.0,0.0,False,False
b3_time_separated_experience,e1_then_e2,predictor,val_L|L|s0|m4,val_L,L,0,4,terminal,260927,g0_after,0,after,0.0600491538643837,0.11116596311330795,0.038484081625938416,0.09390927664935589,-0.05542519502341747,False,False
b3_time_separated_experience,e1_then_e2,predictor,val_L|L|s0|m4,val_L,L,0,4,terminal,260927,g24_before,24,before,0.004365517292171717,0.005354368593543768,-0.017199554946273565,-0.011902317870408297,-0.005297237075865269,True,True
b3_time_separated_experience,e1_then_e2,predictor,val_L|L|s0|m4,val_L,L,0,4,terminal,260927,g24_after,24,after,0.004714571870863438,0.010046806186437607,-0.016850500367581844,-0.007209880277514458,-0.009640620090067387,False,False
b3_time_separated_experience,e1_then_e2,predictor,val_L|L|s0|m4,val_L,L,0,4,terminal,260927,g49_before,49,before,0.004896676167845726,0.015209918841719627,-0.016668396070599556,-0.002046767622232437,-0.014621628448367119,False,False
b3_time_separated_experience,e1_then_e2,predictor,val_L|L|s0|m4,val_L,L,0,4,terminal,260927,g49_after,49,after,0.005071990191936493,0.014894479885697365,-0.01649308204650879,-0.0023622065782546997,-0.01413087546825409,False,False
b3_time_separated_experience,e1_then_e2,predictor,val_L|L|s0|m4,val_L,L,0,4,terminal,260927,g74_before,74,before,0.004379695281386375,0.011473123915493488,-0.017185376957058907,-0.005783562548458576,-0.01140181440860033,False,False
b3_time_separated_experience,e1_then_e2,predictor,val_L|L|s0|m4,val_L,L,0,4,terminal,260927,g74_after,74,after,0.004412364214658737,0.011481722816824913,-0.017152708023786545,-0.0057749636471271515,-0.011377744376659393,False,False
b3_time_separated_experience,e1_then_e2,predictor,val_L|L|s0|m4,val_L,L,0,4,terminal,260927,g99_before,99,before,0.004506761208176613,0.010635114274919033,-0.01705831103026867,-0.0066215721890330315,-0.010436738841235638,False,False
b3_time_separated_experience,e1_then_e2,predictor,val_L|L|s0|m4,val_L,L,0,4,terminal,260927,g99_after,99,after,0.004506728146225214,0.010635110549628735,-0.017058344092220068,-0.00662157591432333,-0.010436768177896738,False,False
b3_time_separated_experience,e1_then_e1,predictor,val_L|L|s0|m4,val_L,L,0,4,terminal,260927,g0_before,0,before,0.022097639739513397,0.017256686463952065,0.0,0.0,0.0,False,False
b3_time_separated_experience,e1_then_e1,predictor,val_L|L|s0|m4,val_L,L,0,4,terminal,260927,g0_after,0,after,0.05553300306200981,0.11116596311330795,0.033435363322496414,0.09390927664935589,-0.060473913326859474,False,False
b3_time_separated_experience,e1_then_e1,predictor,val_L|L|s0|m4,val_L,L,0,4,terminal,260927,g24_before,24,before,0.004234525375068188,0.005354368593543768,-0.01786311436444521,-0.011902317870408297,-0.005960796494036913,False,True
b3_time_separated_experience,e1_then_e1,predictor,val_L|L|s0|m4,val_L,L,0,4,terminal,260927,g24_after,24,after,0.004129993263632059,0.010046806186437607,-0.017967646475881338,-0.007209880277514458,-0.01075776619836688,False,False
b3_time_separated_experience,e1_then_e1,predictor,val_L|L|s0|m4,val_L,L,0,4,terminal,260927,g49_before,49,before,0.003865180304273963,0.015209918841719627,-0.018232459435239434,-0.002046767622232437,-0.016185691813006997,False,False
b3_time_separated_experience,e1_then_e1,predictor,val_L|L|s0|m4,val_L,L,0,4,terminal,260927,g49_after,49,after,0.003994203172624111,0.014894479885697365,-0.018103436566889286,-0.0023622065782546997,-0.015741229988634586,False,False
b3_time_separated_experience,e1_then_e1,predictor,val_L|L|s0|m4,val_L,L,0,4,terminal,260927,g74_before,74,before,0.003566902130842209,0.011473123915493488,-0.01853073760867119,-0.005783562548458576,-0.012747175060212612,True,False
b3_time_separated_experience,e1_then_e1,predictor,val_L|L|s0|m4,val_L,L,0,4,terminal,260927,g74_after,74,after,0.0035843118093907833,0.011481722816824913,-0.018513327930122614,-0.0057749636471271515,-0.012738364282995462,False,False
b3_time_separated_experience,e1_then_e1,predictor,val_L|L|s0|m4,val_L,L,0,4,terminal,260927,g99_before,99,before,0.0036405061837285757,0.010635114274919033,-0.01845713355578482,-0.0066215721890330315,-0.01183556136675179,False,False
b3_time_separated_experience,e1_then_e1,predictor,val_L|L|s0|m4,val_L,L,0,4,terminal,260927,g99_after,99,after,0.003640489187091589,0.010635110549628735,-0.018457150552421808,-0.00662157591432333,-0.011835574638098478,False,False
b3_time_separated_experience,e2_then_e2,predictor,val_L|L|s0|m4,val_L,L,0,4,terminal,260927,g0_before,0,before,0.020222831517457962,0.017256686463952065,0.0,0.0,0.0,False,False
b3_time_separated_experience,e2_then_e2,predictor,val_L|L|s0|m4,val_L,L,0,4,terminal,260927,g0_after,0,after,0.0605543851852417,0.11116596311330795,0.04033155366778374,0.09390927664935589,-0.05357772298157215,False,False
b3_time_separated_experience,e2_then_e2,predictor,val_L|L|s0|m4,val_L,L,0,4,terminal,260927,g24_before,24,before,0.006031995639204979,0.005354368593543768,-0.014190835878252983,-0.011902317870408297,-0.0022885180078446865,False,True
b3_time_separated_experience,e2_then_e2,predictor,val_L|L|s0|m4,val_L,L,0,4,terminal,260927,g24_after,24,after,0.0064999256283044815,0.010046806186437607,-0.01372290588915348,-0.007209880277514458,-0.006513025611639023,False,False
b3_time_separated_experience,e2_then_e2,predictor,val_L|L|s0|m4,val_L,L,0,4,terminal,260927,g49_before,49,before,0.006322955712676048,0.015209918841719627,-0.013899875804781914,-0.002046767622232437,-0.011853108182549477,False,False
b3_time_separated_experience,e2_then_e2,predictor,val_L|L|s0|m4,val_L,L,0,4,terminal,260927,g49_after,49,after,0.0065108309499919415,0.014894479885697365,-0.01371200056746602,-0.0023622065782546997,-0.011349793989211321,False,False
b3_time_separated_experience,e2_then_e2,predictor,val_L|L|s0|m4,val_L,L,0,4,terminal,260927,g74_before,74,before,0.005815646145492792,0.011473123915493488,-0.01440718537196517,-0.005783562548458576,-0.008623622823506594,True,False
b3_time_separated_experience,e2_then_e2,predictor,val_L|L|s0|m4,val_L,L,0,4,terminal,260927,g74_after,74,after,0.00585621502250433,0.011481722816824913,-0.014366616494953632,-0.0057749636471271515,-0.00859165284782648,False,False
b3_time_separated_experience,e2_then_e2,predictor,val_L|L|s0|m4,val_L,L,0,4,terminal,260927,g99_before,99,before,0.005971171893179417,0.010635114274919033,-0.014251659624278545,-0.0066215721890330315,-0.007630087435245514,False,False
b3_time_separated_experience,e2_then_e2,predictor,val_L|L|s0|m4,val_L,L,0,4,terminal,260927,g99_after,99,after,0.005971131846308708,0.010635110549628735,-0.014251699671149254,-0.00662157591432333,-0.007630123756825924,False,False
b1_common_anchor,frozen,none,val_L|L|s1|m2,val_L,L,1,2,terminal,260928,g0_before,0,before,0.06145443767309189,0.07326690107584,0.0,0.0,0.0,False,False
b1_common_anchor,frozen,none,val_L|L|s1|m2,val_L,L,1,2,terminal,260928,g0_after,0,after,0.16360780596733093,0.08481939882040024,0.10215336829423904,0.011552497744560242,0.0906008705496788,False,False
b1_common_anchor,frozen,none,val_L|L|s1|m2,val_L,L,1,2,terminal,260928,g24_before,24,before,0.017690027132630348,0.025944272056221962,-0.04376441054046154,-0.047322629019618034,0.003558218479156494,False,False
b1_common_anchor,frozen,none,val_L|L|s1|m2,val_L,L,1,2,terminal,260928,g24_after,24,after,0.015710260719060898,0.023375723510980606,-0.04574417695403099,-0.04989117756485939,0.0041470006108284,False,False
b1_common_anchor,frozen,none,val_L|L|s1|m2,val_L,L,1,2,terminal,260928,g49_before,49,before,0.008414887823164463,0.008397281169891357,-0.053039549849927425,-0.06486961990594864,0.011830070056021214,False,True
b1_common_anchor,frozen,none,val_L|L|s1|m2,val_L,L,1,2,terminal,260928,g49_after,49,after,0.008304597809910774,0.014063959941267967,-0.053149839863181114,-0.05920294113457203,0.006053101271390915,False,False
b1_common_anchor,frozen,none,val_L|L|s1|m2,val_L,L,1,2,terminal,260928,g74_before,74,before,0.007904079742729664,0.015975406393408775,-0.053550357930362225,-0.05729149468243122,0.0037411367520689964,False,False
b1_common_anchor,frozen,none,val_L|L|s1|m2,val_L,L,1,2,terminal,260928,g74_after,74,after,0.007893238216638565,0.015979818999767303,-0.05356119945645332,-0.05728708207607269,0.0037258826196193695,False,False
b1_common_anchor,frozen,none,val_L|L|s1|m2,val_L,L,1,2,terminal,260928,g99_before,99,before,0.00784167367964983,0.016436122357845306,-0.05361276399344206,-0.05683077871799469,0.0032180147245526314,False,False
b1_common_anchor,frozen,none,val_L|L|s1|m2,val_L,L,1,2,terminal,260928,g99_after,99,after,0.007841665297746658,0.0164361409842968,-0.05361277237534523,-0.0568307600915432,0.0032179877161979675,True,False
b1_common_anchor,predictor_official_shadow,predictor,val_L|L|s1|m2,val_L,L,1,2,terminal,260928,g0_before,0,before,0.06184236705303192,0.07326690107584,0.0,0.0,0.0,False,False
b1_common_anchor,predictor_official_shadow,predictor,val_L|L|s1|m2,val_L,L,1,2,terminal,260928,g0_after,0,after,0.1362723410129547,0.08481939882040024,0.07442997395992279,0.011552497744560242,0.06287747621536255,False,False
b1_common_anchor,predictor_official_shadow,predictor,val_L|L|s1|m2,val_L,L,1,2,terminal,260928,g24_before,24,before,0.01890130341053009,0.025944272056221962,-0.04294106364250183,-0.047322629019618034,0.004381565377116203,False,False
b1_common_anchor,predictor_official_shadow,predictor,val_L|L|s1|m2,val_L,L,1,2,terminal,260928,g24_after,24,after,0.01673111692070961,0.023375723510980606,-0.04511125013232231,-0.04989117756485939,0.004779927432537079,False,False
b1_common_anchor,predictor_official_shadow,predictor,val_L|L|s1|m2,val_L,L,1,2,terminal,260928,g49_before,49,before,0.008532736450433731,0.008397281169891357,-0.05330963060259819,-0.06486961990594864,0.011559989303350449,False,True
b1_common_anchor,predictor_official_shadow,predictor,val_L|L|s1|m2,val_L,L,1,2,terminal,260928,g49_after,49,after,0.008340571075677872,0.014063959941267967,-0.05350179597735405,-0.05920294113457203,0.005701145157217979,False,False
b1_common_anchor,predictor_official_shadow,predictor,val_L|L|s1|m2,val_L,L,1,2,terminal,260928,g74_before,74,before,0.00798244308680296,0.015975406393408775,-0.05385992396622896,-0.05729149468243122,0.003431570716202259,False,False
b1_common_anchor,predictor_official_shadow,predictor,val_L|L|s1|m2,val_L,L,1,2,terminal,260928,g74_after,74,after,0.007961777970194817,0.015979818999767303,-0.053880589082837105,-0.05728708207607269,0.003406492993235588,False,False
b1_common_anchor,predictor_official_shadow,predictor,val_L|L|s1|m2,val_L,L,1,2,terminal,260928,g99_before,99,before,0.007846707478165627,0.016436122357845306,-0.053995659574866295,-0.05683077871799469,0.002835119143128395,False,False
b1_common_anchor,predictor_official_shadow,predictor,val_L|L|s1|m2,val_L,L,1,2,terminal,260928,g99_after,99,after,0.007846703752875328,0.0164361409842968,-0.05399566330015659,-0.0568307600915432,0.0028350967913866043,True,False
b1_common_anchor,frozen,none,val_L|L|s1|m4,val_L,L,1,4,terminal,260929,g0_before,0,before,0.06176058575510979,0.07222633063793182,0.0,0.0,0.0,False,False
b1_common_anchor,frozen,none,val_L|L|s1|m4,val_L,L,1,4,terminal,260929,g0_after,0,after,0.08081051707267761,0.10535399615764618,0.019049931317567825,0.033127665519714355,-0.01407773420214653,False,False
b1_common_anchor,frozen,none,val_L|L|s1|m4,val_L,L,1,4,terminal,260929,g24_before,24,before,0.008625924587249756,0.005469094030559063,-0.05313466116786003,-0.06675723660737276,0.01362257543951273,False,False
b1_common_anchor,frozen,none,val_L|L|s1|m4,val_L,L,1,4,terminal,260929,g24_after,24,after,0.009489113464951515,0.0048777880147099495,-0.05227147229015827,-0.06734854262322187,0.015077070333063602,False,True
b1_common_anchor,frozen,none,val_L|L|s1|m4,val_L,L,1,4,terminal,260929,g49_before,49,before,0.008103196509182453,0.006977468729019165,-0.053657389245927334,-0.06524886190891266,0.011591472662985325,False,False
b1_common_anchor,frozen,none,val_L|L|s1|m4,val_L,L,1,4,terminal,260929,g49_after,49,after,0.008038897998631,0.0070765092968940735,-0.053721687756478786,-0.06514982134103775,0.011428133584558964,False,False
b1_common_anchor,frozen,none,val_L|L|s1|m4,val_L,L,1,4,terminal,260929,g74_before,74,before,0.007557479199022055,0.006935255602002144,-0.05420310655608773,-0.06529107503592968,0.011087968479841948,False,False
b1_common_anchor,frozen,none,val_L|L|s1|m4,val_L,L,1,4,terminal,260929,g74_after,74,after,0.007550978567451239,0.006941938307136297,-0.05420960718765855,-0.06528439233079553,0.011074785143136978,False,False
b1_common_anchor,frozen,none,val_L|L|s1|m4,val_L,L,1,4,terminal,260929,g99_before,99,before,0.0075106872245669365,0.016956105828285217,-0.05424989853054285,-0.055270224809646606,0.001020326279103756,False,False
b1_common_anchor,frozen,none,val_L|L|s1|m4,val_L,L,1,4,terminal,260929,g99_after,99,after,0.007510676514357328,0.016956113278865814,-0.05424990924075246,-0.05527021735906601,0.001020308118313551,True,False
b1_common_anchor,predictor_official_shadow,predictor,val_L|L|s1|m4,val_L,L,1,4,terminal,260929,g0_before,0,before,0.059366825968027115,0.07222633063793182,0.0,0.0,0.0,False,False
b1_common_anchor,predictor_official_shadow,predictor,val_L|L|s1|m4,val_L,L,1,4,terminal,260929,g0_after,0,after,0.08769050985574722,0.10535399615764618,0.028323683887720108,0.033127665519714355,-0.0048039816319942474,False,False
b1_common_anchor,predictor_official_shadow,predictor,val_L|L|s1|m4,val_L,L,1,4,terminal,260929,g24_before,24,before,0.008632413111627102,0.005469094030559063,-0.05073441285640001,-0.06675723660737276,0.016022823750972748,False,False
b1_common_anchor,predictor_official_shadow,predictor,val_L|L|s1|m4,val_L,L,1,4,terminal,260929,g24_after,24,after,0.009004845283925533,0.0048777880147099495,-0.05036198068410158,-0.06734854262322187,0.016986561939120293,False,True
b1_common_anchor,predictor_official_shadow,predictor,val_L|L|s1|m4,val_L,L,1,4,terminal,260929,g49_before,49,before,0.008471737615764141,0.006977468729019165,-0.050895088352262974,-0.06524886190891266,0.014353773556649685,False,False
b1_common_anchor,predictor_official_shadow,predictor,val_L|L|s1|m4,val_L,L,1,4,terminal,260929,g49_after,49,after,0.008436799980700016,0.0070765092968940735,-0.0509300259873271,-0.06514982134103775,0.014219795353710651,False,False
b1_common_anchor,predictor_official_shadow,predictor,val_L|L|s1|m4,val_L,L,1,4,terminal,260929,g74_before,74,before,0.008363296277821064,0.006935255602002144,-0.05100352969020605,-0.06529107503592968,0.014287545345723629,False,False
b1_common_anchor,predictor_official_shadow,predictor,val_L|L|s1|m4,val_L,L,1,4,terminal,260929,g74_after,74,after,0.008339292369782925,0.006941938307136297,-0.05102753359824419,-0.06528439233079553,0.014256858732551336,False,False
b1_common_anchor,predictor_official_shadow,predictor,val_L|L|s1|m4,val_L,L,1,4,terminal,260929,g99_before,99,before,0.008259862661361694,0.016956105828285217,-0.05110696330666542,-0.055270224809646606,0.004163261502981186,True,False
b1_common_anchor,predictor_official_shadow,predictor,val_L|L|s1|m4,val_L,L,1,4,terminal,260929,g99_after,99,after,0.008259868249297142,0.016956113278865814,-0.05110695771872997,-0.05527021735906601,0.004163259640336037,False,False
b1_common_anchor,official_full_shadow,predictor+encoder,val_L|L|s1|m4,val_L,L,1,4,terminal,260929,g0_before,0,before,0.05945378914475441,0.07222633063793182,0.0,0.0,0.0,False,False
b1_common_anchor,official_full_shadow,predictor+encoder,val_L|L|s1|m4,val_L,L,1,4,terminal,260929,g0_after,0,after,0.0932680293917656,0.10535399615764618,0.033814240247011185,0.033127665519714355,0.0006865747272968292,False,False
b1_common_anchor,official_full_shadow,predictor+encoder,val_L|L|s1|m4,val_L,L,1,4,terminal,260929,g24_before,24,before,0.00814939383417368,0.005469094030559063,-0.05130439531058073,-0.06675723660737276,0.01545284129679203,False,False
b1_common_anchor,official_full_shadow,predictor+encoder,val_L|L|s1|m4,val_L,L,1,4,terminal,260929,g24_after,24,after,0.008268265053629875,0.0048777880147099495,-0.051185524091124535,-0.06734854262322187,0.01616301853209734,False,True
b1_common_anchor,official_full_shadow,predictor+encoder,val_L|L|s1|m4,val_L,L,1,4,terminal,260929,g49_before,49,before,0.00805684644728899,0.006977468729019165,-0.05139694269746542,-0.06524886190891266,0.013851919211447239,False,False
b1_common_anchor,official_full_shadow,predictor+encoder,val_L|L|s1|m4,val_L,L,1,4,terminal,260929,g49_after,49,after,0.00804626103490591,0.0070765092968940735,-0.0514075281098485,-0.06514982134103775,0.013742293231189251,True,False
b1_common_anchor,official_full_shadow,predictor+encoder,val_L|L|s1|m4,val_L,L,1,4,terminal,260929,g74_before,74,before,0.00821901485323906,0.006935255602002144,-0.05123477429151535,-0.06529107503592968,0.01405630074441433,False,False
b1_common_anchor,official_full_shadow,predictor+encoder,val_L|L|s1|m4,val_L,L,1,4,terminal,260929,g74_after,74,after,0.008183976635336876,0.006941938307136297,-0.051269812509417534,-0.06528439233079553,0.014014579821377993,False,False
b1_common_anchor,official_full_shadow,predictor+encoder,val_L|L|s1|m4,val_L,L,1,4,terminal,260929,g99_before,99,before,0.00808330811560154,0.016956105828285217,-0.05137048102915287,-0.055270224809646606,0.0038997437804937363,False,False
b1_common_anchor,official_full_shadow,predictor+encoder,val_L|L|s1|m4,val_L,L,1,4,terminal,260929,g99_after,99,after,0.008083338849246502,0.016956113278865814,-0.05137045029550791,-0.05527021735906601,0.0038997670635581017,False,False
b3_time_separated_experience,frozen,none,val_L|L|s1|m4,val_L,L,1,4,terminal,260929,g0_before,0,before,0.06176058575510979,0.07222633063793182,0.0,0.0,0.0,False,False
b3_time_separated_experience,frozen,none,val_L|L|s1|m4,val_L,L,1,4,terminal,260929,g0_after,0,after,0.08081051707267761,0.10535399615764618,0.019049931317567825,0.033127665519714355,-0.01407773420214653,False,False
b3_time_separated_experience,frozen,none,val_L|L|s1|m4,val_L,L,1,4,terminal,260929,g24_before,24,before,0.008625924587249756,0.005469094030559063,-0.05313466116786003,-0.06675723660737276,0.01362257543951273,False,False
b3_time_separated_experience,frozen,none,val_L|L|s1|m4,val_L,L,1,4,terminal,260929,g24_after,24,after,0.009489113464951515,0.0048777880147099495,-0.05227147229015827,-0.06734854262322187,0.015077070333063602,False,True
b3_time_separated_experience,frozen,none,val_L|L|s1|m4,val_L,L,1,4,terminal,260929,g49_before,49,before,0.008103196509182453,0.006977468729019165,-0.053657389245927334,-0.06524886190891266,0.011591472662985325,False,False
b3_time_separated_experience,frozen,none,val_L|L|s1|m4,val_L,L,1,4,terminal,260929,g49_after,49,after,0.008038897998631,0.0070765092968940735,-0.053721687756478786,-0.06514982134103775,0.011428133584558964,False,False
b3_time_separated_experience,frozen,none,val_L|L|s1|m4,val_L,L,1,4,terminal,260929,g74_before,74,before,0.007557479199022055,0.006935255602002144,-0.05420310655608773,-0.06529107503592968,0.011087968479841948,False,False
b3_time_separated_experience,frozen,none,val_L|L|s1|m4,val_L,L,1,4,terminal,260929,g74_after,74,after,0.007550978567451239,0.006941938307136297,-0.05420960718765855,-0.06528439233079553,0.011074785143136978,False,False
b3_time_separated_experience,frozen,none,val_L|L|s1|m4,val_L,L,1,4,terminal,260929,g99_before,99,before,0.0075106872245669365,0.016956105828285217,-0.05424989853054285,-0.055270224809646606,0.001020326279103756,False,False
b3_time_separated_experience,frozen,none,val_L|L|s1|m4,val_L,L,1,4,terminal,260929,g99_after,99,after,0.007510676514357328,0.016956113278865814,-0.05424990924075246,-0.05527021735906601,0.001020308118313551,True,False
b3_time_separated_experience,e1_once,predictor,val_L|L|s1|m4,val_L,L,1,4,terminal,260929,g0_before,0,before,0.0617053396999836,0.07222633063793182,0.0,0.0,0.0,False,False
b3_time_separated_experience,e1_once,predictor,val_L|L|s1|m4,val_L,L,1,4,terminal,260929,g0_after,0,after,0.07764460146427155,0.10535399615764618,0.01593926176428795,0.033127665519714355,-0.017188403755426407,False,False
b3_time_separated_experience,e1_once,predictor,val_L|L|s1|m4,val_L,L,1,4,terminal,260929,g24_before,24,before,0.009194555692374706,0.005469094030559063,-0.05251078400760889,-0.06675723660737276,0.01424645259976387,False,False
b3_time_separated_experience,e1_once,predictor,val_L|L|s1|m4,val_L,L,1,4,terminal,260929,g24_after,24,after,0.010274840518832207,0.0048777880147099495,-0.05143049918115139,-0.06734854262322187,0.015918043442070484,False,True
b3_time_separated_experience,e1_once,predictor,val_L|L|s1|m4,val_L,L,1,4,terminal,260929,g49_before,49,before,0.008651508018374443,0.006977468729019165,-0.053053831681609154,-0.06524886190891266,0.012195030227303505,False,False
b3_time_separated_experience,e1_once,predictor,val_L|L|s1|m4,val_L,L,1,4,terminal,260929,g49_after,49,after,0.008567040786147118,0.0070765092968940735,-0.05313829891383648,-0.06514982134103775,0.012011522427201271,False,False
b3_time_separated_experience,e1_once,predictor,val_L|L|s1|m4,val_L,L,1,4,terminal,260929,g74_before,74,before,0.00788396317511797,0.006935255602002144,-0.05382137652486563,-0.06529107503592968,0.011469698511064053,False,False
b3_time_separated_experience,e1_once,predictor,val_L|L|s1|m4,val_L,L,1,4,terminal,260929,g74_after,74,after,0.007885822094976902,0.006941938307136297,-0.053819517605006695,-0.06528439233079553,0.011464874725788832,False,False
b3_time_separated_experience,e1_once,predictor,val_L|L|s1|m4,val_L,L,1,4,terminal,260929,g99_before,99,before,0.007863901555538177,0.016956105828285217,-0.05384143814444542,-0.055270224809646606,0.0014287866652011871,False,False
b3_time_separated_experience,e1_once,predictor,val_L|L|s1|m4,val_L,L,1,4,terminal,260929,g99_after,99,after,0.00786388199776411,0.016956113278865814,-0.053841457702219486,-0.05527021735906601,0.0014287596568465233,True,False
b3_time_separated_experience,e2_once,predictor,val_L|L|s1|m4,val_L,L,1,4,terminal,260929,g0_before,0,before,0.06312950700521469,0.07222633063793182,0.0,0.0,0.0,False,False
b3_time_separated_experience,e2_once,predictor,val_L|L|s1|m4,val_L,L,1,4,terminal,260929,g0_after,0,after,0.07238907366991043,0.10535399615764618,0.00925956666469574,0.033127665519714355,-0.023868098855018616,False,False
b3_time_separated_experience,e2_once,predictor,val_L|L|s1|m4,val_L,L,1,4,terminal,260929,g24_before,24,before,0.009596218355000019,0.005469094030559063,-0.05353328865021467,-0.06675723660737276,0.013223947957158089,False,False
b3_time_separated_experience,e2_once,predictor,val_L|L|s1|m4,val_L,L,1,4,terminal,260929,g24_after,24,after,0.010955357924103737,0.0048777880147099495,-0.052174149081110954,-0.06734854262322187,0.01517439354211092,False,True
b3_time_separated_experience,e2_once,predictor,val_L|L|s1|m4,val_L,L,1,4,terminal,260929,g49_before,49,before,0.009045674465596676,0.006977468729019165,-0.054083832539618015,-0.06524886190891266,0.011165029369294643,False,False
b3_time_separated_experience,e2_once,predictor,val_L|L|s1|m4,val_L,L,1,4,terminal,260929,g49_after,49,after,0.008942494168877602,0.0070765092968940735,-0.05418701283633709,-0.06514982134103775,0.01096280850470066,False,False
b3_time_separated_experience,e2_once,predictor,val_L|L|s1|m4,val_L,L,1,4,terminal,260929,g74_before,74,before,0.008210842497646809,0.006935255602002144,-0.05491866450756788,-0.06529107503592968,0.010372410528361797,True,False
b3_time_separated_experience,e2_once,predictor,val_L|L|s1|m4,val_L,L,1,4,terminal,260929,g74_after,74,after,0.008229386061429977,0.006941938307136297,-0.054900120943784714,-0.06528439233079553,0.010384271387010813,False,False
b3_time_separated_experience,e2_once,predictor,val_L|L|s1|m4,val_L,L,1,4,terminal,260929,g99_before,99,before,0.008255209773778915,0.016956105828285217,-0.054874297231435776,-0.055270224809646606,0.0003959275782108307,False,False
b3_time_separated_experience,e2_once,predictor,val_L|L|s1|m4,val_L,L,1,4,terminal,260929,g99_after,99,after,0.008255182765424252,0.016956113278865814,-0.05487432423979044,-0.05527021735906601,0.0003958931192755699,False,False
b3_time_separated_experience,e1_then_e2,predictor,val_L|L|s1|m4,val_L,L,1,4,terminal,260929,g0_before,0,before,0.05884107947349548,0.07222633063793182,0.0,0.0,0.0,False,False
b3_time_separated_experience,e1_then_e2,predictor,val_L|L|s1|m4,val_L,L,1,4,terminal,260929,g0_after,0,after,0.08042186498641968,0.10535399615764618,0.021580785512924194,0.033127665519714355,-0.011546880006790161,False,False
b3_time_separated_experience,e1_then_e2,predictor,val_L|L|s1|m4,val_L,L,1,4,terminal,260929,g24_before,24,before,0.008554450236260891,0.005469094030559063,-0.05028662923723459,-0.06675723660737276,0.01647060737013817,False,False
b3_time_separated_experience,e1_then_e2,predictor,val_L|L|s1|m4,val_L,L,1,4,terminal,260929,g24_after,24,after,0.009226035326719284,0.0048777880147099495,-0.0496150441467762,-0.06734854262322187,0.017733498476445675,False,True
b3_time_separated_experience,e1_then_e2,predictor,val_L|L|s1|m4,val_L,L,1,4,terminal,260929,g49_before,49,before,0.008288184180855751,0.006977468729019165,-0.05055289529263973,-0.06524886190891266,0.014695966616272926,False,False
b3_time_separated_experience,e1_then_e2,predictor,val_L|L|s1|m4,val_L,L,1,4,terminal,260929,g49_after,49,after,0.008228208869695663,0.0070765092968940735,-0.05061287060379982,-0.06514982134103775,0.01453695073723793,False,False
b3_time_separated_experience,e1_then_e2,predictor,val_L|L|s1|m4,val_L,L,1,4,terminal,260929,g74_before,74,before,0.007868361659348011,0.006935255602002144,-0.05097271781414747,-0.06529107503592968,0.014318357221782207,False,False
b3_time_separated_experience,e1_then_e2,predictor,val_L|L|s1|m4,val_L,L,1,4,terminal,260929,g74_after,74,after,0.007855859585106373,0.006941938307136297,-0.05098521988838911,-0.06528439233079553,0.014299172442406416,False,False
b3_time_separated_experience,e1_then_e2,predictor,val_L|L|s1|m4,val_L,L,1,4,terminal,260929,g99_before,99,before,0.007801983971148729,0.016956105828285217,-0.051039095502346754,-0.055270224809646606,0.004231129307299852,False,False
b3_time_separated_experience,e1_then_e2,predictor,val_L|L|s1|m4,val_L,L,1,4,terminal,260929,g99_after,99,after,0.007801979314535856,0.016956113278865814,-0.05103910015895963,-0.05527021735906601,0.004231117200106382,True,False
b3_time_separated_experience,e1_then_e1,predictor,val_L|L|s1|m4,val_L,L,1,4,terminal,260929,g0_before,0,before,0.06166904419660568,0.07222633063793182,0.0,0.0,0.0,False,False
b3_time_separated_experience,e1_then_e1,predictor,val_L|L|s1|m4,val_L,L,1,4,terminal,260929,g0_after,0,after,0.09123921394348145,0.10535399615764618,0.029570169746875763,0.033127665519714355,-0.0035574957728385925,False,False
b3_time_separated_experience,e1_then_e1,predictor,val_L|L|s1|m4,val_L,L,1,4,terminal,260929,g24_before,24,before,0.008472135290503502,0.005469094030559063,-0.05319690890610218,-0.06675723660737276,0.01356032770127058,False,False
b3_time_separated_experience,e1_then_e1,predictor,val_L|L|s1|m4,val_L,L,1,4,terminal,260929,g24_after,24,after,0.008743886835873127,0.0048777880147099495,-0.052925157360732555,-0.06734854262322187,0.014423385262489319,False,True
b3_time_separated_experience,e1_then_e1,predictor,val_L|L|s1|m4,val_L,L,1,4,terminal,260929,g49_before,49,before,0.008177191950380802,0.006977468729019165,-0.05349185224622488,-0.06524886190891266,0.011757009662687778,False,False
b3_time_separated_experience,e1_then_e1,predictor,val_L|L|s1|m4,val_L,L,1,4,terminal,260929,g49_after,49,after,0.0081578828394413,0.0070765092968940735,-0.05351116135716438,-0.06514982134103775,0.011638659983873367,False,False
b3_time_separated_experience,e1_then_e1,predictor,val_L|L|s1|m4,val_L,L,1,4,terminal,260929,g74_before,74,before,0.008167274296283722,0.006935255602002144,-0.05350176990032196,-0.06529107503592968,0.01178930513560772,False,False
b3_time_separated_experience,e1_then_e1,predictor,val_L|L|s1|m4,val_L,L,1,4,terminal,260929,g74_after,74,after,0.0081386873498559,0.006941938307136297,-0.05353035684674978,-0.06528439233079553,0.011754035484045744,False,False
b3_time_separated_experience,e1_then_e1,predictor,val_L|L|s1|m4,val_L,L,1,4,terminal,260929,g99_before,99,before,0.0080494936555624,0.016956105828285217,-0.05361955054104328,-0.055270224809646606,0.0016506742686033249,True,False
b3_time_separated_experience,e1_then_e1,predictor,val_L|L|s1|m4,val_L,L,1,4,terminal,260929,g99_after,99,after,0.008049510419368744,0.016956113278865814,-0.05361953377723694,-0.05527021735906601,0.001650683581829071,False,False
b3_time_separated_experience,e2_then_e2,predictor,val_L|L|s1|m4,val_L,L,1,4,terminal,260929,g0_before,0,before,0.059671856462955475,0.07222633063793182,0.0,0.0,0.0,False,False
b3_time_separated_experience,e2_then_e2,predictor,val_L|L|s1|m4,val_L,L,1,4,terminal,260929,g0_after,0,after,0.077337346971035,0.10535399615764618,0.01766549050807953,0.033127665519714355,-0.015462175011634827,False,False
b3_time_separated_experience,e2_then_e2,predictor,val_L|L|s1|m4,val_L,L,1,4,terminal,260929,g24_before,24,before,0.00859873741865158,0.005469094030559063,-0.051073119044303894,-0.06675723660737276,0.015684117563068867,False,False
b3_time_separated_experience,e2_then_e2,predictor,val_L|L|s1|m4,val_L,L,1,4,terminal,260929,g24_after,24,after,0.009340619668364525,0.0048777880147099495,-0.05033123679459095,-0.06734854262322187,0.017017305828630924,False,True
b3_time_separated_experience,e2_then_e2,predictor,val_L|L|s1|m4,val_L,L,1,4,terminal,260929,g49_before,49,before,0.00828541163355112,0.006977468729019165,-0.051386444829404354,-0.06524886190891266,0.013862417079508305,False,False
b3_time_separated_experience,e2_then_e2,predictor,val_L|L|s1|m4,val_L,L,1,4,terminal,260929,g49_after,49,after,0.008223336189985275,0.0070765092968940735,-0.0514485202729702,-0.06514982134103775,0.01370130106806755,False,False
b3_time_separated_experience,e2_then_e2,predictor,val_L|L|s1|m4,val_L,L,1,4,terminal,260929,g74_before,74,before,0.007851147092878819,0.006935255602002144,-0.051820709370076656,-0.06529107503592968,0.013470365665853024,False,False
b3_time_separated_experience,e2_then_e2,predictor,val_L|L|s1|m4,val_L,L,1,4,terminal,260929,g74_after,74,after,0.007841899059712887,0.006941938307136297,-0.05182995740324259,-0.06528439233079553,0.013454434927552938,False,False
b3_time_separated_experience,e2_then_e2,predictor,val_L|L|s1|m4,val_L,L,1,4,terminal,260929,g99_before,99,before,0.007799057289958,0.016956105828285217,-0.051872799172997475,-0.055270224809646606,0.0033974256366491318,False,False
b3_time_separated_experience,e2_then_e2,predictor,val_L|L|s1|m4,val_L,L,1,4,terminal,260929,g99_after,99,after,0.007799053564667702,0.016956113278865814,-0.05187280289828777,-0.05527021735906601,0.0033974144607782364,True,False
b1_common_anchor,frozen,none,val_L|L|s2|m2,val_L,L,2,2,terminal,260930,g0_before,0,before,0.04171275347471237,0.034704528748989105,0.0,0.0,0.0,False,False
b1_common_anchor,frozen,none,val_L|L|s2|m2,val_L,L,2,2,terminal,260930,g0_after,0,after,0.061632975935935974,0.08684214949607849,0.019920222461223602,0.052137620747089386,-0.032217398285865784,False,False
b1_common_anchor,frozen,none,val_L|L|s2|m2,val_L,L,2,2,terminal,260930,g24_before,24,before,0.005835035815834999,0.008038198575377464,-0.03587771765887737,-0.02666633017361164,-0.009211387485265732,False,False
b1_common_anchor,frozen,none,val_L|L|s2|m2,val_L,L,2,2,terminal,260930,g24_after,24,after,0.006146345287561417,0.01139088999480009,-0.035566408187150955,-0.023313638754189014,-0.01225276943296194,False,False
b1_common_anchor,frozen,none,val_L|L|s2|m2,val_L,L,2,2,terminal,260930,g49_before,49,before,0.004809568170458078,0.007505834102630615,-0.03690318530425429,-0.02719869464635849,-0.009704490657895803,False,False
b1_common_anchor,frozen,none,val_L|L|s2|m2,val_L,L,2,2,terminal,260930,g49_after,49,after,0.004811110440641642,0.008388102054595947,-0.03690164303407073,-0.026316426694393158,-0.010585216339677572,False,False
b1_common_anchor,frozen,none,val_L|L|s2|m2,val_L,L,2,2,terminal,260930,g74_before,74,before,0.004768873564898968,0.007484775967895985,-0.036943879909813404,-0.02721975278109312,-0.009724127128720284,False,False
b1_common_anchor,frozen,none,val_L|L|s2|m2,val_L,L,2,2,terminal,260930,g74_after,74,after,0.0047662388533353806,0.007472184486687183,-0.03694651462137699,-0.027232344262301922,-0.00971417035907507,False,False
b1_common_anchor,frozen,none,val_L|L|s2|m2,val_L,L,2,2,terminal,260930,g99_before,99,before,0.004755053669214249,0.007448142860084772,-0.03695769980549812,-0.027256385888904333,-0.00970131391659379,False,True
b1_common_anchor,frozen,none,val_L|L|s2|m2,val_L,L,2,2,terminal,260930,g99_after,99,after,0.004755051340907812,0.007448143791407347,-0.03695770213380456,-0.02725638495758176,-0.009701317176222801,True,False
b1_common_anchor,predictor_official_shadow,predictor,val_L|L|s2|m2,val_L,L,2,2,terminal,260930,g0_before,0,before,0.04607745260000229,0.034704528748989105,0.0,0.0,0.0,False,False
b1_common_anchor,predictor_official_shadow,predictor,val_L|L|s2|m2,val_L,L,2,2,terminal,260930,g0_after,0,after,0.06860073655843735,0.08684214949607849,0.02252328395843506,0.052137620747089386,-0.029614336788654327,False,False
b1_common_anchor,predictor_official_shadow,predictor,val_L|L|s2|m2,val_L,L,2,2,terminal,260930,g24_before,24,before,0.008526159450411797,0.008038198575377464,-0.03755129314959049,-0.02666633017361164,-0.010884962975978851,False,False
b1_common_anchor,predictor_official_shadow,predictor,val_L|L|s2|m2,val_L,L,2,2,terminal,260930,g24_after,24,after,0.00825077760964632,0.01139088999480009,-0.03782667499035597,-0.023313638754189014,-0.014513036236166954,False,False
b1_common_anchor,predictor_official_shadow,predictor,val_L|L|s2|m2,val_L,L,2,2,terminal,260930,g49_before,49,before,0.007392391562461853,0.007505834102630615,-0.038685061037540436,-0.02719869464635849,-0.011486366391181946,False,False
b1_common_anchor,predictor_official_shadow,predictor,val_L|L|s2|m2,val_L,L,2,2,terminal,260930,g49_after,49,after,0.007094379514455795,0.008388102054595947,-0.038983073085546494,-0.026316426694393158,-0.012666646391153336,True,False
b1_common_anchor,predictor_official_shadow,predictor,val_L|L|s2|m2,val_L,L,2,2,terminal,260930,g74_before,74,before,0.007175656966865063,0.007484775967895985,-0.038901795633137226,-0.02721975278109312,-0.011682042852044106,False,False
b1_common_anchor,predictor_official_shadow,predictor,val_L|L|s2|m2,val_L,L,2,2,terminal,260930,g74_after,74,after,0.00719001330435276,0.007472184486687183,-0.03888743929564953,-0.027232344262301922,-0.011655095033347607,False,False
b1_common_anchor,predictor_official_shadow,predictor,val_L|L|s2|m2,val_L,L,2,2,terminal,260930,g99_before,99,before,0.007170327939093113,0.007448142860084772,-0.038907124660909176,-0.027256385888904333,-0.011650738772004843,False,True
b1_common_anchor,predictor_official_shadow,predictor,val_L|L|s2|m2,val_L,L,2,2,terminal,260930,g99_after,99,after,0.007170325610786676,0.007448143791407347,-0.03890712698921561,-0.02725638495758176,-0.011650742031633854,False,False
b1_common_anchor,frozen,none,val_L|L|s2|m4,val_L,L,2,4,terminal,260931,g0_before,0,before,0.04174518585205078,0.051551029086112976,0.0,0.0,0.0,False,False
b1_common_anchor,frozen,none,val_L|L|s2|m4,val_L,L,2,4,terminal,260931,g0_after,0,after,0.0499269962310791,0.08445890247821808,0.00818181037902832,0.0329078733921051,-0.024726063013076782,False,False
b1_common_anchor,frozen,none,val_L|L|s2|m4,val_L,L,2,4,terminal,260931,g24_before,24,before,0.007317575626075268,0.031864359974861145,-0.03442761022597551,-0.01968666911125183,-0.014740941114723682,False,False
b1_common_anchor,frozen,none,val_L|L|s2|m4,val_L,L,2,4,terminal,260931,g24_after,24,after,0.007076706271618605,0.030293770134449005,-0.03466847958043218,-0.02125725895166397,-0.013411220628768206,False,True
b1_common_anchor,frozen,none,val_L|L|s2|m4,val_L,L,2,4,terminal,260931,g49_before,49,before,0.005484792869538069,0.03174377232789993,-0.03626039298251271,-0.019807256758213043,-0.01645313622429967,False,False
b1_common_anchor,frozen,none,val_L|L|s2|m4,val_L,L,2,4,terminal,260931,g49_after,49,after,0.005455465521663427,0.033113956451416016,-0.036289720330387354,-0.01843707263469696,-0.017852647695690393,False,False
b1_common_anchor,frozen,none,val_L|L|s2|m4,val_L,L,2,4,terminal,260931,g74_before,74,before,0.005248346831649542,0.030536742880940437,-0.03649683902040124,-0.02101428620517254,-0.0154825528152287,False,False
b1_common_anchor,frozen,none,val_L|L|s2|m4,val_L,L,2,4,terminal,260931,g74_after,74,after,0.0052437009289860725,0.03070126660168171,-0.03650148492306471,-0.020849762484431267,-0.015651722438633442,False,False
b1_common_anchor,frozen,none,val_L|L|s2|m4,val_L,L,2,4,terminal,260931,g99_before,99,before,0.005213772878050804,0.033050939440727234,-0.03653141297399998,-0.018500089645385742,-0.018031323328614235,False,False
b1_common_anchor,frozen,none,val_L|L|s2|m4,val_L,L,2,4,terminal,260931,g99_after,99,after,0.005213762167841196,0.03305094316601753,-0.036531423684209585,-0.018500085920095444,-0.01803133776411414,True,False
b1_common_anchor,predictor_official_shadow,predictor,val_L|L|s2|m4,val_L,L,2,4,terminal,260931,g0_before,0,before,0.04258476942777634,0.051551029086112976,0.0,0.0,0.0,False,False
b1_common_anchor,predictor_official_shadow,predictor,val_L|L|s2|m4,val_L,L,2,4,terminal,260931,g0_after,0,after,0.06483015418052673,0.08445890247821808,0.022245384752750397,0.0329078733921051,-0.010662488639354706,False,False
b1_common_anchor,predictor_official_shadow,predictor,val_L|L|s2|m4,val_L,L,2,4,terminal,260931,g24_before,24,before,0.009181368164718151,0.031864359974861145,-0.033403401263058186,-0.01968666911125183,-0.013716732151806355,False,False
b1_common_anchor,predictor_official_shadow,predictor,val_L|L|s2|m4,val_L,L,2,4,terminal,260931,g24_after,24,after,0.01042857114225626,0.030293770134449005,-0.03215619828552008,-0.02125725895166397,-0.010898939333856106,False,True
b1_common_anchor,predictor_official_shadow,predictor,val_L|L|s2|m4,val_L,L,2,4,terminal,260931,g49_before,49,before,0.009369811974465847,0.03174377232789993,-0.03321495745331049,-0.019807256758213043,-0.013407700695097446,False,False
b1_common_anchor,predictor_official_shadow,predictor,val_L|L|s2|m4,val_L,L,2,4,terminal,260931,g49_after,49,after,0.009067948907613754,0.033113956451416016,-0.03351682052016258,-0.01843707263469696,-0.015079747885465622,False,False
b1_common_anchor,predictor_official_shadow,predictor,val_L|L|s2|m4,val_L,L,2,4,terminal,260931,g74_before,74,before,0.008978316560387611,0.030536742880940437,-0.033606452867388725,-0.02101428620517254,-0.012592166662216187,False,False
b1_common_anchor,predictor_official_shadow,predictor,val_L|L|s2|m4,val_L,L,2,4,terminal,260931,g74_after,74,after,0.008945762179791927,0.03070126660168171,-0.03363900724798441,-0.020849762484431267,-0.012789244763553143,False,False
b1_common_anchor,predictor_official_shadow,predictor,val_L|L|s2|m4,val_L,L,2,4,terminal,260931,g99_before,99,before,0.008822210133075714,0.033050939440727234,-0.03376255929470062,-0.018500089645385742,-0.01526246964931488,True,False
b1_common_anchor,predictor_official_shadow,predictor,val_L|L|s2|m4,val_L,L,2,4,terminal,260931,g99_after,99,after,0.008822225034236908,0.03305094316601753,-0.03376254439353943,-0.018500085920095444,-0.015262458473443985,False,False
b1_common_anchor,official_full_shadow,predictor+encoder,val_L|L|s2|m4,val_L,L,2,4,terminal,260931,g0_before,0,before,0.04270098730921745,0.051551029086112976,0.0,0.0,0.0,False,False
b1_common_anchor,official_full_shadow,predictor+encoder,val_L|L|s2|m4,val_L,L,2,4,terminal,260931,g0_after,0,after,0.0646219551563263,0.08445890247821808,0.02192096784710884,0.0329078733921051,-0.010986905544996262,False,False
b1_common_anchor,official_full_shadow,predictor+encoder,val_L|L|s2|m4,val_L,L,2,4,terminal,260931,g24_before,24,before,0.009750772267580032,0.031864359974861145,-0.03295021504163742,-0.01968666911125183,-0.01326354593038559,False,False
b1_common_anchor,official_full_shadow,predictor+encoder,val_L|L|s2|m4,val_L,L,2,4,terminal,260931,g24_after,24,after,0.01101724337786436,0.030293770134449005,-0.03168374393135309,-0.02125725895166397,-0.010426484979689121,False,True
b1_common_anchor,official_full_shadow,predictor+encoder,val_L|L|s2|m4,val_L,L,2,4,terminal,260931,g49_before,49,before,0.009918713942170143,0.03174377232789993,-0.03278227336704731,-0.019807256758213043,-0.012975016608834267,False,False
b1_common_anchor,official_full_shadow,predictor+encoder,val_L|L|s2|m4,val_L,L,2,4,terminal,260931,g49_after,49,after,0.009642879478633404,0.033113956451416016,-0.03305810783058405,-0.01843707263469696,-0.014621035195887089,False,False
b1_common_anchor,official_full_shadow,predictor+encoder,val_L|L|s2|m4,val_L,L,2,4,terminal,260931,g74_before,74,before,0.009701399132609367,0.030536742880940437,-0.032999588176608086,-0.02101428620517254,-0.011985301971435547,False,False
b1_common_anchor,official_full_shadow,predictor+encoder,val_L|L|s2|m4,val_L,L,2,4,terminal,260931,g74_after,74,after,0.009671014733612537,0.03070126660168171,-0.033029972575604916,-0.020849762484431267,-0.012180210091173649,False,False
b1_common_anchor,official_full_shadow,predictor+encoder,val_L|L|s2|m4,val_L,L,2,4,terminal,260931,g99_before,99,before,0.009568543173372746,0.033050939440727234,-0.03313244413584471,-0.018500089645385742,-0.014632354490458965,True,False
b1_common_anchor,official_full_shadow,predictor+encoder,val_L|L|s2|m4,val_L,L,2,4,terminal,260931,g99_after,99,after,0.009568560868501663,0.03305094316601753,-0.03313242644071579,-0.018500085920095444,-0.014632340520620346,False,False
b3_time_separated_experience,frozen,none,val_L|L|s2|m4,val_L,L,2,4,terminal,260931,g0_before,0,before,0.04174518585205078,0.051551029086112976,0.0,0.0,0.0,False,False
b3_time_separated_experience,frozen,none,val_L|L|s2|m4,val_L,L,2,4,terminal,260931,g0_after,0,after,0.0499269962310791,0.08445890247821808,0.00818181037902832,0.0329078733921051,-0.024726063013076782,False,False
b3_time_separated_experience,frozen,none,val_L|L|s2|m4,val_L,L,2,4,terminal,260931,g24_before,24,before,0.007317575626075268,0.031864359974861145,-0.03442761022597551,-0.01968666911125183,-0.014740941114723682,False,False
b3_time_separated_experience,frozen,none,val_L|L|s2|m4,val_L,L,2,4,terminal,260931,g24_after,24,after,0.007076706271618605,0.030293770134449005,-0.03466847958043218,-0.02125725895166397,-0.013411220628768206,False,True
b3_time_separated_experience,frozen,none,val_L|L|s2|m4,val_L,L,2,4,terminal,260931,g49_before,49,before,0.005484792869538069,0.03174377232789993,-0.03626039298251271,-0.019807256758213043,-0.01645313622429967,False,False
b3_time_separated_experience,frozen,none,val_L|L|s2|m4,val_L,L,2,4,terminal,260931,g49_after,49,after,0.005455465521663427,0.033113956451416016,-0.036289720330387354,-0.01843707263469696,-0.017852647695690393,False,False
b3_time_separated_experience,frozen,none,val_L|L|s2|m4,val_L,L,2,4,terminal,260931,g74_before,74,before,0.005248346831649542,0.030536742880940437,-0.03649683902040124,-0.02101428620517254,-0.0154825528152287,False,False
b3_time_separated_experience,frozen,none,val_L|L|s2|m4,val_L,L,2,4,terminal,260931,g74_after,74,after,0.0052437009289860725,0.03070126660168171,-0.03650148492306471,-0.020849762484431267,-0.015651722438633442,False,False
b3_time_separated_experience,frozen,none,val_L|L|s2|m4,val_L,L,2,4,terminal,260931,g99_before,99,before,0.005213772878050804,0.033050939440727234,-0.03653141297399998,-0.018500089645385742,-0.018031323328614235,False,False
b3_time_separated_experience,frozen,none,val_L|L|s2|m4,val_L,L,2,4,terminal,260931,g99_after,99,after,0.005213762167841196,0.03305094316601753,-0.036531423684209585,-0.018500085920095444,-0.01803133776411414,True,False
b3_time_separated_experience,e1_once,predictor,val_L|L|s2|m4,val_L,L,2,4,terminal,260931,g0_before,0,before,0.042713090777397156,0.051551029086112976,0.0,0.0,0.0,False,False
b3_time_separated_experience,e1_once,predictor,val_L|L|s2|m4,val_L,L,2,4,terminal,260931,g0_after,0,after,0.057286642491817474,0.08445890247821808,0.014573551714420319,0.0329078733921051,-0.018334321677684784,False,False
b3_time_separated_experience,e1_once,predictor,val_L|L|s2|m4,val_L,L,2,4,terminal,260931,g24_before,24,before,0.008298436179757118,0.031864359974861145,-0.03441465459764004,-0.01968666911125183,-0.014727985486388206,False,False
b3_time_separated_experience,e1_once,predictor,val_L|L|s2|m4,val_L,L,2,4,terminal,260931,g24_after,24,after,0.008610725402832031,0.030293770134449005,-0.034102365374565125,-0.02125725895166397,-0.012845106422901154,False,True
b3_time_separated_experience,e1_once,predictor,val_L|L|s2|m4,val_L,L,2,4,terminal,260931,g49_before,49,before,0.0071863941848278046,0.03174377232789993,-0.03552669659256935,-0.019807256758213043,-0.015719439834356308,False,False
b3_time_separated_experience,e1_once,predictor,val_L|L|s2|m4,val_L,L,2,4,terminal,260931,g49_after,49,after,0.007001702673733234,0.033113956451416016,-0.03571138810366392,-0.01843707263469696,-0.01727431546896696,False,False
b3_time_separated_experience,e1_once,predictor,val_L|L|s2|m4,val_L,L,2,4,terminal,260931,g74_before,74,before,0.0068414774723351,0.030536742880940437,-0.035871613305062056,-0.02101428620517254,-0.014857327099889517,False,False
b3_time_separated_experience,e1_once,predictor,val_L|L|s2|m4,val_L,L,2,4,terminal,260931,g74_after,74,after,0.006825982592999935,0.03070126660168171,-0.03588710818439722,-0.020849762484431267,-0.015037345699965954,False,False
b3_time_separated_experience,e1_once,predictor,val_L|L|s2|m4,val_L,L,2,4,terminal,260931,g99_before,99,before,0.006752463988959789,0.033050939440727234,-0.035960626788437366,-0.018500089645385742,-0.017460537143051624,False,False
b3_time_separated_experience,e1_once,predictor,val_L|L|s2|m4,val_L,L,2,4,terminal,260931,g99_after,99,after,0.006752459332346916,0.03305094316601753,-0.03596063144505024,-0.018500085920095444,-0.017460545524954796,True,False
b3_time_separated_experience,e2_once,predictor,val_L|L|s2|m4,val_L,L,2,4,terminal,260931,g0_before,0,before,0.047598257660865784,0.051551029086112976,0.0,0.0,0.0,False,False
b3_time_separated_experience,e2_once,predictor,val_L|L|s2|m4,val_L,L,2,4,terminal,260931,g0_after,0,after,0.059063274413347244,0.08445890247821808,0.01146501675248146,0.0329078733921051,-0.021442856639623642,False,False
b3_time_separated_experience,e2_once,predictor,val_L|L|s2|m4,val_L,L,2,4,terminal,260931,g24_before,24,before,0.008465208113193512,0.031864359974861145,-0.03913304954767227,-0.01968666911125183,-0.01944638043642044,False,False
b3_time_separated_experience,e2_once,predictor,val_L|L|s2|m4,val_L,L,2,4,terminal,260931,g24_after,24,after,0.008486181497573853,0.030293770134449005,-0.03911207616329193,-0.02125725895166397,-0.01785481721162796,False,True
b3_time_separated_experience,e2_once,predictor,val_L|L|s2|m4,val_L,L,2,4,terminal,260931,g49_before,49,before,0.007957613095641136,0.03174377232789993,-0.03964064456522465,-0.019807256758213043,-0.019833387807011604,False,False
b3_time_separated_experience,e2_once,predictor,val_L|L|s2|m4,val_L,L,2,4,terminal,260931,g49_after,49,after,0.007845845073461533,0.033113956451416016,-0.03975241258740425,-0.01843707263469696,-0.02131533995270729,False,False
b3_time_separated_experience,e2_once,predictor,val_L|L|s2|m4,val_L,L,2,4,terminal,260931,g74_before,74,before,0.0075473482720553875,0.030536742880940437,-0.040050909388810396,-0.02101428620517254,-0.019036623183637857,False,False
b3_time_separated_experience,e2_once,predictor,val_L|L|s2|m4,val_L,L,2,4,terminal,260931,g74_after,74,after,0.007534055970609188,0.03070126660168171,-0.040064201690256596,-0.020849762484431267,-0.01921443920582533,False,False
b3_time_separated_experience,e2_once,predictor,val_L|L|s2|m4,val_L,L,2,4,terminal,260931,g99_before,99,before,0.007459132932126522,0.033050939440727234,-0.04013912472873926,-0.018500089645385742,-0.02163903508335352,False,False
b3_time_separated_experience,e2_once,predictor,val_L|L|s2|m4,val_L,L,2,4,terminal,260931,g99_after,99,after,0.007459127344191074,0.03305094316601753,-0.04013913031667471,-0.018500085920095444,-0.021639044396579266,True,False
b3_time_separated_experience,e1_then_e2,predictor,val_L|L|s2|m4,val_L,L,2,4,terminal,260931,g0_before,0,before,0.03902682289481163,0.051551029086112976,0.0,0.0,0.0,False,False
b3_time_separated_experience,e1_then_e2,predictor,val_L|L|s2|m4,val_L,L,2,4,terminal,260931,g0_after,0,after,0.06756103038787842,0.08445890247821808,0.028534207493066788,0.0329078733921051,-0.004373665899038315,False,False
b3_time_separated_experience,e1_then_e2,predictor,val_L|L|s2|m4,val_L,L,2,4,terminal,260931,g24_before,24,before,0.008098769001662731,0.031864359974861145,-0.0309280538931489,-0.01968666911125183,-0.011241384781897068,True,False
b3_time_separated_experience,e1_then_e2,predictor,val_L|L|s2|m4,val_L,L,2,4,terminal,260931,g24_after,24,after,0.009882768616080284,0.030293770134449005,-0.029144054278731346,-0.02125725895166397,-0.007886795327067375,False,True
b3_time_separated_experience,e1_then_e2,predictor,val_L|L|s2|m4,val_L,L,2,4,terminal,260931,g49_before,49,before,0.009350336156785488,0.03174377232789993,-0.029676486738026142,-0.019807256758213043,-0.009869229979813099,False,False
b3_time_separated_experience,e1_then_e2,predictor,val_L|L|s2|m4,val_L,L,2,4,terminal,260931,g49_after,49,after,0.008907095529139042,0.033113956451416016,-0.03011972736567259,-0.01843707263469696,-0.011682654730975628,False,False
b3_time_separated_experience,e1_then_e2,predictor,val_L|L|s2|m4,val_L,L,2,4,terminal,260931,g74_before,74,before,0.00889572687447071,0.030536742880940437,-0.03013109602034092,-0.02101428620517254,-0.00911680981516838,False,False
b3_time_separated_experience,e1_then_e2,predictor,val_L|L|s2|m4,val_L,L,2,4,terminal,260931,g74_after,74,after,0.00885559618473053,0.03070126660168171,-0.0301712267100811,-0.020849762484431267,-0.009321464225649834,False,False
b3_time_separated_experience,e1_then_e2,predictor,val_L|L|s2|m4,val_L,L,2,4,terminal,260931,g99_before,99,before,0.008710325695574284,0.033050939440727234,-0.030316497199237347,-0.018500089645385742,-0.011816407553851604,False,False
b3_time_separated_experience,e1_then_e2,predictor,val_L|L|s2|m4,val_L,L,2,4,terminal,260931,g99_after,99,after,0.00871035736054182,0.03305094316601753,-0.03031646553426981,-0.018500085920095444,-0.011816379614174366,False,False
b3_time_separated_experience,e1_then_e1,predictor,val_L|L|s2|m4,val_L,L,2,4,terminal,260931,g0_before,0,before,0.038511600345373154,0.051551029086112976,0.0,0.0,0.0,False,False
b3_time_separated_experience,e1_then_e1,predictor,val_L|L|s2|m4,val_L,L,2,4,terminal,260931,g0_after,0,after,0.07705575227737427,0.08445890247821808,0.038544151932001114,0.0329078733921051,0.005636278539896011,False,False
b3_time_separated_experience,e1_then_e1,predictor,val_L|L|s2|m4,val_L,L,2,4,terminal,260931,g24_before,24,before,0.010990947484970093,0.031864359974861145,-0.02752065286040306,-0.01968666911125183,-0.00783398374915123,True,False
b3_time_separated_experience,e1_then_e1,predictor,val_L|L|s2|m4,val_L,L,2,4,terminal,260931,g24_after,24,after,0.013847824186086655,0.030293770134449005,-0.0246637761592865,-0.02125725895166397,-0.003406517207622528,False,True
b3_time_separated_experience,e1_then_e1,predictor,val_L|L|s2|m4,val_L,L,2,4,terminal,260931,g49_before,49,before,0.012941919267177582,0.03174377232789993,-0.025569681078195572,-0.019807256758213043,-0.005762424319982529,False,False
b3_time_separated_experience,e1_then_e1,predictor,val_L|L|s2|m4,val_L,L,2,4,terminal,260931,g49_after,49,after,0.012278607115149498,0.033113956451416016,-0.026232993230223656,-0.01843707263469696,-0.007795920595526695,False,False
b3_time_separated_experience,e1_then_e1,predictor,val_L|L|s2|m4,val_L,L,2,4,terminal,260931,g74_before,74,before,0.012627526186406612,0.030536742880940437,-0.02588407415896654,-0.02101428620517254,-0.0048697879537940025,False,False
b3_time_separated_experience,e1_then_e1,predictor,val_L|L|s2|m4,val_L,L,2,4,terminal,260931,g74_after,74,after,0.012573311105370522,0.03070126660168171,-0.025938289240002632,-0.020849762484431267,-0.005088526755571365,False,False
b3_time_separated_experience,e1_then_e1,predictor,val_L|L|s2|m4,val_L,L,2,4,terminal,260931,g99_before,99,before,0.012402128428220749,0.033050939440727234,-0.026109471917152405,-0.018500089645385742,-0.007609382271766663,False,False
b3_time_separated_experience,e1_then_e1,predictor,val_L|L|s2|m4,val_L,L,2,4,terminal,260931,g99_after,99,after,0.012402193620800972,0.03305094316601753,-0.02610940672457218,-0.018500085920095444,-0.007609320804476738,False,False
b3_time_separated_experience,e2_then_e2,predictor,val_L|L|s2|m4,val_L,L,2,4,terminal,260931,g0_before,0,before,0.04050671309232712,0.051551029086112976,0.0,0.0,0.0,False,False
b3_time_separated_experience,e2_then_e2,predictor,val_L|L|s2|m4,val_L,L,2,4,terminal,260931,g0_after,0,after,0.06955812871456146,0.08445890247821808,0.029051415622234344,0.0329078733921051,-0.003856457769870758,False,False
b3_time_separated_experience,e2_then_e2,predictor,val_L|L|s2|m4,val_L,L,2,4,terminal,260931,g24_before,24,before,0.010237984359264374,0.031864359974861145,-0.030268728733062744,-0.01968666911125183,-0.010582059621810913,True,False
b3_time_separated_experience,e2_then_e2,predictor,val_L|L|s2|m4,val_L,L,2,4,terminal,260931,g24_after,24,after,0.012196331284940243,0.030293770134449005,-0.028310381807386875,-0.02125725895166397,-0.007053122855722904,False,True
b3_time_separated_experience,e2_then_e2,predictor,val_L|L|s2|m4,val_L,L,2,4,terminal,260931,g49_before,49,before,0.011566494591534138,0.03174377232789993,-0.02894021850079298,-0.019807256758213043,-0.009132961742579937,False,False
b3_time_separated_experience,e2_then_e2,predictor,val_L|L|s2|m4,val_L,L,2,4,terminal,260931,g49_after,49,after,0.011122850701212883,0.033113956451416016,-0.029383862391114235,-0.01843707263469696,-0.010946789756417274,False,False
b3_time_separated_experience,e2_then_e2,predictor,val_L|L|s2|m4,val_L,L,2,4,terminal,260931,g74_before,74,before,0.0111475121229887,0.030536742880940437,-0.029359200969338417,-0.02101428620517254,-0.008344914764165878,False,False
b3_time_separated_experience,e2_then_e2,predictor,val_L|L|s2|m4,val_L,L,2,4,terminal,260931,g74_after,74,after,0.011105893179774284,0.03070126660168171,-0.029400819912552834,-0.020849762484431267,-0.008551057428121567,False,False
b3_time_separated_experience,e2_then_e2,predictor,val_L|L|s2|m4,val_L,L,2,4,terminal,260931,g99_before,99,before,0.010966802947223186,0.033050939440727234,-0.02953991014510393,-0.018500089645385742,-0.01103982049971819,False,False
b3_time_separated_experience,e2_then_e2,predictor,val_L|L|s2|m4,val_L,L,2,4,terminal,260931,g99_after,99,after,0.010966851375997066,0.03305094316601753,-0.02953986171633005,-0.018500085920095444,-0.011039775796234608,False,False
